text_id,work,word_position,actual_word,surprisal_bits,cos_dist_centroid,cos_dist_min,prob_mass,n_predictions,actual_rank,in_nucleus,lemma_counts,lemma_forms,pred_1,prob_1,pred_2,prob_2,pred_3,prob_3,pred_4,prob_4,pred_5,prob_5,pred_6,prob_6,pred_7,prob_7,pred_8,prob_8,pred_9,prob_9,pred_10,prob_10,pred_11,prob_11,pred_12,prob_12,pred_13,prob_13,pred_14,prob_14,pred_15,prob_15,pred_16,prob_16,pred_17,prob_17,pred_18,prob_18,pred_19,prob_19,pred_20,prob_20,pred_21,prob_21,pred_22,prob_22,pred_23,prob_23,pred_24,prob_24,pred_25,prob_25,pred_26,prob_26,pred_27,prob_27,pred_28,prob_28,pred_29,prob_29,pred_30,prob_30,pred_31,prob_31,pred_32,prob_32,pred_33,prob_33,pred_34,prob_34,pred_35,prob_35,pred_36,prob_36,pred_37,prob_37,pred_38,prob_38,pred_39,prob_39,pred_40,prob_40,pred_41,prob_41,pred_42,prob_42,pred_43,prob_43,pred_44,prob_44,pred_45,prob_45,pred_46,prob_46,pred_47,prob_47,pred_48,prob_48,pred_49,prob_49,pred_50,prob_50,pos,has_prefix,actual_word_clean,lemma,is_content_pos,is_stopword,is_content,is_alpha,has_context,in_valid_range,passes_filter,rank_surprisal,rank_semantic,rank_gap,is_hl,is_lh
Midrash_Aggadic_Midrash_Midrash_Rabbah_Bereishit_Rabbah__1_1,bereishit_rabbah,1,הושעיה,22.698,0.8166,0.4926,0.0007,50,-1,False,"{""הוא"": 1, ""שבת"": 1, ""ה"": 1, ""שאל"": 1, ""שלום"": 1, ""שלמה"": 1, ""דוד"": 1, ""מסביר"": 1, ""שמעון"": 1, ""ובית"": 1, ""מסכת"": 1, ""ובן"": 1, ""פורסם"": 1, ""שמעתי"": 1, ""יוסי"": 1, ""אפרים"": 1, ""אביו"": 1, ""עב"": 1, ""נחמן"": 1, ""להלכה"": 1, ""דאורייתא"": 1, ""חסידי"": 1, ""קורא"": 1, ""להלן"": 1, ""הרב"": 1, ""קדושת"": 1, ""באנגלית"": 1, ""קדושה"": 1, ""דאמרי"": 1, ""נרבי"": 1, ""הה"": 1, ""חסידים"": 1, ""כהנא"": 1, ""וביתר"": 1, ""הא"": 1, ""מוסר"": 1, ""חסידות"": 1, ""וענין"": 1, ""כהן"": 1, ""ועכ"": 1, ""עש"": 1, ""פורסמה"": 1, ""ידועים"": 1, ""בקונטרס"": 1, ""ידועה"": 1, ""בקיצור"": 1, ""מזוזות"": 1, ""בקונטרסו"": 1, ""דאוריית"": 1, ""מזוזה"": 1}","{""הוא"": [""הוא""], ""שבת"": [""שבת""], ""ה"": [""ה""], ""שאל"": [""שאל""], ""שלום"": [""שלום""], ""שלמה"": [""שלמה""], ""דוד"": [""דוד""], ""מסביר"": [""מסביר""], ""שמעון"": [""שמעון""], ""ובית"": [""ובית""], ""מסכת"": [""מסכת""], ""ובן"": [""ובן""], ""פורסם"": [""פורסם""], ""שמעתי"": [""שמעתי""], ""יוסי"": [""יוסי""], ""אפרים"": [""אפרים""], ""אביו"": [""אביו""], ""עב"": [""עב""], ""נחמן"": [""נחמן""], ""להלכה"": [""להלכה""], ""דאורייתא"": [""דאורייתא""], ""חסידי"": [""חסידי""], ""קורא"": [""קורא""], ""להלן"": [""להלן""], ""הרב"": [""הרב""], ""קדושת"": [""קדושת""], ""באנגלית"": [""באנגלית""], ""קדושה"": [""קדושה""], ""דאמרי"": [""דאמרי""], ""נרבי"": [""נרבי""], ""הה"": [""הה""], ""חסידים"": [""חסידים""], ""כהנא"": [""כהנא""], ""וביתר"": [""וביתר""], ""הא"": [""הא""], ""מוסר"": [""מוסר""], ""חסידות"": [""חסידות""], ""וענין"": [""וענין""], ""כהן"": [""כהן""], ""ועכ"": [""ועכ""], ""עש"": [""עש""], ""פורסמה"": [""פורסמה""], ""ידועים"": [""ידועים""], ""בקונטרס"": [""בקונטרס""], ""ידועה"": [""ידועה""], ""בקיצור"": [""בקיצור""], ""מזוזות"": [""מזוזות""], ""בקונטרסו"": [""בקונטרסו""], ""דאוריית"": [""דאוריית""], ""מזוזה"": [""מזוזה""]}",הוא,0.000244,שבת,5.4e-05,ה,5.4e-05,שאל,3.4e-05,שלום,3e-05,שלמה,2.7e-05,דוד,2.7e-05,מסביר,2.6e-05,שמעון,2.4e-05,ובית,1.9e-05,מסכת,1.8e-05,ובן,1.6e-05,פורסם,1.2e-05,שמעתי,1e-05,יוסי,8e-06,אפרים,7e-06,אביו,7e-06,עב,6e-06,נחמן,5e-06,להלכה,4e-06,דאורייתא,4e-06,חסידי,4e-06,קורא,3e-06,להלן,3e-06,הרב,3e-06,קדושת,3e-06,באנגלית,3e-06,קדושה,2e-06,דאמרי,2e-06,נרבי,2e-06,הה,2e-06,חסידים,1e-06,כהנא,1e-06,וביתר,1e-06,הא,1e-06,מוסר,1e-06,חסידות,1e-06,וענין,1e-06,כהן,1e-06,ועכ,1e-06,עש,1e-06,פורסמה,1e-06,ידועים,0.0,בקונטרס,0.0,ידועה,0.0,בקיצור,0.0,מזוזות,0.0,בקונטרסו,0.0,דאוריית,0.0,מזוזה,0.0,ADV,False,הושעיה,הושע,True,False,True,True,False,True,False,,,,False,False
Midrash_Aggadic_Midrash_Midrash_Rabbah_Bereishit_Rabbah__1_1,bereishit_rabbah,2,רבה,11.3795,0.9168,0.7512,0.0691,50,-1,False,"{""ו"": 1, ""רבי"": 1, ""הושע"": 1, ""הושעיה"": 1, ""ירושלים"": 1, ""צפת"": 1, ""רחוב"": 1, ""כפר"": 1, ""דוד"": 1, ""מנחם"": 1, ""שמחה"": 1, ""ת"": 1, ""תד"": 1, ""קול"": 1, ""שמעון"": 1, ""ברכה"": 1, ""מושב"": 1, ""רח"": 1, ""צילום"": 1, ""סיפר"": 1, ""ורבי"": 1, ""פורסם"": 1, ""תו"": 1, ""חסידי"": 1, ""דרבי"": 1, ""עה"": 1, ""חסידים"": 1, ""פארן"": 1, ""נדחה"": 1, ""קדיש"": 1, ""כג"": 1, ""כד"": 1, ""ידידיה"": 1, ""קדושת"": 1, ""דודו"": 1, ""עי"": 1, ""אברך"": 1, ""סלע"": 1, ""אבד"": 1, ""בב"": 1, ""קדישא"": 1, ""הגרמ"": 1, ""נסגרה"": 1, ""ור"": 1, ""הרב"": 1, ""נסגרו"": 1, ""חסידישע"": 1, ""היום"": 1, ""בה"": 1, ""אבג"": 1}","{""ו"": [""ו""], ""רבי"": [""רבי""], ""הושע"": [""הושע""], ""הושעיה"": [""הושעיה""], ""ירושלים"": [""ירושלים""], ""צפת"": [""צפת""], ""רחוב"": [""רחוב""], ""כפר"": [""כפר""], ""דוד"": [""דוד""], ""מנחם"": [""מנחם""], ""שמחה"": [""שמחה""], ""ת"": [""ת""], ""תד"": [""תד""], ""קול"": [""קול""], ""שמעון"": [""שמעון""], ""ברכה"": [""ברכה""], ""מושב"": [""מושב""], ""רח"": [""רח""], ""צילום"": [""צילום""], ""סיפר"": [""סיפר""], ""ורבי"": [""ורבי""], ""פורסם"": [""פורסם""], ""תו"": [""תו""], ""חסידי"": [""חסידי""], ""דרבי"": [""דרבי""], ""עה"": [""עה""], ""חסידים"": [""חסידים""], ""פארן"": [""פארן""], ""נדחה"": [""נדחה""], ""קדיש"": [""קדיש""], ""כג"": [""כג""], ""כד"": [""כד""], ""ידידיה"": [""ידידיה""], ""קדושת"": [""קדושת""], ""דודו"": [""דודו""], ""עי"": [""עי""], ""אברך"": [""אברך""], ""סלע"": [""סלע""], ""אבד"": [""אבד""], ""בב"": [""בב""], ""קדישא"": [""קדישא""], ""הגרמ"": [""הגרמ""], ""נסגרה"": [""נסגרה""], ""ור"": [""ור""], ""הרב"": [""הרב""], ""נסגרו"": [""נסגרו""], ""חסידישע"": [""חסידישע""], ""היום"": [""היום""], ""בה"": [""בה""], ""אבג"": [""אבג""]}",ו,0.021144,רבי,0.011992,הושע,0.006303,הושעיה,0.006056,ירושלים,0.003767,צפת,0.003164,רחוב,0.002161,כפר,0.001558,דוד,0.00099,מנחם,0.000913,שמחה,0.000886,ת,0.000871,תד,0.000844,קול,0.000717,שמעון,0.000701,ברכה,0.000665,מושב,0.000641,רח,0.000505,צילום,0.000497,סיפר,0.000492,ורבי,0.00044,פורסם,0.000412,תו,0.000395,חסידי,0.000361,דרבי,0.000327,עה,0.000222,חסידים,0.00021,פארן,0.000188,נדחה,0.000152,קדיש,0.000151,כג,0.000145,כד,0.000136,ידידיה,0.000126,קדושת,0.000117,דודו,0.000104,עי,9.5e-05,אברך,9.3e-05,סלע,9.1e-05,אבד,7.8e-05,בב,6.6e-05,קדישא,5e-05,הגרמ,4.7e-05,נסגרה,4.2e-05,ור,4.2e-05,הרב,3.7e-05,נסגרו,2.4e-05,חסידישע,1.8e-05,היום,1.3e-05,בה,1e-05,אבג,1e-06,AUX,False,רבה,רב,False,False,False,True,False,True,False,,,,False,False
Midrash_Aggadic_Midrash_Midrash_Rabbah_Bereishit_Rabbah__1_1,bereishit_rabbah,3,פתח,11.3478,0.9299,0.8749,0.1943,50,-1,False,"{""של"": 1, ""הושע"": 1, ""הושעיה"": 1, ""רבי"": 1, ""רב"": 1, ""הרב"": 1, ""שמעון"": 1, ""ירושלים"": 1, ""ורב"": 1, ""ר"": 1, ""שליט"": 1, ""שמחה"": 1, ""רבנו"": 1, ""עיר"": 1, ""הרצל"": 1, ""דוד"": 1, ""הרצליה"": 1, ""מרדכי"": 1, ""יונה"": 1, ""דרבי"": 1, ""שליטא"": 1, ""ברכה"": 1, ""ורבי"": 1, ""הירש"": 1, ""עטרת"": 1, ""הרמבם"": 1, ""נחמן"": 1, ""קדיש"": 1, ""אפרים"": 1, ""המלך"": 1, ""המרכז"": 1, ""קדישא"": 1, ""ורבינו"": 1, ""סימן"": 1, ""קדושה"": 1, ""נרו"": 1, ""חסידא"": 1, ""אביגדור"": 1, ""הרמבן"": 1, ""חסידי"": 1, ""חסידים"": 1, ""עירוב"": 1, ""עירובין"": 1, ""הירשפלד"": 1, ""מונטיפ"": 1, ""מונטיפיורי"": 1, ""בדרכי"": 1, ""דרת"": 1, ""עטרתהתרגום"": 1, ""עטרתהאם"": 1}","{""של"": [""של""], ""הושע"": [""הושע""], ""הושעיה"": [""הושעיה""], ""רבי"": [""רבי""], ""רב"": [""רב""], ""הרב"": [""הרב""], ""שמעון"": [""שמעון""], ""ירושלים"": [""ירושלים""], ""ורב"": [""ורב""], ""ר"": [""ר""], ""שליט"": [""שליט""], ""שמחה"": [""שמחה""], ""רבנו"": [""רבנו""], ""עיר"": [""עיר""], ""הרצל"": [""הרצל""], ""דוד"": [""דוד""], ""הרצליה"": [""הרצליה""], ""מרדכי"": [""מרדכי""], ""יונה"": [""יונה""], ""דרבי"": [""דרבי""], ""שליטא"": [""שליטא""], ""ברכה"": [""ברכה""], ""ורבי"": [""ורבי""], ""הירש"": [""הירש""], ""עטרת"": [""עטרת""], ""הרמבם"": [""הרמבם""], ""נחמן"": [""נחמן""], ""קדיש"": [""קדיש""], ""אפרים"": [""אפרים""], ""המלך"": [""המלך""], ""המרכז"": [""המרכז""], ""קדישא"": [""קדישא""], ""ורבינו"": [""ורבינו""], ""סימן"": [""סימן""], ""קדושה"": [""קדושה""], ""נרו"": [""נרו""], ""חסידא"": [""חסידא""], ""אביגדור"": [""אביגדור""], ""הרמבן"": [""הרמבן""], ""חסידי"": [""חסידי""], ""חסידים"": [""חסידים""], ""עירוב"": [""עירוב""], ""עירובין"": [""עירובין""], ""הירשפלד"": [""הירשפלד""], ""מונטיפ"": [""מונטיפ""], ""מונטיפיורי"": [""מונטיפיורי""], ""בדרכי"": [""בדרכי""], ""דרת"": [""דרת""], ""עטרתהתרגום"": [""עטרתהתרגום""], ""עטרתהאם"": [""עטרתהאם""]}",של,0.06554,הושע,0.027386,הושעיה,0.026881,רבי,0.013915,רב,0.012315,הרב,0.011039,שמעון,0.004008,ירושלים,0.003466,ורב,0.003434,ר,0.002963,שליט,0.00228,שמחה,0.002115,רבנו,0.001951,עיר,0.00188,הרצל,0.001564,דוד,0.001051,הרצליה,0.000974,מרדכי,0.000954,יונה,0.000903,דרבי,0.00082,שליטא,0.000764,ברכה,0.000756,ורבי,0.000752,הירש,0.000658,עטרת,0.000588,הרמבם,0.0005,נחמן,0.000495,קדיש,0.000468,אפרים,0.000338,המלך,0.000325,המרכז,0.000302,קדישא,0.000291,ורבינו,0.000286,סימן,0.00028,קדושה,0.000269,נרו,0.00023,חסידא,0.000183,אביגדור,0.000182,הרמבן,0.000181,חסידי,0.000172,חסידים,0.000167,עירוב,0.000165,עירובין,0.000119,הירשפלד,9.9e-05,מונטיפ,8.8e-05,מונטיפיורי,8.5e-05,בדרכי,6.7e-05,דרת,2.8e-05,עטרתהתרגום,1e-06,עטרתהאם,0.0,ADV,True,פתח,פתח,True,False,True,True,False,True,False,,,,False,False
Midrash_Aggadic_Midrash_Midrash_Rabbah_Bereishit_Rabbah__1_1,bereishit_rabbah,4,:,9.1865,1.1006,0.9989,0.127,50,-1,False,"{""תקוה"": 1, ""את"": 1, ""רבי"": 1, ""הושע"": 1, ""הושעיה"": 1, ""שערי"": 1, ""תקווה"": 1, ""שער"": 1, ""עיני"": 1, ""אהל"": 1, ""פיה"": 1, ""נר"": 1, ""ברכה"": 1, ""ויאמר"": 1, ""דף"": 1, ""ר"": 1, ""ברבי"": 1, ""עיניים"": 1, ""פה"": 1, ""בברכה"": 1, ""ה"": 1, ""אורה"": 1, ""בברכת"": 1, ""נהלל"": 1, ""יפה"": 1, ""פיהו"": 1, ""קול"": 1, ""ברבה"": 1, ""עולם"": 1, ""סדר"": 1, ""מים"": 1, ""ידיה"": 1, ""חן"": 1, ""דרבי"": 1, ""מדבר"": 1, ""חפץ"": 1, ""קדשו"": 1, ""קולו"": 1, ""ידך"": 1, ""נרן"": 1, ""דרשו"": 1, ""חפירה"": 1, ""סדרת"": 1, ""ידיהו"": 1, ""אהלל"": 1, ""סלע"": 1, ""מדברת"": 1, ""ויאמרו"": 1, ""הושעי"": 1, ""אהללנו"": 1}","{""תקוה"": [""תקוה""], ""את"": [""את""], ""רבי"": [""רבי""], ""הושע"": [""הושע""], ""הושעיה"": [""הושעיה""], ""שערי"": [""שערי""], ""תקווה"": [""תקווה""], ""שער"": [""שער""], ""עיני"": [""עיני""], ""אהל"": [""אהל""], ""פיה"": [""פיה""], ""נר"": [""נר""], ""ברכה"": [""ברכה""], ""ויאמר"": [""ויאמר""], ""דף"": [""דף""], ""ר"": [""ר""], ""ברבי"": [""ברבי""], ""עיניים"": [""עיניים""], ""פה"": [""פה""], ""בברכה"": [""בברכה""], ""ה"": [""ה""], ""אורה"": [""אורה""], ""בברכת"": [""בברכת""], ""נהלל"": [""נהלל""], ""יפה"": [""יפה""], ""פיהו"": [""פיהו""], ""קול"": [""קול""], ""ברבה"": [""ברבה""], ""עולם"": [""עולם""], ""סדר"": [""סדר""], ""מים"": [""מים""], ""ידיה"": [""ידיה""], ""חן"": [""חן""], ""דרבי"": [""דרבי""], ""מדבר"": [""מדבר""], ""חפץ"": [""חפץ""], ""קדשו"": [""קדשו""], ""קולו"": [""קולו""], ""ידך"": [""ידך""], ""נרן"": [""נרן""], ""דרשו"": [""דרשו""], ""חפירה"": [""חפירה""], ""סדרת"": [""סדרת""], ""ידיהו"": [""ידיהו""], ""אהלל"": [""אהלל""], ""סלע"": [""סלע""], ""מדברת"": [""מדברת""], ""ויאמרו"": [""ויאמרו""], ""הושעי"": [""הושעי""], ""אהללנו"": [""אהללנו""]}",תקוה,0.019935,את,0.016284,רבי,0.009206,הושע,0.008726,הושעיה,0.007882,שערי,0.00751,תקווה,0.005623,שער,0.005581,עיני,0.003866,אהל,0.003667,פיה,0.003126,נר,0.002834,ברכה,0.002457,ויאמר,0.002058,דף,0.00201,ר,0.001991,ברבי,0.001784,עיניים,0.00171,פה,0.001409,בברכה,0.001267,ה,0.001216,אורה,0.001172,בברכת,0.001135,נהלל,0.001098,יפה,0.001083,פיהו,0.001083,קול,0.001067,ברבה,0.001049,עולם,0.001024,סדר,0.001,מים,0.000964,ידיה,0.000956,חן,0.000884,דרבי,0.000673,מדבר,0.000524,חפץ,0.000464,קדשו,0.000457,קולו,0.000413,ידך,0.000399,נרן,0.000255,דרשו,0.000199,חפירה,0.000194,סדרת,0.000169,ידיהו,0.000161,אהלל,0.000116,סלע,0.000112,מדברת,9.4e-05,ויאמרו,8.1e-05,הושעי,5e-05,אהללנו,4e-06,X,False,,,False,False,False,False,True,True,False,,,,False,False
Midrash_Aggadic_Midrash_Midrash_Rabbah_Bereishit_Rabbah__1_1,bereishit_rabbah,5,ואהיה,16.7982,0.787,0.4539,0.1115,50,-1,False,"{""ב"": 1, ""הושע"": 1, ""הושעיה"": 1, ""פתח"": 1, ""רבי"": 1, ""שמע"": 1, ""דף"": 1, ""ראה"": 1, ""פותח"": 1, ""אב"": 1, ""ויאמר"": 1, ""שמחה"": 1, ""נר"": 1, ""שמעון"": 1, ""דלת"": 1, ""ברכה"": 1, ""עיר"": 1, ""ה"": 1, ""תורת"": 1, ""סדר"": 1, ""קול"": 1, ""פתחו"": 1, ""עולם"": 1, ""מני"": 1, ""חנה"": 1, ""מזמור"": 1, ""פותחים"": 1, ""מניין"": 1, ""קדש"": 1, ""חסיד"": 1, ""נרבי"": 1, ""קדושת"": 1, ""נחלה"": 1, ""אדני"": 1, ""סליחה"": 1, ""קדושה"": 1, ""דלתות"": 1, ""סליחות"": 1, ""אדוני"": 1, ""הושיעה"": 1, ""תקוה"": 1, ""עירוב"": 1, ""חסידים"": 1, ""תורתך"": 1, ""ויאמרו"": 1, ""חסדי"": 1, ""עירובין"": 1, ""קדושתא"": 1, ""דלתותיו"": 1, ""אדוניי"": 1}","{""ב"": [""ב""], ""הושע"": [""הושע""], ""הושעיה"": [""הושעיה""], ""פתח"": [""פתח""], ""רבי"": [""רבי""], ""שמע"": [""שמע""], ""דף"": [""דף""], ""ראה"": [""ראה""], ""פותח"": [""פותח""], ""אב"": [""אב""], ""ויאמר"": [""ויאמר""], ""שמחה"": [""שמחה""], ""נר"": [""נר""], ""שמעון"": [""שמעון""], ""דלת"": [""דלת""], ""ברכה"": [""ברכה""], ""עיר"": [""עיר""], ""ה"": [""ה""], ""תורת"": [""תורת""], ""סדר"": [""סדר""], ""קול"": [""קול""], ""פתחו"": [""פתחו""], ""עולם"": [""עולם""], ""מני"": [""מני""], ""חנה"": [""חנה""], ""מזמור"": [""מזמור""], ""פותחים"": [""פותחים""], ""מניין"": [""מניין""], ""קדש"": [""קדש""], ""חסיד"": [""חסיד""], ""נרבי"": [""נרבי""], ""קדושת"": [""קדושת""], ""נחלה"": [""נחלה""], ""אדני"": [""אדני""], ""סליחה"": [""סליחה""], ""קדושה"": [""קדושה""], ""דלתות"": [""דלתות""], ""סליחות"": [""סליחות""], ""אדוני"": [""אדוני""], ""הושיעה"": [""הושיעה""], ""תקוה"": [""תקוה""], ""עירוב"": [""עירוב""], ""חסידים"": [""חסידים""], ""תורתך"": [""תורתך""], ""ויאמרו"": [""ויאמרו""], ""חסדי"": [""חסדי""], ""עירובין"": [""עירובין""], ""קדושתא"": [""קדושתא""], ""דלתותיו"": [""דלתותיו""], ""אדוניי"": [""אדוניי""]}",ב,0.0303,הושע,0.015035,הושעיה,0.014002,פתח,0.010974,רבי,0.010556,שמע,0.003485,דף,0.002613,ראה,0.002247,פותח,0.002023,אב,0.001492,ויאמר,0.001466,שמחה,0.001393,נר,0.001287,שמעון,0.001188,דלת,0.001178,ברכה,0.001132,עיר,0.001077,ה,0.000981,תורת,0.000917,סדר,0.000843,קול,0.000773,פתחו,0.000656,עולם,0.000623,מני,0.000538,חנה,0.000538,מזמור,0.000462,פותחים,0.000374,מניין,0.000356,קדש,0.0003,חסיד,0.000282,נרבי,0.000236,קדושת,0.000201,נחלה,0.000195,אדני,0.000195,סליחה,0.000195,קדושה,0.00018,דלתות,0.000165,סליחות,0.00015,אדוני,0.000138,הושיעה,0.000132,תקוה,0.000106,עירוב,9.6e-05,חסידים,9.3e-05,תורתך,7.6e-05,ויאמרו,7.3e-05,חסדי,5.5e-05,עירובין,5.1e-05,קדושתא,1.3e-05,דלתותיו,1e-05,אדוניי,6e-06,PROPN,True,ואהיה,אהיה,False,False,False,True,True,True,False,,,,False,False
Midrash_Aggadic_Midrash_Midrash_Rabbah_Bereishit_Rabbah__1_1,bereishit_rabbah,6,אצלו,6.9085,0.8349,0.5872,0.3446,50,-1,False,"{""לך"": 1, ""לו"": 1, ""עד"": 1, ""לה"": 1, ""ה"": 1, ""לאל"": 1, ""כי"": 1, ""אב"": 1, ""אש"": 1, ""עמך"": 1, ""שעשוע"": 1, ""נא"": 1, ""לנער"": 1, ""עמכם"": 1, ""אל"": 1, ""לרבים"": 1, ""אלהיך"": 1, ""לאביהם"": 1, ""עדת"": 1, ""ל"": 1, ""שמה"": 1, ""לאלוקיכם"": 1, ""נאם"": 1, ""לאביך"": 1, ""כחותם"": 1, ""אלהך"": 1, ""לאלוקים"": 1, ""חפץ"": 1, ""כמ"": 1, ""לנעלם"": 1, ""לרועה"": 1, ""לנערת"": 1, ""אשא"": 1, ""שעשועך"": 1, ""כיור"": 1, ""חומת"": 1, ""לרועי"": 1, ""עדתך"": 1, ""לנערתך"": 1, ""שעשעי"": 1, ""כמגדל"": 1, ""כיורנו"": 1, ""נאדר"": 1, ""לרועהכם"": 1, ""נאדרה"": 1, ""כמגדלור"": 1, ""חומתאש"": 1, ""נאדרהו"": 1, ""חומתאלהים"": 1, ""חומתאלהי"": 1}","{""לך"": [""לך""], ""לו"": [""לו""], ""עד"": [""עד""], ""לה"": [""לה""], ""ה"": [""ה""], ""לאל"": [""לאל""], ""כי"": [""כי""], ""אב"": [""אב""], ""אש"": [""אש""], ""עמך"": [""עמך""], ""שעשוע"": [""שעשוע""], ""נא"": [""נא""], ""לנער"": [""לנער""], ""עמכם"": [""עמכם""], ""אל"": [""אל""], ""לרבים"": [""לרבים""], ""אלהיך"": [""אלהיך""], ""לאביהם"": [""לאביהם""], ""עדת"": [""עדת""], ""ל"": [""ל""], ""שמה"": [""שמה""], ""לאלוקיכם"": [""לאלוקיכם""], ""נאם"": [""נאם""], ""לאביך"": [""לאביך""], ""כחותם"": [""כחותם""], ""אלהך"": [""אלהך""], ""לאלוקים"": [""לאלוקים""], ""חפץ"": [""חפץ""], ""כמ"": [""כמ""], ""לנעלם"": [""לנעלם""], ""לרועה"": [""לרועה""], ""לנערת"": [""לנערת""], ""אשא"": [""אשא""], ""שעשועך"": [""שעשועך""], ""כיור"": [""כיור""], ""חומת"": [""חומת""], ""לרועי"": [""לרועי""], ""עדתך"": [""עדתך""], ""לנערתך"": [""לנערתך""], ""שעשעי"": [""שעשעי""], ""כמגדל"": [""כמגדל""], ""כיורנו"": [""כיורנו""], ""נאדר"": [""נאדר""], ""לרועהכם"": [""לרועהכם""], ""נאדרה"": [""נאדרה""], ""כמגדלור"": [""כמגדלור""], ""חומתאש"": [""חומתאש""], ""נאדרהו"": [""נאדרהו""], ""חומתאלהים"": [""חומתאלהים""], ""חומתאלהי"": [""חומתאלהי""]}",לך,0.069503,לו,0.068425,עד,0.028082,לה,0.02638,ה,0.01412,לאל,0.013888,כי,0.013265,אב,0.012488,אש,0.010331,עמך,0.008126,שעשוע,0.006959,נא,0.006841,לנער,0.00584,עמכם,0.005498,אל,0.005204,לרבים,0.004575,אלהיך,0.003894,לאביהם,0.003842,עדת,0.003763,ל,0.003738,שמה,0.003167,לאלוקיכם,0.002832,נאם,0.002556,לאביך,0.002294,כחותם,0.001886,אלהך,0.001839,לאלוקים,0.001832,חפץ,0.001769,כמ,0.001674,לנעלם,0.001441,לרועה,0.001176,לנערת,0.001089,אשא,0.000941,שעשועך,0.000891,כיור,0.000828,חומת,0.000814,לרועי,0.000796,עדתך,0.000591,לנערתך,0.000453,שעשעי,0.000375,כמגדל,0.000178,כיורנו,0.000177,נאדר,0.000141,לרועהכם,4e-05,נאדרה,3.6e-05,כמגדלור,2.9e-05,חומתאש,1e-06,נאדרהו,1e-06,חומתאלהים,0.0,חומתאלהי,0.0,VERB,False,אצלו,אצל,True,True,False,True,True,True,False,,,,False,False
Midrash_Aggadic_Midrash_Midrash_Rabbah_Bereishit_Rabbah__1_1,bereishit_rabbah,7,אמון,7.4304,0.8353,0.0,0.2217,50,9,True,"{""כי"": 1, ""עד"": 1, ""לא"": 1, ""לאל"": 1, ""כמלך"": 1, ""כאל"": 1, ""אב"": 1, ""לעד"": 1, ""אמון"": 1, ""שומר"": 1, ""תמים"": 1, ""כאלוקים"": 1, ""וגו"": 1, ""לאלוקים"": 1, ""קדוש"": 1, ""כיון"": 1, ""סלה"": 1, ""קנא"": 1, ""לעין"": 1, ""עון"": 1, ""משען"": 1, ""סגולה"": 1, ""חסד"": 1, ""תחת"": 1, ""חסיד"": 1, ""קדש"": 1, ""לאב"": 1, ""בלב"": 1, ""משיח"": 1, ""שומע"": 1, ""באהבה"": 1, ""ואומר"": 1, ""משענת"": 1, ""לאלוקי"": 1, ""לאלוהים"": 1, ""ואצוה"": 1, ""חסדו"": 1, ""ואצלה"": 1, ""קדושה"": 1, ""ואצוהו"": 1, ""תחתון"": 1, ""כאלוקי"": 1, ""בלבב"": 1, ""לאביו"": 1, ""בלבבכם"": 1, ""חסידא"": 1, ""ואצלהם"": 1, ""שומם"": 1, ""וגוהתרגום"": 1, ""וגוהאם"": 1}","{""כי"": [""כי""], ""עד"": [""עד""], ""לא"": [""לא""], ""לאל"": [""לאל""], ""כמלך"": [""כמלך""], ""כאל"": [""כאל""], ""אב"": [""אב""], ""לעד"": [""לעד""], ""אמון"": [""אמון""], ""שומר"": [""שומר""], ""תמים"": [""תמים""], ""כאלוקים"": [""כאלוקים""], ""וגו"": [""וגו""], ""לאלוקים"": [""לאלוקים""], ""קדוש"": [""קדוש""], ""כיון"": [""כיון""], ""סלה"": [""סלה""], ""קנא"": [""קנא""], ""לעין"": [""לעין""], ""עון"": [""עון""], ""משען"": [""משען""], ""סגולה"": [""סגולה""], ""חסד"": [""חסד""], ""תחת"": [""תחת""], ""חסיד"": [""חסיד""], ""קדש"": [""קדש""], ""לאב"": [""לאב""], ""בלב"": [""בלב""], ""משיח"": [""משיח""], ""שומע"": [""שומע""], ""באהבה"": [""באהבה""], ""ואומר"": [""ואומר""], ""משענת"": [""משענת""], ""לאלוקי"": [""לאלוקי""], ""לאלוהים"": [""לאלוהים""], ""ואצוה"": [""ואצוה""], ""חסדו"": [""חסדו""], ""ואצלה"": [""ואצלה""], ""קדושה"": [""קדושה""], ""ואצוהו"": [""ואצוהו""], ""תחתון"": [""תחתון""], ""כאלוקי"": [""כאלוקי""], ""בלבב"": [""בלבב""], ""לאביו"": [""לאביו""], ""בלבבכם"": [""בלבבכם""], ""חסידא"": [""חסידא""], ""ואצלהם"": [""ואצלהם""], ""שומם"": [""שומם""], ""וגוהתרגום"": [""וגוהתרגום""], ""וגוהאם"": [""וגוהאם""]}",כי,0.055185,עד,0.03734,לא,0.021611,לאל,0.009949,כמלך,0.008613,כאל,0.007483,אב,0.006171,לעד,0.005887,אמון,0.005797,שומר,0.005666,תמים,0.004883,כאלוקים,0.003858,וגו,0.003459,לאלוקים,0.003269,קדוש,0.003114,כיון,0.00298,סלה,0.002835,קנא,0.002548,לעין,0.002532,עון,0.00216,משען,0.002155,סגולה,0.00212,חסד,0.002112,תחת,0.001912,חסיד,0.001798,קדש,0.00172,לאב,0.001677,בלב,0.001658,משיח,0.001641,שומע,0.00156,באהבה,0.001534,ואומר,0.001324,משענת,0.000805,לאלוקי,0.000753,לאלוהים,0.000646,ואצוה,0.000437,חסדו,0.000371,ואצלה,0.00034,קדושה,0.000309,ואצוהו,0.000282,תחתון,0.00027,כאלוקי,0.000254,בלבב,0.000229,לאביו,0.000195,בלבבכם,9e-05,חסידא,6.9e-05,ואצלהם,6.2e-05,שומם,2.9e-05,וגוהתרגום,2.2e-05,וגוהאם,0.0,ADV,True,אמון,אמון,True,False,True,True,True,True,True,27.0,19.0,8.0,False,True
Midrash_Aggadic_Midrash_Midrash_Rabbah_Bereishit_Rabbah__1_1,bereishit_rabbah,8,ואהיה,6.4042,0.7657,0.0,0.2483,50,11,True,"{""כי"": 1, ""עד"": 1, ""לא"": 1, ""על"": 1, ""אמון"": 1, ""ולא"": 1, ""אצלו"": 1, ""וגו"": 1, ""והיה"": 1, ""והוא"": 1, ""ואהיה"": 1, ""דבר"": 1, ""אל"": 1, ""ואל"": 1, ""לאמר"": 1, ""נאם"": 1, ""דברי"": 1, ""עלי"": 1, ""שמע"": 1, ""ה"": 1, ""הושע"": 1, ""הושעיה"": 1, ""כאל"": 1, ""שומר"": 1, ""עולם"": 1, ""אלקים"": 1, ""מעת"": 1, ""נאמן"": 1, ""מעתה"": 1, ""והי"": 1, ""חסד"": 1, ""והייתי"": 1, ""ביד"": 1, ""בשלום"": 1, ""מושל"": 1, ""חפץ"": 1, ""עליון"": 1, ""כענן"": 1, ""שמעון"": 1, ""עליך"": 1, ""בידך"": 1, ""כאלוקים"": 1, ""ואהבת"": 1, ""כאלוקי"": 1, ""חפצו"": 1, ""הושיעה"": 1, ""ואהבתו"": 1, ""שומרך"": 1, ""מושלך"": 1, ""הושיעהו"": 1}","{""כי"": [""כי""], ""עד"": [""עד""], ""לא"": [""לא""], ""על"": [""על""], ""אמון"": [""אמון""], ""ולא"": [""ולא""], ""אצלו"": [""אצלו""], ""וגו"": [""וגו""], ""והיה"": [""והיה""], ""והוא"": [""והוא""], ""ואהיה"": [""ואהיה""], ""דבר"": [""דבר""], ""אל"": [""אל""], ""ואל"": [""ואל""], ""לאמר"": [""לאמר""], ""נאם"": [""נאם""], ""דברי"": [""דברי""], ""עלי"": [""עלי""], ""שמע"": [""שמע""], ""ה"": [""ה""], ""הושע"": [""הושע""], ""הושעיה"": [""הושעיה""], ""כאל"": [""כאל""], ""שומר"": [""שומר""], ""עולם"": [""עולם""], ""אלקים"": [""אלקים""], ""מעת"": [""מעת""], ""נאמן"": [""נאמן""], ""מעתה"": [""מעתה""], ""והי"": [""והי""], ""חסד"": [""חסד""], ""והייתי"": [""והייתי""], ""ביד"": [""ביד""], ""בשלום"": [""בשלום""], ""מושל"": [""מושל""], ""חפץ"": [""חפץ""], ""עליון"": [""עליון""], ""כענן"": [""כענן""], ""שמעון"": [""שמעון""], ""עליך"": [""עליך""], ""בידך"": [""בידך""], ""כאלוקים"": [""כאלוקים""], ""ואהבת"": [""ואהבת""], ""כאלוקי"": [""כאלוקי""], ""חפצו"": [""חפצו""], ""הושיעה"": [""הושיעה""], ""ואהבתו"": [""ואהבתו""], ""שומרך"": [""שומרך""], ""מושלך"": [""מושלך""], ""הושיעהו"": [""הושיעהו""]}",כי,0.02621,עד,0.02621,לא,0.016402,על,0.013597,אמון,0.013594,ולא,0.013387,אצלו,0.013207,וגו,0.012987,והיה,0.012671,והוא,0.012576,ואהיה,0.011807,דבר,0.011273,אל,0.011098,ואל,0.008189,לאמר,0.00525,נאם,0.005114,דברי,0.003701,עלי,0.003412,שמע,0.002617,ה,0.002272,הושע,0.002217,הושעיה,0.002046,כאל,0.002008,שומר,0.001885,עולם,0.001445,אלקים,0.00118,מעת,0.001149,נאמן,0.001072,מעתה,0.001013,והי,0.000992,חסד,0.000918,והייתי,0.000887,ביד,0.000877,בשלום,0.000811,מושל,0.000795,חפץ,0.000572,עליון,0.000541,כענן,0.000481,שמעון,0.000328,עליך,0.000326,בידך,0.000261,כאלוקים,0.000256,ואהבת,0.000158,כאלוקי,0.000151,חפצו,0.000147,הושיעה,6.9e-05,ואהבתו,4.7e-05,שומרך,4.1e-05,מושלך,2.4e-05,הושיעהו,1.3e-05,PROPN,True,ואהיה,אהיה,False,False,False,True,True,True,False,,,,False,False
Midrash_Aggadic_Midrash_Midrash_Rabbah_Bereishit_Rabbah__1_1,bereishit_rabbah,9,שעשועים,9.1633,0.8532,0.0,0.6516,15,9,True,"{""לו"": 1, ""אצלו"": 1, ""שעשוע"": 1, ""לאב"": 1, ""לאביו"": 1, ""שמו"": 1, ""לאל"": 1, ""לזרעו"": 1, ""שעשועים"": 1, ""לאזנו"": 1, ""אמון"": 1, ""אצלי"": 1, ""שעשעי"": 1, ""לאזנוו"": 1, ""אצליי"": 1}","{""לו"": [""לו""], ""אצלו"": [""אצלו""], ""שעשוע"": [""שעשוע""], ""לאב"": [""לאב""], ""לאביו"": [""לאביו""], ""שמו"": [""שמו""], ""לאל"": [""לאל""], ""לזרעו"": [""לזרעו""], ""שעשועים"": [""שעשועים""], ""לאזנו"": [""לאזנו""], ""אמון"": [""אמון""], ""אצלי"": [""אצלי""], ""שעשעי"": [""שעשעי""], ""לאזנוו"": [""לאזנוו""], ""אצליי"": [""אצליי""]}",לו,0.472448,אצלו,0.123983,שעשוע,0.017249,לאב,0.009381,לאביו,0.008245,שמו,0.007863,לאל,0.005558,לזרעו,0.002072,שעשועים,0.001744,לאזנו,0.001255,אמון,0.001101,אצלי,0.000565,שעשעי,0.000134,לאזנוו,2.7e-05,אצליי,1e-05,,,,,,,,,,,,,,,,,,,,,,,,,,,,,,,,,,,,,,,,,,,,,,,,,,,,,,,,,,,,,,,,,,,,,,,ADV,True,שעשועים,שעשוע,True,False,True,True,True,True,True,23.0,13.0,10.0,False,True
Midrash_Aggadic_Midrash_Midrash_Rabbah_Bereishit_Rabbah__1_1,bereishit_rabbah,10,יום,12.0531,0.8924,0.6033,0.6222,50,-1,False,"{""לו"": 1, ""לבני"": 1, ""לא"": 1, ""לפני"": 1, ""לכם"": 1, ""בעבור"": 1, ""בעיניו"": 1, ""לך"": 1, ""אצלו"": 1, ""לעמו"": 1, ""אליו"": 1, ""לנפש"": 1, ""לעלם"": 1, ""לבת"": 1, ""לאלהים"": 1, ""בינו"": 1, ""לנפשו"": 1, ""לשמים"": 1, ""ליום"": 1, ""בעבורו"": 1, ""לשמי"": 1, ""לבניו"": 1, ""עיניו"": 1, ""ביני"": 1, ""קדם"": 1, ""חן"": 1, ""לבתים"": 1, ""עמו"": 1, ""לפניו"": 1, ""קדש"": 1, ""לאלפים"": 1, ""לאלדים"": 1, ""חסדו"": 1, ""קדושים"": 1, ""לאלהינו"": 1, ""עיניך"": 1, ""בעיניוהתרגום"": 1, ""אמרי"": 1, ""קדשך"": 1, ""לפניך"": 1, ""חסידים"": 1, ""לנעריו"": 1, ""חסידיו"": 1, ""עיניוהתרגום"": 1, ""לפניוהתרגום"": 1, ""אצלי"": 1, ""בעיניוהאם"": 1, ""אצליו"": 1, ""לפניוהאם"": 1, ""עיניוהאם"": 1}","{""לו"": [""לו""], ""לבני"": [""לבני""], ""לא"": [""לא""], ""לפני"": [""לפני""], ""לכם"": [""לכם""], ""בעבור"": [""בעבור""], ""בעיניו"": [""בעיניו""], ""לך"": [""לך""], ""אצלו"": [""אצלו""], ""לעמו"": [""לעמו""], ""אליו"": [""אליו""], ""לנפש"": [""לנפש""], ""לעלם"": [""לעלם""], ""לבת"": [""לבת""], ""לאלהים"": [""לאלהים""], ""בינו"": [""בינו""], ""לנפשו"": [""לנפשו""], ""לשמים"": [""לשמים""], ""ליום"": [""ליום""], ""בעבורו"": [""בעבורו""], ""לשמי"": [""לשמי""], ""לבניו"": [""לבניו""], ""עיניו"": [""עיניו""], ""ביני"": [""ביני""], ""קדם"": [""קדם""], ""חן"": [""חן""], ""לבתים"": [""לבתים""], ""עמו"": [""עמו""], ""לפניו"": [""לפניו""], ""קדש"": [""קדש""], ""לאלפים"": [""לאלפים""], ""לאלדים"": [""לאלדים""], ""חסדו"": [""חסדו""], ""קדושים"": [""קדושים""], ""לאלהינו"": [""לאלהינו""], ""עיניך"": [""עיניך""], ""בעיניוהתרגום"": [""בעיניוהתרגום""], ""אמרי"": [""אמרי""], ""קדשך"": [""קדשך""], ""לפניך"": [""לפניך""], ""חסידים"": [""חסידים""], ""לנעריו"": [""לנעריו""], ""חסידיו"": [""חסידיו""], ""עיניוהתרגום"": [""עיניוהתרגום""], ""לפניוהתרגום"": [""לפניוהתרגום""], ""אצלי"": [""אצלי""], ""בעיניוהאם"": [""בעיניוהאם""], ""אצליו"": [""אצליו""], ""לפניוהאם"": [""לפניוהאם""], ""עיניוהאם"": [""עיניוהאם""]}",לו,0.331357,לבני,0.081337,לא,0.028954,לפני,0.021183,לכם,0.013677,בעבור,0.011352,בעיניו,0.01108,לך,0.009851,אצלו,0.009736,לעמו,0.009296,אליו,0.008693,לנפש,0.00864,לעלם,0.008203,לבת,0.00818,לאלהים,0.007972,בינו,0.007899,לנפשו,0.007268,לשמים,0.005155,ליום,0.005048,בעבורו,0.005016,לשמי,0.004479,לבניו,0.004147,עיניו,0.002581,ביני,0.00158,קדם,0.001505,חן,0.000937,לבתים,0.00092,עמו,0.000872,לפניו,0.000789,קדש,0.000739,לאלפים,0.000646,לאלדים,0.000544,חסדו,0.000537,קדושים,0.000508,לאלהינו,0.000502,עיניך,0.000229,בעיניוהתרגום,0.0002,אמרי,0.000193,קדשך,0.000119,לפניך,0.000112,חסידים,5.5e-05,לנעריו,4.7e-05,חסידיו,4.2e-05,עיניוהתרגום,2.7e-05,לפניוהתרגום,1.9e-05,אצלי,7e-06,בעיניוהאם,1e-06,אצליו,0.0,לפניוהאם,0.0,עיניוהאם,0.0,ADV,True,יום,יום,True,False,True,True,True,True,True,11.0,5.0,6.0,False,True
Midrash_Aggadic_Midrash_Midrash_Rabbah_Bereishit_Rabbah__1_1,bereishit_rabbah,11,יום,0.5454,0.0604,0.0,0.7389,5,1,True,"{""יום"": 1, ""יומיים"": 1, ""אשר"": 1, ""אשרי"": 1, ""יומם"": 1}","{""יום"": [""יום""], ""יומיים"": [""יומיים""], ""אשר"": [""אשר""], ""אשרי"": [""אשרי""], ""יומם"": [""יומם""]}",יום,0.685179,יומיים,0.028355,אשר,0.021347,אשרי,0.002989,יומם,0.001035,,,,,,,,,,,,,,,,,,,,,,,,,,,,,,,,,,,,,,,,,,,,,,,,,,,,,,,,,,,,,,,,,,,,,,,,,,,,,,,,,,,,,,,,,,,ADV,True,יום,יום,True,False,True,True,True,True,True,50.0,51.0,-1.0,True,False
Midrash_Aggadic_Midrash_Midrash_Rabbah_Bereishit_Rabbah__1_1,bereishit_rabbah,12,"וגו',",6.3444,0.8633,0.0,0.2677,50,11,True,"{""לפני"": 1, ""אל"": 1, ""לו"": 1, ""לפניו"": 1, ""כל"": 1, ""אצלו"": 1, ""לא"": 1, ""הוא"": 1, ""ואהיה"": 1, ""אמן"": 1, ""וגו"": 1, ""והיה"": 1, ""והנה"": 1, ""עיניו"": 1, ""עמו"": 1, ""לאל"": 1, ""תהילים"": 1, ""ישב"": 1, ""תהלים"": 1, ""ואמר"": 1, ""ליום"": 1, ""ביני"": 1, ""בינו"": 1, ""יאמר"": 1, ""לאלפים"": 1, ""לוהתרגום"": 1, ""לאדוני"": 1, ""עיניך"": 1, ""כליל"": 1, ""לאדני"": 1, ""אלוהים"": 1, ""ישבו"": 1, ""יאמרו"": 1, ""ואמרתי"": 1, ""הואהתרגום"": 1, ""אלוהי"": 1, ""לפניך"": 1, ""וגוהתרגום"": 1, ""לפניוהתרגום"": 1, ""והנהו"": 1, ""תהל"": 1, ""כלילו"": 1, ""עיניוהתרגום"": 1, ""ואמרתיו"": 1, ""לוהאם"": 1, ""לפניוהאם"": 1, ""וגוהאם"": 1, ""ישבוהתרגום"": 1, ""עיניוהאם"": 1, ""ישבוהאם"": 1}","{""לפני"": [""לפני""], ""אל"": [""אל""], ""לו"": [""לו""], ""לפניו"": [""לפניו""], ""כל"": [""כל""], ""אצלו"": [""אצלו""], ""לא"": [""לא""], ""הוא"": [""הוא""], ""ואהיה"": [""ואהיה""], ""אמן"": [""אמן""], ""וגו"": [""וגו""], ""והיה"": [""והיה""], ""והנה"": [""והנה""], ""עיניו"": [""עיניו""], ""עמו"": [""עמו""], ""לאל"": [""לאל""], ""תהילים"": [""תהילים""], ""ישב"": [""ישב""], ""תהלים"": [""תהלים""], ""ואמר"": [""ואמר""], ""ליום"": [""ליום""], ""ביני"": [""ביני""], ""בינו"": [""בינו""], ""יאמר"": [""יאמר""], ""לאלפים"": [""לאלפים""], ""לוהתרגום"": [""לוהתרגום""], ""לאדוני"": [""לאדוני""], ""עיניך"": [""עיניך""], ""כליל"": [""כליל""], ""לאדני"": [""לאדני""], ""אלוהים"": [""אלוהים""], ""ישבו"": [""ישבו""], ""יאמרו"": [""יאמרו""], ""ואמרתי"": [""ואמרתי""], ""הואהתרגום"": [""הואהתרגום""], ""אלוהי"": [""אלוהי""], ""לפניך"": [""לפניך""], ""וגוהתרגום"": [""וגוהתרגום""], ""לפניוהתרגום"": [""לפניוהתרגום""], ""והנהו"": [""והנהו""], ""תהל"": [""תהל""], ""כלילו"": [""כלילו""], ""עיניוהתרגום"": [""עיניוהתרגום""], ""ואמרתיו"": [""ואמרתיו""], ""לוהאם"": [""לוהאם""], ""לפניוהאם"": [""לפניוהאם""], ""וגוהאם"": [""וגוהאם""], ""ישבוהתרגום"": [""ישבוהתרגום""], ""עיניוהאם"": [""עיניוהאם""], ""ישבוהאם"": [""ישבוהאם""]}",לפני,0.088419,אל,0.02494,לו,0.017685,לפניו,0.017237,כל,0.015853,אצלו,0.015524,לא,0.01421,הוא,0.013773,ואהיה,0.013706,אמן,0.00994,וגו,0.005873,והיה,0.003857,והנה,0.003148,עיניו,0.002833,עמו,0.002721,לאל,0.002449,תהילים,0.002176,ישב,0.001828,תהלים,0.001659,ואמר,0.001476,ליום,0.001374,ביני,0.001342,בינו,0.001203,יאמר,0.001042,לאלפים,0.000549,לוהתרגום,0.000436,לאדוני,0.000414,עיניך,0.000338,כליל,0.000319,לאדני,0.000244,אלוהים,0.000237,ישבו,0.000184,יאמרו,0.000151,ואמרתי,0.000121,הואהתרגום,9.2e-05,אלוהי,8.5e-05,לפניך,7.7e-05,וגוהתרגום,6.1e-05,לפניוהתרגום,5.8e-05,והנהו,5.1e-05,תהל,1.1e-05,כלילו,9e-06,עיניוהתרגום,8e-06,ואמרתיו,7e-06,לוהאם,2e-06,לפניוהאם,0.0,וגוהאם,0.0,ישבוהתרגום,0.0,עיניוהאם,0.0,ישבוהאם,0.0,PRON,True,וגו,גומר,False,False,False,True,True,True,False,,,,False,False
Midrash_Aggadic_Midrash_Midrash_Rabbah_Bereishit_Rabbah__1_1,bereishit_rabbah,13,אמון,10.2044,0.7752,0.3947,0.158,50,-1,False,"{""א"": 1, ""כי"": 1, ""הושע"": 1, ""מ"": 1, ""ואהיה"": 1, ""ויאמר"": 1, ""אמן"": 1, ""ואמר"": 1, ""הושעיה"": 1, ""רבי"": 1, ""והיה"": 1, ""והנה"": 1, ""ויהי"": 1, ""שם"": 1, ""דברים"": 1, ""ה"": 1, ""ראה"": 1, ""יד"": 1, ""התרגום"": 1, ""עכ"": 1, ""ית"": 1, ""משל"": 1, ""The"": 1, ""שמע"": 1, ""בוא"": 1, ""ואמרתי"": 1, ""דברי"": 1, ""ידיד"": 1, ""כיון"": 1, ""ביד"": 1, ""הושיעה"": 1, ""בואו"": 1, ""עכל"": 1, ""ידידות"": 1, ""שמעו"": 1, ""יתיר"": 1, ""והנהו"": 1, ""בידך"": 1, ""משלו"": 1, ""ואמרתיו"": 1, ""ידידותי"": 1, ""הושיעהו"": 1, ""האם"": 1, ""יתירא"": 1, ""ויהיב"": 1, ""ויהיה"": 1, ""משלות"": 1, ""ויהיבבקר"": 1, ""ויהיבבוקר"": 1, ""משלוט"": 1}","{""א"": [""א""], ""כי"": [""כי""], ""הושע"": [""הושע""], ""מ"": [""מ""], ""ואהיה"": [""ואהיה""], ""ויאמר"": [""ויאמר""], ""אמן"": [""אמן""], ""ואמר"": [""ואמר""], ""הושעיה"": [""הושעיה""], ""רבי"": [""רבי""], ""והיה"": [""והיה""], ""והנה"": [""והנה""], ""ויהי"": [""ויהי""], ""שם"": [""שם""], ""דברים"": [""דברים""], ""ה"": [""ה""], ""ראה"": [""ראה""], ""יד"": [""יד""], ""התרגום"": [""התרגום""], ""עכ"": [""עכ""], ""ית"": [""ית""], ""משל"": [""משל""], ""The"": [""The""], ""שמע"": [""שמע""], ""בוא"": [""בוא""], ""ואמרתי"": [""ואמרתי""], ""דברי"": [""דברי""], ""ידיד"": [""ידיד""], ""כיון"": [""כיון""], ""ביד"": [""ביד""], ""הושיעה"": [""הושיעה""], ""בואו"": [""בואו""], ""עכל"": [""עכל""], ""ידידות"": [""ידידות""], ""שמעו"": [""שמעו""], ""יתיר"": [""יתיר""], ""והנהו"": [""והנהו""], ""בידך"": [""בידך""], ""משלו"": [""משלו""], ""ואמרתיו"": [""ואמרתיו""], ""ידידותי"": [""ידידותי""], ""הושיעהו"": [""הושיעהו""], ""האם"": [""האם""], ""יתירא"": [""יתירא""], ""ויהיב"": [""ויהיב""], ""ויהיה"": [""ויהיה""], ""משלות"": [""משלות""], ""ויהיבבקר"": [""ויהיבבקר""], ""ויהיבבוקר"": [""ויהיבבוקר""], ""משלוט"": [""משלוט""]}",א,0.024667,כי,0.017767,הושע,0.015827,מ,0.014961,ואהיה,0.012272,ויאמר,0.008385,אמן,0.007794,ואמר,0.007316,הושעיה,0.006966,רבי,0.006891,והיה,0.00539,והנה,0.005143,ויהי,0.003631,שם,0.003228,דברים,0.002582,ה,0.002346,ראה,0.002237,יד,0.001657,התרגום,0.000998,עכ,0.00098,ית,0.000959,משל,0.000925,The,0.000798,שמע,0.000643,בוא,0.000589,ואמרתי,0.000542,דברי,0.000435,ידיד,0.000312,כיון,0.000311,ביד,0.00031,הושיעה,0.00029,בואו,0.000219,עכל,0.00013,ידידות,0.000107,שמעו,9.5e-05,יתיר,5.5e-05,והנהו,5.4e-05,בידך,5e-05,משלו,4.5e-05,ואמרתיו,1.7e-05,ידידותי,8e-06,הושיעהו,7e-06,האם,5e-06,יתירא,5e-06,ויהיב,2e-06,ויהיה,0.0,משלות,0.0,ויהיבבקר,0.0,ויהיבבוקר,0.0,משלוט,0.0,ADV,True,אמון,אמון,True,False,True,True,True,True,True,19.0,32.0,-13.0,True,False
Midrash_Aggadic_Midrash_Midrash_Rabbah_Bereishit_Rabbah__1_1,bereishit_rabbah,14,"פדגוג,",19.2915,0.8459,0.6161,0.3822,50,-1,False,"{""ואהיה"": 1, ""שעשועים"": 1, ""הוא"": 1, ""על"": 1, ""וגו"": 1, ""זה"": 1, ""אהיה"": 1, ""אמון"": 1, ""מה"": 1, ""כי"": 1, ""לא"": 1, ""אני"": 1, ""אמן"": 1, ""פירוש"": 1, ""הושע"": 1, ""מהו"": 1, ""הושעיה"": 1, ""מאי"": 1, ""שמע"": 1, ""בך"": 1, ""שאהיה"": 1, ""משל"": 1, ""רבי"": 1, ""ה"": 1, ""דא"": 1, ""ואוהב"": 1, ""ואמונה"": 1, ""שעשועי"": 1, ""שאמר"": 1, ""לאמר"": 1, ""דכת"": 1, ""ביהוה"": 1, ""דכתיב"": 1, ""פירש"": 1, ""שמעת"": 1, ""רצון"": 1, ""רצוני"": 1, ""ואוהביו"": 1, ""ביהודה"": 1, ""אהבה"": 1, ""הושיעה"": 1, ""פירשי"": 1, ""משלו"": 1, ""פירשו"": 1, ""דאשתמע"": 1, ""דאשתכח"": 1, ""הושיעהו"": 1, ""משלוהתרגום"": 1, ""פירשל"": 1, ""משלוהאם"": 1}","{""ואהיה"": [""ואהיה""], ""שעשועים"": [""שעשועים""], ""הוא"": [""הוא""], ""על"": [""על""], ""וגו"": [""וגו""], ""זה"": [""זה""], ""אהיה"": [""אהיה""], ""אמון"": [""אמון""], ""מה"": [""מה""], ""כי"": [""כי""], ""לא"": [""לא""], ""אני"": [""אני""], ""אמן"": [""אמן""], ""פירוש"": [""פירוש""], ""הושע"": [""הושע""], ""מהו"": [""מהו""], ""הושעיה"": [""הושעיה""], ""מאי"": [""מאי""], ""שמע"": [""שמע""], ""בך"": [""בך""], ""שאהיה"": [""שאהיה""], ""משל"": [""משל""], ""רבי"": [""רבי""], ""ה"": [""ה""], ""דא"": [""דא""], ""ואוהב"": [""ואוהב""], ""ואמונה"": [""ואמונה""], ""שעשועי"": [""שעשועי""], ""שאמר"": [""שאמר""], ""לאמר"": [""לאמר""], ""דכת"": [""דכת""], ""ביהוה"": [""ביהוה""], ""דכתיב"": [""דכתיב""], ""פירש"": [""פירש""], ""שמעת"": [""שמעת""], ""רצון"": [""רצון""], ""רצוני"": [""רצוני""], ""ואוהביו"": [""ואוהביו""], ""ביהודה"": [""ביהודה""], ""אהבה"": [""אהבה""], ""הושיעה"": [""הושיעה""], ""פירשי"": [""פירשי""], ""משלו"": [""משלו""], ""פירשו"": [""פירשו""], ""דאשתמע"": [""דאשתמע""], ""דאשתכח"": [""דאשתכח""], ""הושיעהו"": [""הושיעהו""], ""משלוהתרגום"": [""משלוהתרגום""], ""פירשל"": [""פירשל""], ""משלוהאם"": [""משלוהאם""]}",ואהיה,0.098822,שעשועים,0.044524,הוא,0.033403,על,0.025214,וגו,0.021765,זה,0.02026,אהיה,0.020109,אמון,0.019613,מה,0.017329,כי,0.011726,לא,0.009422,אני,0.009422,אמן,0.007561,פירוש,0.006013,הושע,0.004682,מהו,0.004398,הושעיה,0.003919,מאי,0.003175,שמע,0.003029,בך,0.00245,שאהיה,0.002285,משל,0.001726,רבי,0.001415,ה,0.001228,דא,0.001176,ואוהב,0.000984,ואמונה,0.000883,שעשועי,0.000882,שאמר,0.000668,לאמר,0.000566,דכת,0.00053,ביהוה,0.000445,דכתיב,0.000439,פירש,0.000431,שמעת,0.0004,רצון,0.000302,רצוני,0.000228,ואוהביו,0.000159,ביהודה,0.000147,אהבה,0.000133,הושיעה,0.000112,פירשי,0.0001,משלו,8.9e-05,פירשו,2.5e-05,דאשתמע,9e-06,דאשתכח,8e-06,הושיעהו,6e-06,משלוהתרגום,0.0,פירשל,0.0,משלוהאם,0.0,ADV,True,פדגוג,פדגוג,True,False,True,True,True,True,True,2.0,16.0,-14.0,True,False
Midrash_Aggadic_Midrash_Midrash_Rabbah_Bereishit_Rabbah__1_1,bereishit_rabbah,15,אמון,4.0551,0.6058,0.0,0.2185,50,1,True,"{""אמון"": 1, ""ואהיה"": 1, ""שעשוע"": 1, ""שעשועים"": 1, ""אהיה"": 1, ""על"": 1, ""רב"": 1, ""וגו"": 1, ""פדגוג"": 1, ""הושע"": 1, ""הושעיה"": 1, ""אמן"": 1, ""רבי"": 1, ""מורה"": 1, ""רוח"": 1, ""ורב"": 1, ""חינוך"": 1, ""מדרש"": 1, ""חביב"": 1, ""פד"": 1, ""ואוהב"": 1, ""דוד"": 1, ""רוחני"": 1, ""ביד"": 1, ""רבא"": 1, ""למד"": 1, ""פדגוגי"": 1, ""עולם"": 1, ""עת"": 1, ""אהבה"": 1, ""דוגמא"": 1, ""בינה"": 1, ""שמע"": 1, ""עתיד"": 1, ""הוראה"": 1, ""דוגמה"": 1, ""לאמונה"": 1, ""מדריך"": 1, ""חביבה"": 1, ""לאמון"": 1, ""בידך"": 1, ""ורבן"": 1, ""עליך"": 1, ""עתידות"": 1, ""שמעון"": 1, ""פדוי"": 1, ""ואוהביו"": 1, ""פדויי"": 1, ""אהבההתרגום"": 1, ""אהבההאם"": 1}","{""אמון"": [""אמון""], ""ואהיה"": [""ואהיה""], ""שעשוע"": [""שעשוע""], ""שעשועים"": [""שעשועים""], ""אהיה"": [""אהיה""], ""על"": [""על""], ""רב"": [""רב""], ""וגו"": [""וגו""], ""פדגוג"": [""פדגוג""], ""הושע"": [""הושע""], ""הושעיה"": [""הושעיה""], ""אמן"": [""אמן""], ""רבי"": [""רבי""], ""מורה"": [""מורה""], ""רוח"": [""רוח""], ""ורב"": [""ורב""], ""חינוך"": [""חינוך""], ""מדרש"": [""מדרש""], ""חביב"": [""חביב""], ""פד"": [""פד""], ""ואוהב"": [""ואוהב""], ""דוד"": [""דוד""], ""רוחני"": [""רוחני""], ""ביד"": [""ביד""], ""רבא"": [""רבא""], ""למד"": [""למד""], ""פדגוגי"": [""פדגוגי""], ""עולם"": [""עולם""], ""עת"": [""עת""], ""אהבה"": [""אהבה""], ""דוגמא"": [""דוגמא""], ""בינה"": [""בינה""], ""שמע"": [""שמע""], ""עתיד"": [""עתיד""], ""הוראה"": [""הוראה""], ""דוגמה"": [""דוגמה""], ""לאמונה"": [""לאמונה""], ""מדריך"": [""מדריך""], ""חביבה"": [""חביבה""], ""לאמון"": [""לאמון""], ""בידך"": [""בידך""], ""ורבן"": [""ורבן""], ""עליך"": [""עליך""], ""עתידות"": [""עתידות""], ""שמעון"": [""שמעון""], ""פדוי"": [""פדוי""], ""ואוהביו"": [""ואוהביו""], ""פדויי"": [""פדויי""], ""אהבההתרגום"": [""אהבההתרגום""], ""אהבההאם"": [""אהבההאם""]}",אמון,0.060157,ואהיה,0.026728,שעשוע,0.023529,שעשועים,0.020176,אהיה,0.012459,על,0.011349,רב,0.010829,וגו,0.007675,פדגוג,0.005434,הושע,0.004975,הושעיה,0.00433,אמן,0.003557,רבי,0.003122,מורה,0.003038,רוח,0.002588,ורב,0.00166,חינוך,0.001647,מדרש,0.00154,חביב,0.001257,פד,0.001215,ואוהב,0.001149,דוד,0.000917,רוחני,0.000915,ביד,0.000846,רבא,0.000745,למד,0.000743,פדגוגי,0.000724,עולם,0.000671,עת,0.000583,אהבה,0.000506,דוגמא,0.000484,בינה,0.000387,שמע,0.000331,עתיד,0.000315,הוראה,0.000314,דוגמה,0.000272,לאמונה,0.000259,מדריך,0.000232,חביבה,0.000165,לאמון,0.00015,בידך,0.000148,ורבן,0.000117,עליך,9.9e-05,עתידות,6.1e-05,שמעון,5.7e-05,פדוי,5e-05,ואוהביו,3.9e-05,פדויי,4e-06,אהבההתרגום,4e-06,אהבההאם,0.0,ADV,True,אמון,אמון,True,False,True,True,True,True,True,35.0,38.0,-3.0,True,False
Midrash_Aggadic_Midrash_Midrash_Rabbah_Bereishit_Rabbah__1_1,bereishit_rabbah,16,"מכסה,",17.421,0.8149,0.5394,0.1551,50,-1,False,"{""פדגוג"": 1, ""אמון"": 1, ""על"": 1, ""שעשוע"": 1, ""שעשועים"": 1, ""מורה"": 1, ""רוח"": 1, ""אמונה"": 1, ""וגו"": 1, ""פדגוגי"": 1, ""חינוך"": 1, ""חכם"": 1, ""קדוש"": 1, ""מוסר"": 1, ""נפש"": 1, ""רוחני"": 1, ""נביא"": 1, ""דוגמא"": 1, ""עולם"": 1, ""דת"": 1, ""עלי"": 1, ""עליון"": 1, ""סוד"": 1, ""רפואה"": 1, ""נפשי"": 1, ""ברכה"": 1, ""קדושה"": 1, ""ואמונה"": 1, ""ביד"": 1, ""קהל"": 1, ""סניג"": 1, ""סניגור"": 1, ""שופט"": 1, ""מוסד"": 1, ""קדש"": 1, ""דוגמה"": 1, ""נביאים"": 1, ""ואמון"": 1, ""בידיד"": 1, ""פדיקור"": 1, ""סודר"": 1, ""קדשנו"": 1, ""בידידים"": 1, ""שופטנו"": 1, ""סניגוריה"": 1, ""נפשיהתרגום"": 1, ""סודרין"": 1, ""שופטנוהתרגום"": 1, ""נפשיהאם"": 1, ""שופטנוהאם"": 1}","{""פדגוג"": [""פדגוג""], ""אמון"": [""אמון""], ""על"": [""על""], ""שעשוע"": [""שעשוע""], ""שעשועים"": [""שעשועים""], ""מורה"": [""מורה""], ""רוח"": [""רוח""], ""אמונה"": [""אמונה""], ""וגו"": [""וגו""], ""פדגוגי"": [""פדגוגי""], ""חינוך"": [""חינוך""], ""חכם"": [""חכם""], ""קדוש"": [""קדוש""], ""מוסר"": [""מוסר""], ""נפש"": [""נפש""], ""רוחני"": [""רוחני""], ""נביא"": [""נביא""], ""דוגמא"": [""דוגמא""], ""עולם"": [""עולם""], ""דת"": [""דת""], ""עלי"": [""עלי""], ""עליון"": [""עליון""], ""סוד"": [""סוד""], ""רפואה"": [""רפואה""], ""נפשי"": [""נפשי""], ""ברכה"": [""ברכה""], ""קדושה"": [""קדושה""], ""ואמונה"": [""ואמונה""], ""ביד"": [""ביד""], ""קהל"": [""קהל""], ""סניג"": [""סניג""], ""סניגור"": [""סניגור""], ""שופט"": [""שופט""], ""מוסד"": [""מוסד""], ""קדש"": [""קדש""], ""דוגמה"": [""דוגמה""], ""נביאים"": [""נביאים""], ""ואמון"": [""ואמון""], ""בידיד"": [""בידיד""], ""פדיקור"": [""פדיקור""], ""סודר"": [""סודר""], ""קדשנו"": [""קדשנו""], ""בידידים"": [""בידידים""], ""שופטנו"": [""שופטנו""], ""סניגוריה"": [""סניגוריה""], ""נפשיהתרגום"": [""נפשיהתרגום""], ""סודרין"": [""סודרין""], ""שופטנוהתרגום"": [""שופטנוהתרגום""], ""נפשיהאם"": [""נפשיהאם""], ""שופטנוהאם"": [""שופטנוהאם""]}",פדגוג,0.048674,אמון,0.02083,על,0.013234,שעשוע,0.012938,שעשועים,0.011184,מורה,0.006793,רוח,0.003501,אמונה,0.003194,וגו,0.002791,פדגוגי,0.00264,חינוך,0.002602,חכם,0.002513,קדוש,0.002406,מוסר,0.001892,נפש,0.001682,רוחני,0.001675,נביא,0.00158,דוגמא,0.001492,עולם,0.001369,דת,0.001115,עלי,0.0011,עליון,0.000861,סוד,0.000829,רפואה,0.000828,נפשי,0.000787,ברכה,0.000731,קדושה,0.000692,ואמונה,0.000637,ביד,0.000635,קהל,0.000608,סניג,0.000597,סניגור,0.000508,שופט,0.0005,מוסד,0.000355,קדש,0.000352,דוגמה,0.000308,נביאים,0.000162,ואמון,0.000156,בידיד,0.000108,פדיקור,7.8e-05,סודר,3.7e-05,קדשנו,3.1e-05,בידידים,2.1e-05,שופטנו,2.1e-05,סניגוריה,1.4e-05,נפשיהתרגום,4e-06,סודרין,1e-06,שופטנוהתרגום,0.0,נפשיהאם,0.0,שופטנוהאם,0.0,ADV,True,מכסה,כיסה,True,False,True,True,True,True,True,4.0,24.0,-20.0,True,False
Midrash_Aggadic_Midrash_Midrash_Rabbah_Bereishit_Rabbah__1_1,bereishit_rabbah,17,אמון,1.5504,0.2286,0.0,0.4717,50,1,True,"{""אמון"": 1, ""על"": 1, ""ואהיה"": 1, ""וגו"": 1, ""פדגוג"": 1, ""את"": 1, ""אמן"": 1, ""שעשוע"": 1, ""שעשועים"": 1, ""מים"": 1, ""מכסה"": 1, ""עון"": 1, ""ואל"": 1, ""רוח"": 1, ""חטאת"": 1, ""פה"": 1, ""שמים"": 1, ""רחמים"": 1, ""עלי"": 1, ""ואמון"": 1, ""חמה"": 1, ""בשמים"": 1, ""דמעות"": 1, ""רוחי"": 1, ""חטאים"": 1, ""חטאתו"": 1, ""בנים"": 1, ""עלינו"": 1, ""פדגוגי"": 1, ""עליון"": 1, ""מכסת"": 1, ""דרכו"": 1, ""דרכיו"": 1, ""ואהבה"": 1, ""מכסהו"": 1, ""פדגוס"": 1, ""מכסתא"": 1, ""שעשע"": 1, ""חטאתוהתרגום"": 1, ""פדגוסי"": 1, ""עלינוהתרגום"": 1, ""שעשעתי"": 1, ""מכסהוהתרגום"": 1, ""שעשעתיו"": 1, ""פדגוסיון"": 1, ""חטאתוהאם"": 1, ""עלינוהאם"": 1, ""מכסהוהאם"": 1, ""שעשעתיוהתרגום"": 1, ""שעשעתיוהאם"": 1}","{""אמון"": [""אמון""], ""על"": [""על""], ""ואהיה"": [""ואהיה""], ""וגו"": [""וגו""], ""פדגוג"": [""פדגוג""], ""את"": [""את""], ""אמן"": [""אמן""], ""שעשוע"": [""שעשוע""], ""שעשועים"": [""שעשועים""], ""מים"": [""מים""], ""מכסה"": [""מכסה""], ""עון"": [""עון""], ""ואל"": [""ואל""], ""רוח"": [""רוח""], ""חטאת"": [""חטאת""], ""פה"": [""פה""], ""שמים"": [""שמים""], ""רחמים"": [""רחמים""], ""עלי"": [""עלי""], ""ואמון"": [""ואמון""], ""חמה"": [""חמה""], ""בשמים"": [""בשמים""], ""דמעות"": [""דמעות""], ""רוחי"": [""רוחי""], ""חטאים"": [""חטאים""], ""חטאתו"": [""חטאתו""], ""בנים"": [""בנים""], ""עלינו"": [""עלינו""], ""פדגוגי"": [""פדגוגי""], ""עליון"": [""עליון""], ""מכסת"": [""מכסת""], ""דרכו"": [""דרכו""], ""דרכיו"": [""דרכיו""], ""ואהבה"": [""ואהבה""], ""מכסהו"": [""מכסהו""], ""פדגוס"": [""פדגוס""], ""מכסתא"": [""מכסתא""], ""שעשע"": [""שעשע""], ""חטאתוהתרגום"": [""חטאתוהתרגום""], ""פדגוסי"": [""פדגוסי""], ""עלינוהתרגום"": [""עלינוהתרגום""], ""שעשעתי"": [""שעשעתי""], ""מכסהוהתרגום"": [""מכסהוהתרגום""], ""שעשעתיו"": [""שעשעתיו""], ""פדגוסיון"": [""פדגוסיון""], ""חטאתוהאם"": [""חטאתוהאם""], ""עלינוהאם"": [""עלינוהאם""], ""מכסהוהאם"": [""מכסהוהאם""], ""שעשעתיוהתרגום"": [""שעשעתיוהתרגום""], ""שעשעתיוהאם"": [""שעשעתיוהאם""]}",אמון,0.341419,על,0.032888,ואהיה,0.01813,וגו,0.016623,פדגוג,0.009205,את,0.00806,אמן,0.006976,שעשוע,0.006786,שעשועים,0.006245,מים,0.00509,מכסה,0.003146,עון,0.002079,ואל,0.001757,רוח,0.00158,חטאת,0.001449,פה,0.001419,שמים,0.001201,רחמים,0.000958,עלי,0.000937,ואמון,0.000902,חמה,0.000673,בשמים,0.000504,דמעות,0.000493,רוחי,0.000486,חטאים,0.000478,חטאתו,0.000434,בנים,0.000374,עלינו,0.00034,פדגוגי,0.000199,עליון,0.000161,מכסת,0.000147,דרכו,0.000141,דרכיו,0.000137,ואהבה,9.5e-05,מכסהו,5.8e-05,פדגוס,5.1e-05,מכסתא,1.6e-05,שעשע,6e-06,חטאתוהתרגום,3e-06,פדגוסי,2e-06,עלינוהתרגום,2e-06,שעשעתי,0.0,מכסהוהתרגום,0.0,שעשעתיו,0.0,פדגוסיון,0.0,חטאתוהאם,0.0,עלינוהאם,0.0,מכסהוהאם,0.0,שעשעתיוהתרגום,0.0,שעשעתיוהאם,0.0,ADV,True,אמון,אמון,True,False,True,True,True,True,True,45.0,45.0,0.0,False,False
Midrash_Aggadic_Midrash_Midrash_Rabbah_Bereishit_Rabbah__1_1,bereishit_rabbah,18,"מצנע,",15.6901,0.872,0.7903,0.1101,50,-1,False,"{""על"": 1, ""מים"": 1, ""מכסה"": 1, ""שעשוע"": 1, ""סוד"": 1, ""שעשועים"": 1, ""סתר"": 1, ""עלי"": 1, ""נפש"": 1, ""עליון"": 1, ""אמון"": 1, ""פדגוג"": 1, ""רוח"": 1, ""צדקה"": 1, ""עולם"": 1, ""קדוש"": 1, ""משפט"": 1, ""משיח"": 1, ""נפשי"": 1, ""צדיק"": 1, ""נביא"": 1, ""רחמים"": 1, ""אמת"": 1, ""שמים"": 1, ""סתרים"": 1, ""צדק"": 1, ""חסד"": 1, ""תחת"": 1, ""חן"": 1, ""קונה"": 1, ""קדש"": 1, ""קדושה"": 1, ""עלילה"": 1, ""פנימי"": 1, ""רוחי"": 1, ""מכסת"": 1, ""תחתון"": 1, ""מכסהו"": 1, ""נביאים"": 1, ""משיחא"": 1, ""משפטים"": 1, ""סודר"": 1, ""קדשנו"": 1, ""צדיקי"": 1, ""מכסתא"": 1, ""נפשיהתרגום"": 1, ""סודרין"": 1, ""מכסהוהתרגום"": 1, ""נפשיהאם"": 1, ""מכסהוהאם"": 1}","{""על"": [""על""], ""מים"": [""מים""], ""מכסה"": [""מכסה""], ""שעשוע"": [""שעשוע""], ""סוד"": [""סוד""], ""שעשועים"": [""שעשועים""], ""סתר"": [""סתר""], ""עלי"": [""עלי""], ""נפש"": [""נפש""], ""עליון"": [""עליון""], ""אמון"": [""אמון""], ""פדגוג"": [""פדגוג""], ""רוח"": [""רוח""], ""צדקה"": [""צדקה""], ""עולם"": [""עולם""], ""קדוש"": [""קדוש""], ""משפט"": [""משפט""], ""משיח"": [""משיח""], ""נפשי"": [""נפשי""], ""צדיק"": [""צדיק""], ""נביא"": [""נביא""], ""רחמים"": [""רחמים""], ""אמת"": [""אמת""], ""שמים"": [""שמים""], ""סתרים"": [""סתרים""], ""צדק"": [""צדק""], ""חסד"": [""חסד""], ""תחת"": [""תחת""], ""חן"": [""חן""], ""קונה"": [""קונה""], ""קדש"": [""קדש""], ""קדושה"": [""קדושה""], ""עלילה"": [""עלילה""], ""פנימי"": [""פנימי""], ""רוחי"": [""רוחי""], ""מכסת"": [""מכסת""], ""תחתון"": [""תחתון""], ""מכסהו"": [""מכסהו""], ""נביאים"": [""נביאים""], ""משיחא"": [""משיחא""], ""משפטים"": [""משפטים""], ""סודר"": [""סודר""], ""קדשנו"": [""קדשנו""], ""צדיקי"": [""צדיקי""], ""מכסתא"": [""מכסתא""], ""נפשיהתרגום"": [""נפשיהתרגום""], ""סודרין"": [""סודרין""], ""מכסהוהתרגום"": [""מכסהוהתרגום""], ""נפשיהאם"": [""נפשיהאם""], ""מכסהוהאם"": [""מכסהוהאם""]}",על,0.014636,מים,0.010005,מכסה,0.006637,שעשוע,0.005796,סוד,0.005724,שעשועים,0.005286,סתר,0.004458,עלי,0.004316,נפש,0.004314,עליון,0.003745,אמון,0.00371,פדגוג,0.003541,רוח,0.003197,צדקה,0.003141,עולם,0.00283,קדוש,0.002685,משפט,0.002507,משיח,0.002046,נפשי,0.001926,צדיק,0.001847,נביא,0.001798,רחמים,0.001634,אמת,0.001547,שמים,0.001445,סתרים,0.00137,צדק,0.001315,חסד,0.000989,תחת,0.000977,חן,0.000944,קונה,0.000939,קדש,0.000872,קדושה,0.000724,עלילה,0.000573,פנימי,0.000499,רוחי,0.000474,מכסת,0.00031,תחתון,0.000281,מכסהו,0.00025,נביאים,0.000166,משיחא,0.000153,משפטים,0.000149,סודר,0.000114,קדשנו,8e-05,צדיקי,5.9e-05,מכסתא,4.9e-05,נפשיהתרגום,9e-06,סודרין,2e-06,מכסהוהתרגום,1e-06,נפשיהאם,0.0,מכסהוהאם,0.0,AUX,False,מצנע,מצנע,False,False,False,True,True,True,False,,,,False,False
Midrash_Aggadic_Midrash_Midrash_Rabbah_Bereishit_Rabbah__1_1,bereishit_rabbah,19,ואית,16.1267,0.8336,0.5748,0.7528,5,-1,False,"{""אמון"": 1, ""ואהיה"": 1, ""אמן"": 1, ""ואל"": 1, ""ואהבה"": 1}","{""אמון"": [""אמון""], ""ואהיה"": [""ואהיה""], ""אמן"": [""אמן""], ""ואל"": [""ואל""], ""ואהבה"": [""ואהבה""]}",אמון,0.718939,ואהיה,0.020799,אמן,0.01144,ואל,0.001566,ואהבה,6.2e-05,,,,,,,,,,,,,,,,,,,,,,,,,,,,,,,,,,,,,,,,,,,,,,,,,,,,,,,,,,,,,,,,,,,,,,,,,,,,,,,,,,,,,,,,,,,PRON,True,ואית,אית,False,False,False,True,True,True,False,,,,False,False
Midrash_Aggadic_Midrash_Midrash_Rabbah_Bereishit_Rabbah__1_1,bereishit_rabbah,20,דאמר,14.6204,0.8254,0.4554,0.1038,50,-1,False,"{""אמון"": 1, ""אהיה"": 1, ""שעשועים"": 1, ""ליה"": 1, ""אמן"": 1, ""רוח"": 1, ""חסד"": 1, ""פדגוג"": 1, ""יד"": 1, ""ית"": 1, ""רחמים"": 1, ""דא"": 1, ""חכמת"": 1, ""שמע"": 1, ""רוחי"": 1, ""דוד"": 1, ""עולם"": 1, ""ידיד"": 1, ""מכסה"": 1, ""ביה"": 1, ""ביד"": 1, ""אהבה"": 1, ""מים"": 1, ""שעשועין"": 1, ""חכמתא"": 1, ""חכמים"": 1, ""שמעת"": 1, ""עבדי"": 1, ""לאמון"": 1, ""יתיר"": 1, ""בידך"": 1, ""לאמונה"": 1, ""עבדך"": 1, ""דודו"": 1, ""פדגוגי"": 1, ""דאתי"": 1, ""פלגי"": 1, ""מכסת"": 1, ""אהיההתרגום"": 1, ""מכסהו"": 1, ""ביהו"": 1, ""מכסתא"": 1, ""רוחיהתרגום"": 1, ""דאתיין"": 1, ""אהיההאם"": 1, ""ביהוה"": 1, ""מכסהוהתרגום"": 1, ""ביהוד"": 1, ""רוחיהאם"": 1, ""מכסהוהאם"": 1}","{""אמון"": [""אמון""], ""אהיה"": [""אהיה""], ""שעשועים"": [""שעשועים""], ""ליה"": [""ליה""], ""אמן"": [""אמן""], ""רוח"": [""רוח""], ""חסד"": [""חסד""], ""פדגוג"": [""פדגוג""], ""יד"": [""יד""], ""ית"": [""ית""], ""רחמים"": [""רחמים""], ""דא"": [""דא""], ""חכמת"": [""חכמת""], ""שמע"": [""שמע""], ""רוחי"": [""רוחי""], ""דוד"": [""דוד""], ""עולם"": [""עולם""], ""ידיד"": [""ידיד""], ""מכסה"": [""מכסה""], ""ביה"": [""ביה""], ""ביד"": [""ביד""], ""אהבה"": [""אהבה""], ""מים"": [""מים""], ""שעשועין"": [""שעשועין""], ""חכמתא"": [""חכמתא""], ""חכמים"": [""חכמים""], ""שמעת"": [""שמעת""], ""עבדי"": [""עבדי""], ""לאמון"": [""לאמון""], ""יתיר"": [""יתיר""], ""בידך"": [""בידך""], ""לאמונה"": [""לאמונה""], ""עבדך"": [""עבדך""], ""דודו"": [""דודו""], ""פדגוגי"": [""פדגוגי""], ""דאתי"": [""דאתי""], ""פלגי"": [""פלגי""], ""מכסת"": [""מכסת""], ""אהיההתרגום"": [""אהיההתרגום""], ""מכסהו"": [""מכסהו""], ""ביהו"": [""ביהו""], ""מכסתא"": [""מכסתא""], ""רוחיהתרגום"": [""רוחיהתרגום""], ""דאתיין"": [""דאתיין""], ""אהיההאם"": [""אהיההאם""], ""ביהוה"": [""ביהוה""], ""מכסהוהתרגום"": [""מכסהוהתרגום""], ""ביהוד"": [""ביהוד""], ""רוחיהאם"": [""רוחיהאם""], ""מכסהוהאם"": [""מכסהוהאם""]}",אמון,0.020927,אהיה,0.017307,שעשועים,0.012973,ליה,0.008294,אמן,0.005459,רוח,0.004548,חסד,0.003246,פדגוג,0.002932,יד,0.002568,ית,0.002338,רחמים,0.002149,דא,0.001825,חכמת,0.001809,שמע,0.001707,רוחי,0.001699,דוד,0.001611,עולם,0.001286,ידיד,0.001283,מכסה,0.001227,ביה,0.001217,ביד,0.000978,אהבה,0.000961,מים,0.000934,שעשועין,0.000911,חכמתא,0.000508,חכמים,0.000472,שמעת,0.000408,עבדי,0.000387,לאמון,0.000314,יתיר,0.000277,בידך,0.000251,לאמונה,0.000244,עבדך,0.000214,דודו,0.000151,פדגוגי,0.00014,דאתי,7.8e-05,פלגי,6.7e-05,מכסת,3.6e-05,אהיההתרגום,3.3e-05,מכסהו,2.5e-05,ביהו,1.3e-05,מכסתא,8e-06,רוחיהתרגום,3e-06,דאתיין,1e-06,אהיההאם,0.0,ביהוה,0.0,מכסהוהתרגום,0.0,ביהוד,0.0,רוחיהאם,0.0,מכסהוהאם,0.0,AUX,True,דאמר,אומר,False,False,False,True,True,True,False,,,,False,False
Midrash_Aggadic_Midrash_Midrash_Rabbah_Bereishit_Rabbah__1_1,bereishit_rabbah,21,אמון,6.5793,0.8372,0.0,0.3787,50,11,True,"{""רב"": 1, ""רבי"": 1, ""ליה"": 1, ""רבה"": 1, ""ר"": 1, ""קרא"": 1, ""דוד"": 1, ""לא"": 1, ""על"": 1, ""אמר"": 1, ""אמון"": 1, ""רבא"": 1, ""אמן"": 1, ""שמע"": 1, ""להו"": 1, ""להון"": 1, ""דא"": 1, ""שמעון"": 1, ""יי"": 1, ""ית"": 1, ""לון"": 1, ""אמרו"": 1, ""וגו"": 1, ""מאי"": 1, ""שמו"": 1, ""מכסה"": 1, ""לאו"": 1, ""עלמא"": 1, ""קדוש"": 1, ""ויתן"": 1, ""ליהון"": 1, ""יתיר"": 1, ""דאמרי"": 1, ""דודו"": 1, ""ייי"": 1, ""קדש"": 1, ""קדושין"": 1, ""יתירא"": 1, ""קדשא"": 1, ""לאוין"": 1, ""מכסת"": 1, ""מכסהו"": 1, ""שמות"": 1, ""שמוע"": 1, ""מכסתא"": 1, ""יתיראהתרגום"": 1, ""דודות"": 1, ""מכסהוהתרגום"": 1, ""יתיראהאם"": 1, ""מכסהוהאם"": 1}","{""רב"": [""רב""], ""רבי"": [""רבי""], ""ליה"": [""ליה""], ""רבה"": [""רבה""], ""ר"": [""ר""], ""קרא"": [""קרא""], ""דוד"": [""דוד""], ""לא"": [""לא""], ""על"": [""על""], ""אמר"": [""אמר""], ""אמון"": [""אמון""], ""רבא"": [""רבא""], ""אמן"": [""אמן""], ""שמע"": [""שמע""], ""להו"": [""להו""], ""להון"": [""להון""], ""דא"": [""דא""], ""שמעון"": [""שמעון""], ""יי"": [""יי""], ""ית"": [""ית""], ""לון"": [""לון""], ""אמרו"": [""אמרו""], ""וגו"": [""וגו""], ""מאי"": [""מאי""], ""שמו"": [""שמו""], ""מכסה"": [""מכסה""], ""לאו"": [""לאו""], ""עלמא"": [""עלמא""], ""קדוש"": [""קדוש""], ""ויתן"": [""ויתן""], ""ליהון"": [""ליהון""], ""יתיר"": [""יתיר""], ""דאמרי"": [""דאמרי""], ""דודו"": [""דודו""], ""ייי"": [""ייי""], ""קדש"": [""קדש""], ""קדושין"": [""קדושין""], ""יתירא"": [""יתירא""], ""קדשא"": [""קדשא""], ""לאוין"": [""לאוין""], ""מכסת"": [""מכסת""], ""מכסהו"": [""מכסהו""], ""שמות"": [""שמות""], ""שמוע"": [""שמוע""], ""מכסתא"": [""מכסתא""], ""יתיראהתרגום"": [""יתיראהתרגום""], ""דודות"": [""דודות""], ""מכסהוהתרגום"": [""מכסהוהתרגום""], ""יתיראהאם"": [""יתיראהאם""], ""מכסהוהאם"": [""מכסהוהאם""]}",רב,0.098328,רבי,0.094193,ליה,0.027973,רבה,0.024096,ר,0.014672,קרא,0.014062,דוד,0.01316,לא,0.012116,על,0.011929,אמר,0.011929,אמון,0.010457,רבא,0.007851,אמן,0.007415,שמע,0.005418,להו,0.004217,להון,0.002257,דא,0.002216,שמעון,0.00216,יי,0.002025,ית,0.001787,לון,0.00153,אמרו,0.001351,וגו,0.001258,מאי,0.001083,שמו,0.000971,מכסה,0.000848,לאו,0.000566,עלמא,0.000555,קדוש,0.000535,ויתן,0.000387,ליהון,0.00028,יתיר,0.000224,דאמרי,0.000197,דודו,0.000139,ייי,0.000136,קדש,0.000131,קדושין,9.7e-05,יתירא,7.1e-05,קדשא,1.5e-05,לאוין,1.5e-05,מכסת,1.4e-05,מכסהו,8e-06,שמות,5e-06,שמוע,4e-06,מכסתא,4e-06,יתיראהתרגום,0.0,דודות,0.0,מכסהוהתרגום,0.0,יתיראהאם,0.0,מכסהוהאם,0.0,ADV,False,אמון,אמון,True,False,True,True,True,True,True,30.0,18.0,12.0,False,True
Midrash_Aggadic_Midrash_Midrash_Rabbah_Bereishit_Rabbah__1_1,bereishit_rabbah,22,רבתא.,16.319,0.8108,0.5016,0.0747,50,-1,False,"{""אמון"": 1, ""על"": 1, ""דוד"": 1, ""מכסה"": 1, ""וגו"": 1, ""אמן"": 1, ""דר"": 1, ""יד"": 1, ""עלי"": 1, ""מים"": 1, ""שעשוע"": 1, ""חסד"": 1, ""נפש"": 1, ""עליון"": 1, ""חכם"": 1, ""ית"": 1, ""עתיד"": 1, ""נאמן"": 1, ""ידיד"": 1, ""נפשי"": 1, ""גלגל"": 1, ""ברכה"": 1, ""וית"": 1, ""שבע"": 1, ""ביה"": 1, ""עלמא"": 1, ""דרור"": 1, ""ויתן"": 1, ""גנזי"": 1, ""יתיר"": 1, ""ידידות"": 1, ""שבעת"": 1, ""דודו"": 1, ""עתידין"": 1, ""גלגלת"": 1, ""מכסף"": 1, ""ידידותא"": 1, ""יתירא"": 1, ""גלגלתא"": 1, ""חסדך"": 1, ""מכסההתרגום"": 1, ""ביהודה"": 1, ""גנזיי"": 1, ""דרורהתרגום"": 1, ""עלמאהתרגום"": 1, ""נפשיהתרגום"": 1, ""מכסההאם"": 1, ""דרורהאם"": 1, ""עלמאהאם"": 1, ""נפשיהאם"": 1}","{""אמון"": [""אמון""], ""על"": [""על""], ""דוד"": [""דוד""], ""מכסה"": [""מכסה""], ""וגו"": [""וגו""], ""אמן"": [""אמן""], ""דר"": [""דר""], ""יד"": [""יד""], ""עלי"": [""עלי""], ""מים"": [""מים""], ""שעשוע"": [""שעשוע""], ""חסד"": [""חסד""], ""נפש"": [""נפש""], ""עליון"": [""עליון""], ""חכם"": [""חכם""], ""ית"": [""ית""], ""עתיד"": [""עתיד""], ""נאמן"": [""נאמן""], ""ידיד"": [""ידיד""], ""נפשי"": [""נפשי""], ""גלגל"": [""גלגל""], ""ברכה"": [""ברכה""], ""וית"": [""וית""], ""שבע"": [""שבע""], ""ביה"": [""ביה""], ""עלמא"": [""עלמא""], ""דרור"": [""דרור""], ""ויתן"": [""ויתן""], ""גנזי"": [""גנזי""], ""יתיר"": [""יתיר""], ""ידידות"": [""ידידות""], ""שבעת"": [""שבעת""], ""דודו"": [""דודו""], ""עתידין"": [""עתידין""], ""גלגלת"": [""גלגלת""], ""מכסף"": [""מכסף""], ""ידידותא"": [""ידידותא""], ""יתירא"": [""יתירא""], ""גלגלתא"": [""גלגלתא""], ""חסדך"": [""חסדך""], ""מכסההתרגום"": [""מכסההתרגום""], ""ביהודה"": [""ביהודה""], ""גנזיי"": [""גנזיי""], ""דרורהתרגום"": [""דרורהתרגום""], ""עלמאהתרגום"": [""עלמאהתרגום""], ""נפשיהתרגום"": [""נפשיהתרגום""], ""מכסההאם"": [""מכסההאם""], ""דרורהאם"": [""דרורהאם""], ""עלמאהאם"": [""עלמאהאם""], ""נפשיהאם"": [""נפשיהאם""]}",אמון,0.017148,על,0.015253,דוד,0.004804,מכסה,0.003935,וגו,0.003114,אמן,0.002756,דר,0.002571,יד,0.002273,עלי,0.001886,מים,0.001855,שעשוע,0.001763,חסד,0.001581,נפש,0.001502,עליון,0.001424,חכם,0.001352,ית,0.001236,עתיד,0.000994,נאמן,0.00097,ידיד,0.000968,נפשי,0.000891,גלגל,0.000882,ברכה,0.000855,וית,0.000728,שבע,0.000633,ביה,0.000518,עלמא,0.000473,דרור,0.000416,ויתן,0.000333,גנזי,0.000307,יתיר,0.000262,ידידות,0.00021,שבעת,0.000195,דודו,0.000181,עתידין,0.000129,גלגלת,6.8e-05,מכסף,5.4e-05,ידידותא,5.2e-05,יתירא,5.1e-05,גלגלתא,4.8e-05,חסדך,2.8e-05,מכסההתרגום,1.7e-05,ביהודה,1.5e-05,גנזיי,5e-06,דרורהתרגום,3e-06,עלמאהתרגום,3e-06,נפשיהתרגום,2e-06,מכסההאם,0.0,דרורהאם,0.0,עלמאהאם,0.0,נפשיהאם,0.0,AUX,False,רבתא,רבתא,False,False,False,True,True,True,False,,,,False,False
Midrash_Aggadic_Midrash_Midrash_Rabbah_Bereishit_Rabbah__1_1,bereishit_rabbah,23,אמון,2.4478,0.3844,0.0,0.3457,50,1,True,"{""אמון"": 1, ""ואית"": 1, ""ואמר"": 1, ""וגו"": 1, ""אמן"": 1, ""רב"": 1, ""על"": 1, ""אמר"": 1, ""מכסה"": 1, ""פדגוג"": 1, ""רבי"": 1, ""רבת"": 1, ""רבא"": 1, ""רבתא"": 1, ""ואיתא"": 1, ""ואמון"": 1, ""שעשועים"": 1, ""דאמר"": 1, ""מאי"": 1, ""שמע"": 1, ""פירוש"": 1, ""אמרו"": 1, ""חביב"": 1, ""עת"": 1, ""עבד"": 1, ""עלמא"": 1, ""ואמונה"": 1, ""ואמרתי"": 1, ""עתיד"": 1, ""דאמרי"": 1, ""שמעתת"": 1, ""פדגוגא"": 1, ""שמעתתא"": 1, ""פירושו"": 1, ""עבדא"": 1, ""דאיהו"": 1, ""מכסת"": 1, ""עתידין"": 1, ""מכסתא"": 1, ""מכסהו"": 1, ""ואמרתיו"": 1, ""דאיהי"": 1, ""רבתאהתרגום"": 1, ""עלמאהתרגום"": 1, ""שמעתתאהתרגום"": 1, ""מכסתאהתרגום"": 1, ""רבתאהאם"": 1, ""עלמאהאם"": 1, ""שמעתתאהאם"": 1, ""מכסתאהאם"": 1}","{""אמון"": [""אמון""], ""ואית"": [""ואית""], ""ואמר"": [""ואמר""], ""וגו"": [""וגו""], ""אמן"": [""אמן""], ""רב"": [""רב""], ""על"": [""על""], ""אמר"": [""אמר""], ""מכסה"": [""מכסה""], ""פדגוג"": [""פדגוג""], ""רבי"": [""רבי""], ""רבת"": [""רבת""], ""רבא"": [""רבא""], ""רבתא"": [""רבתא""], ""ואיתא"": [""ואיתא""], ""ואמון"": [""ואמון""], ""שעשועים"": [""שעשועים""], ""דאמר"": [""דאמר""], ""מאי"": [""מאי""], ""שמע"": [""שמע""], ""פירוש"": [""פירוש""], ""אמרו"": [""אמרו""], ""חביב"": [""חביב""], ""עת"": [""עת""], ""עבד"": [""עבד""], ""עלמא"": [""עלמא""], ""ואמונה"": [""ואמונה""], ""ואמרתי"": [""ואמרתי""], ""עתיד"": [""עתיד""], ""דאמרי"": [""דאמרי""], ""שמעתת"": [""שמעתת""], ""פדגוגא"": [""פדגוגא""], ""שמעתתא"": [""שמעתתא""], ""פירושו"": [""פירושו""], ""עבדא"": [""עבדא""], ""דאיהו"": [""דאיהו""], ""מכסת"": [""מכסת""], ""עתידין"": [""עתידין""], ""מכסתא"": [""מכסתא""], ""מכסהו"": [""מכסהו""], ""ואמרתיו"": [""ואמרתיו""], ""דאיהי"": [""דאיהי""], ""רבתאהתרגום"": [""רבתאהתרגום""], ""עלמאהתרגום"": [""עלמאהתרגום""], ""שמעתתאהתרגום"": [""שמעתתאהתרגום""], ""מכסתאהתרגום"": [""מכסתאהתרגום""], ""רבתאהאם"": [""רבתאהאם""], ""עלמאהאם"": [""עלמאהאם""], ""שמעתתאהאם"": [""שמעתתאהאם""], ""מכסתאהאם"": [""מכסתאהאם""]}",אמון,0.183287,ואית,0.057767,ואמר,0.015793,וגו,0.01238,אמן,0.012279,רב,0.011796,על,0.011256,אמר,0.009479,מכסה,0.003648,פדגוג,0.002837,רבי,0.002619,רבת,0.002499,רבא,0.002433,רבתא,0.002199,ואיתא,0.001943,ואמון,0.00172,שעשועים,0.001503,דאמר,0.00135,מאי,0.001304,שמע,0.001095,פירוש,0.001021,אמרו,0.000819,חביב,0.000656,עת,0.000595,עבד,0.000534,עלמא,0.00051,ואמונה,0.000378,ואמרתי,0.000328,עתיד,0.000317,דאמרי,0.000255,שמעתת,0.000175,פדגוגא,0.00017,שמעתתא,0.000162,פירושו,0.000104,עבדא,0.000101,דאיהו,8.6e-05,מכסת,8.6e-05,עתידין,6.4e-05,מכסתא,6.1e-05,מכסהו,2.5e-05,ואמרתיו,2.5e-05,דאיהי,2.1e-05,רבתאהתרגום,1e-05,עלמאהתרגום,3e-06,שמעתתאהתרגום,1e-06,מכסתאהתרגום,0.0,רבתאהאם,0.0,עלמאהאם,0.0,שמעתתאהאם,0.0,מכסתאהאם,0.0,ADV,True,אמון,אמון,True,False,True,True,True,True,True,40.0,43.0,-3.0,True,False
Midrash_Aggadic_Midrash_Midrash_Rabbah_Bereishit_Rabbah__1_1,bereishit_rabbah,24,"פדגוג,",10.7544,0.894,0.716,0.3199,50,-1,False,"{""רב"": 1, ""רבא"": 1, ""רבתא"": 1, ""רבי"": 1, ""רבה"": 1, ""שבת"": 1, ""שעשועים"": 1, ""שבע"": 1, ""שלום"": 1, ""צדקה"": 1, ""שבתא"": 1, ""שלמה"": 1, ""שמיא"": 1, ""שמיה"": 1, ""קדוש"": 1, ""שבעת"": 1, ""צדק"": 1, ""צדיק"": 1, ""קדש"": 1, ""עלי"": 1, ""קדשא"": 1, ""שעשועין"": 1, ""סוד"": 1, ""עליון"": 1, ""תקיף"": 1, ""עתיד"": 1, ""רבתיה"": 1, ""קדושה"": 1, ""סגיא"": 1, ""שבתי"": 1, ""תרומה"": 1, ""רבהו"": 1, ""סגולה"": 1, ""עתידא"": 1, ""צדיקי"": 1, ""רבתיהו"": 1, ""סגיאת"": 1, ""סגיאתא"": 1, ""שמיההתרגום"": 1, ""שבתאהתרגום"": 1, ""שמיאהתרגום"": 1, ""שבתיו"": 1, ""קדושההתרגום"": 1, ""סגולההתרגום"": 1, ""עתידאהתרגום"": 1, ""סגיאתאהתרגום"": 1, ""שבתאהאם"": 1, ""קדושההאם"": 1, ""עתידאהאם"": 1, ""סגיאתאהאם"": 1}","{""רב"": [""רב""], ""רבא"": [""רבא""], ""רבתא"": [""רבתא""], ""רבי"": [""רבי""], ""רבה"": [""רבה""], ""שבת"": [""שבת""], ""שעשועים"": [""שעשועים""], ""שבע"": [""שבע""], ""שלום"": [""שלום""], ""צדקה"": [""צדקה""], ""שבתא"": [""שבתא""], ""שלמה"": [""שלמה""], ""שמיא"": [""שמיא""], ""שמיה"": [""שמיה""], ""קדוש"": [""קדוש""], ""שבעת"": [""שבעת""], ""צדק"": [""צדק""], ""צדיק"": [""צדיק""], ""קדש"": [""קדש""], ""עלי"": [""עלי""], ""קדשא"": [""קדשא""], ""שעשועין"": [""שעשועין""], ""סוד"": [""סוד""], ""עליון"": [""עליון""], ""תקיף"": [""תקיף""], ""עתיד"": [""עתיד""], ""רבתיה"": [""רבתיה""], ""קדושה"": [""קדושה""], ""סגיא"": [""סגיא""], ""שבתי"": [""שבתי""], ""תרומה"": [""תרומה""], ""רבהו"": [""רבהו""], ""סגולה"": [""סגולה""], ""עתידא"": [""עתידא""], ""צדיקי"": [""צדיקי""], ""רבתיהו"": [""רבתיהו""], ""סגיאת"": [""סגיאת""], ""סגיאתא"": [""סגיאתא""], ""שמיההתרגום"": [""שמיההתרגום""], ""שבתאהתרגום"": [""שבתאהתרגום""], ""שמיאהתרגום"": [""שמיאהתרגום""], ""שבתיו"": [""שבתיו""], ""קדושההתרגום"": [""קדושההתרגום""], ""סגולההתרגום"": [""סגולההתרגום""], ""עתידאהתרגום"": [""עתידאהתרגום""], ""סגיאתאהתרגום"": [""סגיאתאהתרגום""], ""שבתאהאם"": [""שבתאהאם""], ""קדושההאם"": [""קדושההאם""], ""עתידאהאם"": [""עתידאהאם""], ""סגיאתאהאם"": [""סגיאתאהאם""]}",רב,0.177829,רבא,0.046213,רבתא,0.021305,רבי,0.012422,רבה,0.011192,שבת,0.00629,שעשועים,0.006254,שבע,0.005165,שלום,0.004277,צדקה,0.003835,שבתא,0.002858,שלמה,0.002635,שמיא,0.002495,שמיה,0.002168,קדוש,0.001999,שבעת,0.001525,צדק,0.001503,צדיק,0.001265,קדש,0.001157,עלי,0.000949,קדשא,0.000797,שעשועין,0.000795,סוד,0.000768,עליון,0.000673,תקיף,0.000541,עתיד,0.000532,רבתיה,0.000517,קדושה,0.000399,סגיא,0.000366,שבתי,0.000349,תרומה,0.000204,רבהו,0.000176,סגולה,0.000123,עתידא,7.8e-05,צדיקי,6.2e-05,רבתיהו,6.1e-05,סגיאת,4.9e-05,סגיאתא,3.8e-05,שמיההתרגום,1.4e-05,שבתאהתרגום,1.3e-05,שמיאהתרגום,1.1e-05,שבתיו,5e-06,קדושההתרגום,2e-06,סגולההתרגום,1e-06,עתידאהתרגום,0.0,סגיאתאהתרגום,0.0,שבתאהאם,0.0,קדושההאם,0.0,עתידאהאם,0.0,סגיאתאהאם,0.0,ADV,True,פדגוג,פדגוג,True,False,True,True,True,True,True,15.0,4.0,11.0,False,True
Midrash_Aggadic_Midrash_Midrash_Rabbah_Bereishit_Rabbah__1_1,bereishit_rabbah,25,היך,17.7154,0.848,0.7883,0.5809,50,-1,False,"{""אמון"": 1, ""ואית"": 1, ""אמן"": 1, ""ואמר"": 1, ""וגו"": 1, ""רב"": 1, ""אמר"": 1, ""אית"": 1, ""מכסה"": 1, ""ואמון"": 1, ""רבת"": 1, ""רבתא"": 1, ""פדגוג"": 1, ""רבי"": 1, ""ואיתא"": 1, ""רבא"": 1, ""דא"": 1, ""אמרו"": 1, ""דאמר"": 1, ""שעשועים"": 1, ""מאי"": 1, ""שמע"": 1, ""פירוש"": 1, ""עת"": 1, ""ית"": 1, ""חסד"": 1, ""עלי"": 1, ""עתיד"": 1, ""איתא"": 1, ""עליון"": 1, ""ואמרתי"": 1, ""חסיד"": 1, ""שמעת"": 1, ""דאמרי"": 1, ""פדגוגי"": 1, ""ידיד"": 1, ""יתיר"": 1, ""שעשועי"": 1, ""חסידא"": 1, ""עתידין"": 1, ""פירושו"": 1, ""מכסת"": 1, ""דאמרו"": 1, ""חספא"": 1, ""מכסתא"": 1, ""ואמרתיו"": 1, ""רבתאהתרגום"": 1, ""רבתאהאם"": 1, ""מכסתאהתרגום"": 1, ""מכסתאהאם"": 1}","{""אמון"": [""אמון""], ""ואית"": [""ואית""], ""אמן"": [""אמן""], ""ואמר"": [""ואמר""], ""וגו"": [""וגו""], ""רב"": [""רב""], ""אמר"": [""אמר""], ""אית"": [""אית""], ""מכסה"": [""מכסה""], ""ואמון"": [""ואמון""], ""רבת"": [""רבת""], ""רבתא"": [""רבתא""], ""פדגוג"": [""פדגוג""], ""רבי"": [""רבי""], ""ואיתא"": [""ואיתא""], ""רבא"": [""רבא""], ""דא"": [""דא""], ""אמרו"": [""אמרו""], ""דאמר"": [""דאמר""], ""שעשועים"": [""שעשועים""], ""מאי"": [""מאי""], ""שמע"": [""שמע""], ""פירוש"": [""פירוש""], ""עת"": [""עת""], ""ית"": [""ית""], ""חסד"": [""חסד""], ""עלי"": [""עלי""], ""עתיד"": [""עתיד""], ""איתא"": [""איתא""], ""עליון"": [""עליון""], ""ואמרתי"": [""ואמרתי""], ""חסיד"": [""חסיד""], ""שמעת"": [""שמעת""], ""דאמרי"": [""דאמרי""], ""פדגוגי"": [""פדגוגי""], ""ידיד"": [""ידיד""], ""יתיר"": [""יתיר""], ""שעשועי"": [""שעשועי""], ""חסידא"": [""חסידא""], ""עתידין"": [""עתידין""], ""פירושו"": [""פירושו""], ""מכסת"": [""מכסת""], ""דאמרו"": [""דאמרו""], ""חספא"": [""חספא""], ""מכסתא"": [""מכסתא""], ""ואמרתיו"": [""ואמרתיו""], ""רבתאהתרגום"": [""רבתאהתרגום""], ""רבתאהאם"": [""רבתאהאם""], ""מכסתאהתרגום"": [""מכסתאהתרגום""], ""מכסתאהאם"": [""מכסתאהאם""]}",אמון,0.467708,ואית,0.028373,אמן,0.021875,ואמר,0.010276,וגו,0.009081,רב,0.006117,אמר,0.005398,אית,0.005071,מכסה,0.005067,ואמון,0.002645,רבת,0.002528,רבתא,0.002408,פדגוג,0.002172,רבי,0.002064,ואיתא,0.001354,רבא,0.001212,דא,0.000794,אמרו,0.000748,דאמר,0.000723,שעשועים,0.000695,מאי,0.000595,שמע,0.00057,פירוש,0.000468,עת,0.000393,ית,0.000367,חסד,0.000313,עלי,0.000283,עתיד,0.000248,איתא,0.00015,עליון,0.000148,ואמרתי,0.000128,חסיד,0.000126,שמעת,0.000124,דאמרי,0.000113,פדגוגי,0.000106,ידיד,8e-05,יתיר,6.8e-05,שעשועי,6.5e-05,חסידא,5.7e-05,עתידין,5.5e-05,פירושו,5.2e-05,מכסת,2.9e-05,דאמרו,2.3e-05,חספא,2.2e-05,מכסתא,2e-05,ואמרתיו,1.1e-05,רבתאהתרגום,1.1e-05,רבתאהאם,0.0,מכסתאהתרגום,0.0,מכסתאהאם,0.0,PROPN,False,היך,הי,False,False,False,True,True,True,False,,,,False,False
Midrash_Aggadic_Midrash_Midrash_Rabbah_Bereishit_Rabbah__1_1,bereishit_rabbah,26,מה,7.2955,0.8694,0.7703,0.1891,50,-1,False,"{""אמון"": 1, ""אמר"": 1, ""דאמר"": 1, ""פדגוג"": 1, ""דא"": 1, ""אמן"": 1, ""מכסה"": 1, ""היך"": 1, ""שמע"": 1, ""ית"": 1, ""הוי"": 1, ""רבת"": 1, ""רבי"": 1, ""רבתא"": 1, ""פלג"": 1, ""דאמרי"": 1, ""קא"": 1, ""מאי"": 1, ""אמרת"": 1, ""פדגוגא"": 1, ""שעשועים"": 1, ""נפק"": 1, ""פלגא"": 1, ""שמעתת"": 1, ""שמעתתא"": 1, ""דאמרו"": 1, ""קדיש"": 1, ""יתיר"": 1, ""אמרתא"": 1, ""קדישא"": 1, ""נפשי"": 1, ""ידעי"": 1, ""נפשא"": 1, ""קדמך"": 1, ""מכסא"": 1, ""הויי"": 1, ""יתירא"": 1, ""מכסהו"": 1, ""רבתאהתרגום"": 1, ""שמעתתאהתרגום"": 1, ""ידעיין"": 1, ""אמרתאהתרגום"": 1, ""נפשיהתרגום"": 1, ""יתיראהתרגום"": 1, ""רבתאהאם"": 1, ""מכסהוהתרגום"": 1, ""שמעתתאהאם"": 1, ""אמרתאהאם"": 1, ""יתיראהאם"": 1, ""מכסהוהאם"": 1}","{""אמון"": [""אמון""], ""אמר"": [""אמר""], ""דאמר"": [""דאמר""], ""פדגוג"": [""פדגוג""], ""דא"": [""דא""], ""אמן"": [""אמן""], ""מכסה"": [""מכסה""], ""היך"": [""היך""], ""שמע"": [""שמע""], ""ית"": [""ית""], ""הוי"": [""הוי""], ""רבת"": [""רבת""], ""רבי"": [""רבי""], ""רבתא"": [""רבתא""], ""פלג"": [""פלג""], ""דאמרי"": [""דאמרי""], ""קא"": [""קא""], ""מאי"": [""מאי""], ""אמרת"": [""אמרת""], ""פדגוגא"": [""פדגוגא""], ""שעשועים"": [""שעשועים""], ""נפק"": [""נפק""], ""פלגא"": [""פלגא""], ""שמעתת"": [""שמעתת""], ""שמעתתא"": [""שמעתתא""], ""דאמרו"": [""דאמרו""], ""קדיש"": [""קדיש""], ""יתיר"": [""יתיר""], ""אמרתא"": [""אמרתא""], ""קדישא"": [""קדישא""], ""נפשי"": [""נפשי""], ""ידעי"": [""ידעי""], ""נפשא"": [""נפשא""], ""קדמך"": [""קדמך""], ""מכסא"": [""מכסא""], ""הויי"": [""הויי""], ""יתירא"": [""יתירא""], ""מכסהו"": [""מכסהו""], ""רבתאהתרגום"": [""רבתאהתרגום""], ""שמעתתאהתרגום"": [""שמעתתאהתרגום""], ""ידעיין"": [""ידעיין""], ""אמרתאהתרגום"": [""אמרתאהתרגום""], ""נפשיהתרגום"": [""נפשיהתרגום""], ""יתיראהתרגום"": [""יתיראהתרגום""], ""רבתאהאם"": [""רבתאהאם""], ""מכסהוהתרגום"": [""מכסהוהתרגום""], ""שמעתתאהאם"": [""שמעתתאהאם""], ""אמרתאהאם"": [""אמרתאהאם""], ""יתיראהאם"": [""יתיראהאם""], ""מכסהוהאם"": [""מכסהוהאם""]}",אמון,0.069783,אמר,0.025976,דאמר,0.013429,פדגוג,0.009796,דא,0.008671,אמן,0.008599,מכסה,0.007703,היך,0.006817,שמע,0.004806,ית,0.004495,הוי,0.004135,רבת,0.002987,רבי,0.00272,רבתא,0.002603,פלג,0.002039,דאמרי,0.001868,קא,0.001773,מאי,0.001714,אמרת,0.001424,פדגוגא,0.001218,שעשועים,0.001196,נפק,0.00078,פלגא,0.000747,שמעתת,0.000704,שמעתתא,0.000624,דאמרו,0.000409,קדיש,0.000304,יתיר,0.000277,אמרתא,0.000261,קדישא,0.00024,נפשי,0.00022,ידעי,0.000197,נפשא,0.000149,קדמך,0.000124,מכסא,0.0001,הויי,8.3e-05,יתירא,4.9e-05,מכסהו,2.8e-05,רבתאהתרגום,7e-06,שמעתתאהתרגום,1e-06,ידעיין,1e-06,אמרתאהתרגום,1e-06,נפשיהתרגום,0.0,יתיראהתרגום,0.0,רבתאהאם,0.0,מכסהוהתרגום,0.0,שמעתתאהאם,0.0,אמרתאהאם,0.0,יתיראהאם,0.0,מכסהוהאם,0.0,PROPN,False,מה,מה,False,True,False,True,True,True,False,,,,False,False
Midrash_Aggadic_Midrash_Midrash_Rabbah_Bereishit_Rabbah__1_1,bereishit_rabbah,27,דאת,7.2401,0.7819,0.4864,0.2435,50,-1,False,"{""אמון"": 1, ""אמר"": 1, ""דכת"": 1, ""הוא"": 1, ""דכתיב"": 1, ""דאמר"": 1, ""אמן"": 1, ""היך"": 1, ""הוי"": 1, ""אמרת"": 1, ""שמע"": 1, ""עבד"": 1, ""רבת"": 1, ""רבי"": 1, ""רבתא"": 1, ""עב"": 1, ""מכסה"": 1, ""עביד"": 1, ""שעשועים"": 1, ""קא"": 1, ""שמעת"": 1, ""מים"": 1, ""דאמרת"": 1, ""שמעתא"": 1, ""עבדת"": 1, ""אמרתא"": 1, ""עבידת"": 1, ""קדוש"": 1, ""עבידתא"": 1, ""עבדתא"": 1, ""הויי"": 1, ""קדמך"": 1, ""קדמוהי"": 1, ""הואהתרגום"": 1, ""דאמרתא"": 1, ""מכסת"": 1, ""מכסתא"": 1, ""קדמוהו"": 1, ""רבתאהתרגום"": 1, ""מכסההתרגום"": 1, ""אמרתאהתרגום"": 1, ""עבידתאהתרגום"": 1, ""הואהאם"": 1, ""קדמוהיהתרגום"": 1, ""דאמרתאהתרגום"": 1, ""רבתאהאם"": 1, ""מכסההאם"": 1, ""אמרתאהאם"": 1, ""קדמוהיהאם"": 1, ""דאמרתאהאם"": 1}","{""אמון"": [""אמון""], ""אמר"": [""אמר""], ""דכת"": [""דכת""], ""הוא"": [""הוא""], ""דכתיב"": [""דכתיב""], ""דאמר"": [""דאמר""], ""אמן"": [""אמן""], ""היך"": [""היך""], ""הוי"": [""הוי""], ""אמרת"": [""אמרת""], ""שמע"": [""שמע""], ""עבד"": [""עבד""], ""רבת"": [""רבת""], ""רבי"": [""רבי""], ""רבתא"": [""רבתא""], ""עב"": [""עב""], ""מכסה"": [""מכסה""], ""עביד"": [""עביד""], ""שעשועים"": [""שעשועים""], ""קא"": [""קא""], ""שמעת"": [""שמעת""], ""מים"": [""מים""], ""דאמרת"": [""דאמרת""], ""שמעתא"": [""שמעתא""], ""עבדת"": [""עבדת""], ""אמרתא"": [""אמרתא""], ""עבידת"": [""עבידת""], ""קדוש"": [""קדוש""], ""עבידתא"": [""עבידתא""], ""עבדתא"": [""עבדתא""], ""הויי"": [""הויי""], ""קדמך"": [""קדמך""], ""קדמוהי"": [""קדמוהי""], ""הואהתרגום"": [""הואהתרגום""], ""דאמרתא"": [""דאמרתא""], ""מכסת"": [""מכסת""], ""מכסתא"": [""מכסתא""], ""קדמוהו"": [""קדמוהו""], ""רבתאהתרגום"": [""רבתאהתרגום""], ""מכסההתרגום"": [""מכסההתרגום""], ""אמרתאהתרגום"": [""אמרתאהתרגום""], ""עבידתאהתרגום"": [""עבידתאהתרגום""], ""הואהאם"": [""הואהאם""], ""קדמוהיהתרגום"": [""קדמוהיהתרגום""], ""דאמרתאהתרגום"": [""דאמרתאהתרגום""], ""רבתאהאם"": [""רבתאהאם""], ""מכסההאם"": [""מכסההאם""], ""אמרתאהאם"": [""אמרתאהאם""], ""קדמוהיהאם"": [""קדמוהיהאם""], ""דאמרתאהאם"": [""דאמרתאהאם""]}",אמון,0.062998,אמר,0.053206,דכת,0.018844,הוא,0.016742,דכתיב,0.01609,דאמר,0.012951,אמן,0.0126,היך,0.007314,הוי,0.006256,אמרת,0.005773,שמע,0.004186,עבד,0.003575,רבת,0.003341,רבי,0.003042,רבתא,0.00298,עב,0.002037,מכסה,0.001843,עביד,0.001653,שעשועים,0.001535,קא,0.001487,שמעת,0.001327,מים,0.000727,דאמרת,0.00062,שמעתא,0.000428,עבדת,0.000411,אמרתא,0.000407,עבידת,0.00029,קדוש,0.000262,עבידתא,0.000205,עבדתא,0.000111,הויי,7.5e-05,קדמך,5.2e-05,קדמוהי,3.8e-05,הואהתרגום,3.2e-05,דאמרתא,2.3e-05,מכסת,1.7e-05,מכסתא,1.1e-05,קדמוהו,1e-05,רבתאהתרגום,8e-06,מכסההתרגום,2e-06,אמרתאהתרגום,1e-06,עבידתאהתרגום,1e-06,הואהאם,0.0,קדמוהיהתרגום,0.0,דאמרתאהתרגום,0.0,רבתאהאם,0.0,מכסההאם,0.0,אמרתאהאם,0.0,קדמוהיהאם,0.0,דאמרתאהאם,0.0,ADV,True,דאת,דאת,True,False,True,True,True,True,True,29.0,31.0,-2.0,True,False
Midrash_Aggadic_Midrash_Midrash_Rabbah_Bereishit_Rabbah__1_1,bereishit_rabbah,28,אמר,2.1161,0.3101,0.0,0.4226,50,1,True,"{""אמר"": 1, ""אמרת"": 1, ""קא"": 1, ""אמון"": 1, ""אמן"": 1, ""שמע"": 1, ""דכת"": 1, ""קאמר"": 1, ""דכתיב"": 1, ""אשכח"": 1, ""דאמר"": 1, ""שמעת"": 1, ""יתיב"": 1, ""ית"": 1, ""אשכחן"": 1, ""קאמרת"": 1, ""אשכחת"": 1, ""אמרתא"": 1, ""מימר"": 1, ""ברא"": 1, ""מיכת"": 1, ""דאמרת"": 1, ""שרי"": 1, ""יתיר"": 1, ""אשכחתא"": 1, ""בקשו"": 1, ""יתיבת"": 1, ""מיכתב"": 1, ""בראת"": 1, ""קאמרי"": 1, ""יתירא"": 1, ""קאמרתא"": 1, ""מימרין"": 1, ""שריית"": 1, ""בראתא"": 1, ""דאמרתא"": 1, ""מיכתבנא"": 1, ""יתיבתא"": 1, ""אמרתאהתרגום"": 1, ""אשכחתאהתרגום"": 1, ""בקשוהתרגום"": 1, ""קאמרתאהתרגום"": 1, ""יתיראהתרגום"": 1, ""דאמרתאהתרגום"": 1, ""אמרתאהאם"": 1, ""אשכחתאהאם"": 1, ""בקשוהאם"": 1, ""קאמרתאהאם"": 1, ""יתיראהאם"": 1, ""דאמרתאהאם"": 1}","{""אמר"": [""אמר""], ""אמרת"": [""אמרת""], ""קא"": [""קא""], ""אמון"": [""אמון""], ""אמן"": [""אמן""], ""שמע"": [""שמע""], ""דכת"": [""דכת""], ""קאמר"": [""קאמר""], ""דכתיב"": [""דכתיב""], ""אשכח"": [""אשכח""], ""דאמר"": [""דאמר""], ""שמעת"": [""שמעת""], ""יתיב"": [""יתיב""], ""ית"": [""ית""], ""אשכחן"": [""אשכחן""], ""קאמרת"": [""קאמרת""], ""אשכחת"": [""אשכחת""], ""אמרתא"": [""אמרתא""], ""מימר"": [""מימר""], ""ברא"": [""ברא""], ""מיכת"": [""מיכת""], ""דאמרת"": [""דאמרת""], ""שרי"": [""שרי""], ""יתיר"": [""יתיר""], ""אשכחתא"": [""אשכחתא""], ""בקשו"": [""בקשו""], ""יתיבת"": [""יתיבת""], ""מיכתב"": [""מיכתב""], ""בראת"": [""בראת""], ""קאמרי"": [""קאמרי""], ""יתירא"": [""יתירא""], ""קאמרתא"": [""קאמרתא""], ""מימרין"": [""מימרין""], ""שריית"": [""שריית""], ""בראתא"": [""בראתא""], ""דאמרתא"": [""דאמרתא""], ""מיכתבנא"": [""מיכתבנא""], ""יתיבתא"": [""יתיבתא""], ""אמרתאהתרגום"": [""אמרתאהתרגום""], ""אשכחתאהתרגום"": [""אשכחתאהתרגום""], ""בקשוהתרגום"": [""בקשוהתרגום""], ""קאמרתאהתרגום"": [""קאמרתאהתרגום""], ""יתיראהתרגום"": [""יתיראהתרגום""], ""דאמרתאהתרגום"": [""דאמרתאהתרגום""], ""אמרתאהאם"": [""אמרתאהאם""], ""אשכחתאהאם"": [""אשכחתאהאם""], ""בקשוהאם"": [""בקשוהאם""], ""קאמרתאהאם"": [""קאמרתאהאם""], ""יתיראהאם"": [""יתיראהאם""], ""דאמרתאהאם"": [""דאמרתאהאם""]}",אמר,0.230676,אמרת,0.061761,קא,0.017296,אמון,0.016998,אמן,0.015969,שמע,0.010268,דכת,0.009319,קאמר,0.007919,דכתיב,0.007439,אשכח,0.007055,דאמר,0.005652,שמעת,0.005007,יתיב,0.004852,ית,0.00463,אשכחן,0.004285,קאמרת,0.003853,אשכחת,0.002446,אמרתא,0.001421,מימר,0.001298,ברא,0.00108,מיכת,0.00082,דאמרת,0.000462,שרי,0.000411,יתיר,0.000347,אשכחתא,0.000311,בקשו,0.000285,יתיבת,0.000243,מיכתב,0.000207,בראת,0.00012,קאמרי,5.3e-05,יתירא,5.1e-05,קאמרתא,4.9e-05,מימרין,1.6e-05,שריית,1.4e-05,בראתא,1.2e-05,דאמרתא,7e-06,מיכתבנא,3e-06,יתיבתא,2e-06,אמרתאהתרגום,2e-06,אשכחתאהתרגום,1e-06,בקשוהתרגום,0.0,קאמרתאהתרגום,0.0,יתיראהתרגום,0.0,דאמרתאהתרגום,0.0,אמרתאהאם,0.0,אשכחתאהאם,0.0,בקשוהאם,0.0,קאמרתאהאם,0.0,יתיראהאם,0.0,דאמרתאהאם,0.0,ADV,True,אמר,אמר,True,False,True,True,True,True,True,43.0,44.0,-1.0,True,False
Midrash_Aggadic_Midrash_Midrash_Rabbah_Bereishit_Rabbah__1_1,bereishit_rabbah,29,:,11.4105,1.137,1.0255,0.3742,50,-1,False,"{""אמון"": 1, ""אמר"": 1, ""על"": 1, ""ואהיה"": 1, ""רב"": 1, ""אמן"": 1, ""רבי"": 1, ""פדגוג"": 1, ""ר"": 1, ""מכסה"": 1, ""היך"": 1, ""וגו"": 1, ""שעשועים"": 1, ""ואמר"": 1, ""דא"": 1, ""דוד"": 1, ""הוי"": 1, ""שמע"": 1, ""יי"": 1, ""אמרת"": 1, ""ית"": 1, ""רבא"": 1, ""מאי"": 1, ""פלג"": 1, ""ואמון"": 1, ""פדגוגא"": 1, ""עלמא"": 1, ""ואמונה"": 1, ""שמעון"": 1, ""אמרתא"": 1, ""פלגא"": 1, ""דאמרי"": 1, ""ואמרתי"": 1, ""יתיר"": 1, ""דודא"": 1, ""שעשועי"": 1, ""מכסת"": 1, ""מכסתא"": 1, ""הויי"": 1, ""מכסההתרגום"": 1, ""ואמרתיו"": 1, ""ואמונהו"": 1, ""אמרתאהתרגום"": 1, ""דודאי"": 1, ""הוייו"": 1, ""מכסההאם"": 1, ""הויין"": 1, ""אמרתאהאם"": 1, ""דודאיה"": 1, ""הוייוו"": 1}","{""אמון"": [""אמון""], ""אמר"": [""אמר""], ""על"": [""על""], ""ואהיה"": [""ואהיה""], ""רב"": [""רב""], ""אמן"": [""אמן""], ""רבי"": [""רבי""], ""פדגוג"": [""פדגוג""], ""ר"": [""ר""], ""מכסה"": [""מכסה""], ""היך"": [""היך""], ""וגו"": [""וגו""], ""שעשועים"": [""שעשועים""], ""ואמר"": [""ואמר""], ""דא"": [""דא""], ""דוד"": [""דוד""], ""הוי"": [""הוי""], ""שמע"": [""שמע""], ""יי"": [""יי""], ""אמרת"": [""אמרת""], ""ית"": [""ית""], ""רבא"": [""רבא""], ""מאי"": [""מאי""], ""פלג"": [""פלג""], ""ואמון"": [""ואמון""], ""פדגוגא"": [""פדגוגא""], ""עלמא"": [""עלמא""], ""ואמונה"": [""ואמונה""], ""שמעון"": [""שמעון""], ""אמרתא"": [""אמרתא""], ""פלגא"": [""פלגא""], ""דאמרי"": [""דאמרי""], ""ואמרתי"": [""ואמרתי""], ""יתיר"": [""יתיר""], ""דודא"": [""דודא""], ""שעשועי"": [""שעשועי""], ""מכסת"": [""מכסת""], ""מכסתא"": [""מכסתא""], ""הויי"": [""הויי""], ""מכסההתרגום"": [""מכסההתרגום""], ""ואמרתיו"": [""ואמרתיו""], ""ואמונהו"": [""ואמונהו""], ""אמרתאהתרגום"": [""אמרתאהתרגום""], ""דודאי"": [""דודאי""], ""הוייו"": [""הוייו""], ""מכסההאם"": [""מכסההאם""], ""הויין"": [""הויין""], ""אמרתאהאם"": [""אמרתאהאם""], ""דודאיה"": [""דודאיה""], ""הוייוו"": [""הוייוו""]}",אמון,0.216859,אמר,0.020694,על,0.017979,ואהיה,0.017969,רב,0.017156,אמן,0.016208,רבי,0.015147,פדגוג,0.009854,ר,0.006414,מכסה,0.005877,היך,0.004326,וגו,0.003336,שעשועים,0.003,ואמר,0.002262,דא,0.002048,דוד,0.001836,הוי,0.001803,שמע,0.001684,יי,0.001543,אמרת,0.001439,ית,0.001165,רבא,0.001052,מאי,0.000928,פלג,0.00059,ואמון,0.000484,פדגוגא,0.000463,עלמא,0.000411,ואמונה,0.000332,שמעון,0.000286,אמרתא,0.000216,פלגא,0.000179,דאמרי,0.000161,ואמרתי,0.000131,יתיר,0.000126,דודא,9.6e-05,שעשועי,9.3e-05,מכסת,3.5e-05,מכסתא,2.2e-05,הויי,1.1e-05,מכסההתרגום,6e-06,ואמרתיו,4e-06,ואמונהו,2e-06,אמרתאהתרגום,0.0,דודאי,0.0,הוייו,0.0,מכסההאם,0.0,הויין,0.0,אמרתאהאם,0.0,דודאיה,0.0,הוייוו,0.0,X,False,,,False,False,False,False,True,True,False,,,,False,False
Midrash_Aggadic_Midrash_Midrash_Rabbah_Bereishit_Rabbah__1_1,bereishit_rabbah,30,כאשר,10.3529,0.9024,0.8459,0.3479,50,-1,False,"{""ואהיה"": 1, ""אמון"": 1, ""ואמר"": 1, ""כי"": 1, ""אמר"": 1, ""אמן"": 1, ""מה"": 1, ""וגו"": 1, ""שעשועים"": 1, ""מכסה"": 1, ""פדגוג"": 1, ""הושע"": 1, ""והיה"": 1, ""הושעיה"": 1, ""רבי"": 1, ""ויהי"": 1, ""דאמר"": 1, ""דא"": 1, ""היך"": 1, ""רבת"": 1, ""רבתא"": 1, ""שמע"": 1, ""אמרו"": 1, ""ואמרתי"": 1, ""כיון"": 1, ""מים"": 1, ""והיו"": 1, ""ית"": 1, ""פירוש"": 1, ""מהו"": 1, ""דאמרי"": 1, ""שעשועין"": 1, ""ידיד"": 1, ""פדגוגי"": 1, ""שמעת"": 1, ""ידעת"": 1, ""הושיעה"": 1, ""ואמרתיו"": 1, ""דאמרו"": 1, ""מכסת"": 1, ""פירושו"": 1, ""ידידות"": 1, ""מכסתא"": 1, ""ידידותא"": 1, ""ידעתה"": 1, ""וגוהתרגום"": 1, ""פדגוגיון"": 1, ""הושיעהו"": 1, ""ידעתהון"": 1, ""וגוהאם"": 1}","{""ואהיה"": [""ואהיה""], ""אמון"": [""אמון""], ""ואמר"": [""ואמר""], ""כי"": [""כי""], ""אמר"": [""אמר""], ""אמן"": [""אמן""], ""מה"": [""מה""], ""וגו"": [""וגו""], ""שעשועים"": [""שעשועים""], ""מכסה"": [""מכסה""], ""פדגוג"": [""פדגוג""], ""הושע"": [""הושע""], ""והיה"": [""והיה""], ""הושעיה"": [""הושעיה""], ""רבי"": [""רבי""], ""ויהי"": [""ויהי""], ""דאמר"": [""דאמר""], ""דא"": [""דא""], ""היך"": [""היך""], ""רבת"": [""רבת""], ""רבתא"": [""רבתא""], ""שמע"": [""שמע""], ""אמרו"": [""אמרו""], ""ואמרתי"": [""ואמרתי""], ""כיון"": [""כיון""], ""מים"": [""מים""], ""והיו"": [""והיו""], ""ית"": [""ית""], ""פירוש"": [""פירוש""], ""מהו"": [""מהו""], ""דאמרי"": [""דאמרי""], ""שעשועין"": [""שעשועין""], ""ידיד"": [""ידיד""], ""פדגוגי"": [""פדגוגי""], ""שמעת"": [""שמעת""], ""ידעת"": [""ידעת""], ""הושיעה"": [""הושיעה""], ""ואמרתיו"": [""ואמרתיו""], ""דאמרו"": [""דאמרו""], ""מכסת"": [""מכסת""], ""פירושו"": [""פירושו""], ""ידידות"": [""ידידות""], ""מכסתא"": [""מכסתא""], ""ידידותא"": [""ידידותא""], ""ידעתה"": [""ידעתה""], ""וגוהתרגום"": [""וגוהתרגום""], ""פדגוגיון"": [""פדגוגיון""], ""הושיעהו"": [""הושיעהו""], ""ידעתהון"": [""ידעתהון""], ""וגוהאם"": [""וגוהאם""]}",ואהיה,0.138444,אמון,0.092096,ואמר,0.012767,כי,0.012341,אמר,0.011414,אמן,0.010333,מה,0.009462,וגו,0.009258,שעשועים,0.006732,מכסה,0.006484,פדגוג,0.00587,הושע,0.005576,והיה,0.005139,הושעיה,0.004429,רבי,0.002764,ויהי,0.002562,דאמר,0.001473,דא,0.00126,היך,0.001121,רבת,0.000986,רבתא,0.000926,שמע,0.000844,אמרו,0.00084,ואמרתי,0.000799,כיון,0.000783,מים,0.000607,והיו,0.000533,ית,0.000436,פירוש,0.000305,מהו,0.000297,דאמרי,0.000209,שעשועין,0.000158,ידיד,0.000134,פדגוגי,0.000126,שמעת,9.8e-05,ידעת,9.2e-05,הושיעה,7.4e-05,ואמרתיו,3e-05,דאמרו,2.9e-05,מכסת,2.8e-05,פירושו,2.5e-05,ידידות,2.1e-05,מכסתא,1.7e-05,ידידותא,1.4e-05,ידעתה,6e-06,וגוהתרגום,4e-06,פדגוגיון,1e-06,הושיעהו,0.0,ידעתהון,0.0,וגוהאם,0.0,PROPN,True,כאשר,כאשר,False,True,False,True,True,True,False,,,,False,False
Midrash_Aggadic_Midrash_Midrash_Rabbah_Bereishit_Rabbah__1_1,bereishit_rabbah,31,ישא,10.6741,0.8279,0.3224,0.2344,50,-1,False,"{""אמר"": 1, ""אמון"": 1, ""עשה"": 1, ""יהיה"": 1, ""אני"": 1, ""אמן"": 1, ""שמע"": 1, ""צוה"": 1, ""יעשה"": 1, ""אמרתי"": 1, ""יתן"": 1, ""קרב"": 1, ""בחר"": 1, ""ה"": 1, ""ברא"": 1, ""הושע"": 1, ""דוד"": 1, ""צויתי"": 1, ""עשו"": 1, ""שמעת"": 1, ""דיבר"": 1, ""קדש"": 1, ""צוית"": 1, ""הושעיה"": 1, ""נא"": 1, ""שעשועים"": 1, ""קדמתי"": 1, ""בחרת"": 1, ""קדשנו"": 1, ""צויתיך"": 1, ""נגש"": 1, ""נגלה"": 1, ""בראתי"": 1, ""הושיע"": 1, ""דיברה"": 1, ""יהיהו"": 1, ""שמעתך"": 1, ""אמרתיו"": 1, ""קדמתיו"": 1, ""עשויה"": 1, ""הושעיהו"": 1, ""בחרתנו"": 1, ""בראתיו"": 1, ""הושיעך"": 1, ""דיברנו"": 1, ""נגשנו"": 1, ""עשויהו"": 1, ""דיברהו"": 1, ""דיברנוהתרגום"": 1, ""דיברנוהאם"": 1}","{""אמר"": [""אמר""], ""אמון"": [""אמון""], ""עשה"": [""עשה""], ""יהיה"": [""יהיה""], ""אני"": [""אני""], ""אמן"": [""אמן""], ""שמע"": [""שמע""], ""צוה"": [""צוה""], ""יעשה"": [""יעשה""], ""אמרתי"": [""אמרתי""], ""יתן"": [""יתן""], ""קרב"": [""קרב""], ""בחר"": [""בחר""], ""ה"": [""ה""], ""ברא"": [""ברא""], ""הושע"": [""הושע""], ""דוד"": [""דוד""], ""צויתי"": [""צויתי""], ""עשו"": [""עשו""], ""שמעת"": [""שמעת""], ""דיבר"": [""דיבר""], ""קדש"": [""קדש""], ""צוית"": [""צוית""], ""הושעיה"": [""הושעיה""], ""נא"": [""נא""], ""שעשועים"": [""שעשועים""], ""קדמתי"": [""קדמתי""], ""בחרת"": [""בחרת""], ""קדשנו"": [""קדשנו""], ""צויתיך"": [""צויתיך""], ""נגש"": [""נגש""], ""נגלה"": [""נגלה""], ""בראתי"": [""בראתי""], ""הושיע"": [""הושיע""], ""דיברה"": [""דיברה""], ""יהיהו"": [""יהיהו""], ""שמעתך"": [""שמעתך""], ""אמרתיו"": [""אמרתיו""], ""קדמתיו"": [""קדמתיו""], ""עשויה"": [""עשויה""], ""הושעיהו"": [""הושעיהו""], ""בחרתנו"": [""בחרתנו""], ""בראתיו"": [""בראתיו""], ""הושיעך"": [""הושיעך""], ""דיברנו"": [""דיברנו""], ""נגשנו"": [""נגשנו""], ""עשויהו"": [""עשויהו""], ""דיברהו"": [""דיברהו""], ""דיברנוהתרגום"": [""דיברנוהתרגום""], ""דיברנוהאם"": [""דיברנוהאם""]}",אמר,0.041138,אמון,0.034156,עשה,0.031737,יהיה,0.02344,אני,0.019432,אמן,0.017999,שמע,0.008896,צוה,0.007053,יעשה,0.006432,אמרתי,0.004804,יתן,0.004706,קרב,0.003338,בחר,0.002792,ה,0.00236,ברא,0.002315,הושע,0.002262,דוד,0.002209,צויתי,0.002148,עשו,0.001966,שמעת,0.00191,דיבר,0.001866,קדש,0.001772,צוית,0.001596,הושעיה,0.001396,נא,0.001393,שעשועים,0.000952,קדמתי,0.000786,בחרת,0.000631,קדשנו,0.000527,צויתיך,0.000507,נגש,0.000328,נגלה,0.000294,בראתי,0.000265,הושיע,0.000224,דיברה,0.000206,יהיהו,0.000142,שמעתך,0.00011,אמרתיו,0.000102,קדמתיו,4.7e-05,עשויה,3.3e-05,הושעיהו,2.4e-05,בחרתנו,2e-05,בראתיו,1.7e-05,הושיעך,8e-06,דיברנו,7e-06,נגשנו,3e-06,עשויהו,1e-06,דיברהו,1e-06,דיברנוהתרגום,0.0,דיברנוהאם,0.0,ADV,True,ישא,נישא,True,False,True,True,True,True,True,16.0,21.5,-5.5,True,False
Midrash_Aggadic_Midrash_Midrash_Rabbah_Bereishit_Rabbah__1_1,bereishit_rabbah,32,האמן,10.1972,0.8568,0.1978,0.4362,50,-1,False,"{""את"": 1, ""אל"": 1, ""ה"": 1, ""עיניו"": 1, ""יעקב"": 1, ""יוסף"": 1, ""חמור"": 1, ""אברהם"": 1, ""כל"": 1, ""עשו"": 1, ""העלם"": 1, ""גבר"": 1, ""העבד"": 1, ""הרוח"": 1, ""כלב"": 1, ""רוח"": 1, ""גוי"": 1, ""האחד"": 1, ""לבן"": 1, ""אלמנה"": 1, ""לבב"": 1, ""האל"": 1, ""לבי"": 1, ""רגע"": 1, ""לבבך"": 1, ""אמן"": 1, ""חוצ"": 1, ""יונה"": 1, ""לולי"": 1, ""ייי"": 1, ""עיניך"": 1, ""רוחי"": 1, ""חוצב"": 1, ""אתנו"": 1, ""חמורו"": 1, ""הרקיע"": 1, ""גברת"": 1, ""הרקח"": 1, ""האלף"": 1, ""לוליין"": 1, ""האחדון"": 1, ""רגעון"": 1, ""גברתא"": 1, ""יונהו"": 1, ""לביון"": 1, ""הרקחא"": 1, ""חמורוון"": 1, ""הרקחאנו"": 1, ""הרקחאנוו"": 1, ""הרקחאנווים"": 1}","{""את"": [""את""], ""אל"": [""אל""], ""ה"": [""ה""], ""עיניו"": [""עיניו""], ""יעקב"": [""יעקב""], ""יוסף"": [""יוסף""], ""חמור"": [""חמור""], ""אברהם"": [""אברהם""], ""כל"": [""כל""], ""עשו"": [""עשו""], ""העלם"": [""העלם""], ""גבר"": [""גבר""], ""העבד"": [""העבד""], ""הרוח"": [""הרוח""], ""כלב"": [""כלב""], ""רוח"": [""רוח""], ""גוי"": [""גוי""], ""האחד"": [""האחד""], ""לבן"": [""לבן""], ""אלמנה"": [""אלמנה""], ""לבב"": [""לבב""], ""האל"": [""האל""], ""לבי"": [""לבי""], ""רגע"": [""רגע""], ""לבבך"": [""לבבך""], ""אמן"": [""אמן""], ""חוצ"": [""חוצ""], ""יונה"": [""יונה""], ""לולי"": [""לולי""], ""ייי"": [""ייי""], ""עיניך"": [""עיניך""], ""רוחי"": [""רוחי""], ""חוצב"": [""חוצב""], ""אתנו"": [""אתנו""], ""חמורו"": [""חמורו""], ""הרקיע"": [""הרקיע""], ""גברת"": [""גברת""], ""הרקח"": [""הרקח""], ""האלף"": [""האלף""], ""לוליין"": [""לוליין""], ""האחדון"": [""האחדון""], ""רגעון"": [""רגעון""], ""גברתא"": [""גברתא""], ""יונהו"": [""יונהו""], ""לביון"": [""לביון""], ""הרקחא"": [""הרקחא""], ""חמורוון"": [""חמורוון""], ""הרקחאנו"": [""הרקחאנו""], ""הרקחאנוו"": [""הרקחאנוו""], ""הרקחאנווים"": [""הרקחאנווים""]}",את,0.065149,אל,0.049177,ה,0.037949,עיניו,0.03657,יעקב,0.025914,יוסף,0.020823,חמור,0.019605,אברהם,0.019561,כל,0.017263,עשו,0.016765,העלם,0.015818,גבר,0.01545,העבד,0.01332,הרוח,0.00877,כלב,0.008624,רוח,0.008347,גוי,0.006964,האחד,0.0061,לבן,0.006041,אלמנה,0.005252,לבב,0.004632,האל,0.004326,לבי,0.004103,רגע,0.003269,לבבך,0.00263,אמן,0.002552,חוצ,0.001911,יונה,0.001732,לולי,0.001632,ייי,0.001392,עיניך,0.00086,רוחי,0.000794,חוצב,0.000671,אתנו,0.000483,חמורו,0.00046,הרקיע,0.000412,גברת,0.00037,הרקח,0.000142,האלף,0.000109,לוליין,9.6e-05,האחדון,8.8e-05,רגעון,4.4e-05,גברתא,2.9e-05,יונהו,1.9e-05,לביון,1.9e-05,הרקחא,6e-06,חמורוון,1e-06,הרקחאנו,0.0,הרקחאנוו,0.0,הרקחאנווים,0.0,ADV,True,האמן,אומן,True,False,True,True,True,True,True,20.0,12.0,8.0,False,True
Midrash_Aggadic_Midrash_Midrash_Rabbah_Bereishit_Rabbah__1_1,bereishit_rabbah,33,את,0.7284,0.0905,0.0,0.6762,5,1,True,"{""את"": 1, ""אל"": 1, ""עיני"": 1, ""אלד"": 1, ""אלדד"": 1}","{""את"": [""את""], ""אל"": [""אל""], ""עיני"": [""עיני""], ""אלד"": [""אלד""], ""אלדד"": [""אלדד""]}",את,0.603574,אל,0.066669,עיני,0.00366,אלד,0.001291,אלדד,0.000967,,,,,,,,,,,,,,,,,,,,,,,,,,,,,,,,,,,,,,,,,,,,,,,,,,,,,,,,,,,,,,,,,,,,,,,,,,,,,,,,,,,,,,,,,,,PROPN,False,את,את,False,True,False,True,True,True,False,,,,False,False
Midrash_Aggadic_Midrash_Midrash_Rabbah_Bereishit_Rabbah__1_1,bereishit_rabbah,34,הינק.,14.3369,0.8276,0.4798,0.3463,50,-1,False,"{""הילד"": 1, ""הנער"": 1, ""בן"": 1, ""בנו"": 1, ""בני"": 1, ""העלם"": 1, ""הקטן"": 1, ""הבן"": 1, ""ילדיו"": 1, ""העם"": 1, ""עשו"": 1, ""אשת"": 1, ""האשה"": 1, ""עבדו"": 1, ""החמור"": 1, ""האמת"": 1, ""בניו"": 1, ""אשתו"": 1, ""הים"": 1, ""הנביא"": 1, ""הבהמה"": 1, ""הרעה"": 1, ""ירושלים"": 1, ""המן"": 1, ""עבדיו"": 1, ""הבת"": 1, ""ילדו"": 1, ""ירמיה"": 1, ""אמו"": 1, ""הילדות"": 1, ""הרשע"": 1, ""הנביאים"": 1, ""הבתולה"": 1, ""המאמינה"": 1, ""ירמיהו"": 1, ""החזק"": 1, ""המאמינים"": 1, ""המאמינהו"": 1, ""הקורא"": 1, ""הבהמות"": 1, ""הנערו"": 1, ""בנות"": 1, ""החזקה"": 1, ""ירמוך"": 1, ""בנותיו"": 1, ""הרעהו"": 1, ""הילדותיו"": 1, ""האמתהתרגום"": 1, ""הנערוים"": 1, ""האמתהאם"": 1}","{""הילד"": [""הילד""], ""הנער"": [""הנער""], ""בן"": [""בן""], ""בנו"": [""בנו""], ""בני"": [""בני""], ""העלם"": [""העלם""], ""הקטן"": [""הקטן""], ""הבן"": [""הבן""], ""ילדיו"": [""ילדיו""], ""העם"": [""העם""], ""עשו"": [""עשו""], ""אשת"": [""אשת""], ""האשה"": [""האשה""], ""עבדו"": [""עבדו""], ""החמור"": [""החמור""], ""האמת"": [""האמת""], ""בניו"": [""בניו""], ""אשתו"": [""אשתו""], ""הים"": [""הים""], ""הנביא"": [""הנביא""], ""הבהמה"": [""הבהמה""], ""הרעה"": [""הרעה""], ""ירושלים"": [""ירושלים""], ""המן"": [""המן""], ""עבדיו"": [""עבדיו""], ""הבת"": [""הבת""], ""ילדו"": [""ילדו""], ""ירמיה"": [""ירמיה""], ""אמו"": [""אמו""], ""הילדות"": [""הילדות""], ""הרשע"": [""הרשע""], ""הנביאים"": [""הנביאים""], ""הבתולה"": [""הבתולה""], ""המאמינה"": [""המאמינה""], ""ירמיהו"": [""ירמיהו""], ""החזק"": [""החזק""], ""המאמינים"": [""המאמינים""], ""המאמינהו"": [""המאמינהו""], ""הקורא"": [""הקורא""], ""הבהמות"": [""הבהמות""], ""הנערו"": [""הנערו""], ""בנות"": [""בנות""], ""החזקה"": [""החזקה""], ""ירמוך"": [""ירמוך""], ""בנותיו"": [""בנותיו""], ""הרעהו"": [""הרעהו""], ""הילדותיו"": [""הילדותיו""], ""האמתהתרגום"": [""האמתהתרגום""], ""הנערוים"": [""הנערוים""], ""האמתהאם"": [""האמתהאם""]}",הילד,0.040448,הנער,0.033437,בן,0.025312,בנו,0.023752,בני,0.017396,העלם,0.016938,הקטן,0.016518,הבן,0.015869,ילדיו,0.013517,העם,0.012786,עשו,0.011845,אשת,0.011357,האשה,0.009599,עבדו,0.009313,החמור,0.00919,האמת,0.008605,בניו,0.008348,אשתו,0.006786,הים,0.006633,הנביא,0.006482,הבהמה,0.006273,הרעה,0.00347,ירושלים,0.002989,המן,0.002845,עבדיו,0.00284,הבת,0.002631,ילדו,0.00258,ירמיה,0.002404,אמו,0.002134,הילדות,0.002008,הרשע,0.001983,הנביאים,0.001735,הבתולה,0.001729,המאמינה,0.001543,ירמיהו,0.001279,החזק,0.001198,המאמינים,0.000614,המאמינהו,0.000512,הקורא,0.000321,הבהמות,0.000307,הנערו,0.000183,בנות,0.000181,החזקה,0.000165,ירמוך,0.000107,בנותיו,6.7e-05,הרעהו,5e-05,הילדותיו,3e-05,האמתהתרגום,2.7e-05,הנערוים,2e-06,האמתהאם,0.0,ADV,True,הינק,ינקי,True,False,True,True,True,True,True,9.0,23.0,-14.0,True,False
Midrash_Aggadic_Midrash_Midrash_Rabbah_Bereishit_Rabbah__1_1,bereishit_rabbah,35,אמון,8.8154,0.8737,0.0,0.4782,50,17,True,"{""כן"": 1, ""וגו"": 1, ""ואת"": 1, ""כך"": 1, ""ביום"": 1, ""עד"": 1, ""כאשר"": 1, ""כי"": 1, ""אשר"": 1, ""על"": 1, ""אל"": 1, ""אמן"": 1, ""ביד"": 1, ""בזרעו"": 1, ""היך"": 1, ""ואמר"": 1, ""אמון"": 1, ""בזרוע"": 1, ""הין"": 1, ""כיון"": 1, ""רוח"": 1, ""שבע"": 1, ""ואומר"": 1, ""והיה"": 1, ""רבת"": 1, ""ינק"": 1, ""רבתא"": 1, ""שעשוע"": 1, ""ואתה"": 1, ""בזרועו"": 1, ""יונק"": 1, ""והאמון"": 1, ""ינקו"": 1, ""רוחי"": 1, ""והאמור"": 1, ""ואמרתי"": 1, ""ואומרת"": 1, ""עדיו"": 1, ""וגוהתרגום"": 1, ""ותלד"": 1, ""אלמד"": 1, ""בזרעוהתרגום"": 1, ""והאמורא"": 1, ""ואתהון"": 1, ""אלמדך"": 1, ""יונקיו"": 1, ""ואמרתיו"": 1, ""ואומרתך"": 1, ""וגוהאם"": 1, ""בזרעוהאם"": 1}","{""כן"": [""כן""], ""וגו"": [""וגו""], ""ואת"": [""ואת""], ""כך"": [""כך""], ""ביום"": [""ביום""], ""עד"": [""עד""], ""כאשר"": [""כאשר""], ""כי"": [""כי""], ""אשר"": [""אשר""], ""על"": [""על""], ""אל"": [""אל""], ""אמן"": [""אמן""], ""ביד"": [""ביד""], ""בזרעו"": [""בזרעו""], ""היך"": [""היך""], ""ואמר"": [""ואמר""], ""אמון"": [""אמון""], ""בזרוע"": [""בזרוע""], ""הין"": [""הין""], ""כיון"": [""כיון""], ""רוח"": [""רוח""], ""שבע"": [""שבע""], ""ואומר"": [""ואומר""], ""והיה"": [""והיה""], ""רבת"": [""רבת""], ""ינק"": [""ינק""], ""רבתא"": [""רבתא""], ""שעשוע"": [""שעשוע""], ""ואתה"": [""ואתה""], ""בזרועו"": [""בזרועו""], ""יונק"": [""יונק""], ""והאמון"": [""והאמון""], ""ינקו"": [""ינקו""], ""רוחי"": [""רוחי""], ""והאמור"": [""והאמור""], ""ואמרתי"": [""ואמרתי""], ""ואומרת"": [""ואומרת""], ""עדיו"": [""עדיו""], ""וגוהתרגום"": [""וגוהתרגום""], ""ותלד"": [""ותלד""], ""אלמד"": [""אלמד""], ""בזרעוהתרגום"": [""בזרעוהתרגום""], ""והאמורא"": [""והאמורא""], ""ואתהון"": [""ואתהון""], ""אלמדך"": [""אלמדך""], ""יונקיו"": [""יונקיו""], ""ואמרתיו"": [""ואמרתיו""], ""ואומרתך"": [""ואומרתך""], ""וגוהאם"": [""וגוהאם""], ""בזרעוהאם"": [""בזרעוהאם""]}",כן,0.138796,וגו,0.058957,ואת,0.04577,כך,0.031457,ביום,0.028642,עד,0.02649,כאשר,0.022658,כי,0.022307,אשר,0.02162,על,0.01632,אל,0.015818,אמן,0.013386,ביד,0.005741,בזרעו,0.005256,היך,0.003096,ואמר,0.002901,אמון,0.00222,בזרוע,0.002058,הין,0.001937,כיון,0.001588,רוח,0.001231,שבע,0.001176,ואומר,0.001172,והיה,0.001108,רבת,0.001086,ינק,0.001005,רבתא,0.000988,שעשוע,0.000884,ואתה,0.000817,בזרועו,0.000563,יונק,0.000536,והאמון,0.000182,ינקו,0.000122,רוחי,7.6e-05,והאמור,5.7e-05,ואמרתי,4.5e-05,ואומרת,4.2e-05,עדיו,3.3e-05,וגוהתרגום,2e-05,ותלד,1.8e-05,אלמד,1.7e-05,בזרעוהתרגום,5e-06,והאמורא,4e-06,ואתהון,4e-06,אלמדך,4e-06,יונקיו,3e-06,ואמרתיו,2e-06,ואומרתך,1e-06,וגוהאם,0.0,בזרעוהאם,0.0,ADV,False,אמון,אמון,True,False,True,True,True,True,True,24.0,10.0,14.0,False,True
Midrash_Aggadic_Midrash_Midrash_Rabbah_Bereishit_Rabbah__1_1,bereishit_rabbah,36,"מכסה,",2.3696,0.3962,0.0,0.372,50,1,True,"{""מכסה"": 1, ""פדגוג"": 1, ""מצנע"": 1, ""רבת"": 1, ""רבתא"": 1, ""אמון"": 1, ""אמן"": 1, ""שעשוע"": 1, ""שעשועים"": 1, ""רוח"": 1, ""עבד"": 1, ""נפש"": 1, ""חסד"": 1, ""דא"": 1, ""דכת"": 1, ""היך"": 1, ""דכתיב"": 1, ""מים"": 1, ""עת"": 1, ""יד"": 1, ""ברכה"": 1, ""ביד"": 1, ""נביא"": 1, ""ית"": 1, ""מצנא"": 1, ""נפשי"": 1, ""חסיד"": 1, ""עתיד"": 1, ""היכן"": 1, ""שבע"": 1, ""עבדא"": 1, ""היכא"": 1, ""רוחא"": 1, ""ידיד"": 1, ""מכסא"": 1, ""פדגוס"": 1, ""שבעת"": 1, ""חסידא"": 1, ""נביאים"": 1, ""חסדו"": 1, ""דאמרי"": 1, ""יתיר"": 1, ""ידידות"": 1, ""עתידין"": 1, ""בידך"": 1, ""ידידותא"": 1, ""יתירא"": 1, ""שבעתים"": 1, ""פדגוסי"": 1, ""יתיראהתרגום"": 1}","{""מכסה"": [""מכסה""], ""פדגוג"": [""פדגוג""], ""מצנע"": [""מצנע""], ""רבת"": [""רבת""], ""רבתא"": [""רבתא""], ""אמון"": [""אמון""], ""אמן"": [""אמן""], ""שעשוע"": [""שעשוע""], ""שעשועים"": [""שעשועים""], ""רוח"": [""רוח""], ""עבד"": [""עבד""], ""נפש"": [""נפש""], ""חסד"": [""חסד""], ""דא"": [""דא""], ""דכת"": [""דכת""], ""היך"": [""היך""], ""דכתיב"": [""דכתיב""], ""מים"": [""מים""], ""עת"": [""עת""], ""יד"": [""יד""], ""ברכה"": [""ברכה""], ""ביד"": [""ביד""], ""נביא"": [""נביא""], ""ית"": [""ית""], ""מצנא"": [""מצנא""], ""נפשי"": [""נפשי""], ""חסיד"": [""חסיד""], ""עתיד"": [""עתיד""], ""היכן"": [""היכן""], ""שבע"": [""שבע""], ""עבדא"": [""עבדא""], ""היכא"": [""היכא""], ""רוחא"": [""רוחא""], ""ידיד"": [""ידיד""], ""מכסא"": [""מכסא""], ""פדגוס"": [""פדגוס""], ""שבעת"": [""שבעת""], ""חסידא"": [""חסידא""], ""נביאים"": [""נביאים""], ""חסדו"": [""חסדו""], ""דאמרי"": [""דאמרי""], ""יתיר"": [""יתיר""], ""ידידות"": [""ידידות""], ""עתידין"": [""עתידין""], ""בידך"": [""בידך""], ""ידידותא"": [""ידידותא""], ""יתירא"": [""יתירא""], ""שבעתים"": [""שבעתים""], ""פדגוסי"": [""פדגוסי""], ""יתיראהתרגום"": [""יתיראהתרגום""]}",מכסה,0.193505,פדגוג,0.059176,מצנע,0.037693,רבת,0.019195,רבתא,0.018908,אמון,0.007624,אמן,0.005937,שעשוע,0.003453,שעשועים,0.003091,רוח,0.00212,עבד,0.001775,נפש,0.001709,חסד,0.001642,דא,0.001585,דכת,0.001489,היך,0.001482,דכתיב,0.001245,מים,0.001177,עת,0.000839,יד,0.0008,ברכה,0.000675,ביד,0.000644,נביא,0.000619,ית,0.000613,מצנא,0.000538,נפשי,0.000494,חסיד,0.000474,עתיד,0.000414,היכן,0.000408,שבע,0.000383,עבדא,0.000366,היכא,0.000344,רוחא,0.000333,ידיד,0.000257,מכסא,0.000249,פדגוס,0.000177,שבעת,9.9e-05,חסידא,7.7e-05,נביאים,7.5e-05,חסדו,7.4e-05,דאמרי,7.2e-05,יתיר,6.7e-05,ידידות,4.1e-05,עתידין,3.1e-05,בידך,2.6e-05,ידידותא,2.3e-05,יתירא,1.6e-05,שבעתים,1e-05,פדגוסי,5e-06,יתיראהתרגום,0.0,ADV,True,מכסה,כיסה,True,False,True,True,True,True,True,41.0,42.0,-1.0,True,False
Midrash_Aggadic_Midrash_Midrash_Rabbah_Bereishit_Rabbah__1_1,bereishit_rabbah,37,היאך,11.0821,0.8504,0.7129,0.5029,50,-1,False,"{""אמון"": 1, ""היך"": 1, ""מה"": 1, ""ואית"": 1, ""את"": 1, ""וגו"": 1, ""פדגוג"": 1, ""אמן"": 1, ""מכסה"": 1, ""לא"": 1, ""על"": 1, ""אשר"": 1, ""היכן"": 1, ""ואמר"": 1, ""פירוש"": 1, ""דכת"": 1, ""דכתיב"": 1, ""דאמר"": 1, ""היכא"": 1, ""מהו"": 1, ""רבי"": 1, ""רבת"": 1, ""מים"": 1, ""רבתא"": 1, ""ואמון"": 1, ""שמע"": 1, ""פירושו"": 1, ""שבע"": 1, ""ואיתא"": 1, ""לאמר"": 1, ""מכסת"": 1, ""מכסהו"": 1, ""שבעת"": 1, ""שמעת"": 1, ""מכסתא"": 1, ""אתו"": 1, ""פדגוגי"": 1, ""עליה"": 1, ""דאמרו"": 1, ""ואמרתי"": 1, ""שמעתת"": 1, ""שמעתתא"": 1, ""שבעתים"": 1, ""עליהון"": 1, ""ואמרתיו"": 1, ""לאמרנו"": 1, ""פדגוגיון"": 1, ""אתוון"": 1, ""לאמרנוו"": 1, ""לאמרנוול"": 1}","{""אמון"": [""אמון""], ""היך"": [""היך""], ""מה"": [""מה""], ""ואית"": [""ואית""], ""את"": [""את""], ""וגו"": [""וגו""], ""פדגוג"": [""פדגוג""], ""אמן"": [""אמן""], ""מכסה"": [""מכסה""], ""לא"": [""לא""], ""על"": [""על""], ""אשר"": [""אשר""], ""היכן"": [""היכן""], ""ואמר"": [""ואמר""], ""פירוש"": [""פירוש""], ""דכת"": [""דכת""], ""דכתיב"": [""דכתיב""], ""דאמר"": [""דאמר""], ""היכא"": [""היכא""], ""מהו"": [""מהו""], ""רבי"": [""רבי""], ""רבת"": [""רבת""], ""מים"": [""מים""], ""רבתא"": [""רבתא""], ""ואמון"": [""ואמון""], ""שמע"": [""שמע""], ""פירושו"": [""פירושו""], ""שבע"": [""שבע""], ""ואיתא"": [""ואיתא""], ""לאמר"": [""לאמר""], ""מכסת"": [""מכסת""], ""מכסהו"": [""מכסהו""], ""שבעת"": [""שבעת""], ""שמעת"": [""שמעת""], ""מכסתא"": [""מכסתא""], ""אתו"": [""אתו""], ""פדגוגי"": [""פדגוגי""], ""עליה"": [""עליה""], ""דאמרו"": [""דאמרו""], ""ואמרתי"": [""ואמרתי""], ""שמעתת"": [""שמעתת""], ""שמעתתא"": [""שמעתתא""], ""שבעתים"": [""שבעתים""], ""עליהון"": [""עליהון""], ""ואמרתיו"": [""ואמרתיו""], ""לאמרנו"": [""לאמרנו""], ""פדגוגיון"": [""פדגוגיון""], ""אתוון"": [""אתוון""], ""לאמרנוו"": [""לאמרנוו""], ""לאמרנוול"": [""לאמרנוול""]}",אמון,0.233239,היך,0.099424,מה,0.035229,ואית,0.018371,את,0.015879,וגו,0.012443,פדגוג,0.009989,אמן,0.009933,מכסה,0.009727,לא,0.009631,על,0.0085,אשר,0.007861,היכן,0.00448,ואמר,0.003851,פירוש,0.003683,דכת,0.003101,דכתיב,0.002212,דאמר,0.002034,היכא,0.001674,מהו,0.001616,רבי,0.001335,רבת,0.001254,מים,0.001222,רבתא,0.001184,ואמון,0.001031,שמע,0.000844,פירושו,0.000551,שבע,0.000488,ואיתא,0.000487,לאמר,0.000465,מכסת,0.000193,מכסהו,0.000184,שבעת,0.000168,שמעת,0.000167,מכסתא,8.6e-05,אתו,8.5e-05,פדגוגי,5.6e-05,עליה,4.8e-05,דאמרו,4.4e-05,ואמרתי,4.2e-05,שמעתת,3.3e-05,שמעתתא,3e-05,שבעתים,1.2e-05,עליהון,8e-06,ואמרתיו,2e-06,לאמרנו,2e-06,פדגוגיון,0.0,אתוון,0.0,לאמרנוו,0.0,לאמרנוול,0.0,PROPN,False,היאך,היאך,False,False,False,True,True,True,False,,,,False,False
Midrash_Aggadic_Midrash_Midrash_Rabbah_Bereishit_Rabbah__1_1,bereishit_rabbah,38,מה,5.2181,0.8235,0.0,0.5362,50,8,True,"{""אמר"": 1, ""דאת"": 1, ""את"": 1, ""דכת"": 1, ""הוא"": 1, ""דכתיב"": 1, ""אמרת"": 1, ""מה"": 1, ""יש"": 1, ""ישא"": 1, ""אתה"": 1, ""מכסה"": 1, ""אמן"": 1, ""אמון"": 1, ""היך"": 1, ""הוי"": 1, ""נאמר"": 1, ""שמע"": 1, ""יכס"": 1, ""עשה"": 1, ""עבד"": 1, ""יתן"": 1, ""יכסה"": 1, ""אתמר"": 1, ""שמעת"": 1, ""מכסין"": 1, ""נא"": 1, ""דאתמר"": 1, ""אמרתא"": 1, ""נאמרת"": 1, ""שפתי"": 1, ""מהו"": 1, ""הואיל"": 1, ""מכסהו"": 1, ""נאכל"": 1, ""שמעתא"": 1, ""הויי"": 1, ""ישאנו"": 1, ""יכסהו"": 1, ""שפתיו"": 1, ""אתמרת"": 1, ""הואילו"": 1, ""נאכלת"": 1, ""אתמרתא"": 1, ""נאמרתא"": 1, ""מהוות"": 1, ""נאכלתא"": 1, ""מהוותא"": 1, ""נאמרתאך"": 1, ""מהוותאך"": 1}","{""אמר"": [""אמר""], ""דאת"": [""דאת""], ""את"": [""את""], ""דכת"": [""דכת""], ""הוא"": [""הוא""], ""דכתיב"": [""דכתיב""], ""אמרת"": [""אמרת""], ""מה"": [""מה""], ""יש"": [""יש""], ""ישא"": [""ישא""], ""אתה"": [""אתה""], ""מכסה"": [""מכסה""], ""אמן"": [""אמן""], ""אמון"": [""אמון""], ""היך"": [""היך""], ""הוי"": [""הוי""], ""נאמר"": [""נאמר""], ""שמע"": [""שמע""], ""יכס"": [""יכס""], ""עשה"": [""עשה""], ""עבד"": [""עבד""], ""יתן"": [""יתן""], ""יכסה"": [""יכסה""], ""אתמר"": [""אתמר""], ""שמעת"": [""שמעת""], ""מכסין"": [""מכסין""], ""נא"": [""נא""], ""דאתמר"": [""דאתמר""], ""אמרתא"": [""אמרתא""], ""נאמרת"": [""נאמרת""], ""שפתי"": [""שפתי""], ""מהו"": [""מהו""], ""הואיל"": [""הואיל""], ""מכסהו"": [""מכסהו""], ""נאכל"": [""נאכל""], ""שמעתא"": [""שמעתא""], ""הויי"": [""הויי""], ""ישאנו"": [""ישאנו""], ""יכסהו"": [""יכסהו""], ""שפתיו"": [""שפתיו""], ""אתמרת"": [""אתמרת""], ""הואילו"": [""הואילו""], ""נאכלת"": [""נאכלת""], ""אתמרתא"": [""אתמרתא""], ""נאמרתא"": [""נאמרתא""], ""מהוות"": [""מהוות""], ""נאכלתא"": [""נאכלתא""], ""מהוותא"": [""מהוותא""], ""נאמרתאך"": [""נאמרתאך""], ""מהוותאך"": [""מהוותאך""]}",אמר,0.134316,דאת,0.090573,את,0.040329,דכת,0.034378,הוא,0.02997,דכתיב,0.028147,אמרת,0.02767,מה,0.026865,יש,0.022272,ישא,0.018003,אתה,0.016551,מכסה,0.014159,אמן,0.013783,אמון,0.009773,היך,0.008465,הוי,0.004062,נאמר,0.002283,שמע,0.002183,יכס,0.002162,עשה,0.001857,עבד,0.001613,יתן,0.00144,יכסה,0.001356,אתמר,0.000988,שמעת,0.000586,מכסין,0.000558,נא,0.000478,דאתמר,0.000388,אמרתא,0.000354,נאמרת,0.00015,שפתי,9.4e-05,מהו,9e-05,הואיל,8.3e-05,מכסהו,7.6e-05,נאכל,5.2e-05,שמעתא,4.7e-05,הויי,3.4e-05,ישאנו,2.2e-05,יכסהו,1.5e-05,שפתיו,9e-06,אתמרת,5e-06,הואילו,3e-06,נאכלת,3e-06,אתמרתא,1e-06,נאמרתא,0.0,מהוות,0.0,נאכלתא,0.0,מהוותא,0.0,נאמרתאך,0.0,מהוותאך,0.0,PROPN,False,מה,מה,False,True,False,True,True,True,False,,,,False,False
Midrash_Aggadic_Midrash_Midrash_Rabbah_Bereishit_Rabbah__1_1,bereishit_rabbah,39,דאת,0.7802,0.1749,0.0,0.7497,5,1,True,"{""דאת"": 1, ""אמר"": 1, ""דאמר"": 1, ""דאמרת"": 1, ""דאתמר"": 1}","{""דאת"": [""דאת""], ""אמר"": [""אמר""], ""דאמר"": [""דאמר""], ""דאמרת"": [""דאמרת""], ""דאתמר"": [""דאתמר""]}",דאת,0.582304,אמר,0.127195,דאמר,0.03608,דאמרת,0.002964,דאתמר,0.001124,,,,,,,,,,,,,,,,,,,,,,,,,,,,,,,,,,,,,,,,,,,,,,,,,,,,,,,,,,,,,,,,,,,,,,,,,,,,,,,,,,,,,,,,,,,ADV,True,דאת,דאת,True,False,True,True,True,True,True,48.0,48.0,0.0,False,False
Midrash_Aggadic_Midrash_Midrash_Rabbah_Bereishit_Rabbah__1_1,bereishit_rabbah,40,אמר,0.1346,0.0188,0.0,0.943,5,1,True,"{""אמר"": 1, ""אמרת"": 1, ""אמן"": 1, ""אמרא"": 1, ""אמ"": 1}","{""אמר"": [""אמר""], ""אמרת"": [""אמרת""], ""אמן"": [""אמן""], ""אמרא"": [""אמרא""], ""אמ"": [""אמ""]}",אמר,0.910928,אמרת,0.019614,אמן,0.010016,אמרא,0.001343,אמ,0.001096,,,,,,,,,,,,,,,,,,,,,,,,,,,,,,,,,,,,,,,,,,,,,,,,,,,,,,,,,,,,,,,,,,,,,,,,,,,,,,,,,,,,,,,,,,,SYM,True,אמר,אמר,False,False,False,True,True,True,False,,,,False,False
Midrash_Aggadic_Midrash_Midrash_Rabbah_Bereishit_Rabbah__1_1,bereishit_rabbah,41,:,9.0176,1.1432,1.0309,0.2941,50,-1,False,"{""כאשר"": 1, ""אמון"": 1, ""אשר"": 1, ""אמן"": 1, ""כי"": 1, ""על"": 1, ""לא"": 1, ""מכסה"": 1, ""ואהיה"": 1, ""אשרי"": 1, ""ויאמר"": 1, ""והיה"": 1, ""ואל"": 1, ""הוי"": 1, ""רבי"": 1, ""הושע"": 1, ""עין"": 1, ""דוד"": 1, ""ויאמן"": 1, ""עת"": 1, ""כיון"": 1, ""דכת"": 1, ""והמן"": 1, ""רוח"": 1, ""לאמר"": 1, ""דכתיב"": 1, ""עתיד"": 1, ""יי"": 1, ""מים"": 1, ""הושעיה"": 1, ""עתידין"": 1, ""ואהבת"": 1, ""מכסות"": 1, ""ידיד"": 1, ""עלות"": 1, ""ידעת"": 1, ""הושיעה"": 1, ""עלותי"": 1, ""דודו"": 1, ""מכסותי"": 1, ""לאמרם"": 1, ""ידידות"": 1, ""ידעתה"": 1, ""ואהבתם"": 1, ""ידידותא"": 1, ""ידעתהון"": 1, ""הושיעהו"": 1, ""דודות"": 1, ""דודותא"": 1, ""דודותך"": 1}","{""כאשר"": [""כאשר""], ""אמון"": [""אמון""], ""אשר"": [""אשר""], ""אמן"": [""אמן""], ""כי"": [""כי""], ""על"": [""על""], ""לא"": [""לא""], ""מכסה"": [""מכסה""], ""ואהיה"": [""ואהיה""], ""אשרי"": [""אשרי""], ""ויאמר"": [""ויאמר""], ""והיה"": [""והיה""], ""ואל"": [""ואל""], ""הוי"": [""הוי""], ""רבי"": [""רבי""], ""הושע"": [""הושע""], ""עין"": [""עין""], ""דוד"": [""דוד""], ""ויאמן"": [""ויאמן""], ""עת"": [""עת""], ""כיון"": [""כיון""], ""דכת"": [""דכת""], ""והמן"": [""והמן""], ""רוח"": [""רוח""], ""לאמר"": [""לאמר""], ""דכתיב"": [""דכתיב""], ""עתיד"": [""עתיד""], ""יי"": [""יי""], ""מים"": [""מים""], ""הושעיה"": [""הושעיה""], ""עתידין"": [""עתידין""], ""ואהבת"": [""ואהבת""], ""מכסות"": [""מכסות""], ""ידיד"": [""ידיד""], ""עלות"": [""עלות""], ""ידעת"": [""ידעת""], ""הושיעה"": [""הושיעה""], ""עלותי"": [""עלותי""], ""דודו"": [""דודו""], ""מכסותי"": [""מכסותי""], ""לאמרם"": [""לאמרם""], ""ידידות"": [""ידידות""], ""ידעתה"": [""ידעתה""], ""ואהבתם"": [""ואהבתם""], ""ידידותא"": [""ידידותא""], ""ידעתהון"": [""ידעתהון""], ""הושיעהו"": [""הושיעהו""], ""דודות"": [""דודות""], ""דודותא"": [""דודותא""], ""דודותך"": [""דודותך""]}",כאשר,0.131104,אמון,0.046556,אשר,0.026223,אמן,0.017949,כי,0.013818,על,0.009799,לא,0.009647,מכסה,0.008923,ואהיה,0.005613,אשרי,0.003818,ויאמר,0.002494,והיה,0.00247,ואל,0.002449,הוי,0.002018,רבי,0.00174,הושע,0.001225,עין,0.000892,דוד,0.000879,ויאמן,0.000749,עת,0.00074,כיון,0.000663,דכת,0.000614,והמן,0.000569,רוח,0.000556,לאמר,0.000497,דכתיב,0.000452,עתיד,0.00038,יי,0.000313,מים,0.000241,הושעיה,9.7e-05,עתידין,9.3e-05,ואהבת,8.3e-05,מכסות,8.1e-05,ידיד,7.2e-05,עלות,7.2e-05,ידעת,6.6e-05,הושיעה,6.5e-05,עלותי,2.9e-05,דודו,1.9e-05,מכסותי,1.5e-05,לאמרם,8e-06,ידידות,7e-06,ידעתה,6e-06,ואהבתם,5e-06,ידידותא,2e-06,ידעתהון,0.0,הושיעהו,0.0,דודות,0.0,דודותא,0.0,דודותך,0.0,X,False,,,False,False,False,False,True,True,False,,,,False,False
Midrash_Aggadic_Midrash_Midrash_Rabbah_Bereishit_Rabbah__1_1,bereishit_rabbah,42,האמנים,16.1898,0.8851,0.715,0.4291,50,-1,False,"{""כאשר"": 1, ""כי"": 1, ""אשר"": 1, ""אם"": 1, ""אמון"": 1, ""ואת"": 1, ""אמן"": 1, ""מכסה"": 1, ""ואהיה"": 1, ""ויאמר"": 1, ""והיה"": 1, ""כיון"": 1, ""הוי"": 1, ""ואל"": 1, ""שמע"": 1, ""אשרי"": 1, ""הושע"": 1, ""ויאמן"": 1, ""כשם"": 1, ""עין"": 1, ""עשה"": 1, ""כה"": 1, ""שבע"": 1, ""והאמנתי"": 1, ""יתן"": 1, ""מים"": 1, ""ידע"": 1, ""שבעת"": 1, ""הושעיה"": 1, ""והאמנם"": 1, ""שמעו"": 1, ""הושיעה"": 1, ""ואהבת"": 1, ""מכסות"": 1, ""ידעתי"": 1, ""שבעתים"": 1, ""והאמנתיו"": 1, ""מכסותי"": 1, ""ויאמרנו"": 1, ""ואהבתם"": 1, ""הושעיהו"": 1, ""עשהאל"": 1, ""ידעתיו"": 1, ""הושיעהו"": 1, ""שמעוון"": 1, ""ויאמרנוו"": 1, ""עשהאלים"": 1, ""ויאמרנוויה"": 1, ""ויאמרנוויהו"": 1, ""ויאמרנוויהוים"": 1}","{""כאשר"": [""כאשר""], ""כי"": [""כי""], ""אשר"": [""אשר""], ""אם"": [""אם""], ""אמון"": [""אמון""], ""ואת"": [""ואת""], ""אמן"": [""אמן""], ""מכסה"": [""מכסה""], ""ואהיה"": [""ואהיה""], ""ויאמר"": [""ויאמר""], ""והיה"": [""והיה""], ""כיון"": [""כיון""], ""הוי"": [""הוי""], ""ואל"": [""ואל""], ""שמע"": [""שמע""], ""אשרי"": [""אשרי""], ""הושע"": [""הושע""], ""ויאמן"": [""ויאמן""], ""כשם"": [""כשם""], ""עין"": [""עין""], ""עשה"": [""עשה""], ""כה"": [""כה""], ""שבע"": [""שבע""], ""והאמנתי"": [""והאמנתי""], ""יתן"": [""יתן""], ""מים"": [""מים""], ""ידע"": [""ידע""], ""שבעת"": [""שבעת""], ""הושעיה"": [""הושעיה""], ""והאמנם"": [""והאמנם""], ""שמעו"": [""שמעו""], ""הושיעה"": [""הושיעה""], ""ואהבת"": [""ואהבת""], ""מכסות"": [""מכסות""], ""ידעתי"": [""ידעתי""], ""שבעתים"": [""שבעתים""], ""והאמנתיו"": [""והאמנתיו""], ""מכסותי"": [""מכסותי""], ""ויאמרנו"": [""ויאמרנו""], ""ואהבתם"": [""ואהבתם""], ""הושעיהו"": [""הושעיהו""], ""עשהאל"": [""עשהאל""], ""ידעתיו"": [""ידעתיו""], ""הושיעהו"": [""הושיעהו""], ""שמעוון"": [""שמעוון""], ""ויאמרנוו"": [""ויאמרנוו""], ""עשהאלים"": [""עשהאלים""], ""ויאמרנוויה"": [""ויאמרנוויה""], ""ויאמרנוויהו"": [""ויאמרנוויהו""], ""ויאמרנוויהוים"": [""ויאמרנוויהוים""]}",כאשר,0.251954,כי,0.064707,אשר,0.019735,אם,0.013777,אמון,0.010355,ואת,0.009618,אמן,0.009282,מכסה,0.007109,ואהיה,0.005953,ויאמר,0.005221,והיה,0.004868,כיון,0.003803,הוי,0.003212,ואל,0.002982,שמע,0.002671,אשרי,0.002087,הושע,0.001674,ויאמן,0.001669,כשם,0.001341,עין,0.001199,עשה,0.001109,כה,0.001061,שבע,0.000686,והאמנתי,0.000469,יתן,0.000469,מים,0.000439,ידע,0.000383,שבעת,0.000338,הושעיה,0.000217,והאמנם,0.000157,שמעו,0.000149,הושיעה,0.000137,ואהבת,8.6e-05,מכסות,7.2e-05,ידעתי,3.1e-05,שבעתים,2.8e-05,והאמנתיו,2.2e-05,מכסותי,1.2e-05,ויאמרנו,5e-06,ואהבתם,5e-06,הושעיהו,4e-06,עשהאל,1e-06,ידעתיו,1e-06,הושיעהו,0.0,שמעוון,0.0,ויאמרנוו,0.0,עשהאלים,0.0,ויאמרנוויה,0.0,ויאמרנוויהו,0.0,ויאמרנוויהוים,0.0,ADV,True,האמנים,אומני,True,False,True,True,True,True,True,6.0,7.0,-1.0,True,False
Midrash_Aggadic_Midrash_Midrash_Rabbah_Bereishit_Rabbah__1_1,bereishit_rabbah,43,עלי,8.0257,0.8616,-0.0,0.2963,50,16,True,"{""את"": 1, ""אשר"": 1, ""אל"": 1, ""בני"": 1, ""האלה"": 1, ""אמון"": 1, ""על"": 1, ""האמנים"": 1, ""אמן"": 1, ""האלהים"": 1, ""מכסה"": 1, ""וגו"": 1, ""שמים"": 1, ""מכסים"": 1, ""שבע"": 1, ""עלי"": 1, ""רבתא"": 1, ""כולם"": 1, ""בנים"": 1, ""הינקים"": 1, ""יאמנו"": 1, ""האמנם"": 1, ""עשו"": 1, ""עליון"": 1, ""חכמים"": 1, ""נאמנים"": 1, ""יאמינו"": 1, ""ביד"": 1, ""אתו"": 1, ""שבעים"": 1, ""רבו"": 1, ""אשרי"": 1, ""חמש"": 1, ""היכן"": 1, ""מים"": 1, ""נא"": 1, ""אלקים"": 1, ""עשוים"": 1, ""בניו"": 1, ""חמשה"": 1, ""כהנים"": 1, ""רבתים"": 1, ""בידם"": 1, ""מכסהו"": 1, ""נאמנ"": 1, ""עליך"": 1, ""ואמנים"": 1, ""נאמנין"": 1, ""כהן"": 1, ""אתוון"": 1}","{""את"": [""את""], ""אשר"": [""אשר""], ""אל"": [""אל""], ""בני"": [""בני""], ""האלה"": [""האלה""], ""אמון"": [""אמון""], ""על"": [""על""], ""האמנים"": [""האמנים""], ""אמן"": [""אמן""], ""האלהים"": [""האלהים""], ""מכסה"": [""מכסה""], ""וגו"": [""וגו""], ""שמים"": [""שמים""], ""מכסים"": [""מכסים""], ""שבע"": [""שבע""], ""עלי"": [""עלי""], ""רבתא"": [""רבתא""], ""כולם"": [""כולם""], ""בנים"": [""בנים""], ""הינקים"": [""הינקים""], ""יאמנו"": [""יאמנו""], ""האמנם"": [""האמנם""], ""עשו"": [""עשו""], ""עליון"": [""עליון""], ""חכמים"": [""חכמים""], ""נאמנים"": [""נאמנים""], ""יאמינו"": [""יאמינו""], ""ביד"": [""ביד""], ""אתו"": [""אתו""], ""שבעים"": [""שבעים""], ""רבו"": [""רבו""], ""אשרי"": [""אשרי""], ""חמש"": [""חמש""], ""היכן"": [""היכן""], ""מים"": [""מים""], ""נא"": [""נא""], ""אלקים"": [""אלקים""], ""עשוים"": [""עשוים""], ""בניו"": [""בניו""], ""חמשה"": [""חמשה""], ""כהנים"": [""כהנים""], ""רבתים"": [""רבתים""], ""בידם"": [""בידם""], ""מכסהו"": [""מכסהו""], ""נאמנ"": [""נאמנ""], ""עליך"": [""עליך""], ""ואמנים"": [""ואמנים""], ""נאמנין"": [""נאמנין""], ""כהן"": [""כהן""], ""אתוון"": [""אתוון""]}",את,0.06942,אשר,0.048463,אל,0.029394,בני,0.01728,האלה,0.016748,אמון,0.014731,על,0.014551,האמנים,0.014005,אמן,0.009075,האלהים,0.007683,מכסה,0.007015,וגו,0.006181,שמים,0.004909,מכסים,0.004529,שבע,0.004199,עלי,0.003837,רבתא,0.001731,כולם,0.001708,בנים,0.001659,הינקים,0.001606,יאמנו,0.001598,האמנם,0.001504,עשו,0.00139,עליון,0.00129,חכמים,0.00117,נאמנים,0.001095,יאמינו,0.00091,ביד,0.000902,אתו,0.00087,שבעים,0.000856,רבו,0.000747,אשרי,0.000705,חמש,0.000685,היכן,0.000615,מים,0.000586,נא,0.000447,אלקים,0.000366,עשוים,0.000361,בניו,0.000327,חמשה,0.000286,כהנים,0.000191,רבתים,0.000156,בידם,0.000152,מכסהו,0.000147,נאמנ,5.5e-05,עליך,5.5e-05,ואמנים,5.3e-05,נאמנין,4.4e-05,כהן,1.4e-05,אתוון,1.4e-05,ADJ,True,עלי,על,True,True,False,True,True,True,False,,,,False,False
Midrash_Aggadic_Midrash_Midrash_Rabbah_Bereishit_Rabbah__1_1,bereishit_rabbah,44,תולע,19.4518,0.8314,0.7341,0.2989,50,-1,False,"{""אמון"": 1, ""מכסה"": 1, ""עלי"": 1, ""שמים"": 1, ""את"": 1, ""ראש"": 1, ""האמנים"": 1, ""חל"": 1, ""אבן"": 1, ""האמן"": 1, ""עין"": 1, ""עליון"": 1, ""היכן"": 1, ""הים"": 1, ""נפש"": 1, ""נפשי"": 1, ""חלד"": 1, ""תהום"": 1, ""תהו"": 1, ""שחק"": 1, ""גו"": 1, ""הענן"": 1, ""חומות"": 1, ""מים"": 1, ""רוח"": 1, ""העין"": 1, ""מכסות"": 1, ""גבעה"": 1, ""יד"": 1, ""נא"": 1, ""ימים"": 1, ""כנשר"": 1, ""שחקים"": 1, ""כבוד"": 1, ""כנפי"": 1, ""ראשך"": 1, ""האמינה"": 1, ""רגליו"": 1, ""גבעות"": 1, ""היכא"": 1, ""רגבים"": 1, ""האמינהו"": 1, ""אתן"": 1, ""נאום"": 1, ""כנשרים"": 1, ""ידך"": 1, ""כנפיים"": 1, ""מכסותי"": 1, ""חלדך"": 1, ""חומותי"": 1}","{""אמון"": [""אמון""], ""מכסה"": [""מכסה""], ""עלי"": [""עלי""], ""שמים"": [""שמים""], ""את"": [""את""], ""ראש"": [""ראש""], ""האמנים"": [""האמנים""], ""חל"": [""חל""], ""אבן"": [""אבן""], ""האמן"": [""האמן""], ""עין"": [""עין""], ""עליון"": [""עליון""], ""היכן"": [""היכן""], ""הים"": [""הים""], ""נפש"": [""נפש""], ""נפשי"": [""נפשי""], ""חלד"": [""חלד""], ""תהום"": [""תהום""], ""תהו"": [""תהו""], ""שחק"": [""שחק""], ""גו"": [""גו""], ""הענן"": [""הענן""], ""חומות"": [""חומות""], ""מים"": [""מים""], ""רוח"": [""רוח""], ""העין"": [""העין""], ""מכסות"": [""מכסות""], ""גבעה"": [""גבעה""], ""יד"": [""יד""], ""נא"": [""נא""], ""ימים"": [""ימים""], ""כנשר"": [""כנשר""], ""שחקים"": [""שחקים""], ""כבוד"": [""כבוד""], ""כנפי"": [""כנפי""], ""ראשך"": [""ראשך""], ""האמינה"": [""האמינה""], ""רגליו"": [""רגליו""], ""גבעות"": [""גבעות""], ""היכא"": [""היכא""], ""רגבים"": [""רגבים""], ""האמינהו"": [""האמינהו""], ""אתן"": [""אתן""], ""נאום"": [""נאום""], ""כנשרים"": [""כנשרים""], ""ידך"": [""ידך""], ""כנפיים"": [""כנפיים""], ""מכסותי"": [""מכסותי""], ""חלדך"": [""חלדך""], ""חומותי"": [""חומותי""]}",אמון,0.135358,מכסה,0.022379,עלי,0.022098,שמים,0.01697,את,0.015614,ראש,0.011246,האמנים,0.007945,חל,0.007666,אבן,0.007062,האמן,0.006044,עין,0.005249,עליון,0.003699,היכן,0.003429,הים,0.003233,נפש,0.003099,נפשי,0.00255,חלד,0.002112,תהום,0.002003,תהו,0.002003,שחק,0.00168,גו,0.001501,הענן,0.001324,חומות,0.001271,מים,0.001162,רוח,0.001107,העין,0.001097,מכסות,0.00103,גבעה,0.000908,יד,0.000859,נא,0.000821,ימים,0.000712,כנשר,0.000676,שחקים,0.000663,כבוד,0.000567,כנפי,0.000561,ראשך,0.000529,האמינה,0.000428,רגליו,0.000415,גבעות,0.000409,היכא,0.000403,רגבים,0.000309,האמינהו,0.000182,אתן,0.00014,נאום,0.000112,כנשרים,9.8e-05,ידך,9.1e-05,כנפיים,4.8e-05,מכסותי,4.6e-05,חלדך,2.5e-05,חומותי,8e-06,AUX,True,תולע,תול,False,False,False,True,True,True,False,,,,False,False
Midrash_Aggadic_Midrash_Midrash_Rabbah_Bereishit_Rabbah__1_1,bereishit_rabbah,45,וגו'.,5.5171,0.7903,0.0,0.6046,50,3,True,"{""אמון"": 1, ""ואית"": 1, ""וגו"": 1, ""היך"": 1, ""אמן"": 1, ""היא"": 1, ""היאך"": 1, ""ואמר"": 1, ""האמן"": 1, ""האמנים"": 1, ""אל"": 1, ""מכסה"": 1, ""עלי"": 1, ""פדגוג"": 1, ""היכן"": 1, ""רבת"": 1, ""רבתא"": 1, ""רבי"": 1, ""ואיתא"": 1, ""והא"": 1, ""דכת"": 1, ""והאמנים"": 1, ""דאמר"": 1, ""עבד"": 1, ""דכתיב"": 1, ""פירוש"": 1, ""מים"": 1, ""ותולעת"": 1, ""היכא"": 1, ""אלין"": 1, ""ואמרתי"": 1, ""והאמנה"": 1, ""מכסות"": 1, ""עבדי"": 1, ""פירושו"": 1, ""האמונת"": 1, ""ותולע"": 1, ""עליון"": 1, ""דאמרו"": 1, ""האמונא"": 1, ""מכסותיו"": 1, ""ותולעתו"": 1, ""ואמרתיו"": 1, ""והאמנהו"": 1, ""האמונתים"": 1, ""ותולען"": 1, ""האמונאנו"": 1, ""האמונאנוות"": 1, ""האמונאנוותא"": 1, ""האמונאנוותאנו"": 1}","{""אמון"": [""אמון""], ""ואית"": [""ואית""], ""וגו"": [""וגו""], ""היך"": [""היך""], ""אמן"": [""אמן""], ""היא"": [""היא""], ""היאך"": [""היאך""], ""ואמר"": [""ואמר""], ""האמן"": [""האמן""], ""האמנים"": [""האמנים""], ""אל"": [""אל""], ""מכסה"": [""מכסה""], ""עלי"": [""עלי""], ""פדגוג"": [""פדגוג""], ""היכן"": [""היכן""], ""רבת"": [""רבת""], ""רבתא"": [""רבתא""], ""רבי"": [""רבי""], ""ואיתא"": [""ואיתא""], ""והא"": [""והא""], ""דכת"": [""דכת""], ""והאמנים"": [""והאמנים""], ""דאמר"": [""דאמר""], ""עבד"": [""עבד""], ""דכתיב"": [""דכתיב""], ""פירוש"": [""פירוש""], ""מים"": [""מים""], ""ותולעת"": [""ותולעת""], ""היכא"": [""היכא""], ""אלין"": [""אלין""], ""ואמרתי"": [""ואמרתי""], ""והאמנה"": [""והאמנה""], ""מכסות"": [""מכסות""], ""עבדי"": [""עבדי""], ""פירושו"": [""פירושו""], ""האמונת"": [""האמונת""], ""ותולע"": [""ותולע""], ""עליון"": [""עליון""], ""דאמרו"": [""דאמרו""], ""האמונא"": [""האמונא""], ""מכסותיו"": [""מכסותיו""], ""ותולעתו"": [""ותולעתו""], ""ואמרתיו"": [""ואמרתיו""], ""והאמנהו"": [""והאמנהו""], ""האמונתים"": [""האמונתים""], ""ותולען"": [""ותולען""], ""האמונאנו"": [""האמונאנו""], ""האמונאנוות"": [""האמונאנוות""], ""האמונאנוותא"": [""האמונאנוותא""], ""האמונאנוותאנו"": [""האמונאנוותאנו""]}",אמון,0.451143,ואית,0.040983,וגו,0.021837,היך,0.014549,אמן,0.009363,היא,0.008027,היאך,0.007954,ואמר,0.007822,האמן,0.006571,האמנים,0.006001,אל,0.005965,מכסה,0.005884,עלי,0.003684,פדגוג,0.002741,היכן,0.001417,רבת,0.001363,רבתא,0.001281,רבי,0.00126,ואיתא,0.001233,והא,0.000897,דכת,0.000717,והאמנים,0.000615,דאמר,0.000604,עבד,0.000523,דכתיב,0.00045,פירוש,0.000271,מים,0.000254,ותולעת,0.000245,היכא,0.000231,אלין,0.000148,ואמרתי,0.000143,והאמנה,0.000114,מכסות,9.8e-05,עבדי,6.8e-05,פירושו,3.2e-05,האמונת,2.7e-05,ותולע,2.7e-05,עליון,2.6e-05,דאמרו,2.2e-05,האמונא,1.3e-05,מכסותיו,9e-06,ותולעתו,8e-06,ואמרתיו,6e-06,והאמנהו,4e-06,האמונתים,1e-06,ותולען,0.0,האמונאנו,0.0,האמונאנוות,0.0,האמונאנוותא,0.0,האמונאנוותאנו,0.0,PRON,True,וגו,גומר,False,False,False,True,True,True,False,,,,False,False
Midrash_Aggadic_Midrash_Midrash_Rabbah_Bereishit_Rabbah__1_1,bereishit_rabbah,46,אמון,1.0366,0.2047,0.0,0.6531,39,1,True,"{""אמון"": 1, ""ואית"": 1, ""ואהיה"": 1, ""אמן"": 1, ""היך"": 1, ""אית"": 1, ""מה"": 1, ""היא"": 1, ""מכסה"": 1, ""וגו"": 1, ""האמנים"": 1, ""האמן"": 1, ""ואיתא"": 1, ""רבי"": 1, ""והיה"": 1, ""רבת"": 1, ""ואמנם"": 1, ""עלי"": 1, ""רבתא"": 1, ""היכן"": 1, ""והא"": 1, ""מהו"": 1, ""דכת"": 1, ""דא"": 1, ""ואמון"": 1, ""דכתיב"": 1, ""מאי"": 1, ""עבד"": 1, ""היכא"": 1, ""איתא"": 1, ""האמונ"": 1, ""עבדי"": 1, ""והאיך"": 1, ""האמונת"": 1, ""עליון"": 1, ""מכסת"": 1, ""מכסתא"": 1, ""דאמרי"": 1, ""האמונתים"": 1}","{""אמון"": [""אמון""], ""ואית"": [""ואית""], ""ואהיה"": [""ואהיה""], ""אמן"": [""אמן""], ""היך"": [""היך""], ""אית"": [""אית""], ""מה"": [""מה""], ""היא"": [""היא""], ""מכסה"": [""מכסה""], ""וגו"": [""וגו""], ""האמנים"": [""האמנים""], ""האמן"": [""האמן""], ""ואיתא"": [""ואיתא""], ""רבי"": [""רבי""], ""והיה"": [""והיה""], ""רבת"": [""רבת""], ""ואמנם"": [""ואמנם""], ""עלי"": [""עלי""], ""רבתא"": [""רבתא""], ""היכן"": [""היכן""], ""והא"": [""והא""], ""מהו"": [""מהו""], ""דכת"": [""דכת""], ""דא"": [""דא""], ""ואמון"": [""ואמון""], ""דכתיב"": [""דכתיב""], ""מאי"": [""מאי""], ""עבד"": [""עבד""], ""היכא"": [""היכא""], ""איתא"": [""איתא""], ""האמונ"": [""האמונ""], ""עבדי"": [""עבדי""], ""והאיך"": [""והאיך""], ""האמונת"": [""האמונת""], ""עליון"": [""עליון""], ""מכסת"": [""מכסת""], ""מכסתא"": [""מכסתא""], ""דאמרי"": [""דאמרי""], ""האמונתים"": [""האמונתים""]}",אמון,0.487479,ואית,0.076082,ואהיה,0.024708,אמן,0.015188,היך,0.008816,אית,0.007841,מה,0.005827,היא,0.004538,מכסה,0.003551,וגו,0.003189,האמנים,0.002505,האמן,0.001906,ואיתא,0.001861,רבי,0.000985,והיה,0.00098,רבת,0.000792,ואמנם,0.000769,עלי,0.000762,רבתא,0.000735,היכן,0.000728,והא,0.000541,מהו,0.000505,דכת,0.000477,דא,0.000455,ואמון,0.000438,דכתיב,0.000377,מאי,0.00034,עבד,0.000272,היכא,0.000146,איתא,0.00013,האמונ,5.5e-05,עבדי,3.8e-05,והאיך,2.3e-05,האמונת,1.7e-05,עליון,1.7e-05,מכסת,1.5e-05,מכסתא,6e-06,דאמרי,5e-06,האמונתים,1e-06,,,,,,,,,,,,,,,,,,,,,,,ADV,True,אמון,אמון,True,False,True,True,True,True,True,46.0,46.0,0.0,False,False
Midrash_Aggadic_Midrash_Midrash_Rabbah_Bereishit_Rabbah__1_1,bereishit_rabbah,47,"מצנע,",0.2045,0.0208,0.0,0.8922,5,1,True,"{""מצנע"": 1, ""מכסה"": 1, ""מצנא"": 1, ""מים"": 1, ""מכסות"": 1}","{""מצנע"": [""מצנע""], ""מכסה"": [""מכסה""], ""מצנא"": [""מצנא""], ""מים"": [""מים""], ""מכסות"": [""מכסות""]}",מצנע,0.86781,מכסה,0.018406,מצנא,0.005939,מים,5.5e-05,מכסות,1.2e-05,,,,,,,,,,,,,,,,,,,,,,,,,,,,,,,,,,,,,,,,,,,,,,,,,,,,,,,,,,,,,,,,,,,,,,,,,,,,,,,,,,,,,,,,,,,AUX,False,מצנע,מצנע,False,False,False,True,True,True,False,,,,False,False
Midrash_Aggadic_Midrash_Midrash_Rabbah_Bereishit_Rabbah__1_1,bereishit_rabbah,48,היאך,1.0211,0.2407,0.0,1.067,5,2,True,"{""היא"": 1, ""היאך"": 1, ""מה"": 1, ""אמון"": 1, ""אמן"": 1}","{""היא"": [""היא""], ""היאך"": [""היאך""], ""מה"": [""מה""], ""אמון"": [""אמון""], ""אמן"": [""אמן""]}",היא,0.493688,היאך,0.492742,מה,0.054531,אמון,0.022886,אמן,0.003146,,,,,,,,,,,,,,,,,,,,,,,,,,,,,,,,,,,,,,,,,,,,,,,,,,,,,,,,,,,,,,,,,,,,,,,,,,,,,,,,,,,,,,,,,,,PROPN,False,היאך,היאך,False,False,False,True,True,True,False,,,,False,False
Midrash_Aggadic_Midrash_Midrash_Rabbah_Bereishit_Rabbah__1_1,bereishit_rabbah,49,מה,0.2879,0.0464,0.0,0.8665,5,1,True,"{""מה"": 1, ""דאת"": 1, ""דכת"": 1, ""דכתיב"": 1, ""מהו"": 1}","{""מה"": [""מה""], ""דאת"": [""דאת""], ""דכת"": [""דכת""], ""דכתיב"": [""דכתיב""], ""מהו"": [""מהו""]}",מה,0.819087,דאת,0.040454,דכת,0.003218,דכתיב,0.002746,מהו,0.000955,,,,,,,,,,,,,,,,,,,,,,,,,,,,,,,,,,,,,,,,,,,,,,,,,,,,,,,,,,,,,,,,,,,,,,,,,,,,,,,,,,,,,,,,,,,PROPN,False,מה,מה,False,True,False,True,True,True,False,,,,False,False
Midrash_Aggadic_Midrash_Midrash_Rabbah_Bereishit_Rabbah__1_1,bereishit_rabbah,50,דאת,0.073,0.0113,0.0,0.968,5,1,True,"{""דאת"": 1, ""את"": 1, ""דאמר"": 1, ""דאמרו"": 1, ""אתא"": 1}","{""דאת"": [""דאת""], ""את"": [""את""], ""דאמר"": [""דאמר""], ""דאמרו"": [""דאמרו""], ""אתא"": [""אתא""]}",דאת,0.950638,את,0.011683,דאמר,0.005394,דאמרו,0.000205,אתא,9.2e-05,,,,,,,,,,,,,,,,,,,,,,,,,,,,,,,,,,,,,,,,,,,,,,,,,,,,,,,,,,,,,,,,,,,,,,,,,,,,,,,,,,,,,,,,,,,ADV,False,דאת,דאת,True,False,True,True,True,True,True,53.0,52.0,1.0,False,True
Midrash_Aggadic_Midrash_Midrash_Rabbah_Bereishit_Rabbah__1_1,bereishit_rabbah,51,אמר,0.0271,0.005,0.0,0.9876,5,1,True,"{""אמר"": 1, ""אומר"": 1, ""אמ"": 1, ""אמן"": 1, ""אומרת"": 1}","{""אמר"": [""אמר""], ""אומר"": [""אומר""], ""אמ"": [""אמ""], ""אמן"": [""אמן""], ""אומרת"": [""אומרת""]}",אמר,0.981399,אומר,0.002934,אמ,0.001688,אמן,0.001444,אומרת,9.6e-05,,,,,,,,,,,,,,,,,,,,,,,,,,,,,,,,,,,,,,,,,,,,,,,,,,,,,,,,,,,,,,,,,,,,,,,,,,,,,,,,,,,,,,,,,,,ADV,True,אמר,אמר,True,False,True,True,True,True,True,54.0,53.0,1.0,False,True
Midrash_Aggadic_Midrash_Midrash_Rabbah_Bereishit_Rabbah__1_1,bereishit_rabbah,52,:,8.978,1.1375,1.04,0.1127,50,-1,False,"{""אמון"": 1, ""אמן"": 1, ""אשר"": 1, ""כאשר"": 1, ""לא"": 1, ""על"": 1, ""האמנים"": 1, ""בא"": 1, ""האמן"": 1, ""ויאמר"": 1, ""רבי"": 1, ""אשרי"": 1, ""והיה"": 1, ""הוי"": 1, ""עלי"": 1, ""עין"": 1, ""ואל"": 1, ""ואהיה"": 1, ""ויאמן"": 1, ""מכסה"": 1, ""רבת"": 1, ""והאמנתי"": 1, ""היכן"": 1, ""רבתא"": 1, ""והאמנם"": 1, ""לאמר"": 1, ""יתן"": 1, ""האמיצים"": 1, ""מאמינים"": 1, ""ידיד"": 1, ""היכי"": 1, ""ידעת"": 1, ""עליון"": 1, ""עלית"": 1, ""והאמנתיו"": 1, ""ואהבת"": 1, ""לאמרם"": 1, ""האמיצי"": 1, ""ידידות"": 1, ""ידעתה"": 1, ""ואהבתם"": 1, ""מכסהו"": 1, ""עליתם"": 1, ""ויאמרנו"": 1, ""ידידותי"": 1, ""ידעתהון"": 1, ""האמיציון"": 1, ""ויאמרנוו"": 1, ""ויאמרנוויה"": 1, ""ויאמרנוויהו"": 1}","{""אמון"": [""אמון""], ""אמן"": [""אמן""], ""אשר"": [""אשר""], ""כאשר"": [""כאשר""], ""לא"": [""לא""], ""על"": [""על""], ""האמנים"": [""האמנים""], ""בא"": [""בא""], ""האמן"": [""האמן""], ""ויאמר"": [""ויאמר""], ""רבי"": [""רבי""], ""אשרי"": [""אשרי""], ""והיה"": [""והיה""], ""הוי"": [""הוי""], ""עלי"": [""עלי""], ""עין"": [""עין""], ""ואל"": [""ואל""], ""ואהיה"": [""ואהיה""], ""ויאמן"": [""ויאמן""], ""מכסה"": [""מכסה""], ""רבת"": [""רבת""], ""והאמנתי"": [""והאמנתי""], ""היכן"": [""היכן""], ""רבתא"": [""רבתא""], ""והאמנם"": [""והאמנם""], ""לאמר"": [""לאמר""], ""יתן"": [""יתן""], ""האמיצים"": [""האמיצים""], ""מאמינים"": [""מאמינים""], ""ידיד"": [""ידיד""], ""היכי"": [""היכי""], ""ידעת"": [""ידעת""], ""עליון"": [""עליון""], ""עלית"": [""עלית""], ""והאמנתיו"": [""והאמנתיו""], ""ואהבת"": [""ואהבת""], ""לאמרם"": [""לאמרם""], ""האמיצי"": [""האמיצי""], ""ידידות"": [""ידידות""], ""ידעתה"": [""ידעתה""], ""ואהבתם"": [""ואהבתם""], ""מכסהו"": [""מכסהו""], ""עליתם"": [""עליתם""], ""ויאמרנו"": [""ויאמרנו""], ""ידידותי"": [""ידידותי""], ""ידעתהון"": [""ידעתהון""], ""האמיציון"": [""האמיציון""], ""ויאמרנוו"": [""ויאמרנוו""], ""ויאמרנוויה"": [""ויאמרנוויה""], ""ויאמרנוויהו"": [""ויאמרנוויהו""]}",אמון,0.045167,אמן,0.010237,אשר,0.009915,כאשר,0.009915,לא,0.005921,על,0.005476,האמנים,0.005294,בא,0.005225,האמן,0.003029,ויאמר,0.001366,רבי,0.001362,אשרי,0.001292,והיה,0.001278,הוי,0.000913,עלי,0.000803,עין,0.000697,ואל,0.000663,ואהיה,0.000621,ויאמן,0.000437,מכסה,0.000403,רבת,0.000384,והאמנתי,0.000375,היכן,0.000312,רבתא,0.000309,והאמנם,0.000301,לאמר,0.000241,יתן,0.000195,האמיצים,0.000132,מאמינים,9e-05,ידיד,6.5e-05,היכי,5.8e-05,ידעת,4.5e-05,עליון,4.4e-05,עלית,2.8e-05,והאמנתיו,1.9e-05,ואהבת,1.8e-05,לאמרם,5e-06,האמיצי,5e-06,ידידות,4e-06,ידעתה,3e-06,ואהבתם,3e-06,מכסהו,2e-06,עליתם,2e-06,ויאמרנו,1e-06,ידידותי,1e-06,ידעתהון,0.0,האמיציון,0.0,ויאמרנוו,0.0,ויאמרנוויה,0.0,ויאמרנוויהו,0.0,X,False,,,False,False,False,False,True,True,False,,,,False,False
Midrash_Aggadic_Midrash_Midrash_Rabbah_Bereishit_Rabbah__1_1,bereishit_rabbah,53,ויהי,8.7815,0.8464,0.3323,0.1647,50,-1,False,"{""אמון"": 1, ""האמנים"": 1, ""האמן"": 1, ""כי"": 1, ""כאשר"": 1, ""מצנע"": 1, ""אמן"": 1, ""והיה"": 1, ""ויאמר"": 1, ""מצנפת"": 1, ""הוי"": 1, ""מצנעי"": 1, ""ואהיה"": 1, ""ואל"": 1, ""עין"": 1, ""והאמנתי"": 1, ""ויאמן"": 1, ""המצא"": 1, ""מכסה"": 1, ""והאמנם"": 1, ""עני"": 1, ""כיון"": 1, ""יתן"": 1, ""היכן"": 1, ""המנעים"": 1, ""האמיצים"": 1, ""המנעי"": 1, ""מאמינים"": 1, ""היכי"": 1, ""ידעת"": 1, ""ידיד"": 1, ""מצנפתו"": 1, ""עניי"": 1, ""והאמנתיו"": 1, ""ואהבת"": 1, ""ידידות"": 1, ""ידעתם"": 1, ""האמיצי"": 1, ""ואהבתם"": 1, ""מכסהו"": 1, ""ויאמרנו"": 1, ""מצנעיי"": 1, ""ידידותא"": 1, ""האמיציון"": 1, ""ויאמרנוו"": 1, ""מצנעייי"": 1, ""ויאמרנווים"": 1, ""מצנעיייי"": 1, ""מצנעייייי"": 1, ""מצנעיייייי"": 1}","{""אמון"": [""אמון""], ""האמנים"": [""האמנים""], ""האמן"": [""האמן""], ""כי"": [""כי""], ""כאשר"": [""כאשר""], ""מצנע"": [""מצנע""], ""אמן"": [""אמן""], ""והיה"": [""והיה""], ""ויאמר"": [""ויאמר""], ""מצנפת"": [""מצנפת""], ""הוי"": [""הוי""], ""מצנעי"": [""מצנעי""], ""ואהיה"": [""ואהיה""], ""ואל"": [""ואל""], ""עין"": [""עין""], ""והאמנתי"": [""והאמנתי""], ""ויאמן"": [""ויאמן""], ""המצא"": [""המצא""], ""מכסה"": [""מכסה""], ""והאמנם"": [""והאמנם""], ""עני"": [""עני""], ""כיון"": [""כיון""], ""יתן"": [""יתן""], ""היכן"": [""היכן""], ""המנעים"": [""המנעים""], ""האמיצים"": [""האמיצים""], ""המנעי"": [""המנעי""], ""מאמינים"": [""מאמינים""], ""היכי"": [""היכי""], ""ידעת"": [""ידעת""], ""ידיד"": [""ידיד""], ""מצנפתו"": [""מצנפתו""], ""עניי"": [""עניי""], ""והאמנתיו"": [""והאמנתיו""], ""ואהבת"": [""ואהבת""], ""ידידות"": [""ידידות""], ""ידעתם"": [""ידעתם""], ""האמיצי"": [""האמיצי""], ""ואהבתם"": [""ואהבתם""], ""מכסהו"": [""מכסהו""], ""ויאמרנו"": [""ויאמרנו""], ""מצנעיי"": [""מצנעיי""], ""ידידותא"": [""ידידותא""], ""האמיציון"": [""האמיציון""], ""ויאמרנוו"": [""ויאמרנוו""], ""מצנעייי"": [""מצנעייי""], ""ויאמרנווים"": [""ויאמרנווים""], ""מצנעיייי"": [""מצנעיייי""], ""מצנעייייי"": [""מצנעייייי""], ""מצנעיייייי"": [""מצנעיייייי""]}",אמון,0.0298,האמנים,0.026518,האמן,0.019817,כי,0.016387,כאשר,0.016133,מצנע,0.014898,אמן,0.009827,והיה,0.002977,ויאמר,0.002887,מצנפת,0.002656,הוי,0.002417,מצנעי,0.002101,ואהיה,0.002049,ואל,0.001797,עין,0.001676,והאמנתי,0.001633,ויאמן,0.001521,המצא,0.001394,מכסה,0.001234,והאמנם,0.001214,עני,0.001188,כיון,0.001109,יתן,0.000662,היכן,0.000624,המנעים,0.000448,האמיצים,0.000303,המנעי,0.000272,מאמינים,0.000235,היכי,0.000187,ידעת,0.000154,ידיד,0.000138,מצנפתו,0.000125,עניי,0.00012,והאמנתיו,0.000102,ואהבת,6.1e-05,ידידות,1.5e-05,ידעתם,1.4e-05,האמיצי,1.3e-05,ואהבתם,1e-05,מכסהו,6e-06,ויאמרנו,4e-06,מצנעיי,4e-06,ידידותא,3e-06,האמיציון,0.0,ויאמרנוו,0.0,מצנעייי,0.0,ויאמרנווים,0.0,מצנעיייי,0.0,מצנעייייי,0.0,מצנעיייייי,0.0,ADV,True,ויהי,היי,True,False,True,True,True,True,True,25.0,15.0,10.0,False,True
Midrash_Aggadic_Midrash_Midrash_Rabbah_Bereishit_Rabbah__1_1,bereishit_rabbah,54,אמן,4.3142,0.7212,0.0,0.372,50,1,True,"{""אמן"": 1, ""ביום"": 1, ""כאשר"": 1, ""לי"": 1, ""אמון"": 1, ""כי"": 1, ""אל"": 1, ""בעת"": 1, ""האמן"": 1, ""בימי"": 1, ""אחרי"": 1, ""אחר"": 1, ""שם"": 1, ""מצנע"": 1, ""דוד"": 1, ""ערב"": 1, ""עת"": 1, ""בימים"": 1, ""אלקים"": 1, ""האמנים"": 1, ""לאמר"": 1, ""כשמוע"": 1, ""דן"": 1, ""לאדם"": 1, ""אחרון"": 1, ""לאמון"": 1, ""לאמנון"": 1, ""עתיד"": 1, ""מצניע"": 1, ""האמיץ"": 1, ""מצנפת"": 1, ""כיון"": 1, ""כהושע"": 1, ""דודו"": 1, ""בעתיד"": 1, ""כאשרק"": 1, ""כאשרקח"": 1, ""כשמועה"": 1, ""בימיי"": 1, ""עתידים"": 1, ""לאמרנו"": 1, ""כהושעיה"": 1, ""בעתידים"": 1, ""כאשרקחתי"": 1, ""כשמועהו"": 1, ""דודוים"": 1, ""כהושעיהו"": 1, ""כאשרקחתיו"": 1, ""לאמרנוו"": 1, ""לאמרנווים"": 1}","{""אמן"": [""אמן""], ""ביום"": [""ביום""], ""כאשר"": [""כאשר""], ""לי"": [""לי""], ""אמון"": [""אמון""], ""כי"": [""כי""], ""אל"": [""אל""], ""בעת"": [""בעת""], ""האמן"": [""האמן""], ""בימי"": [""בימי""], ""אחרי"": [""אחרי""], ""אחר"": [""אחר""], ""שם"": [""שם""], ""מצנע"": [""מצנע""], ""דוד"": [""דוד""], ""ערב"": [""ערב""], ""עת"": [""עת""], ""בימים"": [""בימים""], ""אלקים"": [""אלקים""], ""האמנים"": [""האמנים""], ""לאמר"": [""לאמר""], ""כשמוע"": [""כשמוע""], ""דן"": [""דן""], ""לאדם"": [""לאדם""], ""אחרון"": [""אחרון""], ""לאמון"": [""לאמון""], ""לאמנון"": [""לאמנון""], ""עתיד"": [""עתיד""], ""מצניע"": [""מצניע""], ""האמיץ"": [""האמיץ""], ""מצנפת"": [""מצנפת""], ""כיון"": [""כיון""], ""כהושע"": [""כהושע""], ""דודו"": [""דודו""], ""בעתיד"": [""בעתיד""], ""כאשרק"": [""כאשרק""], ""כאשרקח"": [""כאשרקח""], ""כשמועה"": [""כשמועה""], ""בימיי"": [""בימיי""], ""עתידים"": [""עתידים""], ""לאמרנו"": [""לאמרנו""], ""כהושעיה"": [""כהושעיה""], ""בעתידים"": [""בעתידים""], ""כאשרקחתי"": [""כאשרקחתי""], ""כשמועהו"": [""כשמועהו""], ""דודוים"": [""דודוים""], ""כהושעיהו"": [""כהושעיהו""], ""כאשרקחתיו"": [""כאשרקחתיו""], ""לאמרנוו"": [""לאמרנוו""], ""לאמרנווים"": [""לאמרנווים""]}",אמן,0.05027,ביום,0.048846,כאשר,0.038041,לי,0.02418,אמון,0.022658,כי,0.022363,אל,0.020362,בעת,0.020362,האמן,0.019262,בימי,0.018965,אחרי,0.01537,אחר,0.015132,שם,0.012742,מצנע,0.008656,דוד,0.007594,ערב,0.004984,עת,0.004263,בימים,0.002337,אלקים,0.00219,האמנים,0.001986,לאמר,0.001981,כשמוע,0.001531,דן,0.00134,לאדם,0.00132,אחרון,0.001294,לאמון,0.001219,לאמנון,0.000673,עתיד,0.000394,מצניע,0.000364,האמיץ,0.000314,מצנפת,0.000297,כיון,0.000186,כהושע,0.000132,דודו,0.000117,בעתיד,8.5e-05,כאשרק,5.7e-05,כאשרקח,2.6e-05,כשמועה,2e-05,בימיי,1.7e-05,עתידים,1.2e-05,לאמרנו,1e-05,כהושעיה,7e-06,בעתידים,4e-06,כאשרקחתי,0.0,כשמועהו,0.0,דודוים,0.0,כהושעיהו,0.0,כאשרקחתיו,0.0,לאמרנוו,0.0,לאמרנווים,0.0,ADV,True,אמן,אמן,True,False,True,True,True,True,True,34.0,36.0,-2.0,True,False
Midrash_Aggadic_Midrash_Midrash_Rabbah_Bereishit_Rabbah__1_1,bereishit_rabbah,55,את,7.2143,0.8621,0.7991,0.229,50,-1,False,"{""אמן"": 1, ""מצנע"": 1, ""על"": 1, ""אל"": 1, ""לא"": 1, ""אשר"": 1, ""עלי"": 1, ""ואמת"": 1, ""ביד"": 1, ""נאמן"": 1, ""אמון"": 1, ""בפי"": 1, ""עבד"": 1, ""האמן"": 1, ""מכסה"": 1, ""ואמונה"": 1, ""שמע"": 1, ""ואמנה"": 1, ""יי"": 1, ""למשה"": 1, ""לאמר"": 1, ""מצניע"": 1, ""בפיו"": 1, ""לאמנים"": 1, ""האמנים"": 1, ""שמו"": 1, ""שמעון"": 1, ""אלקים"": 1, ""עבדי"": 1, ""נאם"": 1, ""מוכן"": 1, ""עליון"": 1, ""מצנעת"": 1, ""ידיד"": 1, ""בידם"": 1, ""ידך"": 1, ""אשרי"": 1, ""עלינו"": 1, ""מצניעו"": 1, ""ואמנהו"": 1, ""מצנעתו"": 1, ""האמיץ"": 1, ""מכסהו"": 1, ""ידידיה"": 1, ""ואמונהו"": 1, ""למשהו"": 1, ""לאמרת"": 1, ""שמוון"": 1, ""לאמרתך"": 1, ""ידידיהו"": 1}","{""אמן"": [""אמן""], ""מצנע"": [""מצנע""], ""על"": [""על""], ""אל"": [""אל""], ""לא"": [""לא""], ""אשר"": [""אשר""], ""עלי"": [""עלי""], ""ואמת"": [""ואמת""], ""ביד"": [""ביד""], ""נאמן"": [""נאמן""], ""אמון"": [""אמון""], ""בפי"": [""בפי""], ""עבד"": [""עבד""], ""האמן"": [""האמן""], ""מכסה"": [""מכסה""], ""ואמונה"": [""ואמונה""], ""שמע"": [""שמע""], ""ואמנה"": [""ואמנה""], ""יי"": [""יי""], ""למשה"": [""למשה""], ""לאמר"": [""לאמר""], ""מצניע"": [""מצניע""], ""בפיו"": [""בפיו""], ""לאמנים"": [""לאמנים""], ""האמנים"": [""האמנים""], ""שמו"": [""שמו""], ""שמעון"": [""שמעון""], ""אלקים"": [""אלקים""], ""עבדי"": [""עבדי""], ""נאם"": [""נאם""], ""מוכן"": [""מוכן""], ""עליון"": [""עליון""], ""מצנעת"": [""מצנעת""], ""ידיד"": [""ידיד""], ""בידם"": [""בידם""], ""ידך"": [""ידך""], ""אשרי"": [""אשרי""], ""עלינו"": [""עלינו""], ""מצניעו"": [""מצניעו""], ""ואמנהו"": [""ואמנהו""], ""מצנעתו"": [""מצנעתו""], ""האמיץ"": [""האמיץ""], ""מכסהו"": [""מכסהו""], ""ידידיה"": [""ידידיה""], ""ואמונהו"": [""ואמונהו""], ""למשהו"": [""למשהו""], ""לאמרת"": [""לאמרת""], ""שמוון"": [""שמוון""], ""לאמרתך"": [""לאמרתך""], ""ידידיהו"": [""ידידיהו""]}",אמן,0.050151,מצנע,0.028589,על,0.027054,אל,0.025021,לא,0.013393,אשר,0.011819,עלי,0.011261,ואמת,0.010094,ביד,0.006291,נאמן,0.005395,אמון,0.004181,בפי,0.004062,עבד,0.003656,האמן,0.003593,מכסה,0.003199,ואמונה,0.002426,שמע,0.002,ואמנה,0.001803,יי,0.001769,למשה,0.001425,לאמר,0.001277,מצניע,0.001274,בפיו,0.001265,לאמנים,0.001228,האמנים,0.000855,שמו,0.000796,שמעון,0.000729,אלקים,0.00071,עבדי,0.000668,נאם,0.000534,מוכן,0.000418,עליון,0.000413,מצנעת,0.000377,ידיד,0.000365,בידם,0.000298,ידך,0.000139,אשרי,0.000109,עלינו,0.000101,מצניעו,6.2e-05,ואמנהו,5.9e-05,מצנעתו,5e-05,האמיץ,2.5e-05,מכסהו,1.6e-05,ידידיה,1.2e-05,ואמונהו,8e-06,למשהו,7e-06,לאמרת,2e-06,שמוון,2e-06,לאמרתך,0.0,ידידיהו,0.0,PROPN,False,את,את,False,True,False,True,True,True,False,,,,False,False
Midrash_Aggadic_Midrash_Midrash_Rabbah_Bereishit_Rabbah__1_1,bereishit_rabbah,56,הדסה.,14.1545,0.8622,0.7621,0.1754,50,-1,False,"{""הינק"": 1, ""כל"": 1, ""אמן"": 1, ""דוד"": 1, ""עבד"": 1, ""הנער"": 1, ""נפש"": 1, ""עבדי"": 1, ""האמן"": 1, ""שמע"": 1, ""העם"": 1, ""האמנים"": 1, ""נפשי"": 1, ""המן"": 1, ""עשו"": 1, ""יד"": 1, ""ידיו"": 1, ""הים"": 1, ""המים"": 1, ""הינקים"": 1, ""פניו"": 1, ""פיך"": 1, ""הנפש"": 1, ""ידיד"": 1, ""אמנים"": 1, ""שרי"": 1, ""נח"": 1, ""שמעון"": 1, ""דן"": 1, ""דודו"": 1, ""העתיד"": 1, ""אמונת"": 1, ""העתים"": 1, ""כלם"": 1, ""אמונתו"": 1, ""העתידות"": 1, ""ידידיה"": 1, ""הנפשות"": 1, ""האמורי"": 1, ""אמונתך"": 1, ""הנערו"": 1, ""האמוריים"": 1, ""ידיוו"": 1, ""שריי"": 1, ""נחשת"": 1, ""ידידיהו"": 1, ""נחשתו"": 1, ""הנערוות"": 1, ""הנערוותא"": 1, ""שרייון"": 1}","{""הינק"": [""הינק""], ""כל"": [""כל""], ""אמן"": [""אמן""], ""דוד"": [""דוד""], ""עבד"": [""עבד""], ""הנער"": [""הנער""], ""נפש"": [""נפש""], ""עבדי"": [""עבדי""], ""האמן"": [""האמן""], ""שמע"": [""שמע""], ""העם"": [""העם""], ""האמנים"": [""האמנים""], ""נפשי"": [""נפשי""], ""המן"": [""המן""], ""עשו"": [""עשו""], ""יד"": [""יד""], ""ידיו"": [""ידיו""], ""הים"": [""הים""], ""המים"": [""המים""], ""הינקים"": [""הינקים""], ""פניו"": [""פניו""], ""פיך"": [""פיך""], ""הנפש"": [""הנפש""], ""ידיד"": [""ידיד""], ""אמנים"": [""אמנים""], ""שרי"": [""שרי""], ""נח"": [""נח""], ""שמעון"": [""שמעון""], ""דן"": [""דן""], ""דודו"": [""דודו""], ""העתיד"": [""העתיד""], ""אמונת"": [""אמונת""], ""העתים"": [""העתים""], ""כלם"": [""כלם""], ""אמונתו"": [""אמונתו""], ""העתידות"": [""העתידות""], ""ידידיה"": [""ידידיה""], ""הנפשות"": [""הנפשות""], ""האמורי"": [""האמורי""], ""אמונתך"": [""אמונתך""], ""הנערו"": [""הנערו""], ""האמוריים"": [""האמוריים""], ""ידיוו"": [""ידיוו""], ""שריי"": [""שריי""], ""נחשת"": [""נחשת""], ""ידידיהו"": [""ידידיהו""], ""נחשתו"": [""נחשתו""], ""הנערוות"": [""הנערוות""], ""הנערוותא"": [""הנערוותא""], ""שרייון"": [""שרייון""]}",הינק,0.039812,כל,0.018123,אמן,0.013817,דוד,0.008919,עבד,0.008487,הנער,0.007202,נפש,0.00621,עבדי,0.005942,האמן,0.004992,שמע,0.004991,העם,0.004809,האמנים,0.004709,נפשי,0.00458,המן,0.004456,עשו,0.004335,יד,0.00412,ידיו,0.003751,הים,0.003592,המים,0.003015,הינקים,0.002506,פניו,0.001927,פיך,0.001728,הנפש,0.001463,ידיד,0.001444,אמנים,0.001423,שרי,0.001408,נח,0.001322,שמעון,0.0013,דן,0.001016,דודו,0.000857,העתיד,0.000811,אמונת,0.000654,העתים,0.000469,כלם,0.00023,אמונתו,0.00019,העתידות,0.000182,ידידיה,0.000166,הנפשות,0.000138,האמורי,0.000106,אמונתך,6.5e-05,הנערו,3.9e-05,האמוריים,2.8e-05,ידיוו,1.1e-05,שריי,8e-06,נחשת,7e-06,ידידיהו,2e-06,נחשתו,0.0,הנערוות,0.0,הנערוותא,0.0,שרייון,0.0,AUX,False,הדסה,הדסה,False,False,False,True,True,True,False,,,,False,False
Midrash_Aggadic_Midrash_Midrash_Rabbah_Bereishit_Rabbah__1_1,bereishit_rabbah,57,אמון,2.7105,0.589,0.0,0.5605,50,2,True,"{""וגו"": 1, ""אמון"": 1, ""אמן"": 1, ""אל"": 1, ""אשר"": 1, ""ואת"": 1, ""בת"": 1, ""את"": 1, ""על"": 1, ""רבת"": 1, ""ויהי"": 1, ""רבתא"": 1, ""האמן"": 1, ""ואמר"": 1, ""עין"": 1, ""ואהיה"": 1, ""עיני"": 1, ""ביד"": 1, ""האמנים"": 1, ""היך"": 1, ""היכן"": 1, ""רבתי"": 1, ""מכסה"": 1, ""אלין"": 1, ""באה"": 1, ""היכל"": 1, ""באהל"": 1, ""בתו"": 1, ""מושל"": 1, ""ואהבת"": 1, ""ואתה"": 1, ""אשרה"": 1, ""האמינה"": 1, ""אתן"": 1, ""עלית"": 1, ""עיניי"": 1, ""בידם"": 1, ""ואהבתה"": 1, ""רבתיו"": 1, ""אשרהו"": 1, ""היכלך"": 1, ""מושלחת"": 1, ""ואתהיה"": 1, ""האמינהו"": 1, ""עליתו"": 1, ""באהלך"": 1, ""ואהבתהו"": 1, ""רבתיוון"": 1, ""מושלחתו"": 1, ""ואתהיהו"": 1}","{""וגו"": [""וגו""], ""אמון"": [""אמון""], ""אמן"": [""אמן""], ""אל"": [""אל""], ""אשר"": [""אשר""], ""ואת"": [""ואת""], ""בת"": [""בת""], ""את"": [""את""], ""על"": [""על""], ""רבת"": [""רבת""], ""ויהי"": [""ויהי""], ""רבתא"": [""רבתא""], ""האמן"": [""האמן""], ""ואמר"": [""ואמר""], ""עין"": [""עין""], ""ואהיה"": [""ואהיה""], ""עיני"": [""עיני""], ""ביד"": [""ביד""], ""האמנים"": [""האמנים""], ""היך"": [""היך""], ""היכן"": [""היכן""], ""רבתי"": [""רבתי""], ""מכסה"": [""מכסה""], ""אלין"": [""אלין""], ""באה"": [""באה""], ""היכל"": [""היכל""], ""באהל"": [""באהל""], ""בתו"": [""בתו""], ""מושל"": [""מושל""], ""ואהבת"": [""ואהבת""], ""ואתה"": [""ואתה""], ""אשרה"": [""אשרה""], ""האמינה"": [""האמינה""], ""אתן"": [""אתן""], ""עלית"": [""עלית""], ""עיניי"": [""עיניי""], ""בידם"": [""בידם""], ""ואהבתה"": [""ואהבתה""], ""רבתיו"": [""רבתיו""], ""אשרהו"": [""אשרהו""], ""היכלך"": [""היכלך""], ""מושלחת"": [""מושלחת""], ""ואתהיה"": [""ואתהיה""], ""האמינהו"": [""האמינהו""], ""עליתו"": [""עליתו""], ""באהלך"": [""באהלך""], ""ואהבתהו"": [""ואהבתהו""], ""רבתיוון"": [""רבתיוון""], ""מושלחתו"": [""מושלחתו""], ""ואתהיהו"": [""ואתהיהו""]}",וגו,0.288797,אמון,0.152776,אמן,0.018534,אל,0.013908,אשר,0.012274,ואת,0.011176,בת,0.009862,את,0.008049,על,0.008049,רבת,0.00618,ויהי,0.006005,רבתא,0.005717,האמן,0.002588,ואמר,0.002211,עין,0.001776,ואהיה,0.001769,עיני,0.001567,ביד,0.001476,האמנים,0.001309,היך,0.001302,היכן,0.001073,רבתי,0.001057,מכסה,0.000992,אלין,0.000474,באה,0.000416,היכל,0.000192,באהל,0.000191,בתו,0.000186,מושל,0.000133,ואהבת,0.00012,ואתה,7.6e-05,אשרה,4.9e-05,האמינה,4.3e-05,אתן,4.1e-05,עלית,4e-05,עיניי,4e-05,בידם,2e-05,ואהבתה,1.9e-05,רבתיו,9e-06,אשרהו,5e-06,היכלך,3e-06,מושלחת,3e-06,ואתהיה,3e-06,האמינהו,1e-06,עליתו,1e-06,באהלך,1e-06,ואהבתהו,0.0,רבתיוון,0.0,מושלחתו,0.0,ואתהיהו,0.0,NUM,False,אמון,אמון,False,False,False,True,True,True,False,,,,False,False
Midrash_Aggadic_Midrash_Midrash_Rabbah_Bereishit_Rabbah__1_1,bereishit_rabbah,58,"רבתא,",1.5057,0.1698,0.0,0.7846,5,2,True,"{""רבת"": 1, ""רבתא"": 1, ""אית"": 1, ""רבתי"": 1, ""איתן"": 1}","{""רבת"": [""רבת""], ""רבתא"": [""רבתא""], ""אית"": [""אית""], ""רבתי"": [""רבתי""], ""איתן"": [""איתן""]}",רבת,0.353434,רבתא,0.35215,אית,0.07198,רבתי,0.003926,איתן,0.003116,,,,,,,,,,,,,,,,,,,,,,,,,,,,,,,,,,,,,,,,,,,,,,,,,,,,,,,,,,,,,,,,,,,,,,,,,,,,,,,,,,,,,,,,,,,AUX,False,רבתא,רבתא,False,False,False,True,True,True,False,,,,False,False
Midrash_Aggadic_Midrash_Midrash_Rabbah_Bereishit_Rabbah__1_1,bereishit_rabbah,59,כמא,13.4033,0.8589,0.7883,1.4119,5,-1,False,"{""היא"": 1, ""היאך"": 1, ""אמון"": 1, ""הוא"": 1, ""אמן"": 1}","{""היא"": [""היא""], ""היאך"": [""היאך""], ""אמון"": [""אמון""], ""הוא"": [""הוא""], ""אמן"": [""אמן""]}",היא,0.665079,היאך,0.664515,אמון,0.040611,הוא,0.035248,אמן,0.006426,,,,,,,,,,,,,,,,,,,,,,,,,,,,,,,,,,,,,,,,,,,,,,,,,,,,,,,,,,,,,,,,,,,,,,,,,,,,,,,,,,,,,,,,,,,SYM,True,כמא,כמא,False,False,False,True,True,True,False,,,,False,False
Midrash_Aggadic_Midrash_Midrash_Rabbah_Bereishit_Rabbah__1_1,bereishit_rabbah,60,דתימא,10.1297,0.6561,0.3113,0.3597,50,-1,False,"{""דאת"": 1, ""דכת"": 1, ""דכתיב"": 1, ""מה"": 1, ""אמר"": 1, ""אמן"": 1, ""את"": 1, ""אמון"": 1, ""היך"": 1, ""רבת"": 1, ""רבתא"": 1, ""רבי"": 1, ""כמא"": 1, ""ית"": 1, ""שמע"": 1, ""תמן"": 1, ""מכסה"": 1, ""פדגוג"": 1, ""דאתמר"": 1, ""אמרו"": 1, ""תולע"": 1, ""מאי"": 1, ""קדם"": 1, ""היכא"": 1, ""יאמר"": 1, ""אתמר"": 1, ""היכן"": 1, ""שמעת"": 1, ""שיר"": 1, ""תולעת"": 1, ""פירש"": 1, ""שמעתא"": 1, ""מהו"": 1, ""כהן"": 1, ""יתיר"": 1, ""יאמרו"": 1, ""קדמאה"": 1, ""כמאן"": 1, ""תולעא"": 1, ""פירשא"": 1, ""יתירא"": 1, ""תולעתא"": 1, ""פדגוגא"": 1, ""קדמיה"": 1, ""מכסת"": 1, ""מכסתא"": 1, ""שיראה"": 1, ""מהוות"": 1, ""שיראהו"": 1, ""מהוותא"": 1}","{""דאת"": [""דאת""], ""דכת"": [""דכת""], ""דכתיב"": [""דכתיב""], ""מה"": [""מה""], ""אמר"": [""אמר""], ""אמן"": [""אמן""], ""את"": [""את""], ""אמון"": [""אמון""], ""היך"": [""היך""], ""רבת"": [""רבת""], ""רבתא"": [""רבתא""], ""רבי"": [""רבי""], ""כמא"": [""כמא""], ""ית"": [""ית""], ""שמע"": [""שמע""], ""תמן"": [""תמן""], ""מכסה"": [""מכסה""], ""פדגוג"": [""פדגוג""], ""דאתמר"": [""דאתמר""], ""אמרו"": [""אמרו""], ""תולע"": [""תולע""], ""מאי"": [""מאי""], ""קדם"": [""קדם""], ""היכא"": [""היכא""], ""יאמר"": [""יאמר""], ""אתמר"": [""אתמר""], ""היכן"": [""היכן""], ""שמעת"": [""שמעת""], ""שיר"": [""שיר""], ""תולעת"": [""תולעת""], ""פירש"": [""פירש""], ""שמעתא"": [""שמעתא""], ""מהו"": [""מהו""], ""כהן"": [""כהן""], ""יתיר"": [""יתיר""], ""יאמרו"": [""יאמרו""], ""קדמאה"": [""קדמאה""], ""כמאן"": [""כמאן""], ""תולעא"": [""תולעא""], ""פירשא"": [""פירשא""], ""יתירא"": [""יתירא""], ""תולעתא"": [""תולעתא""], ""פדגוגא"": [""פדגוגא""], ""קדמיה"": [""קדמיה""], ""מכסת"": [""מכסת""], ""מכסתא"": [""מכסתא""], ""שיראה"": [""שיראה""], ""מהוות"": [""מהוות""], ""שיראהו"": [""שיראהו""], ""מהוותא"": [""מהוותא""]}",דאת,0.118321,דכת,0.071765,דכתיב,0.061147,מה,0.030358,אמר,0.015505,אמן,0.013023,את,0.010329,אמון,0.007306,היך,0.004235,רבת,0.00358,רבתא,0.003301,רבי,0.002877,כמא,0.002411,ית,0.001633,שמע,0.001381,תמן,0.001203,מכסה,0.001105,פדגוג,0.001054,דאתמר,0.001042,אמרו,0.000886,תולע,0.000822,מאי,0.000741,קדם,0.000716,היכא,0.000711,יאמר,0.000691,אתמר,0.000549,היכן,0.000529,שמעת,0.000505,שיר,0.000384,תולעת,0.000317,פירש,0.000282,שמעתא,0.000163,מהו,0.00014,כהן,0.000139,יתיר,0.000137,יאמרו,9.9e-05,קדמאה,6.3e-05,כמאן,6.1e-05,תולעא,4.4e-05,פירשא,2.6e-05,יתירא,2.6e-05,תולעתא,2.5e-05,פדגוגא,2.5e-05,קדמיה,2.5e-05,מכסת,1.8e-05,מכסתא,1.1e-05,שיראה,1e-05,מהוות,0.0,שיראהו,0.0,מהוותא,0.0,SYM,False,דתימא,מכילתא,False,False,False,True,True,True,False,,,,False,False
Midrash_Aggadic_Midrash_Midrash_Rabbah_Bereishit_Rabbah__1_1,bereishit_rabbah,61,:,11.1387,1.1303,1.027,0.2934,50,-1,False,"{""אמון"": 1, ""אמן"": 1, ""ויהי"": 1, ""היא"": 1, ""היאך"": 1, ""רבת"": 1, ""על"": 1, ""רבתא"": 1, ""אשר"": 1, ""מה"": 1, ""הדסה"": 1, ""כמא"": 1, ""האמנים"": 1, ""רבי"": 1, ""האמן"": 1, ""היך"": 1, ""מכסה"": 1, ""דא"": 1, ""ויאמר"": 1, ""שמע"": 1, ""מאי"": 1, ""הדס"": 1, ""אשרי"": 1, ""עבד"": 1, ""עלי"": 1, ""היכא"": 1, ""שמא"": 1, ""היכי"": 1, ""כה"": 1, ""דהא"": 1, ""עלמא"": 1, ""עבדא"": 1, ""מהו"": 1, ""שמעון"": 1, ""הדסא"": 1, ""כמאן"": 1, ""דאיהו"": 1, ""כהן"": 1, ""דאיהי"": 1, ""האמינה"": 1, ""עליון"": 1, ""מכסת"": 1, ""מכסתא"": 1, ""האמינהו"": 1, ""ויאמרנו"": 1, ""שמאן"": 1, ""ויאמרנוו"": 1, ""ויאמרנוויה"": 1, ""ויאמרנוויהו"": 1, ""ויאמרנוויהויה"": 1}","{""אמון"": [""אמון""], ""אמן"": [""אמן""], ""ויהי"": [""ויהי""], ""היא"": [""היא""], ""היאך"": [""היאך""], ""רבת"": [""רבת""], ""על"": [""על""], ""רבתא"": [""רבתא""], ""אשר"": [""אשר""], ""מה"": [""מה""], ""הדסה"": [""הדסה""], ""כמא"": [""כמא""], ""האמנים"": [""האמנים""], ""רבי"": [""רבי""], ""האמן"": [""האמן""], ""היך"": [""היך""], ""מכסה"": [""מכסה""], ""דא"": [""דא""], ""ויאמר"": [""ויאמר""], ""שמע"": [""שמע""], ""מאי"": [""מאי""], ""הדס"": [""הדס""], ""אשרי"": [""אשרי""], ""עבד"": [""עבד""], ""עלי"": [""עלי""], ""היכא"": [""היכא""], ""שמא"": [""שמא""], ""היכי"": [""היכי""], ""כה"": [""כה""], ""דהא"": [""דהא""], ""עלמא"": [""עלמא""], ""עבדא"": [""עבדא""], ""מהו"": [""מהו""], ""שמעון"": [""שמעון""], ""הדסא"": [""הדסא""], ""כמאן"": [""כמאן""], ""דאיהו"": [""דאיהו""], ""כהן"": [""כהן""], ""דאיהי"": [""דאיהי""], ""האמינה"": [""האמינה""], ""עליון"": [""עליון""], ""מכסת"": [""מכסת""], ""מכסתא"": [""מכסתא""], ""האמינהו"": [""האמינהו""], ""ויאמרנו"": [""ויאמרנו""], ""שמאן"": [""שמאן""], ""ויאמרנוו"": [""ויאמרנוו""], ""ויאמרנוויה"": [""ויאמרנוויה""], ""ויאמרנוויהו"": [""ויאמרנוויהו""], ""ויאמרנוויהויה"": [""ויאמרנוויהויה""]}",אמון,0.063639,אמן,0.042393,ויהי,0.020783,היא,0.016905,היאך,0.016014,רבת,0.015756,על,0.015635,רבתא,0.014704,אשר,0.012962,מה,0.011802,הדסה,0.00887,כמא,0.008762,האמנים,0.007711,רבי,0.005888,האמן,0.005252,היך,0.003944,מכסה,0.003418,דא,0.003264,ויאמר,0.002625,שמע,0.002031,מאי,0.002016,הדס,0.001219,אשרי,0.001103,עבד,0.001026,עלי,0.000799,היכא,0.000742,שמא,0.000619,היכי,0.000518,כה,0.000518,דהא,0.000447,עלמא,0.000392,עבדא,0.000309,מהו,0.000247,שמעון,0.000233,הדסא,0.000203,כמאן,0.000164,דאיהו,0.00016,כהן,0.000123,דאיהי,7.1e-05,האמינה,4.8e-05,עליון,4e-05,מכסת,3.7e-05,מכסתא,2e-05,האמינהו,9e-06,ויאמרנו,3e-06,שמאן,2e-06,ויאמרנוו,0.0,ויאמרנוויה,0.0,ויאמרנוויהו,0.0,ויאמרנוויהויה,0.0,X,False,,,False,False,False,False,True,True,False,,,,False,False
Midrash_Aggadic_Midrash_Midrash_Rabbah_Bereishit_Rabbah__1_1,bereishit_rabbah,62,התיטבי,34.0371,0.8563,0.4156,0.2566,50,-1,False,"{""ויהי"": 1, ""אמן"": 1, ""אמון"": 1, ""כאשר"": 1, ""כי"": 1, ""אשר"": 1, ""מה"": 1, ""האמנים"": 1, ""האמן"": 1, ""ויאמר"": 1, ""ואהיה"": 1, ""כמא"": 1, ""והיה"": 1, ""רבת"": 1, ""רבתא"": 1, ""רבי"": 1, ""ואמר"": 1, ""מאי"": 1, ""מכסה"": 1, ""היך"": 1, ""כיון"": 1, ""אשרי"": 1, ""דא"": 1, ""דוד"": 1, ""מהו"": 1, ""עבד"": 1, ""כה"": 1, ""היכן"": 1, ""והאמנם"": 1, ""היכי"": 1, ""והאמנתי"": 1, ""כמאן"": 1, ""ואהבת"": 1, ""כהן"": 1, ""דודא"": 1, ""דאיהו"": 1, ""מכסות"": 1, ""האמינה"": 1, ""דאיהי"": 1, ""והאמנתיו"": 1, ""ואהבתם"": 1, ""ויאמרנו"": 1, ""האמינהו"": 1, ""מכסותי"": 1, ""מהוות"": 1, ""מהוותא"": 1, ""ויאמרנוו"": 1, ""ויאמרנוויה"": 1, ""ויאמרנוויהו"": 1, ""ויאמרנוויהויה"": 1}","{""ויהי"": [""ויהי""], ""אמן"": [""אמן""], ""אמון"": [""אמון""], ""כאשר"": [""כאשר""], ""כי"": [""כי""], ""אשר"": [""אשר""], ""מה"": [""מה""], ""האמנים"": [""האמנים""], ""האמן"": [""האמן""], ""ויאמר"": [""ויאמר""], ""ואהיה"": [""ואהיה""], ""כמא"": [""כמא""], ""והיה"": [""והיה""], ""רבת"": [""רבת""], ""רבתא"": [""רבתא""], ""רבי"": [""רבי""], ""ואמר"": [""ואמר""], ""מאי"": [""מאי""], ""מכסה"": [""מכסה""], ""היך"": [""היך""], ""כיון"": [""כיון""], ""אשרי"": [""אשרי""], ""דא"": [""דא""], ""דוד"": [""דוד""], ""מהו"": [""מהו""], ""עבד"": [""עבד""], ""כה"": [""כה""], ""היכן"": [""היכן""], ""והאמנם"": [""והאמנם""], ""היכי"": [""היכי""], ""והאמנתי"": [""והאמנתי""], ""כמאן"": [""כמאן""], ""ואהבת"": [""ואהבת""], ""כהן"": [""כהן""], ""דודא"": [""דודא""], ""דאיהו"": [""דאיהו""], ""מכסות"": [""מכסות""], ""האמינה"": [""האמינה""], ""דאיהי"": [""דאיהי""], ""והאמנתיו"": [""והאמנתיו""], ""ואהבתם"": [""ואהבתם""], ""ויאמרנו"": [""ויאמרנו""], ""האמינהו"": [""האמינהו""], ""מכסותי"": [""מכסותי""], ""מהוות"": [""מהוות""], ""מהוותא"": [""מהוותא""], ""ויאמרנוו"": [""ויאמרנוו""], ""ויאמרנוויה"": [""ויאמרנוויה""], ""ויאמרנוויהו"": [""ויאמרנוויהו""], ""ויאמרנוויהויה"": [""ויאמרנוויהויה""]}",ויהי,0.048684,אמן,0.027901,אמון,0.022772,כאשר,0.022074,כי,0.017462,אשר,0.017462,מה,0.017191,האמנים,0.011468,האמן,0.010173,ויאמר,0.009061,ואהיה,0.008719,כמא,0.005722,והיה,0.005642,רבת,0.004888,רבתא,0.004145,רבי,0.002919,ואמר,0.002849,מאי,0.002644,מכסה,0.002263,היך,0.001818,כיון,0.001711,אשרי,0.001705,דא,0.001086,דוד,0.00107,מהו,0.000915,עבד,0.000783,כה,0.000774,היכן,0.000526,והאמנם,0.00048,היכי,0.000479,והאמנתי,0.000398,כמאן,0.00031,ואהבת,0.000141,כהן,0.000133,דודא,4.5e-05,דאיהו,4.4e-05,מכסות,4.2e-05,האמינה,3.6e-05,דאיהי,2.3e-05,והאמנתיו,2e-05,ואהבתם,1.2e-05,ויאמרנו,1.1e-05,האמינהו,8e-06,מכסותי,4e-06,מהוות,1e-06,מהוותא,0.0,ויאמרנוו,0.0,ויאמרנוויה,0.0,ויאמרנוויהו,0.0,ויאמרנוויהויה,0.0,SYM,True,התיטבי,[BLANK],False,False,False,True,True,True,False,,,,False,False
Midrash_Aggadic_Midrash_Midrash_Rabbah_Bereishit_Rabbah__1_1,bereishit_rabbah,63,מנא,12.8969,0.8384,0.6075,0.2362,50,-1,False,"{""אמון"": 1, ""אמן"": 1, ""וגו"": 1, ""אל"": 1, ""את"": 1, ""על"": 1, ""רבת"": 1, ""רבתא"": 1, ""כמא"": 1, ""רבי"": 1, ""עלי"": 1, ""היך"": 1, ""דא"": 1, ""עבד"": 1, ""דתימא"": 1, ""הוי"": 1, ""שמע"": 1, ""מים"": 1, ""שבע"": 1, ""מכסה"": 1, ""אלין"": 1, ""ביד"": 1, ""אתא"": 1, ""עבדא"": 1, ""ותימא"": 1, ""עליה"": 1, ""דתמן"": 1, ""שבעת"": 1, ""בידך"": 1, ""כרבי"": 1, ""בדסה"": 1, ""שמעתא"": 1, ""שמעתת"": 1, ""שמעתתא"": 1, ""עליון"": 1, ""מכסא"": 1, ""ותימר"": 1, ""כמאן"": 1, ""הויי"": 1, ""דתימר"": 1, ""עליהו"": 1, ""אתאש"": 1, ""מכסאך"": 1, ""אתאשא"": 1, ""הוייון"": 1, ""עליהוהתרגום"": 1, ""אתאשאש"": 1, ""אתאשאשא"": 1, ""אתאשאשאש"": 1, ""אתאשאשאשא"": 1}","{""אמון"": [""אמון""], ""אמן"": [""אמן""], ""וגו"": [""וגו""], ""אל"": [""אל""], ""את"": [""את""], ""על"": [""על""], ""רבת"": [""רבת""], ""רבתא"": [""רבתא""], ""כמא"": [""כמא""], ""רבי"": [""רבי""], ""עלי"": [""עלי""], ""היך"": [""היך""], ""דא"": [""דא""], ""עבד"": [""עבד""], ""דתימא"": [""דתימא""], ""הוי"": [""הוי""], ""שמע"": [""שמע""], ""מים"": [""מים""], ""שבע"": [""שבע""], ""מכסה"": [""מכסה""], ""אלין"": [""אלין""], ""ביד"": [""ביד""], ""אתא"": [""אתא""], ""עבדא"": [""עבדא""], ""ותימא"": [""ותימא""], ""עליה"": [""עליה""], ""דתמן"": [""דתמן""], ""שבעת"": [""שבעת""], ""בידך"": [""בידך""], ""כרבי"": [""כרבי""], ""בדסה"": [""בדסה""], ""שמעתא"": [""שמעתא""], ""שמעתת"": [""שמעתת""], ""שמעתתא"": [""שמעתתא""], ""עליון"": [""עליון""], ""מכסא"": [""מכסא""], ""ותימר"": [""ותימר""], ""כמאן"": [""כמאן""], ""הויי"": [""הויי""], ""דתימר"": [""דתימר""], ""עליהו"": [""עליהו""], ""אתאש"": [""אתאש""], ""מכסאך"": [""מכסאך""], ""אתאשא"": [""אתאשא""], ""הוייון"": [""הוייון""], ""עליהוהתרגום"": [""עליהוהתרגום""], ""אתאשאש"": [""אתאשאש""], ""אתאשאשא"": [""אתאשאשא""], ""אתאשאשאש"": [""אתאשאשאש""], ""אתאשאשאשא"": [""אתאשאשאשא""]}",אמון,0.082339,אמן,0.031252,וגו,0.028708,אל,0.017392,את,0.016596,על,0.015111,רבת,0.007254,רבתא,0.006867,כמא,0.006662,רבי,0.003822,עלי,0.002684,היך,0.002322,דא,0.001719,עבד,0.00168,דתימא,0.001649,הוי,0.001596,שמע,0.001486,מים,0.001432,שבע,0.00107,מכסה,0.000841,אלין,0.000776,ביד,0.000716,אתא,0.000525,עבדא,0.000486,ותימא,0.000255,עליה,0.000145,דתמן,0.000138,שבעת,0.000132,בידך,6.7e-05,כרבי,6.7e-05,בדסה,6.5e-05,שמעתא,5.5e-05,שמעתת,5.1e-05,שמעתתא,4.5e-05,עליון,4.2e-05,מכסא,2.9e-05,ותימר,2.4e-05,כמאן,2.4e-05,הויי,1.7e-05,דתימר,1.4e-05,עליהו,1e-05,אתאש,0.0,מכסאך,0.0,אתאשא,0.0,הוייון,0.0,עליהוהתרגום,0.0,אתאשאש,0.0,אתאשאשא,0.0,אתאשאשאש,0.0,אתאשאשאשא,0.0,ADV,False,מנא,מנא,True,False,True,True,True,True,True,10.0,17.0,-7.0,True,False
Midrash_Aggadic_Midrash_Midrash_Rabbah_Bereishit_Rabbah__1_1,bereishit_rabbah,64,"אמון,",5.1011,0.7155,0.0,0.3201,50,4,True,"{""דתימ"": 1, ""דתימא"": 1, ""אמן"": 1, ""אמון"": 1, ""וגו"": 1, ""דאת"": 1, ""רבתא"": 1, ""את"": 1, ""לן"": 1, ""היא"": 1, ""אמר"": 1, ""היאך"": 1, ""ליה"": 1, ""קא"": 1, ""תימא"": 1, ""ידע"": 1, ""שמע"": 1, ""רבי"": 1, ""היך"": 1, ""ואמר"": 1, ""ואית"": 1, ""הוי"": 1, ""מנא"": 1, ""תמן"": 1, ""תימרא"": 1, ""אמרת"": 1, ""שמא"": 1, ""ידעי"": 1, ""ידענא"": 1, ""ותימא"": 1, ""שמעת"": 1, ""קימא"": 1, ""אתא"": 1, ""רבתיה"": 1, ""מיכסי"": 1, ""דתניא"": 1, ""מיכל"": 1, ""ואיתא"": 1, ""ותימר"": 1, ""רבתיהו"": 1, ""הויי"": 1, ""שמעתא"": 1, ""קימעא"": 1, ""ואמרת"": 1, ""שמאן"": 1, ""קימען"": 1, ""ידעיי"": 1, ""מיכסיין"": 1, ""ואמרתא"": 1, ""מיכלך"": 1}","{""דתימ"": [""דתימ""], ""דתימא"": [""דתימא""], ""אמן"": [""אמן""], ""אמון"": [""אמון""], ""וגו"": [""וגו""], ""דאת"": [""דאת""], ""רבתא"": [""רבתא""], ""את"": [""את""], ""לן"": [""לן""], ""היא"": [""היא""], ""אמר"": [""אמר""], ""היאך"": [""היאך""], ""ליה"": [""ליה""], ""קא"": [""קא""], ""תימא"": [""תימא""], ""ידע"": [""ידע""], ""שמע"": [""שמע""], ""רבי"": [""רבי""], ""היך"": [""היך""], ""ואמר"": [""ואמר""], ""ואית"": [""ואית""], ""הוי"": [""הוי""], ""מנא"": [""מנא""], ""תמן"": [""תמן""], ""תימרא"": [""תימרא""], ""אמרת"": [""אמרת""], ""שמא"": [""שמא""], ""ידעי"": [""ידעי""], ""ידענא"": [""ידענא""], ""ותימא"": [""ותימא""], ""שמעת"": [""שמעת""], ""קימא"": [""קימא""], ""אתא"": [""אתא""], ""רבתיה"": [""רבתיה""], ""מיכסי"": [""מיכסי""], ""דתניא"": [""דתניא""], ""מיכל"": [""מיכל""], ""ואיתא"": [""ואיתא""], ""ותימר"": [""ותימר""], ""רבתיהו"": [""רבתיהו""], ""הויי"": [""הויי""], ""שמעתא"": [""שמעתא""], ""קימעא"": [""קימעא""], ""ואמרת"": [""ואמרת""], ""שמאן"": [""שמאן""], ""קימען"": [""קימען""], ""ידעיי"": [""ידעיי""], ""מיכסיין"": [""מיכסיין""], ""ואמרתא"": [""ואמרתא""], ""מיכלך"": [""מיכלך""]}",דתימ,0.042463,דתימא,0.041948,אמן,0.038597,אמון,0.029135,וגו,0.020551,דאת,0.019277,רבתא,0.018042,את,0.014834,לן,0.014256,היא,0.013935,אמר,0.011373,היאך,0.011194,ליה,0.006527,קא,0.004759,תימא,0.004278,ידע,0.004096,שמע,0.003419,רבי,0.003202,היך,0.002287,ואמר,0.002176,ואית,0.002013,הוי,0.001867,מנא,0.001546,תמן,0.001255,תימרא,0.000954,אמרת,0.000951,שמא,0.000949,ידעי,0.000702,ידענא,0.000572,ותימא,0.000507,שמעת,0.000495,קימא,0.000464,אתא,0.000287,רבתיה,0.000257,מיכסי,0.000228,דתניא,0.000202,מיכל,0.000178,ואיתא,0.000119,ותימר,3.6e-05,רבתיהו,2.6e-05,הויי,2.4e-05,שמעתא,2e-05,קימעא,1.7e-05,ואמרת,1.4e-05,שמאן,9e-06,קימען,7e-06,ידעיי,5e-06,מיכסיין,2e-06,ואמרתא,2e-06,מיכלך,1e-06,SYM,False,אמון,אמון,False,False,False,True,True,True,False,,,,False,False
Midrash_Aggadic_Midrash_Midrash_Rabbah_Bereishit_Rabbah__1_1,bereishit_rabbah,65,ומתרגמינן,20.5849,0.7918,0.5332,0.6341,50,-1,False,"{""פדגוג"": 1, ""רבתא"": 1, ""מצנע"": 1, ""מכסה"": 1, ""אית"": 1, ""רב"": 1, ""אמון"": 1, ""רבא"": 1, ""דתימא"": 1, ""אמן"": 1, ""היך"": 1, ""וגו"": 1, ""מצנא"": 1, ""עלי"": 1, ""שעשועים"": 1, ""שמע"": 1, ""ית"": 1, ""עבד"": 1, ""ויהי"": 1, ""איתת"": 1, ""רתא"": 1, ""דרבי"": 1, ""היכא"": 1, ""פלג"": 1, ""פדגוס"": 1, ""איתתא"": 1, ""תימא"": 1, ""נא"": 1, ""תלת"": 1, ""קא"": 1, ""היכן"": 1, ""עבדא"": 1, ""קדש"": 1, ""מים"": 1, ""קדוש"": 1, ""תלתא"": 1, ""שמעת"": 1, ""יתיר"": 1, ""קדשא"": 1, ""עליון"": 1, ""יתירא"": 1, ""שמעתא"": 1, ""ידיד"": 1, ""קדושה"": 1, ""מכסא"": 1, ""פדגוסי"": 1, ""דתימר"": 1, ""ידידות"": 1, ""ידידותא"": 1, ""קדושהו"": 1}","{""פדגוג"": [""פדגוג""], ""רבתא"": [""רבתא""], ""מצנע"": [""מצנע""], ""מכסה"": [""מכסה""], ""אית"": [""אית""], ""רב"": [""רב""], ""אמון"": [""אמון""], ""רבא"": [""רבא""], ""דתימא"": [""דתימא""], ""אמן"": [""אמן""], ""היך"": [""היך""], ""וגו"": [""וגו""], ""מצנא"": [""מצנא""], ""עלי"": [""עלי""], ""שעשועים"": [""שעשועים""], ""שמע"": [""שמע""], ""ית"": [""ית""], ""עבד"": [""עבד""], ""ויהי"": [""ויהי""], ""איתת"": [""איתת""], ""רתא"": [""רתא""], ""דרבי"": [""דרבי""], ""היכא"": [""היכא""], ""פלג"": [""פלג""], ""פדגוס"": [""פדגוס""], ""איתתא"": [""איתתא""], ""תימא"": [""תימא""], ""נא"": [""נא""], ""תלת"": [""תלת""], ""קא"": [""קא""], ""היכן"": [""היכן""], ""עבדא"": [""עבדא""], ""קדש"": [""קדש""], ""מים"": [""מים""], ""קדוש"": [""קדוש""], ""תלתא"": [""תלתא""], ""שמעת"": [""שמעת""], ""יתיר"": [""יתיר""], ""קדשא"": [""קדשא""], ""עליון"": [""עליון""], ""יתירא"": [""יתירא""], ""שמעתא"": [""שמעתא""], ""ידיד"": [""ידיד""], ""קדושה"": [""קדושה""], ""מכסא"": [""מכסא""], ""פדגוסי"": [""פדגוסי""], ""דתימר"": [""דתימר""], ""ידידות"": [""ידידות""], ""ידידותא"": [""ידידותא""], ""קדושהו"": [""קדושהו""]}",פדגוג,0.289544,רבתא,0.142732,מצנע,0.109672,מכסה,0.024684,אית,0.016567,רב,0.011036,אמון,0.006801,רבא,0.006394,דתימא,0.003871,אמן,0.002663,היך,0.002663,וגו,0.002323,מצנא,0.001402,עלי,0.001352,שעשועים,0.001021,שמע,0.000972,ית,0.000871,עבד,0.000795,ויהי,0.000789,איתת,0.000705,רתא,0.000655,דרבי,0.000604,היכא,0.00057,פלג,0.000527,פדגוס,0.000517,איתתא,0.00048,תימא,0.000469,נא,0.000443,תלת,0.000408,קא,0.000359,היכן,0.00031,עבדא,0.000256,קדש,0.000241,מים,0.000232,קדוש,0.000223,תלתא,0.000217,שמעת,0.000154,יתיר,0.000141,קדשא,9.3e-05,עליון,7.3e-05,יתירא,7e-05,שמעתא,6.5e-05,ידיד,6.3e-05,קדושה,2.9e-05,מכסא,2.4e-05,פדגוסי,2.3e-05,דתימר,1.5e-05,ידידות,7e-06,ידידותא,5e-06,קדושהו,0.0,SYM,True,ומתרגמינן,מתאבל,False,False,False,True,True,True,False,,,,False,False
Midrash_Aggadic_Midrash_Midrash_Rabbah_Bereishit_Rabbah__1_1,bereishit_rabbah,66,האת,11.1374,0.8036,0.2292,0.1886,50,-1,False,"{""אמון"": 1, ""אמן"": 1, ""על"": 1, ""ויהי"": 1, ""כמא"": 1, ""התיטבי"": 1, ""האמנים"": 1, ""היך"": 1, ""מנא"": 1, ""האמן"": 1, ""ואהיה"": 1, ""רבתא"": 1, ""מאי"": 1, ""פדגוג"": 1, ""רבי"": 1, ""דא"": 1, ""היכא"": 1, ""עלמא"": 1, ""נא"": 1, ""היכי"": 1, ""ואית"": 1, ""עבד"": 1, ""פלג"": 1, ""דתימא"": 1, ""עתיד"": 1, ""כמאן"": 1, ""עבדא"": 1, ""פלגא"": 1, ""פדגוגא"": 1, ""התיטבאי"": 1, ""התיטבוי"": 1, ""נאום"": 1, ""האמונא"": 1, ""דאיהו"": 1, ""נאמני"": 1, ""כמתרגמינן"": 1, ""רבתיה"": 1, ""עתידין"": 1, ""ותתא"": 1, ""האמונת"": 1, ""התיטבויי"": 1, ""כמתרגמין"": 1, ""רבתיהון"": 1, ""האמונתא"": 1, ""התיטבאיי"": 1, ""ותתאנה"": 1, ""נאמניי"": 1, ""כמתרגמינא"": 1, ""ותתאנהו"": 1, ""ותתאנהוון"": 1}","{""אמון"": [""אמון""], ""אמן"": [""אמן""], ""על"": [""על""], ""ויהי"": [""ויהי""], ""כמא"": [""כמא""], ""התיטבי"": [""התיטבי""], ""האמנים"": [""האמנים""], ""היך"": [""היך""], ""מנא"": [""מנא""], ""האמן"": [""האמן""], ""ואהיה"": [""ואהיה""], ""רבתא"": [""רבתא""], ""מאי"": [""מאי""], ""פדגוג"": [""פדגוג""], ""רבי"": [""רבי""], ""דא"": [""דא""], ""היכא"": [""היכא""], ""עלמא"": [""עלמא""], ""נא"": [""נא""], ""היכי"": [""היכי""], ""ואית"": [""ואית""], ""עבד"": [""עבד""], ""פלג"": [""פלג""], ""דתימא"": [""דתימא""], ""עתיד"": [""עתיד""], ""כמאן"": [""כמאן""], ""עבדא"": [""עבדא""], ""פלגא"": [""פלגא""], ""פדגוגא"": [""פדגוגא""], ""התיטבאי"": [""התיטבאי""], ""התיטבוי"": [""התיטבוי""], ""נאום"": [""נאום""], ""האמונא"": [""האמונא""], ""דאיהו"": [""דאיהו""], ""נאמני"": [""נאמני""], ""כמתרגמינן"": [""כמתרגמינן""], ""רבתיה"": [""רבתיה""], ""עתידין"": [""עתידין""], ""ותתא"": [""ותתא""], ""האמונת"": [""האמונת""], ""התיטבויי"": [""התיטבויי""], ""כמתרגמין"": [""כמתרגמין""], ""רבתיהון"": [""רבתיהון""], ""האמונתא"": [""האמונתא""], ""התיטבאיי"": [""התיטבאיי""], ""ותתאנה"": [""ותתאנה""], ""נאמניי"": [""נאמניי""], ""כמתרגמינא"": [""כמתרגמינא""], ""ותתאנהו"": [""ותתאנהו""], ""ותתאנהוון"": [""ותתאנהוון""]}",אמון,0.076005,אמן,0.025458,על,0.02181,ויהי,0.016153,כמא,0.009949,התיטבי,0.00546,האמנים,0.004046,היך,0.003916,מנא,0.002801,האמן,0.002515,ואהיה,0.002311,רבתא,0.002225,מאי,0.001837,פדגוג,0.001801,רבי,0.001788,דא,0.001616,היכא,0.001113,עלמא,0.001054,נא,0.000994,היכי,0.000982,ואית,0.000895,עבד,0.000808,פלג,0.000475,דתימא,0.000454,עתיד,0.00043,כמאן,0.000278,עבדא,0.000223,פלגא,0.000175,פדגוגא,0.00017,התיטבאי,0.000141,התיטבוי,0.000118,נאום,0.000102,האמונא,8.3e-05,דאיהו,8e-05,נאמני,7.4e-05,כמתרגמינן,6.6e-05,רבתיה,5.1e-05,עתידין,4.5e-05,ותתא,2.1e-05,האמונת,1.9e-05,התיטבויי,1.3e-05,כמתרגמין,8e-06,רבתיהון,5e-06,האמונתא,1e-06,התיטבאיי,1e-06,ותתאנה,1e-06,נאמניי,1e-06,כמתרגמינא,0.0,ותתאנהו,0.0,ותתאנהוון,0.0,ADV,False,האת,האת,True,False,True,True,True,True,True,14.0,28.0,-14.0,True,False
Midrash_Aggadic_Midrash_Midrash_Rabbah_Bereishit_Rabbah__1_1,bereishit_rabbah,67,טבא,10.1995,0.8186,0.3922,0.1292,50,-1,False,"{""אמן"": 1, ""את"": 1, ""אמון"": 1, ""דא"": 1, ""הדסה"": 1, ""האמן"": 1, ""רבת"": 1, ""האת"": 1, ""ית"": 1, ""רבתא"": 1, ""הינק"": 1, ""מנא"": 1, ""התיטבי"": 1, ""דתימא"": 1, ""הדס"": 1, ""רבי"": 1, ""טב"": 1, ""הוי"": 1, ""באת"": 1, ""תיטבי"": 1, ""דאתי"": 1, ""הינוק"": 1, ""אתא"": 1, ""התא"": 1, ""הדסא"": 1, ""תימא"": 1, ""הינוקא"": 1, ""טיבי"": 1, ""יתיר"": 1, ""טיבא"": 1, ""דתימר"": 1, ""האתא"": 1, ""התיטבאי"": 1, ""יתירא"": 1, ""ידיד"": 1, ""מטבי"": 1, ""באתה"": 1, ""מטב"": 1, ""הינקן"": 1, ""בדרא"": 1, ""תיטביי"": 1, ""ידידיה"": 1, ""מטבאי"": 1, ""רביון"": 1, ""באתהון"": 1, ""אתאנו"": 1, ""מטביי"": 1, ""מטבאיי"": 1, ""ידידיהו"": 1, ""אתאנוון"": 1}","{""אמן"": [""אמן""], ""את"": [""את""], ""אמון"": [""אמון""], ""דא"": [""דא""], ""הדסה"": [""הדסה""], ""האמן"": [""האמן""], ""רבת"": [""רבת""], ""האת"": [""האת""], ""ית"": [""ית""], ""רבתא"": [""רבתא""], ""הינק"": [""הינק""], ""מנא"": [""מנא""], ""התיטבי"": [""התיטבי""], ""דתימא"": [""דתימא""], ""הדס"": [""הדס""], ""רבי"": [""רבי""], ""טב"": [""טב""], ""הוי"": [""הוי""], ""באת"": [""באת""], ""תיטבי"": [""תיטבי""], ""דאתי"": [""דאתי""], ""הינוק"": [""הינוק""], ""אתא"": [""אתא""], ""התא"": [""התא""], ""הדסא"": [""הדסא""], ""תימא"": [""תימא""], ""הינוקא"": [""הינוקא""], ""טיבי"": [""טיבי""], ""יתיר"": [""יתיר""], ""טיבא"": [""טיבא""], ""דתימר"": [""דתימר""], ""האתא"": [""האתא""], ""התיטבאי"": [""התיטבאי""], ""יתירא"": [""יתירא""], ""ידיד"": [""ידיד""], ""מטבי"": [""מטבי""], ""באתה"": [""באתה""], ""מטב"": [""מטב""], ""הינקן"": [""הינקן""], ""בדרא"": [""בדרא""], ""תיטביי"": [""תיטביי""], ""ידידיה"": [""ידידיה""], ""מטבאי"": [""מטבאי""], ""רביון"": [""רביון""], ""באתהון"": [""באתהון""], ""אתאנו"": [""אתאנו""], ""מטביי"": [""מטביי""], ""מטבאיי"": [""מטבאיי""], ""ידידיהו"": [""ידידיהו""], ""אתאנוון"": [""אתאנוון""]}",אמן,0.017866,את,0.01724,אמון,0.016268,דא,0.008072,הדסה,0.007639,האמן,0.006948,רבת,0.006301,האת,0.006228,ית,0.005743,רבתא,0.005706,הינק,0.005439,מנא,0.004916,התיטבי,0.003572,דתימא,0.002557,הדס,0.002088,רבי,0.001384,טב,0.001199,הוי,0.001134,באת,0.00105,תיטבי,0.000898,דאתי,0.000868,הינוק,0.000847,אתא,0.000763,התא,0.000717,הדסא,0.000677,תימא,0.000567,הינוקא,0.000436,טיבי,0.00043,יתיר,0.000407,טיבא,0.00033,דתימר,0.000169,האתא,0.000151,התיטבאי,0.000111,יתירא,9.7e-05,ידיד,9.4e-05,מטבי,7.3e-05,באתה,7e-05,מטב,6.2e-05,הינקן,4.9e-05,בדרא,3.2e-05,תיטביי,9e-06,ידידיה,7e-06,מטבאי,7e-06,רביון,6e-06,באתהון,4e-06,אתאנו,2e-06,מטביי,1e-06,מטבאיי,0.0,ידידיהו,0.0,אתאנוון,0.0,SYM,True,טבא,טב,False,False,False,True,True,True,False,,,,False,False
Midrash_Aggadic_Midrash_Midrash_Rabbah_Bereishit_Rabbah__1_1,bereishit_rabbah,68,מאלכסנדריא,23.8107,0.8233,0.6701,0.394,50,-1,False,"{""אמון"": 1, ""הא"": 1, ""וגו"": 1, ""מנא"": 1, ""האת"": 1, ""אמן"": 1, ""ואת"": 1, ""אל"": 1, ""את"": 1, ""על"": 1, ""טבא"": 1, ""היך"": 1, ""והא"": 1, ""ליה"": 1, ""רבת"": 1, ""רבתא"": 1, ""אלין"": 1, ""דא"": 1, ""ואית"": 1, ""ואמר"": 1, ""דתימא"": 1, ""מאי"": 1, ""רבי"": 1, ""טב"": 1, ""לון"": 1, ""והי"": 1, ""היכא"": 1, ""ואמרינן"": 1, ""עלמא"": 1, ""ביד"": 1, ""היכן"": 1, ""אתא"": 1, ""והיינו"": 1, ""ותימא"": 1, ""ואתה"": 1, ""דאתי"": 1, ""ואיתא"": 1, ""ליהון"": 1, ""בידך"": 1, ""טבילה"": 1, ""בדרא"": 1, ""האתא"": 1, ""והאך"": 1, ""דתימר"": 1, ""ואתהון"": 1, ""אתאנו"": 1, ""ואמרינא"": 1, ""בדראהתרגום"": 1, ""אתאנוון"": 1, ""בדראהאם"": 1}","{""אמון"": [""אמון""], ""הא"": [""הא""], ""וגו"": [""וגו""], ""מנא"": [""מנא""], ""האת"": [""האת""], ""אמן"": [""אמן""], ""ואת"": [""ואת""], ""אל"": [""אל""], ""את"": [""את""], ""על"": [""על""], ""טבא"": [""טבא""], ""היך"": [""היך""], ""והא"": [""והא""], ""ליה"": [""ליה""], ""רבת"": [""רבת""], ""רבתא"": [""רבתא""], ""אלין"": [""אלין""], ""דא"": [""דא""], ""ואית"": [""ואית""], ""ואמר"": [""ואמר""], ""דתימא"": [""דתימא""], ""מאי"": [""מאי""], ""רבי"": [""רבי""], ""טב"": [""טב""], ""לון"": [""לון""], ""והי"": [""והי""], ""היכא"": [""היכא""], ""ואמרינן"": [""ואמרינן""], ""עלמא"": [""עלמא""], ""ביד"": [""ביד""], ""היכן"": [""היכן""], ""אתא"": [""אתא""], ""והיינו"": [""והיינו""], ""ותימא"": [""ותימא""], ""ואתה"": [""ואתה""], ""דאתי"": [""דאתי""], ""ואיתא"": [""ואיתא""], ""ליהון"": [""ליהון""], ""בידך"": [""בידך""], ""טבילה"": [""טבילה""], ""בדרא"": [""בדרא""], ""האתא"": [""האתא""], ""והאך"": [""והאך""], ""דתימר"": [""דתימר""], ""ואתהון"": [""ואתהון""], ""אתאנו"": [""אתאנו""], ""ואמרינא"": [""ואמרינא""], ""בדראהתרגום"": [""בדראהתרגום""], ""אתאנוון"": [""אתאנוון""], ""בדראהאם"": [""בדראהאם""]}",אמון,0.136253,הא,0.040016,וגו,0.033705,מנא,0.025653,האת,0.020355,אמן,0.017872,ואת,0.016681,אל,0.016423,את,0.014047,על,0.012204,טבא,0.008296,היך,0.007398,והא,0.007388,ליה,0.004823,רבת,0.004248,רבתא,0.003969,אלין,0.003271,דא,0.002947,ואית,0.002917,ואמר,0.002534,דתימא,0.002219,מאי,0.001425,רבי,0.001379,טב,0.001252,לון,0.001128,והי,0.000954,היכא,0.000632,ואמרינן,0.00055,עלמא,0.000547,ביד,0.000502,היכן,0.000469,אתא,0.000308,והיינו,0.000265,ותימא,0.000262,ואתה,0.000254,דאתי,0.000238,ואיתא,0.000215,ליהון,0.000121,בידך,8e-05,טבילה,6.1e-05,בדרא,4.4e-05,האתא,3.2e-05,והאך,3.1e-05,דתימר,3.1e-05,ואתהון,2.3e-05,אתאנו,1e-06,ואמרינא,1e-06,בדראהתרגום,0.0,אתאנוון,0.0,בדראהאם,0.0,AUX,False,מאלכסנדריא,אלכסנדר,False,False,False,True,True,True,False,,,,False,False
Midrash_Aggadic_Midrash_Midrash_Rabbah_Bereishit_Rabbah__1_1,bereishit_rabbah,69,רבתא,8.3056,0.7652,0.0,0.4972,50,20,True,"{""אמון"": 1, ""וגו"": 1, ""של"": 1, ""אמן"": 1, ""היך"": 1, ""דארץ"": 1, ""ואת"": 1, ""מתרגמינן"": 1, ""מנא"": 1, ""כמא"": 1, ""אל"": 1, ""ומא"": 1, ""ואית"": 1, ""האת"": 1, ""והא"": 1, ""ואמר"": 1, ""דבבל"": 1, ""רבי"": 1, ""רבת"": 1, ""רבתא"": 1, ""טבא"": 1, ""אלכסנדר"": 1, ""מאן"": 1, ""מאלכסנדר"": 1, ""מאלכסנדריא"": 1, ""האמן"": 1, ""היכא"": 1, ""היכן"": 1, ""ומאן"": 1, ""טבת"": 1, ""והיכא"": 1, ""ואתא"": 1, ""והיכן"": 1, ""דבבלא"": 1, ""ואיתא"": 1, ""טבתא"": 1, ""ואמרינן"": 1, ""מתרגמין"": 1, ""כנא"": 1, ""מאלכסנד"": 1, ""מאלכסנדרא"": 1, ""האתא"": 1, ""מתרגמינא"": 1, ""כנאמר"": 1, ""ואמרינא"": 1, ""מאלכסנדראן"": 1, ""ואתאשא"": 1, ""ואתאשכחן"": 1, ""האתאך"": 1, ""ואתאשאף"": 1}","{""אמון"": [""אמון""], ""וגו"": [""וגו""], ""של"": [""של""], ""אמן"": [""אמן""], ""היך"": [""היך""], ""דארץ"": [""דארץ""], ""ואת"": [""ואת""], ""מתרגמינן"": [""מתרגמינן""], ""מנא"": [""מנא""], ""כמא"": [""כמא""], ""אל"": [""אל""], ""ומא"": [""ומא""], ""ואית"": [""ואית""], ""האת"": [""האת""], ""והא"": [""והא""], ""ואמר"": [""ואמר""], ""דבבל"": [""דבבל""], ""רבי"": [""רבי""], ""רבת"": [""רבת""], ""רבתא"": [""רבתא""], ""טבא"": [""טבא""], ""אלכסנדר"": [""אלכסנדר""], ""מאן"": [""מאן""], ""מאלכסנדר"": [""מאלכסנדר""], ""מאלכסנדריא"": [""מאלכסנדריא""], ""האמן"": [""האמן""], ""היכא"": [""היכא""], ""היכן"": [""היכן""], ""ומאן"": [""ומאן""], ""טבת"": [""טבת""], ""והיכא"": [""והיכא""], ""ואתא"": [""ואתא""], ""והיכן"": [""והיכן""], ""דבבלא"": [""דבבלא""], ""ואיתא"": [""ואיתא""], ""טבתא"": [""טבתא""], ""ואמרינן"": [""ואמרינן""], ""מתרגמין"": [""מתרגמין""], ""כנא"": [""כנא""], ""מאלכסנד"": [""מאלכסנד""], ""מאלכסנדרא"": [""מאלכסנדרא""], ""האתא"": [""האתא""], ""מתרגמינא"": [""מתרגמינא""], ""כנאמר"": [""כנאמר""], ""ואמרינא"": [""ואמרינא""], ""מאלכסנדראן"": [""מאלכסנדראן""], ""ואתאשא"": [""ואתאשא""], ""ואתאשכחן"": [""ואתאשכחן""], ""האתאך"": [""האתאך""], ""ואתאשאף"": [""ואתאשאף""]}",אמון,0.293365,וגו,0.043027,של,0.017862,אמן,0.013721,היך,0.01284,דארץ,0.012544,ואת,0.012086,מתרגמינן,0.008077,מנא,0.00771,כמא,0.007686,אל,0.007446,ומא,0.006395,ואית,0.006172,האת,0.005938,והא,0.00534,ואמר,0.004587,דבבל,0.003605,רבי,0.003509,רבת,0.003348,רבתא,0.003161,טבא,0.002895,אלכסנדר,0.002717,מאן,0.00263,מאלכסנדר,0.002262,מאלכסנדריא,0.001681,האמן,0.001225,היכא,0.000708,היכן,0.000634,ומאן,0.000626,טבת,0.000535,והיכא,0.000436,ואתא,0.000407,והיכן,0.000403,דבבלא,0.000402,ואיתא,0.000357,טבתא,0.00033,ואמרינן,0.00029,מתרגמין,0.000105,כנא,5.5e-05,מאלכסנד,4.1e-05,מאלכסנדרא,3.3e-05,האתא,1e-05,מתרגמינא,5e-06,כנאמר,4e-06,ואמרינא,1e-06,מאלכסנדראן,1e-06,ואתאשא,0.0,ואתאשכחן,0.0,האתאך,0.0,ואתאשאף,0.0,AUX,False,רבתא,רבתא,False,False,False,True,True,True,False,,,,False,False
Midrash_Aggadic_Midrash_Midrash_Rabbah_Bereishit_Rabbah__1_1,bereishit_rabbah,70,דיתבא,13.641,0.8035,0.3513,0.4444,50,-1,False,"{""אמון"": 1, ""היא"": 1, ""היאך"": 1, ""כמא"": 1, ""מנא"": 1, ""מתרגמינן"": 1, ""רבת"": 1, ""רבתא"": 1, ""היך"": 1, ""מאלכסנדר"": 1, ""וגו"": 1, ""מאלכסנדריא"": 1, ""האת"": 1, ""רבי"": 1, ""טבא"": 1, ""אמן"": 1, ""דתימא"": 1, ""ואית"": 1, ""מאן"": 1, ""דא"": 1, ""פדגוג"": 1, ""היכא"": 1, ""ואמר"": 1, ""פירוש"": 1, ""היכי"": 1, ""האמן"": 1, ""טב"": 1, ""נא"": 1, ""נמי"": 1, ""ותימא"": 1, ""ותני"": 1, ""דאמרי"": 1, ""ואיתא"": 1, ""פירושו"": 1, ""מתרגמנן"": 1, ""פדגוגא"": 1, ""ואמרינן"": 1, ""מאלכסנד"": 1, ""מאלכסנדרא"": 1, ""כמתרגמינן"": 1, ""כמאל"": 1, ""דתימר"": 1, ""נאום"": 1, ""ותימר"": 1, ""טבילה"": 1, ""כמאלכסנדר"": 1, ""כמאלכסנדריא"": 1, ""האתא"": 1, ""מאלכסנדראת"": 1, ""ותימרנא"": 1}","{""אמון"": [""אמון""], ""היא"": [""היא""], ""היאך"": [""היאך""], ""כמא"": [""כמא""], ""מנא"": [""מנא""], ""מתרגמינן"": [""מתרגמינן""], ""רבת"": [""רבת""], ""רבתא"": [""רבתא""], ""היך"": [""היך""], ""מאלכסנדר"": [""מאלכסנדר""], ""וגו"": [""וגו""], ""מאלכסנדריא"": [""מאלכסנדריא""], ""האת"": [""האת""], ""רבי"": [""רבי""], ""טבא"": [""טבא""], ""אמן"": [""אמן""], ""דתימא"": [""דתימא""], ""ואית"": [""ואית""], ""מאן"": [""מאן""], ""דא"": [""דא""], ""פדגוג"": [""פדגוג""], ""היכא"": [""היכא""], ""ואמר"": [""ואמר""], ""פירוש"": [""פירוש""], ""היכי"": [""היכי""], ""האמן"": [""האמן""], ""טב"": [""טב""], ""נא"": [""נא""], ""נמי"": [""נמי""], ""ותימא"": [""ותימא""], ""ותני"": [""ותני""], ""דאמרי"": [""דאמרי""], ""ואיתא"": [""ואיתא""], ""פירושו"": [""פירושו""], ""מתרגמנן"": [""מתרגמנן""], ""פדגוגא"": [""פדגוגא""], ""ואמרינן"": [""ואמרינן""], ""מאלכסנד"": [""מאלכסנד""], ""מאלכסנדרא"": [""מאלכסנדרא""], ""כמתרגמינן"": [""כמתרגמינן""], ""כמאל"": [""כמאל""], ""דתימר"": [""דתימר""], ""נאום"": [""נאום""], ""ותימר"": [""ותימר""], ""טבילה"": [""טבילה""], ""כמאלכסנדר"": [""כמאלכסנדר""], ""כמאלכסנדריא"": [""כמאלכסנדריא""], ""האתא"": [""האתא""], ""מאלכסנדראת"": [""מאלכסנדראת""], ""ותימרנא"": [""ותימרנא""]}",אמון,0.118124,היא,0.06317,היאך,0.06185,כמא,0.041622,מנא,0.018284,מתרגמינן,0.016262,רבת,0.015008,רבתא,0.014021,היך,0.011147,מאלכסנדר,0.011088,וגו,0.011078,מאלכסנדריא,0.009231,האת,0.006303,רבי,0.006159,טבא,0.005877,אמן,0.00579,דתימא,0.005703,ואית,0.003943,מאן,0.002991,דא,0.002907,פדגוג,0.002711,היכא,0.001981,ואמר,0.001473,פירוש,0.001163,היכי,0.001111,האמן,0.001045,טב,0.000901,נא,0.000808,נמי,0.000482,ותימא,0.000427,ותני,0.000256,דאמרי,0.00023,ואיתא,0.000199,פירושו,0.000161,מתרגמנן,0.000144,פדגוגא,0.00013,ואמרינן,0.000127,מאלכסנד,0.000104,מאלכסנדרא,8.4e-05,כמתרגמינן,5.9e-05,כמאל,4.8e-05,דתימר,4.7e-05,נאום,4e-05,ותימר,3.7e-05,טבילה,3.3e-05,כמאלכסנדר,2.8e-05,כמאלכסנדריא,2.3e-05,האתא,2.3e-05,מאלכסנדראת,1e-06,ותימרנא,0.0,PROPN,False,דיתבא,די,False,False,False,True,True,True,False,,,,False,False
Midrash_Aggadic_Midrash_Midrash_Rabbah_Bereishit_Rabbah__1_1,bereishit_rabbah,71,בין,8.958,0.8811,0.8316,0.2433,50,-1,False,"{""מאלכסנדריא"": 1, ""על"": 1, ""מנא"": 1, ""אמון"": 1, ""כמא"": 1, ""אמן"": 1, ""וגו"": 1, ""מן"": 1, ""טבא"": 1, ""אלכסנדריא"": 1, ""ליה"": 1, ""רבת"": 1, ""רבתא"": 1, ""ביה"": 1, ""היך"": 1, ""תמן"": 1, ""מיניה"": 1, ""מאליה"": 1, ""דא"": 1, ""טב"": 1, ""דתימא"": 1, ""מאלכסנדריאה"": 1, ""היכא"": 1, ""רבי"": 1, ""לאלכסנדריא"": 1, ""נא"": 1, ""עלמא"": 1, ""מאליהו"": 1, ""מינא"": 1, ""אלכסנדריאה"": 1, ""מאלכסנד"": 1, ""ותימא"": 1, ""היכי"": 1, ""מיניהו"": 1, ""ליהון"": 1, ""בדרא"": 1, ""תרין"": 1, ""כמאן"": 1, ""דאתי"": 1, ""כרבי"": 1, ""בדיקנא"": 1, ""ותימר"": 1, ""לאלכסנדריאה"": 1, ""בדיקא"": 1, ""תרומת"": 1, ""תרומיא"": 1, ""דתימר"": 1, ""תרומתא"": 1, ""ותימרנא"": 1, ""תרומיאו"": 1}","{""מאלכסנדריא"": [""מאלכסנדריא""], ""על"": [""על""], ""מנא"": [""מנא""], ""אמון"": [""אמון""], ""כמא"": [""כמא""], ""אמן"": [""אמן""], ""וגו"": [""וגו""], ""מן"": [""מן""], ""טבא"": [""טבא""], ""אלכסנדריא"": [""אלכסנדריא""], ""ליה"": [""ליה""], ""רבת"": [""רבת""], ""רבתא"": [""רבתא""], ""ביה"": [""ביה""], ""היך"": [""היך""], ""תמן"": [""תמן""], ""מיניה"": [""מיניה""], ""מאליה"": [""מאליה""], ""דא"": [""דא""], ""טב"": [""טב""], ""דתימא"": [""דתימא""], ""מאלכסנדריאה"": [""מאלכסנדריאה""], ""היכא"": [""היכא""], ""רבי"": [""רבי""], ""לאלכסנדריא"": [""לאלכסנדריא""], ""נא"": [""נא""], ""עלמא"": [""עלמא""], ""מאליהו"": [""מאליהו""], ""מינא"": [""מינא""], ""אלכסנדריאה"": [""אלכסנדריאה""], ""מאלכסנד"": [""מאלכסנד""], ""ותימא"": [""ותימא""], ""היכי"": [""היכי""], ""מיניהו"": [""מיניהו""], ""ליהון"": [""ליהון""], ""בדרא"": [""בדרא""], ""תרין"": [""תרין""], ""כמאן"": [""כמאן""], ""דאתי"": [""דאתי""], ""כרבי"": [""כרבי""], ""בדיקנא"": [""בדיקנא""], ""ותימר"": [""ותימר""], ""לאלכסנדריאה"": [""לאלכסנדריאה""], ""בדיקא"": [""בדיקא""], ""תרומת"": [""תרומת""], ""תרומיא"": [""תרומיא""], ""דתימר"": [""דתימר""], ""תרומתא"": [""תרומתא""], ""ותימרנא"": [""ותימרנא""], ""תרומיאו"": [""תרומיאו""]}",מאלכסנדריא,0.037951,על,0.030967,מנא,0.028971,אמון,0.025621,כמא,0.019273,אמן,0.016803,וגו,0.013093,מן,0.011392,טבא,0.009586,אלכסנדריא,0.007603,ליה,0.005947,רבת,0.005282,רבתא,0.005012,ביה,0.004725,היך,0.003127,תמן,0.002318,מיניה,0.002075,מאליה,0.001674,דא,0.001634,טב,0.001493,דתימא,0.001078,מאלכסנדריאה,0.00095,היכא,0.000853,רבי,0.000849,לאלכסנדריא,0.000655,נא,0.000602,עלמא,0.000537,מאליהו,0.000479,מינא,0.000422,אלכסנדריאה,0.000416,מאלכסנד,0.0004,ותימא,0.000358,היכי,0.000237,מיניהו,0.000159,ליהון,0.000138,בדרא,0.000128,תרין,0.000105,כמאן,7.9e-05,דאתי,6.8e-05,כרבי,6.7e-05,בדיקנא,4.2e-05,ותימר,2.3e-05,לאלכסנדריאה,1.9e-05,בדיקא,1.8e-05,תרומת,1.8e-05,תרומיא,9e-06,דתימר,7e-06,תרומתא,2e-06,ותימרנא,0.0,תרומיאו,0.0,PROPN,False,בין,בין,False,True,False,True,True,True,False,,,,False,False
Midrash_Aggadic_Midrash_Midrash_Rabbah_Bereishit_Rabbah__1_1,bereishit_rabbah,72,נהרותא.,14.9424,0.7651,0.4239,0.0758,50,-1,False,"{""רבת"": 1, ""רבתא"": 1, ""אמון"": 1, ""אמן"": 1, ""טבא"": 1, ""רבי"": 1, ""גו"": 1, ""מנא"": 1, ""הים"": 1, ""טבריא"": 1, ""שבע"": 1, ""פלג"": 1, ""גוים"": 1, ""דא"": 1, ""מיא"": 1, ""שוק"": 1, ""יתבא"": 1, ""עמא"": 1, ""עיר"": 1, ""היכלי"": 1, ""טבריה"": 1, ""היכלא"": 1, ""ישרון"": 1, ""פלגא"": 1, ""גלגל"": 1, ""שוקי"": 1, ""דרומי"": 1, ""פלשתים"": 1, ""שבעה"": 1, ""עירא"": 1, ""דרומא"": 1, ""פלשתנאי"": 1, ""גלגלתא"": 1, ""רביי"": 1, ""פלשתניא"": 1, ""דרומאי"": 1, ""טבריאא"": 1, ""היכלאי"": 1, ""מנאן"": 1, ""מיאן"": 1, ""היכליי"": 1, ""טבריהו"": 1, ""גלגלתאי"": 1, ""שוקייא"": 1, ""פלשתנאיי"": 1, ""עיראוי"": 1, ""טבריאאא"": 1, ""טבריאאאא"": 1, ""טבריאאאאא"": 1, ""טבריאאאאאא"": 1}","{""רבת"": [""רבת""], ""רבתא"": [""רבתא""], ""אמון"": [""אמון""], ""אמן"": [""אמן""], ""טבא"": [""טבא""], ""רבי"": [""רבי""], ""גו"": [""גו""], ""מנא"": [""מנא""], ""הים"": [""הים""], ""טבריא"": [""טבריא""], ""שבע"": [""שבע""], ""פלג"": [""פלג""], ""גוים"": [""גוים""], ""דא"": [""דא""], ""מיא"": [""מיא""], ""שוק"": [""שוק""], ""יתבא"": [""יתבא""], ""עמא"": [""עמא""], ""עיר"": [""עיר""], ""היכלי"": [""היכלי""], ""טבריה"": [""טבריה""], ""היכלא"": [""היכלא""], ""ישרון"": [""ישרון""], ""פלגא"": [""פלגא""], ""גלגל"": [""גלגל""], ""שוקי"": [""שוקי""], ""דרומי"": [""דרומי""], ""פלשתים"": [""פלשתים""], ""שבעה"": [""שבעה""], ""עירא"": [""עירא""], ""דרומא"": [""דרומא""], ""פלשתנאי"": [""פלשתנאי""], ""גלגלתא"": [""גלגלתא""], ""רביי"": [""רביי""], ""פלשתניא"": [""פלשתניא""], ""דרומאי"": [""דרומאי""], ""טבריאא"": [""טבריאא""], ""היכלאי"": [""היכלאי""], ""מנאן"": [""מנאן""], ""מיאן"": [""מיאן""], ""היכליי"": [""היכליי""], ""טבריהו"": [""טבריהו""], ""גלגלתאי"": [""גלגלתאי""], ""שוקייא"": [""שוקייא""], ""פלשתנאיי"": [""פלשתנאיי""], ""עיראוי"": [""עיראוי""], ""טבריאאא"": [""טבריאאא""], ""טבריאאאא"": [""טבריאאאא""], ""טבריאאאאא"": [""טבריאאאאא""], ""טבריאאאאאא"": [""טבריאאאאאא""]}",רבת,0.011949,רבתא,0.010771,אמון,0.008036,אמן,0.005029,טבא,0.004819,רבי,0.004261,גו,0.003588,מנא,0.00319,הים,0.002232,טבריא,0.002192,שבע,0.001546,פלג,0.001532,גוים,0.001526,דא,0.001517,מיא,0.00146,שוק,0.00143,יתבא,0.001384,עמא,0.001201,עיר,0.001128,היכלי,0.001065,טבריה,0.001035,היכלא,0.000755,ישרון,0.000656,פלגא,0.000643,גלגל,0.000561,שוקי,0.000554,דרומי,0.000544,פלשתים,0.00034,שבעה,0.000298,עירא,0.000235,דרומא,0.000123,פלשתנאי,5.1e-05,גלגלתא,5e-05,רביי,3.7e-05,פלשתניא,2.6e-05,דרומאי,2.5e-05,טבריאא,1.4e-05,היכלאי,1.1e-05,מנאן,8e-06,מיאן,8e-06,היכליי,6e-06,טבריהו,2e-06,גלגלתאי,2e-06,שוקייא,1e-06,פלשתנאיי,1e-06,עיראוי,0.0,טבריאאא,0.0,טבריאאאא,0.0,טבריאאאאא,0.0,טבריאאאאאא,0.0,AUX,False,נהרותא,נהר,False,False,False,True,True,True,False,,,,False,False
Midrash_Aggadic_Midrash_Midrash_Rabbah_Bereishit_Rabbah__1_1,bereishit_rabbah,73,דבר,10.2514,0.911,0.858,0.2269,50,-1,False,"{""אמון"": 1, ""רבתא"": 1, ""וגו"": 1, ""ובין"": 1, ""ואת"": 1, ""מנא"": 1, ""רבא"": 1, ""טבא"": 1, ""דיתבא"": 1, ""דא"": 1, ""ואית"": 1, ""אמן"": 1, ""היך"": 1, ""מתרגמינן"": 1, ""רבתי"": 1, ""טב"": 1, ""קדם"": 1, ""ואלכסנדריא"": 1, ""קדמא"": 1, ""יתבא"": 1, ""ואתא"": 1, ""היכא"": 1, ""קדישא"": 1, ""ותימא"": 1, ""רבתין"": 1, ""רבנא"": 1, ""ואיתא"": 1, ""טבילה"": 1, ""יתיר"": 1, ""דאשא"": 1, ""היכלא"": 1, ""גליא"": 1, ""קדישין"": 1, ""יתירא"": 1, ""מתרגמין"": 1, ""ואלכסנדרא"": 1, ""ובינא"": 1, ""גניזא"": 1, ""גניזי"": 1, ""ותתבא"": 1, ""ובינן"": 1, ""מתרגמינא"": 1, ""היכלאו"": 1, ""גניזייא"": 1, ""ואתאשא"": 1, ""ובינאנה"": 1, ""ואתאשרא"": 1, ""ואתאשראת"": 1, ""ובינאנהו"": 1, ""ואתאשראתא"": 1}","{""אמון"": [""אמון""], ""רבתא"": [""רבתא""], ""וגו"": [""וגו""], ""ובין"": [""ובין""], ""ואת"": [""ואת""], ""מנא"": [""מנא""], ""רבא"": [""רבא""], ""טבא"": [""טבא""], ""דיתבא"": [""דיתבא""], ""דא"": [""דא""], ""ואית"": [""ואית""], ""אמן"": [""אמן""], ""היך"": [""היך""], ""מתרגמינן"": [""מתרגמינן""], ""רבתי"": [""רבתי""], ""טב"": [""טב""], ""קדם"": [""קדם""], ""ואלכסנדריא"": [""ואלכסנדריא""], ""קדמא"": [""קדמא""], ""יתבא"": [""יתבא""], ""ואתא"": [""ואתא""], ""היכא"": [""היכא""], ""קדישא"": [""קדישא""], ""ותימא"": [""ותימא""], ""רבתין"": [""רבתין""], ""רבנא"": [""רבנא""], ""ואיתא"": [""ואיתא""], ""טבילה"": [""טבילה""], ""יתיר"": [""יתיר""], ""דאשא"": [""דאשא""], ""היכלא"": [""היכלא""], ""גליא"": [""גליא""], ""קדישין"": [""קדישין""], ""יתירא"": [""יתירא""], ""מתרגמין"": [""מתרגמין""], ""ואלכסנדרא"": [""ואלכסנדרא""], ""ובינא"": [""ובינא""], ""גניזא"": [""גניזא""], ""גניזי"": [""גניזי""], ""ותתבא"": [""ותתבא""], ""ובינן"": [""ובינן""], ""מתרגמינא"": [""מתרגמינא""], ""היכלאו"": [""היכלאו""], ""גניזייא"": [""גניזייא""], ""ואתאשא"": [""ואתאשא""], ""ובינאנה"": [""ובינאנה""], ""ואתאשרא"": [""ואתאשרא""], ""ואתאשראת"": [""ואתאשראת""], ""ובינאנהו"": [""ובינאנהו""], ""ואתאשראתא"": [""ואתאשראתא""]}",אמון,0.062782,רבתא,0.042559,וגו,0.02399,ובין,0.018062,ואת,0.014771,מנא,0.0087,רבא,0.007567,טבא,0.007155,דיתבא,0.007024,דא,0.006973,ואית,0.004379,אמן,0.00377,היך,0.003021,מתרגמינן,0.002946,רבתי,0.002422,טב,0.001523,קדם,0.001327,ואלכסנדריא,0.001004,קדמא,0.000941,יתבא,0.000883,ואתא,0.000675,היכא,0.000634,קדישא,0.000624,ותימא,0.000583,רבתין,0.000553,רבנא,0.000515,ואיתא,0.000237,טבילה,0.000196,יתיר,0.000174,דאשא,0.000165,היכלא,0.000148,גליא,0.000115,קדישין,0.00011,יתירא,0.000102,מתרגמין,5.5e-05,ואלכסנדרא,5e-05,ובינא,4.8e-05,גניזא,3.4e-05,גניזי,3.3e-05,ותתבא,2.8e-05,ובינן,2e-05,מתרגמינא,4e-06,היכלאו,0.0,גניזייא,0.0,ואתאשא,0.0,ובינאנה,0.0,ואתאשרא,0.0,ואתאשראת,0.0,ובינאנהו,0.0,ואתאשראתא,0.0,ADV,True,דבר,דבר,True,False,True,True,True,True,True,18.0,2.0,16.0,False,True
Midrash_Aggadic_Midrash_Midrash_Rabbah_Bereishit_Rabbah__1_1,bereishit_rabbah,74,אחר,10.0074,0.9145,0.88,0.1879,50,-1,False,"{""אמון"": 1, ""וגו"": 1, ""רבת"": 1, ""רבתא"": 1, ""ואת"": 1, ""טבא"": 1, ""דיתבא"": 1, ""אמן"": 1, ""ית"": 1, ""מתרגמינן"": 1, ""מאלכסנדריא"": 1, ""מנא"": 1, ""דתימא"": 1, ""רבי"": 1, ""יתבא"": 1, ""הוי"": 1, ""היך"": 1, ""תמן"": 1, ""ביה"": 1, ""טב"": 1, ""מאן"": 1, ""חמר"": 1, ""תימא"": 1, ""עבד"": 1, ""עמא"": 1, ""ואתא"": 1, ""ותימא"": 1, ""חכמת"": 1, ""עבדא"": 1, ""חכמתא"": 1, ""ידוע"": 1, ""מאלכסנדריה"": 1, ""מתרגמין"": 1, ""חכימא"": 1, ""מאלכ"": 1, ""מאלכסנד"": 1, ""טבילה"": 1, ""תימן"": 1, ""הויי"": 1, ""דתימר"": 1, ""ידועא"": 1, ""מתרגמינא"": 1, ""ואתאשא"": 1, ""ואתאשרא"": 1, ""ואתאשראת"": 1, ""ואתאשראתא"": 1, ""ואתאשאש"": 1, ""ואתאשאשא"": 1, ""ואתאשאשאש"": 1, ""ואתאשאשאשא"": 1}","{""אמון"": [""אמון""], ""וגו"": [""וגו""], ""רבת"": [""רבת""], ""רבתא"": [""רבתא""], ""ואת"": [""ואת""], ""טבא"": [""טבא""], ""דיתבא"": [""דיתבא""], ""אמן"": [""אמן""], ""ית"": [""ית""], ""מתרגמינן"": [""מתרגמינן""], ""מאלכסנדריא"": [""מאלכסנדריא""], ""מנא"": [""מנא""], ""דתימא"": [""דתימא""], ""רבי"": [""רבי""], ""יתבא"": [""יתבא""], ""הוי"": [""הוי""], ""היך"": [""היך""], ""תמן"": [""תמן""], ""ביה"": [""ביה""], ""טב"": [""טב""], ""מאן"": [""מאן""], ""חמר"": [""חמר""], ""תימא"": [""תימא""], ""עבד"": [""עבד""], ""עמא"": [""עמא""], ""ואתא"": [""ואתא""], ""ותימא"": [""ותימא""], ""חכמת"": [""חכמת""], ""עבדא"": [""עבדא""], ""חכמתא"": [""חכמתא""], ""ידוע"": [""ידוע""], ""מאלכסנדריה"": [""מאלכסנדריה""], ""מתרגמין"": [""מתרגמין""], ""חכימא"": [""חכימא""], ""מאלכ"": [""מאלכ""], ""מאלכסנד"": [""מאלכסנד""], ""טבילה"": [""טבילה""], ""תימן"": [""תימן""], ""הויי"": [""הויי""], ""דתימר"": [""דתימר""], ""ידועא"": [""ידועא""], ""מתרגמינא"": [""מתרגמינא""], ""ואתאשא"": [""ואתאשא""], ""ואתאשרא"": [""ואתאשרא""], ""ואתאשראת"": [""ואתאשראת""], ""ואתאשראתא"": [""ואתאשראתא""], ""ואתאשאש"": [""ואתאשאש""], ""ואתאשאשא"": [""ואתאשאשא""], ""ואתאשאשאש"": [""ואתאשאשאש""], ""ואתאשאשאשא"": [""ואתאשאשאשא""]}",אמון,0.051511,וגו,0.021899,רבת,0.017442,רבתא,0.016368,ואת,0.013412,טבא,0.007754,דיתבא,0.007654,אמן,0.007306,ית,0.006137,מתרגמינן,0.005182,מאלכסנדריא,0.005052,מנא,0.004935,דתימא,0.003893,רבי,0.003127,יתבא,0.002645,הוי,0.001501,היך,0.001478,תמן,0.001402,ביה,0.001297,טב,0.001227,מאן,0.001161,חמר,0.000947,תימא,0.000921,עבד,0.000766,עמא,0.000655,ואתא,0.000654,ותימא,0.000364,חכמת,0.000225,עבדא,0.000215,חכמתא,0.000201,ידוע,0.000103,מאלכסנדריה,8.8e-05,מתרגמין,8.8e-05,חכימא,8.4e-05,מאלכ,6e-05,מאלכסנד,4.8e-05,טבילה,4.6e-05,תימן,2.8e-05,הויי,2.8e-05,דתימר,2.7e-05,ידועא,6e-06,מתרגמינא,5e-06,ואתאשא,0.0,ואתאשרא,0.0,ואתאשראת,0.0,ואתאשראתא,0.0,ואתאשאש,0.0,ואתאשאשא,0.0,ואתאשאשאש,0.0,ואתאשאשאשא,0.0,PROPN,False,אחר,אחר,False,True,False,True,True,True,False,,,,False,False
Midrash_Aggadic_Midrash_Midrash_Rabbah_Bereishit_Rabbah__1_1,bereishit_rabbah,75,"אמון,",2.6598,0.5528,0.0,0.4813,50,1,True,"{""אמון"": 1, ""רבת"": 1, ""רבתא"": 1, ""היא"": 1, ""היאך"": 1, ""אמן"": 1, ""מתרגמינן"": 1, ""האת"": 1, ""הוא"": 1, ""ויהי"": 1, ""מאלכסנדריא"": 1, ""אמר"": 1, ""כמא"": 1, ""על"": 1, ""רבי"": 1, ""מנא"": 1, ""מאן"": 1, ""האמן"": 1, ""דיתבא"": 1, ""טבא"": 1, ""וגו"": 1, ""דתימא"": 1, ""ואמר"": 1, ""הושע"": 1, ""ואהיה"": 1, ""הושעיה"": 1, ""אמרו"": 1, ""והיה"": 1, ""הואיל"": 1, ""היכן"": 1, ""והא"": 1, ""טב"": 1, ""מתרגמין"": 1, ""מאלכסנדריה"": 1, ""כמ"": 1, ""עלתה"": 1, ""מאלכסנד"": 1, ""מאלכ"": 1, ""ויהיה"": 1, ""טבילה"": 1, ""ואהבה"": 1, ""האתא"": 1, ""כמוה"": 1, ""הושעיהו"": 1, ""דתימר"": 1, ""והאיך"": 1, ""כמוהו"": 1, ""מתרגמינא"": 1, ""עלתהו"": 1, ""ואהבהו"": 1}","{""אמון"": [""אמון""], ""רבת"": [""רבת""], ""רבתא"": [""רבתא""], ""היא"": [""היא""], ""היאך"": [""היאך""], ""אמן"": [""אמן""], ""מתרגמינן"": [""מתרגמינן""], ""האת"": [""האת""], ""הוא"": [""הוא""], ""ויהי"": [""ויהי""], ""מאלכסנדריא"": [""מאלכסנדריא""], ""אמר"": [""אמר""], ""כמא"": [""כמא""], ""על"": [""על""], ""רבי"": [""רבי""], ""מנא"": [""מנא""], ""מאן"": [""מאן""], ""האמן"": [""האמן""], ""דיתבא"": [""דיתבא""], ""טבא"": [""טבא""], ""וגו"": [""וגו""], ""דתימא"": [""דתימא""], ""ואמר"": [""ואמר""], ""הושע"": [""הושע""], ""ואהיה"": [""ואהיה""], ""הושעיה"": [""הושעיה""], ""אמרו"": [""אמרו""], ""והיה"": [""והיה""], ""הואיל"": [""הואיל""], ""היכן"": [""היכן""], ""והא"": [""והא""], ""טב"": [""טב""], ""מתרגמין"": [""מתרגמין""], ""מאלכסנדריה"": [""מאלכסנדריה""], ""כמ"": [""כמ""], ""עלתה"": [""עלתה""], ""מאלכסנד"": [""מאלכסנד""], ""מאלכ"": [""מאלכ""], ""ויהיה"": [""ויהיה""], ""טבילה"": [""טבילה""], ""ואהבה"": [""ואהבה""], ""האתא"": [""האתא""], ""כמוה"": [""כמוה""], ""הושעיהו"": [""הושעיהו""], ""דתימר"": [""דתימר""], ""והאיך"": [""והאיך""], ""כמוהו"": [""כמוהו""], ""מתרגמינא"": [""מתרגמינא""], ""עלתהו"": [""עלתהו""], ""ואהבהו"": [""ואהבהו""]}",אמון,0.158244,רבת,0.042087,רבתא,0.040342,היא,0.038272,היאך,0.036298,אמן,0.01642,מתרגמינן,0.015492,האת,0.014989,הוא,0.012819,ויהי,0.012297,מאלכסנדריא,0.010709,אמר,0.009984,כמא,0.009027,על,0.008674,רבי,0.007429,מנא,0.005246,מאן,0.004578,האמן,0.0045,דיתבא,0.003833,טבא,0.003787,וגו,0.003644,דתימא,0.003225,ואמר,0.003113,הושע,0.002692,ואהיה,0.002624,הושעיה,0.002422,אמרו,0.001833,והיה,0.001744,הואיל,0.001129,היכן,0.001012,והא,0.000727,טב,0.00069,מתרגמין,0.000338,מאלכסנדריה,0.000264,כמ,0.000187,עלתה,9e-05,מאלכסנד,8.6e-05,מאלכ,7.6e-05,ויהיה,6.3e-05,טבילה,6.1e-05,ואהבה,5.2e-05,האתא,4.7e-05,כמוה,3e-05,הושעיהו,2.5e-05,דתימר,1.6e-05,והאיך,1.4e-05,כמוהו,1e-05,מתרגמינא,8e-06,עלתהו,1e-06,ואהבהו,1e-06,ADV,True,אמון,אמון,True,False,True,True,True,True,True,39.0,40.0,-1.0,True,False
Midrash_Aggadic_Midrash_Midrash_Rabbah_Bereishit_Rabbah__1_1,bereishit_rabbah,76,אמן.,8.1722,0.8279,0.7744,0.6604,7,-1,False,"{""פדגוג"": 1, ""רבת"": 1, ""רבתא"": 1, ""רבתי"": 1, ""פלג"": 1, ""פדגוס"": 1, ""פדגוסא"": 1}","{""פדגוג"": [""פדגוג""], ""רבת"": [""רבת""], ""רבתא"": [""רבתא""], ""רבתי"": [""רבתי""], ""פלג"": [""פלג""], ""פדגוס"": [""פדגוס""], ""פדגוסא"": [""פדגוסא""]}",פדגוג,0.265936,רבת,0.194578,רבתא,0.193543,רבתי,0.005105,פלג,0.000811,פדגוס,0.000382,פדגוסא,1.5e-05,,,,,,,,,,,,,,,,,,,,,,,,,,,,,,,,,,,,,,,,,,,,,,,,,,,,,,,,,,,,,,,,,,,,,,,,,,,,,,,,,,,,,,,ADV,True,אמן,אמן,True,False,True,True,True,True,True,26.0,21.5,4.5,False,True
Midrash_Aggadic_Midrash_Midrash_Rabbah_Bereishit_Rabbah__1_1,bereishit_rabbah,77,התורה,12.6797,0.9432,0.8994,0.2657,50,-1,False,"{""רבת"": 1, ""רבתא"": 1, ""אמן"": 1, ""אמון"": 1, ""פדגוג"": 1, ""מכסה"": 1, ""הוא"": 1, ""על"": 1, ""דיתבא"": 1, ""וגו"": 1, ""ית"": 1, ""רבי"": 1, ""היך"": 1, ""האת"": 1, ""דתימא"": 1, ""יתבא"": 1, ""מאי"": 1, ""האמן"": 1, ""שמע"": 1, ""עלי"": 1, ""ואמונה"": 1, ""עבד"": 1, ""שמו"": 1, ""היכא"": 1, ""פלג"": 1, ""היכן"": 1, ""ואמנה"": 1, ""עבדא"": 1, ""בלא"": 1, ""ביה"": 1, ""פלגא"": 1, ""עלמא"": 1, ""שמעון"": 1, ""הואיל"": 1, ""מכסא"": 1, ""פדגוגי"": 1, ""דתימר"": 1, ""עליון"": 1, ""ידיד"": 1, ""ואמנהו"": 1, ""ביהמ"": 1, ""האתא"": 1, ""בלאו"": 1, ""ידידות"": 1, ""הואילו"": 1, ""ידידותא"": 1, ""שמוון"": 1, ""ביהמק"": 1, ""ביהמד"": 1, ""מכסאך"": 1}","{""רבת"": [""רבת""], ""רבתא"": [""רבתא""], ""אמן"": [""אמן""], ""אמון"": [""אמון""], ""פדגוג"": [""פדגוג""], ""מכסה"": [""מכסה""], ""הוא"": [""הוא""], ""על"": [""על""], ""דיתבא"": [""דיתבא""], ""וגו"": [""וגו""], ""ית"": [""ית""], ""רבי"": [""רבי""], ""היך"": [""היך""], ""האת"": [""האת""], ""דתימא"": [""דתימא""], ""יתבא"": [""יתבא""], ""מאי"": [""מאי""], ""האמן"": [""האמן""], ""שמע"": [""שמע""], ""עלי"": [""עלי""], ""ואמונה"": [""ואמונה""], ""עבד"": [""עבד""], ""שמו"": [""שמו""], ""היכא"": [""היכא""], ""פלג"": [""פלג""], ""היכן"": [""היכן""], ""ואמנה"": [""ואמנה""], ""עבדא"": [""עבדא""], ""בלא"": [""בלא""], ""ביה"": [""ביה""], ""פלגא"": [""פלגא""], ""עלמא"": [""עלמא""], ""שמעון"": [""שמעון""], ""הואיל"": [""הואיל""], ""מכסא"": [""מכסא""], ""פדגוגי"": [""פדגוגי""], ""דתימר"": [""דתימר""], ""עליון"": [""עליון""], ""ידיד"": [""ידיד""], ""ואמנהו"": [""ואמנהו""], ""ביהמ"": [""ביהמ""], ""האתא"": [""האתא""], ""בלאו"": [""בלאו""], ""ידידות"": [""ידידות""], ""הואילו"": [""הואילו""], ""ידידותא"": [""ידידותא""], ""שמוון"": [""שמוון""], ""ביהמק"": [""ביהמק""], ""ביהמד"": [""ביהמד""], ""מכסאך"": [""מכסאך""]}",רבת,0.044889,רבתא,0.044269,אמן,0.034179,אמון,0.033127,פדגוג,0.022063,מכסה,0.017664,הוא,0.014605,על,0.01192,דיתבא,0.00713,וגו,0.004088,ית,0.003924,רבי,0.003303,היך,0.002469,האת,0.002415,דתימא,0.00215,יתבא,0.002018,מאי,0.001774,האמן,0.00174,שמע,0.001631,עלי,0.001592,ואמונה,0.00128,עבד,0.001279,שמו,0.000833,היכא,0.000692,פלג,0.000675,היכן,0.00061,ואמנה,0.000577,עבדא,0.000467,בלא,0.000397,ביה,0.000397,פלגא,0.000342,עלמא,0.000295,שמעון,0.000286,הואיל,0.000133,מכסא,0.000125,פדגוגי,0.000108,דתימר,6.1e-05,עליון,4.8e-05,ידיד,4.2e-05,ואמנהו,3e-05,ביהמ,1.4e-05,האתא,1.3e-05,בלאו,1e-05,ידידות,5e-06,הואילו,4e-06,ידידותא,4e-06,שמוון,2e-06,ביהמק,1e-06,ביהמד,1e-06,מכסאך,0.0,NUM,False,התורה,תורה,False,False,False,True,True,True,False,,,,False,False
Midrash_Aggadic_Midrash_Midrash_Rabbah_Bereishit_Rabbah__1_1,bereishit_rabbah,78,אומרת,11.073,0.8628,0.3421,0.4373,50,-1,False,"{""אמון"": 1, ""אמן"": 1, ""היא"": 1, ""רבת"": 1, ""רבתא"": 1, ""היאך"": 1, ""אשר"": 1, ""וגו"": 1, ""הוא"": 1, ""כמא"": 1, ""מן"": 1, ""דבר"": 1, ""היך"": 1, ""רבי"": 1, ""מתרגמינן"": 1, ""דכת"": 1, ""דכתיב"": 1, ""מאן"": 1, ""ואית"": 1, ""מאלכסנדר"": 1, ""מנא"": 1, ""מאלכסנדריא"": 1, ""דתימא"": 1, ""האת"": 1, ""ואמר"": 1, ""האמן"": 1, ""שבעל"": 1, ""שבע"": 1, ""היכן"": 1, ""והיה"": 1, ""ואמון"": 1, ""ואמונה"": 1, ""והאמנים"": 1, ""הואיל"": 1, ""והאמונה"": 1, ""היכא"": 1, ""שבעפ"": 1, ""אשרי"": 1, ""ואיתא"": 1, ""מתרגמין"": 1, ""דברו"": 1, ""כנא"": 1, ""כמאן"": 1, ""דתימר"": 1, ""ואמרינן"": 1, ""מאלכ"": 1, ""כנאמר"": 1, ""מאלכסנדרא"": 1, ""מתרגמינא"": 1, ""ואמרינא"": 1}","{""אמון"": [""אמון""], ""אמן"": [""אמן""], ""היא"": [""היא""], ""רבת"": [""רבת""], ""רבתא"": [""רבתא""], ""היאך"": [""היאך""], ""אשר"": [""אשר""], ""וגו"": [""וגו""], ""הוא"": [""הוא""], ""כמא"": [""כמא""], ""מן"": [""מן""], ""דבר"": [""דבר""], ""היך"": [""היך""], ""רבי"": [""רבי""], ""מתרגמינן"": [""מתרגמינן""], ""דכת"": [""דכת""], ""דכתיב"": [""דכתיב""], ""מאן"": [""מאן""], ""ואית"": [""ואית""], ""מאלכסנדר"": [""מאלכסנדר""], ""מנא"": [""מנא""], ""מאלכסנדריא"": [""מאלכסנדריא""], ""דתימא"": [""דתימא""], ""האת"": [""האת""], ""ואמר"": [""ואמר""], ""האמן"": [""האמן""], ""שבעל"": [""שבעל""], ""שבע"": [""שבע""], ""היכן"": [""היכן""], ""והיה"": [""והיה""], ""ואמון"": [""ואמון""], ""ואמונה"": [""ואמונה""], ""והאמנים"": [""והאמנים""], ""הואיל"": [""הואיל""], ""והאמונה"": [""והאמונה""], ""היכא"": [""היכא""], ""שבעפ"": [""שבעפ""], ""אשרי"": [""אשרי""], ""ואיתא"": [""ואיתא""], ""מתרגמין"": [""מתרגמין""], ""דברו"": [""דברו""], ""כנא"": [""כנא""], ""כמאן"": [""כמאן""], ""דתימר"": [""דתימר""], ""ואמרינן"": [""ואמרינן""], ""מאלכ"": [""מאלכ""], ""כנאמר"": [""כנאמר""], ""מאלכסנדרא"": [""מאלכסנדרא""], ""מתרגמינא"": [""מתרגמינא""], ""ואמרינא"": [""ואמרינא""]}",אמון,0.101603,אמן,0.056994,היא,0.035221,רבת,0.034711,רבתא,0.033779,היאך,0.027014,אשר,0.020069,וגו,0.01815,הוא,0.012756,כמא,0.011506,מן,0.010911,דבר,0.010742,היך,0.006091,רבי,0.005846,מתרגמינן,0.005436,דכת,0.005054,דכתיב,0.004662,מאן,0.00462,ואית,0.003866,מאלכסנדר,0.003484,מנא,0.003279,מאלכסנדריא,0.003155,דתימא,0.002364,האת,0.002084,ואמר,0.002069,האמן,0.001728,שבעל,0.001569,שבע,0.001474,היכן,0.001168,והיה,0.000885,ואמון,0.000809,ואמונה,0.000611,והאמנים,0.000563,הואיל,0.000536,והאמונה,0.000497,היכא,0.000472,שבעפ,0.000417,אשרי,0.000393,ואיתא,0.000214,מתרגמין,0.000126,דברו,0.0001,כנא,9.1e-05,כמאן,4.6e-05,דתימר,3.9e-05,ואמרינן,3.3e-05,מאלכ,2.9e-05,כנאמר,2.4e-05,מאלכסנדרא,1.6e-05,מתרגמינא,4e-06,ואמרינא,0.0,NUM,False,אומרת,אומר,False,False,False,True,True,True,False,,,,False,False
Midrash_Aggadic_Midrash_Midrash_Rabbah_Bereishit_Rabbah__1_1,bereishit_rabbah,79,אני,6.5652,0.8782,0.8268,0.2786,50,-1,False,"{""אמן"": 1, ""אמון"": 1, ""כי"": 1, ""אל"": 1, ""על"": 1, ""לא"": 1, ""כל"": 1, ""כן"": 1, ""אשר"": 1, ""ויהי"": 1, ""וגו"": 1, ""רבי"": 1, ""אשרי"": 1, ""רבת"": 1, ""רבתא"": 1, ""מכסה"": 1, ""עת"": 1, ""כיון"": 1, ""עתיד"": 1, ""טבת"": 1, ""טבא"": 1, ""הוי"": 1, ""שמע"": 1, ""דכת"": 1, ""היך"": 1, ""דכתיב"": 1, ""מאי"": 1, ""עשה"": 1, ""דת"": 1, ""לאדם"": 1, ""אלכסנדר"": 1, ""עתידין"": 1, ""טבתא"": 1, ""אלכסנדריא"": 1, ""דתימא"": 1, ""עליה"": 1, ""שבעת"": 1, ""כלום"": 1, ""שבעה"": 1, ""ויהיו"": 1, ""שבעתים"": 1, ""מכסת"": 1, ""דתימר"": 1, ""מכסהו"": 1, ""מכסתא"": 1, ""הויי"": 1, ""אלכסנדרא"": 1, ""עליהו"": 1, ""הוייי"": 1, ""הויייי"": 1}","{""אמן"": [""אמן""], ""אמון"": [""אמון""], ""כי"": [""כי""], ""אל"": [""אל""], ""על"": [""על""], ""לא"": [""לא""], ""כל"": [""כל""], ""כן"": [""כן""], ""אשר"": [""אשר""], ""ויהי"": [""ויהי""], ""וגו"": [""וגו""], ""רבי"": [""רבי""], ""אשרי"": [""אשרי""], ""רבת"": [""רבת""], ""רבתא"": [""רבתא""], ""מכסה"": [""מכסה""], ""עת"": [""עת""], ""כיון"": [""כיון""], ""עתיד"": [""עתיד""], ""טבת"": [""טבת""], ""טבא"": [""טבא""], ""הוי"": [""הוי""], ""שמע"": [""שמע""], ""דכת"": [""דכת""], ""היך"": [""היך""], ""דכתיב"": [""דכתיב""], ""מאי"": [""מאי""], ""עשה"": [""עשה""], ""דת"": [""דת""], ""לאדם"": [""לאדם""], ""אלכסנדר"": [""אלכסנדר""], ""עתידין"": [""עתידין""], ""טבתא"": [""טבתא""], ""אלכסנדריא"": [""אלכסנדריא""], ""דתימא"": [""דתימא""], ""עליה"": [""עליה""], ""שבעת"": [""שבעת""], ""כלום"": [""כלום""], ""שבעה"": [""שבעה""], ""ויהיו"": [""ויהיו""], ""שבעתים"": [""שבעתים""], ""מכסת"": [""מכסת""], ""דתימר"": [""דתימר""], ""מכסהו"": [""מכסהו""], ""מכסתא"": [""מכסתא""], ""הויי"": [""הויי""], ""אלכסנדרא"": [""אלכסנדרא""], ""עליהו"": [""עליהו""], ""הוייי"": [""הוייי""], ""הויייי"": [""הויייי""]}",אמן,0.060969,אמון,0.043234,כי,0.02004,אל,0.019729,על,0.018247,לא,0.016875,כל,0.016875,כן,0.015853,אשר,0.01399,ויהי,0.006609,וגו,0.006378,רבי,0.004637,אשרי,0.004063,רבת,0.003237,רבתא,0.003116,מכסה,0.002561,עת,0.002247,כיון,0.001732,עתיד,0.001619,טבת,0.001407,טבא,0.001385,הוי,0.001372,שמע,0.00126,דכת,0.001241,היך,0.00123,דכתיב,0.001179,מאי,0.001083,עשה,0.000982,דת,0.000866,לאדם,0.000863,אלכסנדר,0.0006,עתידין,0.000569,טבתא,0.000536,אלכסנדריא,0.000452,דתימא,0.000362,עליה,0.000321,שבעת,0.000222,כלום,0.000222,שבעה,0.000163,ויהיו,0.000125,שבעתים,5e-05,מכסת,3.4e-05,דתימר,1.1e-05,מכסהו,7e-06,מכסתא,5e-06,הויי,5e-06,אלכסנדרא,3e-06,עליהו,3e-06,הוייי,0.0,הויייי,0.0,PUNCT,False,אני,אני,False,True,False,True,True,True,False,,,,False,False
Midrash_Aggadic_Midrash_Midrash_Rabbah_Bereishit_Rabbah__1_1,bereishit_rabbah,80,הייתי,9.3425,0.8965,0.6245,0.1967,50,-1,False,"{""אמן"": 1, ""אני"": 1, ""לא"": 1, ""אל"": 1, ""וגו"": 1, ""על"": 1, ""אמון"": 1, ""רבת"": 1, ""רבתא"": 1, ""מכסה"": 1, ""מאמינה"": 1, ""עתיד"": 1, ""שמע"": 1, ""נאמן"": 1, ""חכמה"": 1, ""רבי"": 1, ""ית"": 1, ""חכם"": 1, ""אלכסנדר"": 1, ""הושע"": 1, ""שעשוע"": 1, ""דכת"": 1, ""דכתיב"": 1, ""עבד"": 1, ""הושעיה"": 1, ""אלכסנדריא"": 1, ""נאמנת"": 1, ""שמעתי"": 1, ""הוי"": 1, ""שעשועים"": 1, ""ירא"": 1, ""יתבא"": 1, ""נאמנה"": 1, ""דא"": 1, ""עבדך"": 1, ""עליך"": 1, ""לאמר"": 1, ""הושיעה"": 1, ""ואמנם"": 1, ""יראת"": 1, ""עתידת"": 1, ""מאמינהו"": 1, ""דאתי"": 1, ""שמעתיו"": 1, ""אלכסנדרא"": 1, ""לאמרת"": 1, ""לאמרתך"": 1, ""עתידתא"": 1, ""דאתיין"": 1, ""הושיעהו"": 1}","{""אמן"": [""אמן""], ""אני"": [""אני""], ""לא"": [""לא""], ""אל"": [""אל""], ""וגו"": [""וגו""], ""על"": [""על""], ""אמון"": [""אמון""], ""רבת"": [""רבת""], ""רבתא"": [""רבתא""], ""מכסה"": [""מכסה""], ""מאמינה"": [""מאמינה""], ""עתיד"": [""עתיד""], ""שמע"": [""שמע""], ""נאמן"": [""נאמן""], ""חכמה"": [""חכמה""], ""רבי"": [""רבי""], ""ית"": [""ית""], ""חכם"": [""חכם""], ""אלכסנדר"": [""אלכסנדר""], ""הושע"": [""הושע""], ""שעשוע"": [""שעשוע""], ""דכת"": [""דכת""], ""דכתיב"": [""דכתיב""], ""עבד"": [""עבד""], ""הושעיה"": [""הושעיה""], ""אלכסנדריא"": [""אלכסנדריא""], ""נאמנת"": [""נאמנת""], ""שמעתי"": [""שמעתי""], ""הוי"": [""הוי""], ""שעשועים"": [""שעשועים""], ""ירא"": [""ירא""], ""יתבא"": [""יתבא""], ""נאמנה"": [""נאמנה""], ""דא"": [""דא""], ""עבדך"": [""עבדך""], ""עליך"": [""עליך""], ""לאמר"": [""לאמר""], ""הושיעה"": [""הושיעה""], ""ואמנם"": [""ואמנם""], ""יראת"": [""יראת""], ""עתידת"": [""עתידת""], ""מאמינהו"": [""מאמינהו""], ""דאתי"": [""דאתי""], ""שמעתיו"": [""שמעתיו""], ""אלכסנדרא"": [""אלכסנדרא""], ""לאמרת"": [""לאמרת""], ""לאמרתך"": [""לאמרתך""], ""עתידתא"": [""עתידתא""], ""דאתיין"": [""דאתיין""], ""הושיעהו"": [""הושיעהו""]}",אמן,0.045141,אני,0.019666,לא,0.018189,אל,0.015079,וגו,0.014666,על,0.012501,אמון,0.01215,רבת,0.005744,רבתא,0.005265,מכסה,0.004097,מאמינה,0.003776,עתיד,0.003735,שמע,0.003135,נאמן,0.002836,חכמה,0.002525,רבי,0.002321,ית,0.002119,חכם,0.002061,אלכסנדר,0.001803,הושע,0.001691,שעשוע,0.001629,דכת,0.001509,דכתיב,0.001446,עבד,0.001422,הושעיה,0.001392,אלכסנדריא,0.001306,נאמנת,0.001294,שמעתי,0.001189,הוי,0.001093,שעשועים,0.001049,ירא,0.000856,יתבא,0.000713,נאמנה,0.000682,דא,0.000659,עבדך,0.000519,עליך,0.000361,לאמר,0.000273,הושיעה,0.000263,ואמנם,0.000144,יראת,0.000117,עתידת,0.000106,מאמינהו,8.8e-05,דאתי,6.2e-05,שמעתיו,1.2e-05,אלכסנדרא,8e-06,לאמרת,6e-06,לאמרתך,3e-06,עתידתא,2e-06,דאתיין,1e-06,הושיעהו,1e-06,PROPN,False,הייתי,הייתי,False,False,False,True,True,True,False,,,,False,False
Midrash_Aggadic_Midrash_Midrash_Rabbah_Bereishit_Rabbah__1_1,bereishit_rabbah,81,כלי,12.0482,0.9237,0.8915,0.1963,50,-1,False,"{""אמן"": 1, ""אומר"": 1, ""אמון"": 1, ""לפני"": 1, ""אומרת"": 1, ""וגו"": 1, ""מאמינה"": 1, ""מתחילה"": 1, ""עת"": 1, ""עבד"": 1, ""נביא"": 1, ""במצרים"": 1, ""באה"": 1, ""שעשועים"": 1, ""עתיד"": 1, ""מצנע"": 1, ""רבת"": 1, ""שמה"": 1, ""רבתא"": 1, ""נאמן"": 1, ""משמש"": 1, ""מצטער"": 1, ""חכם"": 1, ""עבדך"": 1, ""באהל"": 1, ""רוח"": 1, ""נביאה"": 1, ""משיח"": 1, ""משמשת"": 1, ""מצטערת"": 1, ""שעשועיה"": 1, ""חותם"": 1, ""עתידת"": 1, ""כעפר"": 1, ""מאמינהו"": 1, ""חותך"": 1, ""ויהי"": 1, ""כעשב"": 1, ""משיחא"": 1, ""רוחץ"": 1, ""מצטמק"": 1, ""לפניי"": 1, ""באהלך"": 1, ""שעשועיהו"": 1, ""מצטמקת"": 1, ""שמהו"": 1, ""כעפרון"": 1, ""עתידתא"": 1, ""משמשתך"": 1, ""כעשבים"": 1}","{""אמן"": [""אמן""], ""אומר"": [""אומר""], ""אמון"": [""אמון""], ""לפני"": [""לפני""], ""אומרת"": [""אומרת""], ""וגו"": [""וגו""], ""מאמינה"": [""מאמינה""], ""מתחילה"": [""מתחילה""], ""עת"": [""עת""], ""עבד"": [""עבד""], ""נביא"": [""נביא""], ""במצרים"": [""במצרים""], ""באה"": [""באה""], ""שעשועים"": [""שעשועים""], ""עתיד"": [""עתיד""], ""מצנע"": [""מצנע""], ""רבת"": [""רבת""], ""שמה"": [""שמה""], ""רבתא"": [""רבתא""], ""נאמן"": [""נאמן""], ""משמש"": [""משמש""], ""מצטער"": [""מצטער""], ""חכם"": [""חכם""], ""עבדך"": [""עבדך""], ""באהל"": [""באהל""], ""רוח"": [""רוח""], ""נביאה"": [""נביאה""], ""משיח"": [""משיח""], ""משמשת"": [""משמשת""], ""מצטערת"": [""מצטערת""], ""שעשועיה"": [""שעשועיה""], ""חותם"": [""חותם""], ""עתידת"": [""עתידת""], ""כעפר"": [""כעפר""], ""מאמינהו"": [""מאמינהו""], ""חותך"": [""חותך""], ""ויהי"": [""ויהי""], ""כעשב"": [""כעשב""], ""משיחא"": [""משיחא""], ""רוחץ"": [""רוחץ""], ""מצטמק"": [""מצטמק""], ""לפניי"": [""לפניי""], ""באהלך"": [""באהלך""], ""שעשועיהו"": [""שעשועיהו""], ""מצטמקת"": [""מצטמקת""], ""שמהו"": [""שמהו""], ""כעפרון"": [""כעפרון""], ""עתידתא"": [""עתידתא""], ""משמשתך"": [""משמשתך""], ""כעשבים"": [""כעשבים""]}",אמן,0.064934,אומר,0.024849,אמון,0.020116,לפני,0.013939,אומרת,0.011367,וגו,0.009155,מאמינה,0.007855,מתחילה,0.004145,עת,0.004078,עבד,0.003713,נביא,0.003141,במצרים,0.002514,באה,0.002325,שעשועים,0.0023,עתיד,0.002269,מצנע,0.001966,רבת,0.001864,שמה,0.001796,רבתא,0.001746,נאמן,0.001655,משמש,0.001368,מצטער,0.001207,חכם,0.001167,עבדך,0.001142,באהל,0.001128,רוח,0.000952,נביאה,0.000523,משיח,0.000488,משמשת,0.000486,מצטערת,0.000414,שעשועיה,0.000321,חותם,0.000287,עתידת,0.000215,כעפר,0.000176,מאמינהו,0.000161,חותך,0.000104,ויהי,9.5e-05,כעשב,7.3e-05,משיחא,5.3e-05,רוחץ,5.2e-05,מצטמק,3.6e-05,לפניי,2.6e-05,באהלך,2.4e-05,שעשועיהו,1.4e-05,מצטמקת,8e-06,שמהו,6e-06,כעפרון,6e-06,עתידתא,5e-06,משמשתך,4e-06,כעשבים,1e-06,ADV,True,כלי,כלי,True,False,True,True,True,True,True,12.0,1.0,11.0,False,True
Midrash_Aggadic_Midrash_Midrash_Rabbah_Bereishit_Rabbah__1_1,bereishit_rabbah,82,אמנותו,16.2198,0.8004,0.4592,0.2529,50,-1,False,"{""חמדה"": 1, ""אמון"": 1, ""חרש"": 1, ""של"": 1, ""קיבול"": 1, ""כסף"": 1, ""שרת"": 1, ""אבן"": 1, ""טהור"": 1, ""שבור"": 1, ""ריק"": 1, ""יקר"": 1, ""נאה"": 1, ""וגו"": 1, ""מים"": 1, ""מכסה"": 1, ""יד"": 1, ""לבן"": 1, ""טמא"": 1, ""הכסף"": 1, ""לבני"": 1, ""קבול"": 1, ""פשתן"": 1, ""רע"": 1, ""ריקן"": 1, ""השרת"": 1, ""ידך"": 1, ""מכסף"": 1, ""פלטין"": 1, ""נקבה"": 1, ""נקיה"": 1, ""ועכשיו"": 1, ""שלש"": 1, ""קיבולו"": 1, ""הכסא"": 1, ""רעב"": 1, ""שלשון"": 1, ""יקרת"": 1, ""טהורין"": 1, ""שרתך"": 1, ""שבורת"": 1, ""קיבוץ"": 1, ""לבניין"": 1, ""יקרתא"": 1, ""רעבון"": 1, ""שבורתא"": 1, ""טמאים"": 1, ""מכסהו"": 1, ""נקיהו"": 1, ""נקיהוון"": 1}","{""חמדה"": [""חמדה""], ""אמון"": [""אמון""], ""חרש"": [""חרש""], ""של"": [""של""], ""קיבול"": [""קיבול""], ""כסף"": [""כסף""], ""שרת"": [""שרת""], ""אבן"": [""אבן""], ""טהור"": [""טהור""], ""שבור"": [""שבור""], ""ריק"": [""ריק""], ""יקר"": [""יקר""], ""נאה"": [""נאה""], ""וגו"": [""וגו""], ""מים"": [""מים""], ""מכסה"": [""מכסה""], ""יד"": [""יד""], ""לבן"": [""לבן""], ""טמא"": [""טמא""], ""הכסף"": [""הכסף""], ""לבני"": [""לבני""], ""קבול"": [""קבול""], ""פשתן"": [""פשתן""], ""רע"": [""רע""], ""ריקן"": [""ריקן""], ""השרת"": [""השרת""], ""ידך"": [""ידך""], ""מכסף"": [""מכסף""], ""פלטין"": [""פלטין""], ""נקבה"": [""נקבה""], ""נקיה"": [""נקיה""], ""ועכשיו"": [""ועכשיו""], ""שלש"": [""שלש""], ""קיבולו"": [""קיבולו""], ""הכסא"": [""הכסא""], ""רעב"": [""רעב""], ""שלשון"": [""שלשון""], ""יקרת"": [""יקרת""], ""טהורין"": [""טהורין""], ""שרתך"": [""שרתך""], ""שבורת"": [""שבורת""], ""קיבוץ"": [""קיבוץ""], ""לבניין"": [""לבניין""], ""יקרתא"": [""יקרתא""], ""רעבון"": [""רעבון""], ""שבורתא"": [""שבורתא""], ""טמאים"": [""טמאים""], ""מכסהו"": [""מכסהו""], ""נקיהו"": [""נקיהו""], ""נקיהוון"": [""נקיהוון""]}",חמדה,0.050546,אמון,0.036382,חרש,0.032129,של,0.023899,קיבול,0.01587,כסף,0.011648,שרת,0.011314,אבן,0.009344,טהור,0.009111,שבור,0.00742,ריק,0.005456,יקר,0.004683,נאה,0.003851,וגו,0.003845,מים,0.002875,מכסה,0.002737,יד,0.002711,לבן,0.002557,טמא,0.00234,הכסף,0.002314,לבני,0.002221,קבול,0.001893,פשתן,0.001635,רע,0.001058,ריקן,0.001032,השרת,0.000703,ידך,0.000587,מכסף,0.000447,פלטין,0.000299,נקבה,0.000277,נקיה,0.000277,ועכשיו,0.000254,שלש,0.000239,קיבולו,0.000224,הכסא,0.000112,רעב,0.000103,שלשון,6.8e-05,יקרת,6.5e-05,טהורין,5.3e-05,שרתך,4.8e-05,שבורת,4.8e-05,קיבוץ,4.6e-05,לבניין,3.8e-05,יקרתא,3.3e-05,רעבון,3.2e-05,שבורתא,2.2e-05,טמאים,1.6e-05,מכסהו,1.4e-05,נקיהו,3e-06,נקיהוון,0.0,VERB,True,אמנותו,אומנות,True,False,True,True,True,True,True,5.0,30.0,-25.0,True,False
Midrash_Aggadic_Midrash_Midrash_Rabbah_Bereishit_Rabbah__1_1,bereishit_rabbah,83,של,0.5635,0.0018,0.0,0.6789,5,1,True,"{""של"": 1, ""שלקח"": 1, ""שלקחתי"": 1, ""שלקחו"": 1, ""שלקחתיו"": 1}","{""של"": [""של""], ""שלקח"": [""שלקח""], ""שלקחתי"": [""שלקחתי""], ""שלקחו"": [""שלקחו""], ""שלקחתיו"": [""שלקחתיו""]}",של,0.676651,שלקח,0.00174,שלקחתי,0.000324,שלקחו,0.000124,שלקחתיו,9.4e-05,,,,,,,,,,,,,,,,,,,,,,,,,,,,,,,,,,,,,,,,,,,,,,,,,,,,,,,,,,,,,,,,,,,,,,,,,,,,,,,,,,,,,,,,,,,PROPN,False,של,של,False,True,False,True,True,True,False,,,,False,False
Midrash_Aggadic_Midrash_Midrash_Rabbah_Bereishit_Rabbah__1_1,bereishit_rabbah,84,הקדוש,4.1663,0.7366,0.0,0.6107,50,4,True,"{""משה"": 1, ""אברהם"": 1, ""הקב"": 1, ""הקדוש"": 1, ""הקבה"": 1, ""אדם"": 1, ""דוד"": 1, ""רבי"": 1, ""יעקב"": 1, ""יהושע"": 1, ""אליהו"": 1, ""רב"": 1, ""אמן"": 1, ""המלך"": 1, ""עשו"": 1, ""עולם"": 1, ""ה"": 1, ""יחזקאל"": 1, ""אלכסנדר"": 1, ""חכם"": 1, ""בורא"": 1, ""אמון"": 1, ""רבן"": 1, ""קין"": 1, ""אלישע"": 1, ""יהו"": 1, ""ירמיה"": 1, ""הכה"": 1, ""קרח"": 1, ""הכהן"": 1, ""ר"": 1, ""שמעון"": 1, ""חנניה"": 1, ""אלכסנדריא"": 1, ""ירמיהו"": 1, ""שרה"": 1, ""המן"": 1, ""יהוידע"": 1, ""בשר"": 1, ""דניאל"": 1, ""דודו"": 1, ""בוראו"": 1, ""אליהוא"": 1, ""חנוך"": 1, ""שמעיה"": 1, ""בוראנו"": 1, ""חנניהו"": 1, ""המלכים"": 1, ""שמעיהו"": 1, ""ירמוך"": 1}","{""משה"": [""משה""], ""אברהם"": [""אברהם""], ""הקב"": [""הקב""], ""הקדוש"": [""הקדוש""], ""הקבה"": [""הקבה""], ""אדם"": [""אדם""], ""דוד"": [""דוד""], ""רבי"": [""רבי""], ""יעקב"": [""יעקב""], ""יהושע"": [""יהושע""], ""אליהו"": [""אליהו""], ""רב"": [""רב""], ""אמן"": [""אמן""], ""המלך"": [""המלך""], ""עשו"": [""עשו""], ""עולם"": [""עולם""], ""ה"": [""ה""], ""יחזקאל"": [""יחזקאל""], ""אלכסנדר"": [""אלכסנדר""], ""חכם"": [""חכם""], ""בורא"": [""בורא""], ""אמון"": [""אמון""], ""רבן"": [""רבן""], ""קין"": [""קין""], ""אלישע"": [""אלישע""], ""יהו"": [""יהו""], ""ירמיה"": [""ירמיה""], ""הכה"": [""הכה""], ""קרח"": [""קרח""], ""הכהן"": [""הכהן""], ""ר"": [""ר""], ""שמעון"": [""שמעון""], ""חנניה"": [""חנניה""], ""אלכסנדריא"": [""אלכסנדריא""], ""ירמיהו"": [""ירמיהו""], ""שרה"": [""שרה""], ""המן"": [""המן""], ""יהוידע"": [""יהוידע""], ""בשר"": [""בשר""], ""דניאל"": [""דניאל""], ""דודו"": [""דודו""], ""בוראו"": [""בוראו""], ""אליהוא"": [""אליהוא""], ""חנוך"": [""חנוך""], ""שמעיה"": [""שמעיה""], ""בוראנו"": [""בוראנו""], ""חנניהו"": [""חנניהו""], ""המלכים"": [""המלכים""], ""שמעיהו"": [""שמעיהו""], ""ירמוך"": [""ירמוך""]}",משה,0.110467,אברהם,0.105408,הקב,0.06194,הקדוש,0.055695,הקבה,0.046875,אדם,0.022796,דוד,0.019614,רבי,0.016131,יעקב,0.015185,יהושע,0.015131,אליהו,0.014325,רב,0.014044,אמן,0.012956,המלך,0.008638,עשו,0.008324,עולם,0.007232,ה,0.006972,יחזקאל,0.006602,אלכסנדר,0.006131,חכם,0.006078,בורא,0.004841,אמון,0.004408,רבן,0.004059,קין,0.003615,אלישע,0.003233,יהו,0.003225,ירמיה,0.002732,הכה,0.002565,קרח,0.002485,הכהן,0.002335,ר,0.002324,שמעון,0.001715,חנניה,0.001637,אלכסנדריא,0.001636,ירמיהו,0.001611,שרה,0.001432,המן,0.001102,יהוידע,0.001081,בשר,0.000909,דניאל,0.000886,דודו,0.000728,בוראו,0.000479,אליהוא,0.000332,חנוך,0.00028,שמעיה,0.000165,בוראנו,0.000162,חנניהו,7.8e-05,המלכים,4.7e-05,שמעיהו,7e-06,ירמוך,3e-06,AUX,True,הקדוש,קדוש,False,False,False,True,True,True,False,,,,False,False
Midrash_Aggadic_Midrash_Midrash_Rabbah_Bereishit_Rabbah__1_1,bereishit_rabbah,85,ברוך,0.0232,0.1829,0.0,1.977,5,2,True,"{""בר"": 1, ""ברוך"": 1, ""בה"": 1, ""בברא"": 1, ""בבראשית"": 1}","{""בר"": [""בר""], ""ברוך"": [""ברוך""], ""בה"": [""בה""], ""בברא"": [""בברא""], ""בבראשית"": [""בבראשית""]}",בר,0.99124,ברוך,0.984062,בה,0.001597,בברא,7.7e-05,בבראשית,1.9e-05,,,,,,,,,,,,,,,,,,,,,,,,,,,,,,,,,,,,,,,,,,,,,,,,,,,,,,,,,,,,,,,,,,,,,,,,,,,,,,,,,,,,,,,,,,,AUX,True,ברוך,ברוך,False,False,False,True,True,True,False,,,,False,False
Midrash_Aggadic_Midrash_Midrash_Rabbah_Bereishit_Rabbah__1_1,bereishit_rabbah,86,"הוא,",0.0041,0.0004,0.0,0.9976,5,1,True,"{""הוא"": 1, ""שמו"": 1, ""טובי"": 1, ""טעמו"": 1, ""שמן"": 1}","{""הוא"": [""הוא""], ""שמו"": [""שמו""], ""טובי"": [""טובי""], ""טעמו"": [""טעמו""], ""שמן"": [""שמן""]}",הוא,0.997165,שמו,0.000399,טובי,2e-05,טעמו,7e-06,שמן,3e-06,,,,,,,,,,,,,,,,,,,,,,,,,,,,,,,,,,,,,,,,,,,,,,,,,,,,,,,,,,,,,,,,,,,,,,,,,,,,,,,,,,,,,,,,,,,ADV,True,הוא,הוא,True,True,False,True,True,True,False,,,,False,False
Midrash_Aggadic_Midrash_Midrash_Rabbah_Bereishit_Rabbah__1_1,bereishit_rabbah,87,בנהג,21.0355,0.8726,0.5292,0.2929,50,-1,False,"{""והוא"": 1, ""וגו"": 1, ""ואני"": 1, ""אמן"": 1, ""אמון"": 1, ""וכל"": 1, ""ש"": 1, ""על"": 1, ""הוא"": 1, ""כי"": 1, ""שנאמר"": 1, ""אמר"": 1, ""אני"": 1, ""ואמר"": 1, ""ולא"": 1, ""כמא"": 1, ""והיה"": 1, ""רבי"": 1, ""אמרו"": 1, ""והייתי"": 1, ""כיון"": 1, ""דכת"": 1, ""ואמרתי"": 1, ""ואיני"": 1, ""דכתיב"": 1, ""שנא"": 1, ""ר"": 1, ""מאי"": 1, ""ואמנם"": 1, ""מתחילה"": 1, ""ביד"": 1, ""הואיל"": 1, ""במעשה"": 1, ""והיינו"": 1, ""שעשועיו"": 1, ""ולאו"": 1, ""שעשועים"": 1, ""מתחלה"": 1, ""וכלים"": 1, ""דתימא"": 1, ""ואמרתיו"": 1, ""כענין"": 1, ""שעשאו"": 1, ""עליה"": 1, ""כמאמר"": 1, ""בידן"": 1, ""כענף"": 1, ""דתימר"": 1, ""עליהו"": 1, ""עליהוון"": 1}","{""והוא"": [""והוא""], ""וגו"": [""וגו""], ""ואני"": [""ואני""], ""אמן"": [""אמן""], ""אמון"": [""אמון""], ""וכל"": [""וכל""], ""ש"": [""ש""], ""על"": [""על""], ""הוא"": [""הוא""], ""כי"": [""כי""], ""שנאמר"": [""שנאמר""], ""אמר"": [""אמר""], ""אני"": [""אני""], ""ואמר"": [""ואמר""], ""ולא"": [""ולא""], ""כמא"": [""כמא""], ""והיה"": [""והיה""], ""רבי"": [""רבי""], ""אמרו"": [""אמרו""], ""והייתי"": [""והייתי""], ""כיון"": [""כיון""], ""דכת"": [""דכת""], ""ואמרתי"": [""ואמרתי""], ""ואיני"": [""ואיני""], ""דכתיב"": [""דכתיב""], ""שנא"": [""שנא""], ""ר"": [""ר""], ""מאי"": [""מאי""], ""ואמנם"": [""ואמנם""], ""מתחילה"": [""מתחילה""], ""ביד"": [""ביד""], ""הואיל"": [""הואיל""], ""במעשה"": [""במעשה""], ""והיינו"": [""והיינו""], ""שעשועיו"": [""שעשועיו""], ""ולאו"": [""ולאו""], ""שעשועים"": [""שעשועים""], ""מתחלה"": [""מתחלה""], ""וכלים"": [""וכלים""], ""דתימא"": [""דתימא""], ""ואמרתיו"": [""ואמרתיו""], ""כענין"": [""כענין""], ""שעשאו"": [""שעשאו""], ""עליה"": [""עליה""], ""כמאמר"": [""כמאמר""], ""בידן"": [""בידן""], ""כענף"": [""כענף""], ""דתימר"": [""דתימר""], ""עליהו"": [""עליהו""], ""עליהוון"": [""עליהוון""]}",והוא,0.028314,וגו,0.027906,ואני,0.021041,אמן,0.017678,אמון,0.016868,וכל,0.016387,ש,0.013585,על,0.013585,הוא,0.013585,כי,0.012963,שנאמר,0.011541,אמר,0.010916,אני,0.010416,ואמר,0.010027,ולא,0.009785,כמא,0.00883,והיה,0.006395,רבי,0.005085,אמרו,0.00402,והייתי,0.003958,כיון,0.003931,דכת,0.00372,ואמרתי,0.003582,ואיני,0.00352,דכתיב,0.003469,שנא,0.003011,ר,0.001757,מאי,0.001456,ואמנם,0.001142,מתחילה,0.000712,ביד,0.000655,הואיל,0.000636,במעשה,0.000543,והיינו,0.000374,שעשועיו,0.000253,ולאו,0.000196,שעשועים,0.000191,מתחלה,0.000156,וכלים,0.000128,דתימא,0.000127,ואמרתיו,0.000109,כענין,9.5e-05,שעשאו,6.5e-05,עליה,4.6e-05,כמאמר,4.4e-05,בידן,4.2e-05,כענף,1.6e-05,דתימר,0.0,עליהו,0.0,עליהוון,0.0,AUX,True,בנהג,נהג,False,False,False,True,True,True,False,,,,False,False
Midrash_Aggadic_Midrash_Midrash_Rabbah_Bereishit_Rabbah__1_1,bereishit_rabbah,88,שבעולם,14.3719,0.8882,0.2458,0.2483,50,-1,False,"{""את"": 1, ""אותו"": 1, ""כל"": 1, ""אמן"": 1, ""ישראל"": 1, ""בני"": 1, ""אדם"": 1, ""אמנות"": 1, ""צדיקים"": 1, ""אמנותו"": 1, ""ידיו"": 1, ""עולמו"": 1, ""אתו"": 1, ""שמים"": 1, ""וגו"": 1, ""עבדיו"": 1, ""הים"": 1, ""צדק"": 1, ""חכמים"": 1, ""רוח"": 1, ""ביד"": 1, ""ידו"": 1, ""חסד"": 1, ""בם"": 1, ""צדיק"": 1, ""מוסר"": 1, ""כלים"": 1, ""מכסה"": 1, ""בניו"": 1, ""רחמים"": 1, ""שבע"": 1, ""הנהג"": 1, ""שבעת"": 1, ""חכמת"": 1, ""צדיקי"": 1, ""וברוח"": 1, ""רחמנות"": 1, ""חכמתו"": 1, ""בידים"": 1, ""וברא"": 1, ""רחמנותו"": 1, ""הנהגת"": 1, ""מוסריו"": 1, ""שבעתים"": 1, ""מכסהו"": 1, ""וברוחב"": 1, ""אתוון"": 1, ""ובראש"": 1, ""ובראשונה"": 1, ""הנהגתא"": 1}","{""את"": [""את""], ""אותו"": [""אותו""], ""כל"": [""כל""], ""אמן"": [""אמן""], ""ישראל"": [""ישראל""], ""בני"": [""בני""], ""אדם"": [""אדם""], ""אמנות"": [""אמנות""], ""צדיקים"": [""צדיקים""], ""אמנותו"": [""אמנותו""], ""ידיו"": [""ידיו""], ""עולמו"": [""עולמו""], ""אתו"": [""אתו""], ""שמים"": [""שמים""], ""וגו"": [""וגו""], ""עבדיו"": [""עבדיו""], ""הים"": [""הים""], ""צדק"": [""צדק""], ""חכמים"": [""חכמים""], ""רוח"": [""רוח""], ""ביד"": [""ביד""], ""ידו"": [""ידו""], ""חסד"": [""חסד""], ""בם"": [""בם""], ""צדיק"": [""צדיק""], ""מוסר"": [""מוסר""], ""כלים"": [""כלים""], ""מכסה"": [""מכסה""], ""בניו"": [""בניו""], ""רחמים"": [""רחמים""], ""שבע"": [""שבע""], ""הנהג"": [""הנהג""], ""שבעת"": [""שבעת""], ""חכמת"": [""חכמת""], ""צדיקי"": [""צדיקי""], ""וברוח"": [""וברוח""], ""רחמנות"": [""רחמנות""], ""חכמתו"": [""חכמתו""], ""בידים"": [""בידים""], ""וברא"": [""וברא""], ""רחמנותו"": [""רחמנותו""], ""הנהגת"": [""הנהגת""], ""מוסריו"": [""מוסריו""], ""שבעתים"": [""שבעתים""], ""מכסהו"": [""מכסהו""], ""וברוחב"": [""וברוחב""], ""אתוון"": [""אתוון""], ""ובראש"": [""ובראש""], ""ובראשונה"": [""ובראשונה""], ""הנהגתא"": [""הנהגתא""]}",את,0.076311,אותו,0.02022,כל,0.019907,אמן,0.019597,ישראל,0.015748,בני,0.014116,אדם,0.012853,אמנות,0.009701,צדיקים,0.005122,אמנותו,0.005039,ידיו,0.004821,עולמו,0.003631,אתו,0.003278,שמים,0.00282,וגו,0.002768,עבדיו,0.002528,הים,0.002509,צדק,0.002432,חכמים,0.002204,רוח,0.002196,ביד,0.001928,ידו,0.001888,חסד,0.001872,בם,0.001783,צדיק,0.001743,מוסר,0.001561,כלים,0.00148,מכסה,0.001317,בניו,0.001261,רחמים,0.001236,שבע,0.001213,הנהג,0.000534,שבעת,0.000407,חכמת,0.000401,צדיקי,0.000394,וברוח,0.000296,רחמנות,0.000289,חכמתו,0.000225,בידים,0.000186,וברא,0.000138,רחמנותו,7.4e-05,הנהגת,7.3e-05,מוסריו,4.6e-05,שבעתים,3.4e-05,מכסהו,3.3e-05,וברוחב,3.1e-05,אתוון,2.7e-05,ובראש,1.3e-05,ובראשונה,4e-06,הנהגתא,1e-06,ADV,True,שבעולם,עולם,True,False,True,True,True,True,True,8.0,6.0,2.0,False,True
Midrash_Aggadic_Midrash_Midrash_Rabbah_Bereishit_Rabbah__1_1,bereishit_rabbah,89,מלך,12.0059,0.88,0.7775,0.1883,50,-1,False,"{""והוא"": 1, ""ואני"": 1, ""וכל"": 1, ""אמן"": 1, ""אמון"": 1, ""ואת"": 1, ""אמר"": 1, ""שנאמר"": 1, ""וגו"": 1, ""ואמר"": 1, ""והיה"": 1, ""ואומר"": 1, ""והייתי"": 1, ""ואומרת"": 1, ""רבי"": 1, ""שנא"": 1, ""ואמרתי"": 1, ""בנה"": 1, ""רוח"": 1, ""שמע"": 1, ""שבעולם"": 1, ""ובנה"": 1, ""ועליו"": 1, ""משל"": 1, ""ועושה"": 1, ""ואתה"": 1, ""מאי"": 1, ""והיינו"": 1, ""ובא"": 1, ""שבעת"": 1, ""בנהיג"": 1, ""וכלו"": 1, ""ובנהיג"": 1, ""ועושהו"": 1, ""בדרכי"": 1, ""ואמרתיו"": 1, ""רוחו"": 1, ""בנהיגת"": 1, ""משלו"": 1, ""ובאוצר"": 1, ""ובנהיגו"": 1, ""שבעתים"": 1, ""ועושין"": 1, ""ובאוצרו"": 1, ""וכלוים"": 1, ""בנהיגתא"": 1, ""משלוות"": 1, ""בדרכייה"": 1, ""בדרכייהו"": 1, ""משלוותא"": 1}","{""והוא"": [""והוא""], ""ואני"": [""ואני""], ""וכל"": [""וכל""], ""אמן"": [""אמן""], ""אמון"": [""אמון""], ""ואת"": [""ואת""], ""אמר"": [""אמר""], ""שנאמר"": [""שנאמר""], ""וגו"": [""וגו""], ""ואמר"": [""ואמר""], ""והיה"": [""והיה""], ""ואומר"": [""ואומר""], ""והייתי"": [""והייתי""], ""ואומרת"": [""ואומרת""], ""רבי"": [""רבי""], ""שנא"": [""שנא""], ""ואמרתי"": [""ואמרתי""], ""בנה"": [""בנה""], ""רוח"": [""רוח""], ""שמע"": [""שמע""], ""שבעולם"": [""שבעולם""], ""ובנה"": [""ובנה""], ""ועליו"": [""ועליו""], ""משל"": [""משל""], ""ועושה"": [""ועושה""], ""ואתה"": [""ואתה""], ""מאי"": [""מאי""], ""והיינו"": [""והיינו""], ""ובא"": [""ובא""], ""שבעת"": [""שבעת""], ""בנהיג"": [""בנהיג""], ""וכלו"": [""וכלו""], ""ובנהיג"": [""ובנהיג""], ""ועושהו"": [""ועושהו""], ""בדרכי"": [""בדרכי""], ""ואמרתיו"": [""ואמרתיו""], ""רוחו"": [""רוחו""], ""בנהיגת"": [""בנהיגת""], ""משלו"": [""משלו""], ""ובאוצר"": [""ובאוצר""], ""ובנהיגו"": [""ובנהיגו""], ""שבעתים"": [""שבעתים""], ""ועושין"": [""ועושין""], ""ובאוצרו"": [""ובאוצרו""], ""וכלוים"": [""וכלוים""], ""בנהיגתא"": [""בנהיגתא""], ""משלוות"": [""משלוות""], ""בדרכייה"": [""בדרכייה""], ""בדרכייהו"": [""בדרכייהו""], ""משלוותא"": [""משלוותא""]}",והוא,0.032147,ואני,0.017478,וכל,0.016677,אמן,0.013077,אמון,0.012285,ואת,0.012201,אמר,0.012012,שנאמר,0.011463,וגו,0.011392,ואמר,0.011198,והיה,0.006899,ואומר,0.006281,והייתי,0.003115,ואומרת,0.002987,רבי,0.002946,שנא,0.002766,ואמרתי,0.002402,בנה,0.001725,רוח,0.001067,שמע,0.000904,שבעולם,0.000873,ובנה,0.000808,ועליו,0.000754,משל,0.000684,ועושה,0.000639,ואתה,0.000637,מאי,0.000622,והיינו,0.000559,ובא,0.000419,שבעת,0.000288,בנהיג,0.000221,וכלו,0.000161,ובנהיג,0.000159,ועושהו,9.3e-05,בדרכי,7.9e-05,ואמרתיו,7.2e-05,רוחו,6.3e-05,בנהיגת,5.1e-05,משלו,4.6e-05,ובאוצר,2.9e-05,ובנהיגו,2.5e-05,שבעתים,1.6e-05,ועושין,1.3e-05,ובאוצרו,1.1e-05,וכלוים,1e-06,בנהיגתא,1e-06,משלוות,0.0,בדרכייה,0.0,בדרכייהו,0.0,משלוותא,0.0,AUX,True,מלך,מלך,False,False,False,True,True,True,False,,,,False,False
Midrash_Aggadic_Midrash_Midrash_Rabbah_Bereishit_Rabbah__1_1,bereishit_rabbah,90,בשר,7.1359,0.8696,0.0,0.2697,50,12,True,"{""גדול"": 1, ""אחד"": 1, ""על"": 1, ""הוא"": 1, ""של"": 1, ""טוב"": 1, ""מלכי"": 1, ""העולם"": 1, ""אמן"": 1, ""מלך"": 1, ""שבעולם"": 1, ""בשר"": 1, ""יושב"": 1, ""וגו"": 1, ""ביהודה"": 1, ""אמון"": 1, ""משיח"": 1, ""דוד"": 1, ""ושריו"": 1, ""משח"": 1, ""רחמן"": 1, ""שליט"": 1, ""מנהיג"": 1, ""שמשון"": 1, ""ית"": 1, ""גבור"": 1, ""משיחא"": 1, ""ושרים"": 1, ""גוי"": 1, ""שמואל"": 1, ""מושל"": 1, ""דניאל"": 1, ""רוממה"": 1, ""גדולו"": 1, ""יתעלה"": 1, ""משחית"": 1, ""שמלאכת"": 1, ""עלינו"": 1, ""ביהמ"": 1, ""גויי"": 1, ""ביהמק"": 1, ""מנהיגו"": 1, ""דודו"": 1, ""משחיתו"": 1, ""גבורת"": 1, ""שליטו"": 1, ""ביהמד"": 1, ""רוממהו"": 1, ""מושלן"": 1, ""גבורתא"": 1}","{""גדול"": [""גדול""], ""אחד"": [""אחד""], ""על"": [""על""], ""הוא"": [""הוא""], ""של"": [""של""], ""טוב"": [""טוב""], ""מלכי"": [""מלכי""], ""העולם"": [""העולם""], ""אמן"": [""אמן""], ""מלך"": [""מלך""], ""שבעולם"": [""שבעולם""], ""בשר"": [""בשר""], ""יושב"": [""יושב""], ""וגו"": [""וגו""], ""ביהודה"": [""ביהודה""], ""אמון"": [""אמון""], ""משיח"": [""משיח""], ""דוד"": [""דוד""], ""ושריו"": [""ושריו""], ""משח"": [""משח""], ""רחמן"": [""רחמן""], ""שליט"": [""שליט""], ""מנהיג"": [""מנהיג""], ""שמשון"": [""שמשון""], ""ית"": [""ית""], ""גבור"": [""גבור""], ""משיחא"": [""משיחא""], ""ושרים"": [""ושרים""], ""גוי"": [""גוי""], ""שמואל"": [""שמואל""], ""מושל"": [""מושל""], ""דניאל"": [""דניאל""], ""רוממה"": [""רוממה""], ""גדולו"": [""גדולו""], ""יתעלה"": [""יתעלה""], ""משחית"": [""משחית""], ""שמלאכת"": [""שמלאכת""], ""עלינו"": [""עלינו""], ""ביהמ"": [""ביהמ""], ""גויי"": [""גויי""], ""ביהמק"": [""ביהמק""], ""מנהיגו"": [""מנהיגו""], ""דודו"": [""דודו""], ""משחיתו"": [""משחיתו""], ""גבורת"": [""גבורת""], ""שליטו"": [""שליטו""], ""ביהמד"": [""ביהמד""], ""רוממהו"": [""רוממהו""], ""מושלן"": [""מושלן""], ""גבורתא"": [""גבורתא""]}",גדול,0.052972,אחד,0.032635,על,0.023876,הוא,0.01641,של,0.016156,טוב,0.015177,מלכי,0.01272,העולם,0.012582,אמן,0.011884,מלך,0.010545,שבעולם,0.009305,בשר,0.00711,יושב,0.005009,וגו,0.004972,ביהודה,0.004003,אמון,0.003981,משיח,0.003391,דוד,0.003134,ושריו,0.002444,משח,0.00233,רחמן,0.002037,שליט,0.001888,מנהיג,0.001709,שמשון,0.001659,ית,0.001374,גבור,0.001323,משיחא,0.001301,ושרים,0.001229,גוי,0.001114,שמואל,0.000995,מושל,0.000984,דניאל,0.000896,רוממה,0.000449,גדולו,0.000346,יתעלה,0.000296,משחית,0.000267,שמלאכת,0.000234,עלינו,0.000216,ביהמ,0.000212,גויי,0.000162,ביהמק,0.00011,מנהיגו,7.3e-05,דודו,6.4e-05,משחיתו,3.4e-05,גבורת,3e-05,שליטו,1.3e-05,ביהמד,1.1e-05,רוממהו,3e-06,מושלן,3e-06,גבורתא,0.0,AUX,True,בשר,בשר,False,False,False,True,True,True,False,,,,False,False
Midrash_Aggadic_Midrash_Midrash_Rabbah_Bereishit_Rabbah__1_1,bereishit_rabbah,91,ודם,0.0883,0.0033,0.0,0.9542,5,1,True,"{""ודם"": 1, ""ואדם"": 1, ""ורוח"": 1, ""ורוחה"": 1, ""ורוחהו"": 1}","{""ודם"": [""ודם""], ""ואדם"": [""ואדם""], ""ורוח"": [""ורוח""], ""ורוחה"": [""ורוחה""], ""ורוחהו"": [""ורוחהו""]}",ודם,0.940622,ואדם,0.01285,ורוח,0.000757,ורוחה,1.8e-05,ורוחהו,0.0,,,,,,,,,,,,,,,,,,,,,,,,,,,,,,,,,,,,,,,,,,,,,,,,,,,,,,,,,,,,,,,,,,,,,,,,,,,,,,,,,,,,,,,,,,,ADV,True,ודם,דם,True,False,True,True,True,True,True,52.0,54.0,-2.0,True,False
Midrash_Aggadic_Midrash_Midrash_Rabbah_Bereishit_Rabbah__1_1,bereishit_rabbah,92,בונה,7.2825,0.8707,0.0,0.3837,50,18,True,"{""עושה"": 1, ""אם"": 1, ""היה"": 1, ""אין"": 1, ""אומר"": 1, ""נותן"": 1, ""לא"": 1, ""הוא"": 1, ""אינו"": 1, ""מנה"": 1, ""כל"": 1, ""מי"": 1, ""מלך"": 1, ""מנהיג"": 1, ""יכול"": 1, ""נוטל"": 1, ""מניח"": 1, ""בונה"": 1, ""כובש"": 1, ""אוכל"": 1, ""בנה"": 1, ""נושא"": 1, ""משל"": 1, ""אמון"": 1, ""משמש"": 1, ""שולח"": 1, ""שמש"": 1, ""נוטה"": 1, ""מנע"": 1, ""אומרת"": 1, ""כותב"": 1, ""משים"": 1, ""מלכות"": 1, ""מנענע"": 1, ""מלכותו"": 1, ""משליך"": 1, ""מנהיגו"": 1, ""שמשון"": 1, ""מניחו"": 1, ""עושהו"": 1, ""משמשין"": 1, ""כלים"": 1, ""כותש"": 1, ""אוכלין"": 1, ""בונהו"": 1, ""בנהו"": 1, ""שולחין"": 1, ""מנענעין"": 1, ""כותשין"": 1, ""מנהיגוון"": 1}","{""עושה"": [""עושה""], ""אם"": [""אם""], ""היה"": [""היה""], ""אין"": [""אין""], ""אומר"": [""אומר""], ""נותן"": [""נותן""], ""לא"": [""לא""], ""הוא"": [""הוא""], ""אינו"": [""אינו""], ""מנה"": [""מנה""], ""כל"": [""כל""], ""מי"": [""מי""], ""מלך"": [""מלך""], ""מנהיג"": [""מנהיג""], ""יכול"": [""יכול""], ""נוטל"": [""נוטל""], ""מניח"": [""מניח""], ""בונה"": [""בונה""], ""כובש"": [""כובש""], ""אוכל"": [""אוכל""], ""בנה"": [""בנה""], ""נושא"": [""נושא""], ""משל"": [""משל""], ""אמון"": [""אמון""], ""משמש"": [""משמש""], ""שולח"": [""שולח""], ""שמש"": [""שמש""], ""נוטה"": [""נוטה""], ""מנע"": [""מנע""], ""אומרת"": [""אומרת""], ""כותב"": [""כותב""], ""משים"": [""משים""], ""מלכות"": [""מלכות""], ""מנענע"": [""מנענע""], ""מלכותו"": [""מלכותו""], ""משליך"": [""משליך""], ""מנהיגו"": [""מנהיגו""], ""שמשון"": [""שמשון""], ""מניחו"": [""מניחו""], ""עושהו"": [""עושהו""], ""משמשין"": [""משמשין""], ""כלים"": [""כלים""], ""כותש"": [""כותש""], ""אוכלין"": [""אוכלין""], ""בונהו"": [""בונהו""], ""בנהו"": [""בנהו""], ""שולחין"": [""שולחין""], ""מנענעין"": [""מנענעין""], ""כותשין"": [""כותשין""], ""מנהיגוון"": [""מנהיגוון""]}",עושה,0.046821,אם,0.04197,היה,0.031189,אין,0.025857,אומר,0.022465,נותן,0.019215,לא,0.018335,הוא,0.018051,אינו,0.017224,מנה,0.01674,כל,0.01544,מי,0.0152,מלך,0.014419,מנהיג,0.013405,יכול,0.012602,נוטל,0.008058,מניח,0.007287,בונה,0.006423,כובש,0.003506,אוכל,0.003474,בנה,0.003332,נושא,0.003164,משל,0.00282,אמון,0.002581,משמש,0.001897,שולח,0.001778,שמש,0.00155,נוטה,0.001357,מנע,0.00105,אומרת,0.001017,כותב,0.000959,משים,0.000896,מלכות,0.000707,מנענע,0.000553,מלכותו,0.000509,משליך,0.000345,מנהיגו,0.000344,שמשון,0.000249,מניחו,0.000241,עושהו,0.000212,משמשין,0.000133,כלים,0.000114,כותש,8.6e-05,אוכלין,7e-05,בונהו,2.7e-05,בנהו,2.3e-05,שולחין,1e-05,מנענעין,4e-06,כותשין,1e-06,מנהיגוון,0.0,ADV,True,בונה,בונה,True,False,True,True,True,True,True,28.0,11.0,17.0,False,True
Midrash_Aggadic_Midrash_Midrash_Rabbah_Bereishit_Rabbah__1_1,bereishit_rabbah,93,"פלטין,",9.5838,0.8814,0.712,0.6519,39,-1,False,"{""בית"": 1, ""את"": 1, ""ביתו"": 1, ""בתים"": 1, ""עיר"": 1, ""כלי"": 1, ""ארמונות"": 1, ""ארמון"": 1, ""מגדל"": 1, ""ארמונו"": 1, ""בתי"": 1, ""גנות"": 1, ""מזבח"": 1, ""מבצרי"": 1, ""מבנין"": 1, ""ביהמ"": 1, ""ביהודה"": 1, ""אמנות"": 1, ""גורלות"": 1, ""אמנותו"": 1, ""ארמונותיו"": 1, ""בתיהם"": 1, ""ביהמק"": 1, ""מזבחות"": 1, ""עירו"": 1, ""עשר"": 1, ""גורלותו"": 1, ""גורן"": 1, ""ביהמד"": 1, ""כליו"": 1, ""מזוזה"": 1, ""אמונתו"": 1, ""אמונת"": 1, ""עשרו"": 1, ""מזבחותיו"": 1, ""כליוים"": 1, ""עירוים"": 1, ""אמונתינו"": 1, ""מזוזהו"": 1}","{""בית"": [""בית""], ""את"": [""את""], ""ביתו"": [""ביתו""], ""בתים"": [""בתים""], ""עיר"": [""עיר""], ""כלי"": [""כלי""], ""ארמונות"": [""ארמונות""], ""ארמון"": [""ארמון""], ""מגדל"": [""מגדל""], ""ארמונו"": [""ארמונו""], ""בתי"": [""בתי""], ""גנות"": [""גנות""], ""מזבח"": [""מזבח""], ""מבצרי"": [""מבצרי""], ""מבנין"": [""מבנין""], ""ביהמ"": [""ביהמ""], ""ביהודה"": [""ביהודה""], ""אמנות"": [""אמנות""], ""גורלות"": [""גורלות""], ""אמנותו"": [""אמנותו""], ""ארמונותיו"": [""ארמונותיו""], ""בתיהם"": [""בתיהם""], ""ביהמק"": [""ביהמק""], ""מזבחות"": [""מזבחות""], ""עירו"": [""עירו""], ""עשר"": [""עשר""], ""גורלותו"": [""גורלותו""], ""גורן"": [""גורן""], ""ביהמד"": [""ביהמד""], ""כליו"": [""כליו""], ""מזוזה"": [""מזוזה""], ""אמונתו"": [""אמונתו""], ""אמונת"": [""אמונת""], ""עשרו"": [""עשרו""], ""מזבחותיו"": [""מזבחותיו""], ""כליוים"": [""כליוים""], ""עירוים"": [""עירוים""], ""אמונתינו"": [""אמונתינו""], ""מזוזהו"": [""מזוזהו""]}",בית,0.282473,את,0.151197,ביתו,0.085786,בתים,0.02778,עיר,0.019735,כלי,0.017778,ארמונות,0.013899,ארמון,0.011486,מגדל,0.005414,ארמונו,0.004306,בתי,0.004232,גנות,0.004117,מזבח,0.002998,מבצרי,0.002702,מבנין,0.002639,ביהמ,0.002196,ביהודה,0.002162,אמנות,0.001905,גורלות,0.001602,אמנותו,0.001282,ארמונותיו,0.001247,בתיהם,0.001077,ביהמק,0.000991,מזבחות,0.000505,עירו,0.000362,עשר,0.000361,גורלותו,0.000335,גורן,0.000292,ביהמד,0.000275,כליו,0.000221,מזוזה,0.000202,אמונתו,0.000178,אמונת,5.6e-05,עשרו,4.6e-05,מזבחותיו,2.3e-05,כליוים,9e-06,עירוים,1e-06,אמונתינו,1e-06,מזוזהו,0.0,,,,,,,,,,,,,,,,,,,,,,,ADV,True,פלטין,פלטין,True,False,True,True,True,True,True,22.0,8.0,14.0,False,True
Midrash_Aggadic_Midrash_Midrash_Rabbah_Bereishit_Rabbah__1_1,bereishit_rabbah,94,אינו,10.693,0.9147,0.7721,0.3115,50,-1,False,"{""על"": 1, ""של"": 1, ""לעצמו"": 1, ""שלו"": 1, ""אחת"": 1, ""ובונה"": 1, ""לבנו"": 1, ""בנה"": 1, ""גדול"": 1, ""לפניו"": 1, ""למלך"": 1, ""אמן"": 1, ""משל"": 1, ""ומגדל"": 1, ""לבניו"": 1, ""ואומר"": 1, ""ואחר"": 1, ""ועושה"": 1, ""לאשת"": 1, ""לאדם"": 1, ""מכסה"": 1, ""לאשתו"": 1, ""לעבדיו"": 1, ""לפנים"": 1, ""ומושיב"": 1, ""אבן"": 1, ""ואומרת"": 1, ""בנהר"": 1, ""ובנה"": 1, ""למלכות"": 1, ""למלכותו"": 1, ""מכסף"": 1, ""ומלביש"": 1, ""למלכו"": 1, ""מכסהו"": 1, ""שלשים"": 1, ""ועושהו"": 1, ""ואחריו"": 1, ""במלכות"": 1, ""גדולות"": 1, ""במלכותו"": 1, ""ומושך"": 1, ""ומלבישו"": 1, ""אחתו"": 1, ""לבנוו"": 1, ""ובונהו"": 1, ""ובנהו"": 1, ""ומושיבת"": 1, ""לבנווים"": 1, ""בנהרין"": 1}","{""על"": [""על""], ""של"": [""של""], ""לעצמו"": [""לעצמו""], ""שלו"": [""שלו""], ""אחת"": [""אחת""], ""ובונה"": [""ובונה""], ""לבנו"": [""לבנו""], ""בנה"": [""בנה""], ""גדול"": [""גדול""], ""לפניו"": [""לפניו""], ""למלך"": [""למלך""], ""אמן"": [""אמן""], ""משל"": [""משל""], ""ומגדל"": [""ומגדל""], ""לבניו"": [""לבניו""], ""ואומר"": [""ואומר""], ""ואחר"": [""ואחר""], ""ועושה"": [""ועושה""], ""לאשת"": [""לאשת""], ""לאדם"": [""לאדם""], ""מכסה"": [""מכסה""], ""לאשתו"": [""לאשתו""], ""לעבדיו"": [""לעבדיו""], ""לפנים"": [""לפנים""], ""ומושיב"": [""ומושיב""], ""אבן"": [""אבן""], ""ואומרת"": [""ואומרת""], ""בנהר"": [""בנהר""], ""ובנה"": [""ובנה""], ""למלכות"": [""למלכות""], ""למלכותו"": [""למלכותו""], ""מכסף"": [""מכסף""], ""ומלביש"": [""ומלביש""], ""למלכו"": [""למלכו""], ""מכסהו"": [""מכסהו""], ""שלשים"": [""שלשים""], ""ועושהו"": [""ועושהו""], ""ואחריו"": [""ואחריו""], ""במלכות"": [""במלכות""], ""גדולות"": [""גדולות""], ""במלכותו"": [""במלכותו""], ""ומושך"": [""ומושך""], ""ומלבישו"": [""ומלבישו""], ""אחתו"": [""אחתו""], ""לבנוו"": [""לבנוו""], ""ובונהו"": [""ובונהו""], ""ובנהו"": [""ובנהו""], ""ומושיבת"": [""ומושיבת""], ""לבנווים"": [""לבנווים""], ""בנהרין"": [""בנהרין""]}",על,0.051082,של,0.036793,לעצמו,0.036698,שלו,0.030503,אחת,0.02451,ובונה,0.018676,לבנו,0.017579,בנה,0.015471,גדול,0.014866,לפניו,0.011761,למלך,0.005925,אמן,0.00421,משל,0.003996,ומגדל,0.003732,לבניו,0.003628,ואומר,0.003357,ואחר,0.003305,ועושה,0.002833,לאשת,0.002357,לאדם,0.00232,מכסה,0.00222,לאשתו,0.002218,לעבדיו,0.001901,לפנים,0.001668,ומושיב,0.00112,אבן,0.001098,ואומרת,0.001007,בנהר,0.000701,ובנה,0.000691,למלכות,0.000679,למלכותו,0.00058,מכסף,0.000519,ומלביש,0.000488,למלכו,0.000452,מכסהו,0.000419,שלשים,0.000346,ועושהו,0.000341,ואחריו,0.000273,במלכות,0.00024,גדולות,0.000238,במלכותו,0.000189,ומושך,0.000166,ומלבישו,8.3e-05,אחתו,5.7e-05,לבנוו,5.2e-05,ובונהו,3.7e-05,ובנהו,2.7e-05,ומושיבת,2e-05,לבנווים,1e-05,בנהרין,9e-06,PROPN,True,אינו,אינה,False,False,False,True,True,True,False,,,,False,False
Midrash_Aggadic_Midrash_Midrash_Rabbah_Bereishit_Rabbah__1_1,bereishit_rabbah,95,בונה,2.9282,0.6576,0.0,0.4912,50,1,True,"{""בונה"": 1, ""עושה"": 1, ""יכול"": 1, ""יודע"": 1, ""עומד"": 1, ""נותן"": 1, ""צריך"": 1, ""מביא"": 1, ""עושהו"": 1, ""אומר"": 1, ""מניח"": 1, ""מכסה"": 1, ""משלים"": 1, ""גומר"": 1, ""מסיים"": 1, ""מלך"": 1, ""גובה"": 1, ""נוטל"": 1, ""נוהג"": 1, ""מקיף"": 1, ""משקה"": 1, ""בנה"": 1, ""מבנה"": 1, ""מלמד"": 1, ""מקדש"": 1, ""משקיף"": 1, ""משקיע"": 1, ""בונהו"": 1, ""מקדיש"": 1, ""גובהו"": 1, ""מניחו"": 1, ""מבנהו"": 1, ""מסיימו"": 1, ""מביאו"": 1, ""גומרה"": 1, ""מסיימין"": 1, ""מכסהו"": 1, ""מסיימנו"": 1, ""מנע"": 1, ""אומרת"": 1, ""בנהו"": 1, ""מנענע"": 1, ""מלמדין"": 1, ""מקדישו"": 1, ""מקדשין"": 1, ""עומדין"": 1, ""גומרהו"": 1, ""משקיעו"": 1, ""נוטלן"": 1, ""מנענעין"": 1}","{""בונה"": [""בונה""], ""עושה"": [""עושה""], ""יכול"": [""יכול""], ""יודע"": [""יודע""], ""עומד"": [""עומד""], ""נותן"": [""נותן""], ""צריך"": [""צריך""], ""מביא"": [""מביא""], ""עושהו"": [""עושהו""], ""אומר"": [""אומר""], ""מניח"": [""מניח""], ""מכסה"": [""מכסה""], ""משלים"": [""משלים""], ""גומר"": [""גומר""], ""מסיים"": [""מסיים""], ""מלך"": [""מלך""], ""גובה"": [""גובה""], ""נוטל"": [""נוטל""], ""נוהג"": [""נוהג""], ""מקיף"": [""מקיף""], ""משקה"": [""משקה""], ""בנה"": [""בנה""], ""מבנה"": [""מבנה""], ""מלמד"": [""מלמד""], ""מקדש"": [""מקדש""], ""משקיף"": [""משקיף""], ""משקיע"": [""משקיע""], ""בונהו"": [""בונהו""], ""מקדיש"": [""מקדיש""], ""גובהו"": [""גובהו""], ""מניחו"": [""מניחו""], ""מבנהו"": [""מבנהו""], ""מסיימו"": [""מסיימו""], ""מביאו"": [""מביאו""], ""גומרה"": [""גומרה""], ""מסיימין"": [""מסיימין""], ""מכסהו"": [""מכסהו""], ""מסיימנו"": [""מסיימנו""], ""מנע"": [""מנע""], ""אומרת"": [""אומרת""], ""בנהו"": [""בנהו""], ""מנענע"": [""מנענע""], ""מלמדין"": [""מלמדין""], ""מקדישו"": [""מקדישו""], ""מקדשין"": [""מקדשין""], ""עומדין"": [""עומדין""], ""גומרהו"": [""גומרהו""], ""משקיעו"": [""משקיעו""], ""נוטלן"": [""נוטלן""], ""מנענעין"": [""מנענעין""]}",בונה,0.13138,עושה,0.106411,יכול,0.084178,יודע,0.021284,עומד,0.013319,נותן,0.013112,צריך,0.011939,מביא,0.011716,עושהו,0.010886,אומר,0.010871,מניח,0.010116,מכסה,0.007484,משלים,0.00706,גומר,0.005673,מסיים,0.005358,מלך,0.005011,גובה,0.004777,נוטל,0.0039,נוהג,0.003723,מקיף,0.003466,משקה,0.002547,בנה,0.002157,מבנה,0.001854,מלמד,0.001652,מקדש,0.001406,משקיף,0.001357,משקיע,0.001216,בונהו,0.001159,מקדיש,0.000981,גובהו,0.000906,מניחו,0.000698,מבנהו,0.000602,מסיימו,0.000505,מביאו,0.000468,גומרה,0.000468,מסיימין,0.000291,מכסהו,0.000253,מסיימנו,0.00023,מנע,0.000207,אומרת,0.000183,בנהו,0.00015,מנענע,0.000116,מלמדין,5.6e-05,מקדישו,3.5e-05,מקדשין,2.8e-05,עומדין,2.4e-05,גומרהו,1.9e-05,משקיעו,7e-06,נוטלן,3e-06,מנענעין,1e-06,ADV,True,בונה,בונה,True,False,True,True,True,True,True,38.0,37.0,1.0,False,True
Midrash_Aggadic_Midrash_Midrash_Rabbah_Bereishit_Rabbah__1_1,bereishit_rabbah,96,אותה,7.7187,0.8982,0.7359,0.4176,50,-1,False,"{""אלא"": 1, ""את"": 1, ""כל"": 1, ""לו"": 1, ""על"": 1, ""בית"": 1, ""רק"": 1, ""לה"": 1, ""פלטין"": 1, ""גג"": 1, ""שבעה"": 1, ""חצר"": 1, ""חמש"": 1, ""אולם"": 1, ""כלים"": 1, ""בנה"": 1, ""אבן"": 1, ""מזוזה"": 1, ""גגו"": 1, ""מגדלים"": 1, ""שבעת"": 1, ""שום"": 1, ""כלה"": 1, ""להעמיד"": 1, ""ביתו"": 1, ""כלו"": 1, ""חמשה"": 1, ""חצרו"": 1, ""כלהו"": 1, ""בקעה"": 1, ""אתו"": 1, ""בנהר"": 1, ""גגון"": 1, ""פלטיו"": 1, ""מזוזות"": 1, ""עליה"": 1, ""להעמידו"": 1, ""פלטת"": 1, ""כלוים"": 1, ""שבעתים"": 1, ""מזוזותיו"": 1, ""בנהרין"": 1, ""עליהו"": 1, ""גגוון"": 1, ""בקעהו"": 1, ""פלטתא"": 1, ""פלטיוו"": 1, ""אתוון"": 1, ""פלטיווים"": 1, ""בקעהוון"": 1}","{""אלא"": [""אלא""], ""את"": [""את""], ""כל"": [""כל""], ""לו"": [""לו""], ""על"": [""על""], ""בית"": [""בית""], ""רק"": [""רק""], ""לה"": [""לה""], ""פלטין"": [""פלטין""], ""גג"": [""גג""], ""שבעה"": [""שבעה""], ""חצר"": [""חצר""], ""חמש"": [""חמש""], ""אולם"": [""אולם""], ""כלים"": [""כלים""], ""בנה"": [""בנה""], ""אבן"": [""אבן""], ""מזוזה"": [""מזוזה""], ""גגו"": [""גגו""], ""מגדלים"": [""מגדלים""], ""שבעת"": [""שבעת""], ""שום"": [""שום""], ""כלה"": [""כלה""], ""להעמיד"": [""להעמיד""], ""ביתו"": [""ביתו""], ""כלו"": [""כלו""], ""חמשה"": [""חמשה""], ""חצרו"": [""חצרו""], ""כלהו"": [""כלהו""], ""בקעה"": [""בקעה""], ""אתו"": [""אתו""], ""בנהר"": [""בנהר""], ""גגון"": [""גגון""], ""פלטיו"": [""פלטיו""], ""מזוזות"": [""מזוזות""], ""עליה"": [""עליה""], ""להעמידו"": [""להעמידו""], ""פלטת"": [""פלטת""], ""כלוים"": [""כלוים""], ""שבעתים"": [""שבעתים""], ""מזוזותיו"": [""מזוזותיו""], ""בנהרין"": [""בנהרין""], ""עליהו"": [""עליהו""], ""גגוון"": [""גגוון""], ""בקעהו"": [""בקעהו""], ""פלטתא"": [""פלטתא""], ""פלטיוו"": [""פלטיוו""], ""אתוון"": [""אתוון""], ""פלטיווים"": [""פלטיווים""], ""בקעהוון"": [""בקעהוון""]}",אלא,0.23972,את,0.042313,כל,0.021276,לו,0.019372,על,0.01606,בית,0.015811,רק,0.01175,לה,0.011388,פלטין,0.010968,גג,0.003255,שבעה,0.002802,חצר,0.002399,חמש,0.002362,אולם,0.001908,כלים,0.001849,בנה,0.001642,אבן,0.001194,מזוזה,0.001127,גגו,0.001107,מגדלים,0.000974,שבעת,0.000896,שום,0.000842,כלה,0.000836,להעמיד,0.000766,ביתו,0.000697,כלו,0.000651,חמשה,0.000619,חצרו,0.000542,כלהו,0.000391,בקעה,0.00038,אתו,0.000364,בנהר,0.000315,גגון,0.000235,פלטיו,0.000227,מזוזות,0.000148,עליה,0.000109,להעמידו,0.000107,פלטת,7.3e-05,כלוים,4.7e-05,שבעתים,4.1e-05,מזוזותיו,3.1e-05,בנהרין,1.2e-05,עליהו,5e-06,גגוון,5e-06,בקעהו,4e-06,פלטתא,3e-06,פלטיוו,2e-06,אתוון,2e-06,פלטיווים,1e-06,בקעהוון,0.0,PROPN,True,אותה,את,False,True,False,True,True,True,False,,,,False,False
Midrash_Aggadic_Midrash_Midrash_Rabbah_Bereishit_Rabbah__1_1,bereishit_rabbah,97,מדעת,12.3253,0.9029,0.8257,0.3757,50,-1,False,"{""אלא"": 1, ""שלמה"": 1, ""על"": 1, ""עד"": 1, ""כל"": 1, ""לבד"": 1, ""במקום"": 1, ""גדולה"": 1, ""יפה"": 1, ""לבדו"": 1, ""שלימה"": 1, ""כראוי"": 1, ""שתהא"": 1, ""משל"": 1, ""במקומה"": 1, ""בשלש"": 1, ""בשלמות"": 1, ""שמונה"": 1, ""כולה"": 1, ""שתעמוד"": 1, ""בחמש"": 1, ""בחצר"": 1, ""במלוא"": 1, ""מלבד"": 1, ""בחמשה"": 1, ""כליל"": 1, ""מלובנת"": 1, ""מתחילה"": 1, ""בחצרו"": 1, ""שמוט"": 1, ""שתשרה"": 1, ""מתחלה"": 1, ""בשלמותו"": 1, ""שבעצמה"": 1, ""במלואו"": 1, ""שבעצמו"": 1, ""בשלשלא"": 1, ""בשלשלאות"": 1, ""מלובשת"": 1, ""שמוטה"": 1, ""כולהו"": 1, ""עדין"": 1, ""כלילו"": 1, ""מלובנתו"": 1, ""בשלשלאותיו"": 1, ""שתעמודו"": 1, ""שבעצמהו"": 1, ""מלובשתו"": 1, ""כלילוהתרגום"": 1, ""כלילוהאם"": 1}","{""אלא"": [""אלא""], ""שלמה"": [""שלמה""], ""על"": [""על""], ""עד"": [""עד""], ""כל"": [""כל""], ""לבד"": [""לבד""], ""במקום"": [""במקום""], ""גדולה"": [""גדולה""], ""יפה"": [""יפה""], ""לבדו"": [""לבדו""], ""שלימה"": [""שלימה""], ""כראוי"": [""כראוי""], ""שתהא"": [""שתהא""], ""משל"": [""משל""], ""במקומה"": [""במקומה""], ""בשלש"": [""בשלש""], ""בשלמות"": [""בשלמות""], ""שמונה"": [""שמונה""], ""כולה"": [""כולה""], ""שתעמוד"": [""שתעמוד""], ""בחמש"": [""בחמש""], ""בחצר"": [""בחצר""], ""במלוא"": [""במלוא""], ""מלבד"": [""מלבד""], ""בחמשה"": [""בחמשה""], ""כליל"": [""כליל""], ""מלובנת"": [""מלובנת""], ""מתחילה"": [""מתחילה""], ""בחצרו"": [""בחצרו""], ""שמוט"": [""שמוט""], ""שתשרה"": [""שתשרה""], ""מתחלה"": [""מתחלה""], ""בשלמותו"": [""בשלמותו""], ""שבעצמה"": [""שבעצמה""], ""במלואו"": [""במלואו""], ""שבעצמו"": [""שבעצמו""], ""בשלשלא"": [""בשלשלא""], ""בשלשלאות"": [""בשלשלאות""], ""מלובשת"": [""מלובשת""], ""שמוטה"": [""שמוטה""], ""כולהו"": [""כולהו""], ""עדין"": [""עדין""], ""כלילו"": [""כלילו""], ""מלובנתו"": [""מלובנתו""], ""בשלשלאותיו"": [""בשלשלאותיו""], ""שתעמודו"": [""שתעמודו""], ""שבעצמהו"": [""שבעצמהו""], ""מלובשתו"": [""מלובשתו""], ""כלילוהתרגום"": [""כלילוהתרגום""], ""כלילוהאם"": [""כלילוהאם""]}",אלא,0.201953,שלמה,0.021826,על,0.020311,עד,0.017373,כל,0.017104,לבד,0.011573,במקום,0.010374,גדולה,0.009745,יפה,0.006908,לבדו,0.006254,שלימה,0.005518,כראוי,0.005053,שתהא,0.005037,משל,0.004705,במקומה,0.002877,בשלש,0.002721,בשלמות,0.002556,שמונה,0.002522,כולה,0.00189,שתעמוד,0.001884,בחמש,0.00184,בחצר,0.001728,במלוא,0.001716,מלבד,0.001595,בחמשה,0.00132,כליל,0.001272,מלובנת,0.001127,מתחילה,0.000867,בחצרו,0.000862,שמוט,0.000858,שתשרה,0.000621,מתחלה,0.000494,בשלמותו,0.00043,שבעצמה,0.000414,במלואו,0.000391,שבעצמו,0.000389,בשלשלא,0.000357,בשלשלאות,0.000341,מלובשת,0.000333,שמוטה,0.000297,כולהו,0.000159,עדין,4.3e-05,כלילו,3e-05,מלובנתו,4e-06,בשלשלאותיו,3e-06,שתעמודו,2e-06,שבעצמהו,1e-06,מלובשתו,1e-06,כלילוהתרגום,0.0,כלילוהאם,0.0,DET,False,מדעת,דעת,False,False,False,True,True,True,False,,,,False,False
Midrash_Aggadic_Midrash_Midrash_Rabbah_Bereishit_Rabbah__1_1,bereishit_rabbah,98,עצמו,0.5706,0.1153,0.0,0.7904,5,1,True,"{""עצמו"": 1, ""עצמה"": 1, ""לבד"": 1, ""לבדו"": 1, ""עצמן"": 1}","{""עצמו"": [""עצמו""], ""עצמה"": [""עצמה""], ""לבד"": [""לבד""], ""לבדו"": [""לבדו""], ""עצמן"": [""עצמן""]}",עצמו,0.67332,עצמה,0.084013,לבד,0.019101,לבדו,0.012131,עצמן,0.001799,,,,,,,,,,,,,,,,,,,,,,,,,,,,,,,,,,,,,,,,,,,,,,,,,,,,,,,,,,,,,,,,,,,,,,,,,,,,,,,,,,,,,,,,,,,ADV,True,עצמו,עצם,True,True,False,True,True,True,False,,,,False,False
Midrash_Aggadic_Midrash_Midrash_Rabbah_Bereishit_Rabbah__1_1,bereishit_rabbah,99,אלא,1.111,0.2434,0.0,0.6506,37,1,True,"{""אלא"": 1, ""אבל"": 1, ""כך"": 1, ""רק"": 1, ""כי"": 1, ""הוא"": 1, ""ולא"": 1, ""על"": 1, ""שנאמר"": 1, ""ואינו"": 1, ""בונה"": 1, ""אמן"": 1, ""שנא"": 1, ""רבי"": 1, ""ואומר"": 1, ""בנה"": 1, ""והולך"": 1, ""אולם"": 1, ""ועושה"": 1, ""ובלבד"": 1, ""והקב"": 1, ""והקבה"": 1, ""רבו"": 1, ""ואומרת"": 1, ""ולאו"": 1, ""ועושהו"": 1, ""הואיל"": 1, ""בנהו"": 1, ""בונהו"": 1, ""שנאמרו"": 1, ""ועושין"": 1, ""רבוותא"": 1, ""רביי"": 1, ""ולאויר"": 1, ""רבוותה"": 1, ""ולאוירא"": 1, ""רבוותהו"": 1}","{""אלא"": [""אלא""], ""אבל"": [""אבל""], ""כך"": [""כך""], ""רק"": [""רק""], ""כי"": [""כי""], ""הוא"": [""הוא""], ""ולא"": [""ולא""], ""על"": [""על""], ""שנאמר"": [""שנאמר""], ""ואינו"": [""ואינו""], ""בונה"": [""בונה""], ""אמן"": [""אמן""], ""שנא"": [""שנא""], ""רבי"": [""רבי""], ""ואומר"": [""ואומר""], ""בנה"": [""בנה""], ""והולך"": [""והולך""], ""אולם"": [""אולם""], ""ועושה"": [""ועושה""], ""ובלבד"": [""ובלבד""], ""והקב"": [""והקב""], ""והקבה"": [""והקבה""], ""רבו"": [""רבו""], ""ואומרת"": [""ואומרת""], ""ולאו"": [""ולאו""], ""ועושהו"": [""ועושהו""], ""הואיל"": [""הואיל""], ""בנהו"": [""בנהו""], ""בונהו"": [""בונהו""], ""שנאמרו"": [""שנאמרו""], ""ועושין"": [""ועושין""], ""רבוותא"": [""רבוותא""], ""רביי"": [""רביי""], ""ולאויר"": [""ולאויר""], ""רבוותה"": [""רבוותה""], ""ולאוירא"": [""ולאוירא""], ""רבוותהו"": [""רבוותהו""]}",אלא,0.462978,אבל,0.037414,כך,0.032506,רק,0.027804,כי,0.022693,הוא,0.011958,ולא,0.008348,על,0.007842,שנאמר,0.005163,ואינו,0.005117,בונה,0.004542,אמן,0.004003,שנא,0.003439,רבי,0.003198,ואומר,0.003056,בנה,0.002798,והולך,0.00122,אולם,0.001202,ועושה,0.001118,ובלבד,0.000908,והקב,0.000848,והקבה,0.000713,רבו,0.00066,ואומרת,0.000615,ולאו,0.000117,ועושהו,0.000101,הואיל,5.1e-05,בנהו,4.5e-05,בונהו,4e-05,שנאמרו,3e-05,ועושין,1.2e-05,רבוותא,6e-06,רביי,5e-06,ולאויר,0.0,רבוותה,0.0,ולאוירא,0.0,רבוותהו,0.0,,,,,,,,,,,,,,,,,,,,,,,,,,,PROPN,False,אלא,אלא,False,False,False,True,True,True,False,,,,False,False
Midrash_Aggadic_Midrash_Midrash_Rabbah_Bereishit_Rabbah__1_1,bereishit_rabbah,100,מדעת,4.6538,0.789,0.0,0.328,50,2,True,"{""הוא"": 1, ""מדעת"": 1, ""בונה"": 1, ""אם"": 1, ""נותן"": 1, ""על"": 1, ""בא"": 1, ""מלך"": 1, ""אחר"": 1, ""מקבל"": 1, ""משל"": 1, ""מבקש"": 1, ""מלמד"": 1, ""הולך"": 1, ""בנה"": 1, ""נוטל"": 1, ""אומן"": 1, ""אמן"": 1, ""קורא"": 1, ""רוח"": 1, ""קובע"": 1, ""באומן"": 1, ""נוטע"": 1, ""אומרים"": 1, ""משלשל"": 1, ""באומנות"": 1, ""מדעתו"": 1, ""מקבלת"": 1, ""שמלמד"": 1, ""שנותנ"": 1, ""שנותנין"": 1, ""באומנותו"": 1, ""מלמדת"": 1, ""מדע"": 1, ""רגליו"": 1, ""רגלו"": 1, ""בונהו"": 1, ""מדעתי"": 1, ""בנהנה"": 1, ""הוי"": 1, ""משלשלת"": 1, ""אחריו"": 1, ""הולכ"": 1, ""הולכין"": 1, ""שמלמדין"": 1, ""מבקשין"": 1, ""בנהנהו"": 1, ""נוטלן"": 1, ""מלמדתנו"": 1, ""מדעתיו"": 1}","{""הוא"": [""הוא""], ""מדעת"": [""מדעת""], ""בונה"": [""בונה""], ""אם"": [""אם""], ""נותן"": [""נותן""], ""על"": [""על""], ""בא"": [""בא""], ""מלך"": [""מלך""], ""אחר"": [""אחר""], ""מקבל"": [""מקבל""], ""משל"": [""משל""], ""מבקש"": [""מבקש""], ""מלמד"": [""מלמד""], ""הולך"": [""הולך""], ""בנה"": [""בנה""], ""נוטל"": [""נוטל""], ""אומן"": [""אומן""], ""אמן"": [""אמן""], ""קורא"": [""קורא""], ""רוח"": [""רוח""], ""קובע"": [""קובע""], ""באומן"": [""באומן""], ""נוטע"": [""נוטע""], ""אומרים"": [""אומרים""], ""משלשל"": [""משלשל""], ""באומנות"": [""באומנות""], ""מדעתו"": [""מדעתו""], ""מקבלת"": [""מקבלת""], ""שמלמד"": [""שמלמד""], ""שנותנ"": [""שנותנ""], ""שנותנין"": [""שנותנין""], ""באומנותו"": [""באומנותו""], ""מלמדת"": [""מלמדת""], ""מדע"": [""מדע""], ""רגליו"": [""רגליו""], ""רגלו"": [""רגלו""], ""בונהו"": [""בונהו""], ""מדעתי"": [""מדעתי""], ""בנהנה"": [""בנהנה""], ""הוי"": [""הוי""], ""משלשלת"": [""משלשלת""], ""אחריו"": [""אחריו""], ""הולכ"": [""הולכ""], ""הולכין"": [""הולכין""], ""שמלמדין"": [""שמלמדין""], ""מבקשין"": [""מבקשין""], ""בנהנהו"": [""בנהנהו""], ""נוטלן"": [""נוטלן""], ""מלמדתנו"": [""מלמדתנו""], ""מדעתיו"": [""מדעתיו""]}",הוא,0.069568,מדעת,0.039726,בונה,0.025877,אם,0.025593,נותן,0.017867,על,0.016524,בא,0.013699,מלך,0.013687,אחר,0.013277,מקבל,0.012869,משל,0.012844,מבקש,0.012449,מלמד,0.009858,הולך,0.008338,בנה,0.006051,נוטל,0.005016,אומן,0.002794,אמן,0.002408,קורא,0.002182,רוח,0.002156,קובע,0.001865,באומן,0.001491,נוטע,0.001329,אומרים,0.001044,משלשל,0.001007,באומנות,0.000978,מדעתו,0.000886,מקבלת,0.000802,שמלמד,0.000614,שנותנ,0.000605,שנותנין,0.000592,באומנותו,0.000534,מלמדת,0.000478,מדע,0.000428,רגליו,0.000361,רגלו,0.000361,בונהו,0.0003,מדעתי,0.000294,בנהנה,0.000231,הוי,0.000199,משלשלת,0.000185,אחריו,0.000185,הולכ,0.000135,הולכין,0.000112,שמלמדין,9.2e-05,מבקשין,1.7e-05,בנהנהו,1.5e-05,נוטלן,1.1e-05,מלמדתנו,1e-05,מדעתיו,1e-05,DET,False,מדעת,דעת,False,False,False,True,True,True,False,,,,False,False
Midrash_Aggadic_Midrash_Midrash_Rabbah_Bereishit_Rabbah__1_1,bereishit_rabbah,101,"אמן,",4.8639,0.8014,0.0,0.4889,50,4,True,"{""חכמים"": 1, ""בנו"": 1, ""בני"": 1, ""אמן"": 1, ""בעלי"": 1, ""של"": 1, ""אחרים"": 1, ""אנשי"": 1, ""בניו"": 1, ""עבדיו"": 1, ""חבירו"": 1, ""בית"": 1, ""אומן"": 1, ""האומן"": 1, ""ביתו"": 1, ""מלך"": 1, ""הצבור"": 1, ""השר"": 1, ""יועצ"": 1, ""יועציו"": 1, ""שבעולם"": 1, ""עבדו"": 1, ""מלכו"": 1, ""השרים"": 1, ""ידידו"": 1, ""האנשים"": 1, ""שותפו"": 1, ""בונה"": 1, ""אנשיו"": 1, ""אומניו"": 1, ""האומנות"": 1, ""עיר"": 1, ""בונהו"": 1, ""שלוחיו"": 1, ""בנויה"": 1, ""שלוחו"": 1, ""בעלייה"": 1, ""האומנותו"": 1, ""הצבורין"": 1, ""בנויהו"": 1, ""בעלייהו"": 1, ""אנשיי"": 1, ""עבדוין"": 1, ""מלכון"": 1, ""מלכות"": 1, ""אנשיייו"": 1, ""אנשיייוו"": 1, ""מלכותי"": 1, ""מלכותיו"": 1, ""אנשיייווין"": 1}","{""חכמים"": [""חכמים""], ""בנו"": [""בנו""], ""בני"": [""בני""], ""אמן"": [""אמן""], ""בעלי"": [""בעלי""], ""של"": [""של""], ""אחרים"": [""אחרים""], ""אנשי"": [""אנשי""], ""בניו"": [""בניו""], ""עבדיו"": [""עבדיו""], ""חבירו"": [""חבירו""], ""בית"": [""בית""], ""אומן"": [""אומן""], ""האומן"": [""האומן""], ""ביתו"": [""ביתו""], ""מלך"": [""מלך""], ""הצבור"": [""הצבור""], ""השר"": [""השר""], ""יועצ"": [""יועצ""], ""יועציו"": [""יועציו""], ""שבעולם"": [""שבעולם""], ""עבדו"": [""עבדו""], ""מלכו"": [""מלכו""], ""השרים"": [""השרים""], ""ידידו"": [""ידידו""], ""האנשים"": [""האנשים""], ""שותפו"": [""שותפו""], ""בונה"": [""בונה""], ""אנשיו"": [""אנשיו""], ""אומניו"": [""אומניו""], ""האומנות"": [""האומנות""], ""עיר"": [""עיר""], ""בונהו"": [""בונהו""], ""שלוחיו"": [""שלוחיו""], ""בנויה"": [""בנויה""], ""שלוחו"": [""שלוחו""], ""בעלייה"": [""בעלייה""], ""האומנותו"": [""האומנותו""], ""הצבורין"": [""הצבורין""], ""בנויהו"": [""בנויהו""], ""בעלייהו"": [""בעלייהו""], ""אנשיי"": [""אנשיי""], ""עבדוין"": [""עבדוין""], ""מלכון"": [""מלכון""], ""מלכות"": [""מלכות""], ""אנשיייו"": [""אנשיייו""], ""אנשיייוו"": [""אנשיייוו""], ""מלכותי"": [""מלכותי""], ""מלכותיו"": [""מלכותיו""], ""אנשיייווין"": [""אנשיייווין""]}",חכמים,0.070341,בנו,0.04592,בני,0.045266,אמן,0.034341,בעלי,0.030628,של,0.028773,אחרים,0.027029,אנשי,0.023685,בניו,0.022295,עבדיו,0.021485,חבירו,0.021085,בית,0.019775,אומן,0.016782,האומן,0.014248,ביתו,0.009849,מלך,0.008253,הצבור,0.007693,השר,0.006156,יועצ,0.004466,יועציו,0.00438,שבעולם,0.00348,עבדו,0.003295,מלכו,0.002989,השרים,0.002917,ידידו,0.002473,האנשים,0.002122,שותפו,0.001879,בונה,0.001837,אנשיו,0.001637,אומניו,0.001216,האומנות,0.000607,עיר,0.000483,בונהו,0.000432,שלוחיו,0.000346,בנויה,0.000277,שלוחו,0.000253,בעלייה,0.000146,האומנותו,4.5e-05,הצבורין,2e-05,בנויהו,1.8e-05,בעלייהו,1e-05,אנשיי,9e-06,עבדוין,4e-06,מלכון,0.0,מלכות,0.0,אנשיייו,0.0,אנשיייוו,0.0,מלכותי,0.0,מלכותיו,0.0,אנשיייווין,0.0,ADV,True,אמן,אמן,True,False,True,True,True,True,True,32.0,29.0,3.0,False,True
Midrash_Aggadic_Midrash_Midrash_Rabbah_Bereishit_Rabbah__1_1,bereishit_rabbah,102,והאמן,10.3172,0.8501,0.2313,0.3232,50,-1,False,"{""שלו"": 1, ""של"": 1, ""אבל"": 1, ""בונה"": 1, ""שהוא"": 1, ""אמן"": 1, ""שנאמר"": 1, ""שאמר"": 1, ""שבידו"": 1, ""שבעולם"": 1, ""רבו"": 1, ""בנה"": 1, ""מכסה"": 1, ""שנמצא"": 1, ""ואמן"": 1, ""ואומר"": 1, ""שבשמיים"": 1, ""המסייע"": 1, ""המלך"": 1, ""מנה"": 1, ""ואמונה"": 1, ""רבי"": 1, ""שאמנו"": 1, ""ואמנון"": 1, ""שאומן"": 1, ""ואל"": 1, ""מנהיג"": 1, ""ואומרת"": 1, ""שלקח"": 1, ""שאמרנו"": 1, ""אומן"": 1, ""בונהו"": 1, ""אומנות"": 1, ""המסייעו"": 1, ""שבשמא"": 1, ""אומנותו"": 1, ""מנהיגו"": 1, ""בנהו"": 1, ""ואלכסנדר"": 1, ""ואלכסנדריא"": 1, ""שבשמאלו"": 1, ""שנאמרו"": 1, ""שלקחו"": 1, ""שאמנוו"": 1, ""רבוון"": 1, ""שלקחנו"": 1, ""ואמונהו"": 1, ""שאמנוויה"": 1, ""שאמנוויהו"": 1, ""ואלכסנדרא"": 1}","{""שלו"": [""שלו""], ""של"": [""של""], ""אבל"": [""אבל""], ""בונה"": [""בונה""], ""שהוא"": [""שהוא""], ""אמן"": [""אמן""], ""שנאמר"": [""שנאמר""], ""שאמר"": [""שאמר""], ""שבידו"": [""שבידו""], ""שבעולם"": [""שבעולם""], ""רבו"": [""רבו""], ""בנה"": [""בנה""], ""מכסה"": [""מכסה""], ""שנמצא"": [""שנמצא""], ""ואמן"": [""ואמן""], ""ואומר"": [""ואומר""], ""שבשמיים"": [""שבשמיים""], ""המסייע"": [""המסייע""], ""המלך"": [""המלך""], ""מנה"": [""מנה""], ""ואמונה"": [""ואמונה""], ""רבי"": [""רבי""], ""שאמנו"": [""שאמנו""], ""ואמנון"": [""ואמנון""], ""שאומן"": [""שאומן""], ""ואל"": [""ואל""], ""מנהיג"": [""מנהיג""], ""ואומרת"": [""ואומרת""], ""שלקח"": [""שלקח""], ""שאמרנו"": [""שאמרנו""], ""אומן"": [""אומן""], ""בונהו"": [""בונהו""], ""אומנות"": [""אומנות""], ""המסייעו"": [""המסייעו""], ""שבשמא"": [""שבשמא""], ""אומנותו"": [""אומנותו""], ""מנהיגו"": [""מנהיגו""], ""בנהו"": [""בנהו""], ""ואלכסנדר"": [""ואלכסנדר""], ""ואלכסנדריא"": [""ואלכסנדריא""], ""שבשמאלו"": [""שבשמאלו""], ""שנאמרו"": [""שנאמרו""], ""שלקחו"": [""שלקחו""], ""שאמנוו"": [""שאמנוו""], ""רבוון"": [""רבוון""], ""שלקחנו"": [""שלקחנו""], ""ואמונהו"": [""ואמונהו""], ""שאמנוויה"": [""שאמנוויה""], ""שאמנוויהו"": [""שאמנוויהו""], ""ואלכסנדרא"": [""ואלכסנדרא""]}",שלו,0.084793,של,0.053897,אבל,0.029304,בונה,0.028475,שהוא,0.021107,אמן,0.017016,שנאמר,0.010687,שאמר,0.008989,שבידו,0.008358,שבעולם,0.007944,רבו,0.006849,בנה,0.004948,מכסה,0.004656,שנמצא,0.003693,ואמן,0.003637,ואומר,0.002949,שבשמיים,0.002789,המסייע,0.002658,המלך,0.002428,מנה,0.002097,ואמונה,0.001979,רבי,0.001962,שאמנו,0.001731,ואמנון,0.001615,שאומן,0.001355,ואל,0.001192,מנהיג,0.000875,ואומרת,0.00079,שלקח,0.000698,שאמרנו,0.000679,אומן,0.000648,בונהו,0.000396,אומנות,0.000347,המסייעו,0.000313,שבשמא,0.00024,אומנותו,0.000239,מנהיגו,0.000199,בנהו,0.000185,ואלכסנדר,0.000164,ואלכסנדריא,9.4e-05,שבשמאלו,8.6e-05,שנאמרו,5.7e-05,שלקחו,4.3e-05,שאמנוו,1.8e-05,רבוון,1.8e-05,שלקחנו,1.1e-05,ואמונהו,8e-06,שאמנוויה,2e-06,שאמנוויהו,1e-06,ואלכסנדרא,1e-06,ADV,True,והאמן,אומן,True,False,True,True,True,True,True,17.0,14.0,3.0,False,True
Midrash_Aggadic_Midrash_Midrash_Rabbah_Bereishit_Rabbah__1_1,bereishit_rabbah,103,אינו,6.9149,0.8394,0.6437,0.4717,50,-1,False,"{""אומר"": 1, ""הוא"": 1, ""עושה"": 1, ""בונה"": 1, ""יודע"": 1, ""נותן"": 1, ""אומרת"": 1, ""של"": 1, ""מכסה"": 1, ""הזה"": 1, ""עומד"": 1, ""זה"": 1, ""היה"": 1, ""אמן"": 1, ""עשה"": 1, ""מלך"": 1, ""מנה"": 1, ""מנהיג"": 1, ""עושהו"": 1, ""יתבר"": 1, ""יתברך"": 1, ""בנה"": 1, ""מלמד"": 1, ""שבעולם"": 1, ""עמו"": 1, ""אומן"": 1, ""שומע"": 1, ""יבנה"": 1, ""מנהיגו"": 1, ""מלמדנו"": 1, ""אומנה"": 1, ""שלקח"": 1, ""בונהו"": 1, ""יודעת"": 1, ""אומרתנו"": 1, ""אומנהו"": 1, ""בנהו"": 1, ""הזהו"": 1, ""יודעתא"": 1, ""שלקחו"": 1, ""שלקחנו"": 1, ""יבנהו"": 1, ""בונהוהתרגום"": 1, ""הזהויה"": 1, ""הזהויהו"": 1, ""בונהוהאם"": 1, ""הזהויהויה"": 1, ""הזהויהויהו"": 1, ""הזהויהויהויה"": 1, ""הזהויהויהויהו"": 1}","{""אומר"": [""אומר""], ""הוא"": [""הוא""], ""עושה"": [""עושה""], ""בונה"": [""בונה""], ""יודע"": [""יודע""], ""נותן"": [""נותן""], ""אומרת"": [""אומרת""], ""של"": [""של""], ""מכסה"": [""מכסה""], ""הזה"": [""הזה""], ""עומד"": [""עומד""], ""זה"": [""זה""], ""היה"": [""היה""], ""אמן"": [""אמן""], ""עשה"": [""עשה""], ""מלך"": [""מלך""], ""מנה"": [""מנה""], ""מנהיג"": [""מנהיג""], ""עושהו"": [""עושהו""], ""יתבר"": [""יתבר""], ""יתברך"": [""יתברך""], ""בנה"": [""בנה""], ""מלמד"": [""מלמד""], ""שבעולם"": [""שבעולם""], ""עמו"": [""עמו""], ""אומן"": [""אומן""], ""שומע"": [""שומע""], ""יבנה"": [""יבנה""], ""מנהיגו"": [""מנהיגו""], ""מלמדנו"": [""מלמדנו""], ""אומנה"": [""אומנה""], ""שלקח"": [""שלקח""], ""בונהו"": [""בונהו""], ""יודעת"": [""יודעת""], ""אומרתנו"": [""אומרתנו""], ""אומנהו"": [""אומנהו""], ""בנהו"": [""בנהו""], ""הזהו"": [""הזהו""], ""יודעתא"": [""יודעתא""], ""שלקחו"": [""שלקחו""], ""שלקחנו"": [""שלקחנו""], ""יבנהו"": [""יבנהו""], ""בונהוהתרגום"": [""בונהוהתרגום""], ""הזהויה"": [""הזהויה""], ""הזהויהו"": [""הזהויהו""], ""בונהוהאם"": [""בונהוהאם""], ""הזהויהויה"": [""הזהויהויה""], ""הזהויהויהו"": [""הזהויהויהו""], ""הזהויהויהויה"": [""הזהויהויהויה""], ""הזהויהויהויהו"": [""הזהויהויהויהו""]}",אומר,0.091924,הוא,0.058431,עושה,0.052377,בונה,0.051338,יודע,0.042086,נותן,0.021495,אומרת,0.018307,של,0.015726,מכסה,0.014681,הזה,0.012441,עומד,0.011687,זה,0.011152,היה,0.010641,אמן,0.008425,עשה,0.007079,מלך,0.006854,מנה,0.005535,מנהיג,0.004576,עושהו,0.0036,יתבר,0.003162,יתברך,0.003115,בנה,0.003083,מלמד,0.002813,שבעולם,0.002417,עמו,0.001876,אומן,0.001711,שומע,0.001185,יבנה,0.000889,מנהיגו,0.000643,מלמדנו,0.000493,אומנה,0.000406,שלקח,0.000365,בונהו,0.00031,יודעת,0.000283,אומרתנו,0.000259,אומנהו,0.000162,בנהו,0.000107,הזהו,4.8e-05,יודעתא,3.7e-05,שלקחו,1.3e-05,שלקחנו,1e-05,יבנהו,7e-06,בונהוהתרגום,0.0,הזהויה,0.0,הזהויהו,0.0,בונהוהאם,0.0,הזהויהויה,0.0,הזהויהויהו,0.0,הזהויהויהויה,0.0,הזהויהויהויהו,0.0,PROPN,True,אינו,אינה,False,False,False,True,True,True,False,,,,False,False
Midrash_Aggadic_Midrash_Midrash_Rabbah_Bereishit_Rabbah__1_1,bereishit_rabbah,104,בונה,1.8777,0.5132,0.0,0.6304,50,1,True,"{""בונה"": 1, ""יודע"": 1, ""עושה"": 1, ""מדעת"": 1, ""נותן"": 1, ""אלא"": 1, ""אמן"": 1, ""אומר"": 1, ""צריך"": 1, ""יכול"": 1, ""עומד"": 1, ""מדע"": 1, ""אומן"": 1, ""בנה"": 1, ""מדבר"": 1, ""מדעתו"": 1, ""מבקש"": 1, ""מביא"": 1, ""גוזר"": 1, ""משמש"": 1, ""כובש"": 1, ""משים"": 1, ""עושהו"": 1, ""כותב"": 1, ""נוטל"": 1, ""נוהג"": 1, ""עתיד"": 1, ""מבנה"": 1, ""מקשט"": 1, ""עוזב"": 1, ""גומר"": 1, ""מדעתי"": 1, ""אומרת"": 1, ""מקדש"": 1, ""בונהו"": 1, ""גוזל"": 1, ""כותבה"": 1, ""מקדיש"": 1, ""אומנת"": 1, ""מביאו"": 1, ""אומנתו"": 1, ""משמשו"": 1, ""מדעתיו"": 1, ""כותבהו"": 1, ""גוזרנו"": 1, ""אומרתנו"": 1, ""מקדישו"": 1, ""מקדשין"": 1, ""גוזרנוו"": 1, ""גוזרנווין"": 1}","{""בונה"": [""בונה""], ""יודע"": [""יודע""], ""עושה"": [""עושה""], ""מדעת"": [""מדעת""], ""נותן"": [""נותן""], ""אלא"": [""אלא""], ""אמן"": [""אמן""], ""אומר"": [""אומר""], ""צריך"": [""צריך""], ""יכול"": [""יכול""], ""עומד"": [""עומד""], ""מדע"": [""מדע""], ""אומן"": [""אומן""], ""בנה"": [""בנה""], ""מדבר"": [""מדבר""], ""מדעתו"": [""מדעתו""], ""מבקש"": [""מבקש""], ""מביא"": [""מביא""], ""גוזר"": [""גוזר""], ""משמש"": [""משמש""], ""כובש"": [""כובש""], ""משים"": [""משים""], ""עושהו"": [""עושהו""], ""כותב"": [""כותב""], ""נוטל"": [""נוטל""], ""נוהג"": [""נוהג""], ""עתיד"": [""עתיד""], ""מבנה"": [""מבנה""], ""מקשט"": [""מקשט""], ""עוזב"": [""עוזב""], ""גומר"": [""גומר""], ""מדעתי"": [""מדעתי""], ""אומרת"": [""אומרת""], ""מקדש"": [""מקדש""], ""בונהו"": [""בונהו""], ""גוזל"": [""גוזל""], ""כותבה"": [""כותבה""], ""מקדיש"": [""מקדיש""], ""אומנת"": [""אומנת""], ""מביאו"": [""מביאו""], ""אומנתו"": [""אומנתו""], ""משמשו"": [""משמשו""], ""מדעתיו"": [""מדעתיו""], ""כותבהו"": [""כותבהו""], ""גוזרנו"": [""גוזרנו""], ""אומרתנו"": [""אומרתנו""], ""מקדישו"": [""מקדישו""], ""מקדשין"": [""מקדשין""], ""גוזרנוו"": [""גוזרנוו""], ""גוזרנווין"": [""גוזרנווין""]}",בונה,0.272114,יודע,0.085157,עושה,0.075151,מדעת,0.037454,נותן,0.020869,אלא,0.018131,אמן,0.017768,אומר,0.016252,צריך,0.013474,יכול,0.012857,עומד,0.009858,מדע,0.005481,אומן,0.005451,בנה,0.003943,מדבר,0.003783,מדעתו,0.003534,מבקש,0.003339,מביא,0.002972,גוזר,0.002342,משמש,0.002286,כובש,0.002053,משים,0.001809,עושהו,0.001806,כותב,0.001658,נוטל,0.001468,נוהג,0.001398,עתיד,0.00127,מבנה,0.001182,מקשט,0.000851,עוזב,0.000815,גומר,0.000741,מדעתי,0.000609,אומרת,0.000528,מקדש,0.000525,בונהו,0.000505,גוזל,0.000225,כותבה,0.000159,מקדיש,0.000141,אומנת,0.00013,מביאו,0.00012,אומנתו,9.5e-05,משמשו,4.2e-05,מדעתיו,1.2e-05,כותבהו,8e-06,גוזרנו,5e-06,אומרתנו,3e-06,מקדישו,2e-06,מקדשין,2e-06,גוזרנוו,0.0,גוזרנווין,0.0,ADV,True,בונה,בונה,True,False,True,True,True,True,True,44.0,41.0,3.0,False,True
Midrash_Aggadic_Midrash_Midrash_Rabbah_Bereishit_Rabbah__1_1,bereishit_rabbah,105,אותה,0.9318,0.2709,0.0,0.757,5,1,True,"{""אותה"": 1, ""אלא"": 1, ""את"": 1, ""פלטין"": 1, ""אתו"": 1}","{""אותה"": [""אותה""], ""אלא"": [""אלא""], ""את"": [""את""], ""פלטין"": [""פלטין""], ""אתו"": [""אתו""]}",אותה,0.524191,אלא,0.141084,את,0.055249,פלטין,0.036148,אתו,0.000281,,,,,,,,,,,,,,,,,,,,,,,,,,,,,,,,,,,,,,,,,,,,,,,,,,,,,,,,,,,,,,,,,,,,,,,,,,,,,,,,,,,,,,,,,,,VERB,True,אותה,את,True,True,False,True,True,True,False,,,,False,False
Midrash_Aggadic_Midrash_Midrash_Rabbah_Bereishit_Rabbah__1_1,bereishit_rabbah,106,מדעת,2.7589,0.7178,0.0,0.7549,5,2,True,"{""אלא"": 1, ""מדעת"": 1, ""מדעתו"": 1, ""מדע"": 1, ""מדעתי"": 1}","{""אלא"": [""אלא""], ""מדעת"": [""מדעת""], ""מדעתו"": [""מדעתו""], ""מדע"": [""מדע""], ""מדעתי"": [""מדעתי""]}",אלא,0.599034,מדעת,0.147734,מדעתו,0.007513,מדע,0.000525,מדעתי,8.2e-05,,,,,,,,,,,,,,,,,,,,,,,,,,,,,,,,,,,,,,,,,,,,,,,,,,,,,,,,,,,,,,,,,,,,,,,,,,,,,,,,,,,,,,,,,,,DET,False,מדעת,דעת,False,False,False,True,True,True,False,,,,False,False
Midrash_Aggadic_Midrash_Midrash_Rabbah_Bereishit_Rabbah__1_1,bereishit_rabbah,107,עצמו,0.4232,0.1326,0.0,0.8751,5,1,True,"{""עצמו"": 1, ""אמן"": 1, ""עצמה"": 1, ""אמו"": 1, ""עצמן"": 1}","{""עצמו"": [""עצמו""], ""אמן"": [""אמן""], ""עצמה"": [""עצמה""], ""אמו"": [""אמו""], ""עצמן"": [""עצמן""]}",עצמו,0.745758,אמן,0.088213,עצמה,0.032802,אמו,0.006802,עצמן,0.001558,,,,,,,,,,,,,,,,,,,,,,,,,,,,,,,,,,,,,,,,,,,,,,,,,,,,,,,,,,,,,,,,,,,,,,,,,,,,,,,,,,,,,,,,,,,ADV,True,עצמו,עצם,True,True,False,True,True,True,False,,,,False,False
Midrash_Aggadic_Midrash_Midrash_Rabbah_Bereishit_Rabbah__1_1,bereishit_rabbah,108,אלא,0.129,0.009,0.0,0.9253,5,1,True,"{""אלא"": 1, ""אבל"": 1, ""אמן"": 1, ""אדרבה"": 1, ""אדרבא"": 1}","{""אלא"": [""אלא""], ""אבל"": [""אבל""], ""אמן"": [""אמן""], ""אדרבה"": [""אדרבה""], ""אדרבא"": [""אדרבא""]}",אלא,0.914472,אבל,0.007912,אמן,0.002725,אדרבה,0.000154,אדרבא,5.1e-05,,,,,,,,,,,,,,,,,,,,,,,,,,,,,,,,,,,,,,,,,,,,,,,,,,,,,,,,,,,,,,,,,,,,,,,,,,,,,,,,,,,,,,,,,,,PROPN,False,אלא,אלא,False,False,False,True,True,True,False,,,,False,False
Midrash_Aggadic_Midrash_Midrash_Rabbah_Bereishit_Rabbah__1_1,bereishit_rabbah,109,דפתראות,39.4615,0.8042,0.771,0.8801,5,-1,False,"{""מדעת"": 1, ""מדעתו"": 1, ""מדע"": 1, ""מדעתי"": 1, ""מדעתיו"": 1}","{""מדעת"": [""מדעת""], ""מדעתו"": [""מדעתו""], ""מדע"": [""מדע""], ""מדעתי"": [""מדעתי""], ""מדעתיו"": [""מדעתיו""]}",מדעת,0.856965,מדעתו,0.011969,מדע,0.008943,מדעתי,0.002197,מדעתיו,1.9e-05,,,,,,,,,,,,,,,,,,,,,,,,,,,,,,,,,,,,,,,,,,,,,,,,,,,,,,,,,,,,,,,,,,,,,,,,,,,,,,,,,,,,,,,,,,,ADV,False,דפתראות,שכירות,True,False,True,True,True,True,True,1.0,27.0,-26.0,True,False
Midrash_Aggadic_Midrash_Midrash_Rabbah_Bereishit_Rabbah__1_1,bereishit_rabbah,110,ופנקסאות,24.537,0.8528,0.7226,0.1741,50,-1,False,"{""של"": 1, ""מדעת"": 1, ""אמן"": 1, ""שבעולם"": 1, ""בנה"": 1, ""ביד"": 1, ""מדעתו"": 1, ""אמון"": 1, ""קא"": 1, ""ואמר"": 1, ""דפתרא"": 1, ""שלח"": 1, ""מדע"": 1, ""משל"": 1, ""ואילנות"": 1, ""דפתראות"": 1, ""וכסות"": 1, ""והאמן"": 1, ""וכסתות"": 1, ""והא"": 1, ""בידן"": 1, ""שברא"": 1, ""קיימין"": 1, ""מדעתי"": 1, ""קיימא"": 1, ""קיימת"": 1, ""מכסה"": 1, ""בנהו"": 1, ""מכסות"": 1, ""דאתי"": 1, ""שלחן"": 1, ""וכסותות"": 1, ""ואמרות"": 1, ""דאתיין"": 1, ""והאומר"": 1, ""מדעתייה"": 1, ""מדעתייהו"": 1, ""מכסהו"": 1, ""שבראש"": 1, ""ואילנותו"": 1, ""מכסותיו"": 1, ""ואמרותיו"": 1, ""דפתראותא"": 1, ""והאומרת"": 1, ""וכסתותיו"": 1, ""שבראשונה"": 1, ""וכסותותיו"": 1, ""ואילנותוות"": 1, ""ואילנותוותא"": 1, ""שבראשונהו"": 1}","{""של"": [""של""], ""מדעת"": [""מדעת""], ""אמן"": [""אמן""], ""שבעולם"": [""שבעולם""], ""בנה"": [""בנה""], ""ביד"": [""ביד""], ""מדעתו"": [""מדעתו""], ""אמון"": [""אמון""], ""קא"": [""קא""], ""ואמר"": [""ואמר""], ""דפתרא"": [""דפתרא""], ""שלח"": [""שלח""], ""מדע"": [""מדע""], ""משל"": [""משל""], ""ואילנות"": [""ואילנות""], ""דפתראות"": [""דפתראות""], ""וכסות"": [""וכסות""], ""והאמן"": [""והאמן""], ""וכסתות"": [""וכסתות""], ""והא"": [""והא""], ""בידן"": [""בידן""], ""שברא"": [""שברא""], ""קיימין"": [""קיימין""], ""מדעתי"": [""מדעתי""], ""קיימא"": [""קיימא""], ""קיימת"": [""קיימת""], ""מכסה"": [""מכסה""], ""בנהו"": [""בנהו""], ""מכסות"": [""מכסות""], ""דאתי"": [""דאתי""], ""שלחן"": [""שלחן""], ""וכסותות"": [""וכסותות""], ""ואמרות"": [""ואמרות""], ""דאתיין"": [""דאתיין""], ""והאומר"": [""והאומר""], ""מדעתייה"": [""מדעתייה""], ""מדעתייהו"": [""מדעתייהו""], ""מכסהו"": [""מכסהו""], ""שבראש"": [""שבראש""], ""ואילנותו"": [""ואילנותו""], ""מכסותיו"": [""מכסותיו""], ""ואמרותיו"": [""ואמרותיו""], ""דפתראותא"": [""דפתראותא""], ""והאומרת"": [""והאומרת""], ""וכסתותיו"": [""וכסתותיו""], ""שבראשונה"": [""שבראשונה""], ""וכסותותיו"": [""וכסותותיו""], ""ואילנותוות"": [""ואילנותוות""], ""ואילנותוותא"": [""ואילנותוותא""], ""שבראשונהו"": [""שבראשונהו""]}",של,0.081983,מדעת,0.040293,אמן,0.016928,שבעולם,0.006269,בנה,0.004791,ביד,0.004228,מדעתו,0.002675,אמון,0.002022,קא,0.001474,ואמר,0.001196,דפתרא,0.001131,שלח,0.001122,מדע,0.000933,משל,0.000922,ואילנות,0.000875,דפתראות,0.000826,וכסות,0.000809,והאמן,0.000687,וכסתות,0.000676,והא,0.000666,בידן,0.000658,שברא,0.000423,קיימין,0.000416,מדעתי,0.000394,קיימא,0.000319,קיימת,0.000204,מכסה,0.000185,בנהו,0.000174,מכסות,0.000166,דאתי,0.000145,שלחן,0.000135,וכסותות,0.000123,ואמרות,0.000104,דאתיין,4e-05,והאומר,2.2e-05,מדעתייה,1.7e-05,מדעתייהו,1.5e-05,מכסהו,1.1e-05,שבראש,1e-05,ואילנותו,9e-06,מכסותיו,8e-06,ואמרותיו,6e-06,דפתראותא,6e-06,והאומרת,4e-06,וכסתותיו,2e-06,שבראשונה,1e-06,וכסותותיו,1e-06,ואילנותוות,0.0,ואילנותוותא,0.0,שבראשונהו,0.0,AUX,False,ופנקסאות,##נקס,False,False,False,True,True,True,False,,,,False,False
Midrash_Aggadic_Midrash_Midrash_Rabbah_Bereishit_Rabbah__1_1,bereishit_rabbah,111,יש,8.2808,0.8943,0.8595,0.1703,50,-1,False,"{""של"": 1, ""מדעת"": 1, ""הוא"": 1, ""בנה"": 1, ""אמן"": 1, ""שבעולם"": 1, ""אמון"": 1, ""בונה"": 1, ""והאמן"": 1, ""מדעתו"": 1, ""שבנה"": 1, ""ואבני"": 1, ""וכסאות"": 1, ""דפתרא"": 1, ""ובונה"": 1, ""וכסתות"": 1, ""שנאמר"": 1, ""דפתראות"": 1, ""שנא"": 1, ""ואמר"": 1, ""שלח"": 1, ""שבידו"": 1, ""משל"": 1, ""מאי"": 1, ""והאמנים"": 1, ""מדע"": 1, ""ובנין"": 1, ""שברשות"": 1, ""בנהו"": 1, ""מדעתי"": 1, ""שלחן"": 1, ""שברשותו"": 1, ""ובנאים"": 1, ""ואמרות"": 1, ""והאמנם"": 1, ""דאמרי"": 1, ""שבנהו"": 1, ""ואבניו"": 1, ""וכסאותו"": 1, ""שנאמרת"": 1, ""בונהו"": 1, ""משלו"": 1, ""מדעתייהו"": 1, ""וכסתותי"": 1, ""ואמרותיו"": 1, ""מדעתייהון"": 1, ""וכסאותוות"": 1, ""וכסאותוותא"": 1, ""וכסאותוותאונות"": 1, ""וכסאותוותאונותיו"": 1}","{""של"": [""של""], ""מדעת"": [""מדעת""], ""הוא"": [""הוא""], ""בנה"": [""בנה""], ""אמן"": [""אמן""], ""שבעולם"": [""שבעולם""], ""אמון"": [""אמון""], ""בונה"": [""בונה""], ""והאמן"": [""והאמן""], ""מדעתו"": [""מדעתו""], ""שבנה"": [""שבנה""], ""ואבני"": [""ואבני""], ""וכסאות"": [""וכסאות""], ""דפתרא"": [""דפתרא""], ""ובונה"": [""ובונה""], ""וכסתות"": [""וכסתות""], ""שנאמר"": [""שנאמר""], ""דפתראות"": [""דפתראות""], ""שנא"": [""שנא""], ""ואמר"": [""ואמר""], ""שלח"": [""שלח""], ""שבידו"": [""שבידו""], ""משל"": [""משל""], ""מאי"": [""מאי""], ""והאמנים"": [""והאמנים""], ""מדע"": [""מדע""], ""ובנין"": [""ובנין""], ""שברשות"": [""שברשות""], ""בנהו"": [""בנהו""], ""מדעתי"": [""מדעתי""], ""שלחן"": [""שלחן""], ""שברשותו"": [""שברשותו""], ""ובנאים"": [""ובנאים""], ""ואמרות"": [""ואמרות""], ""והאמנם"": [""והאמנם""], ""דאמרי"": [""דאמרי""], ""שבנהו"": [""שבנהו""], ""ואבניו"": [""ואבניו""], ""וכסאותו"": [""וכסאותו""], ""שנאמרת"": [""שנאמרת""], ""בונהו"": [""בונהו""], ""משלו"": [""משלו""], ""מדעתייהו"": [""מדעתייהו""], ""וכסתותי"": [""וכסתותי""], ""ואמרותיו"": [""ואמרותיו""], ""מדעתייהון"": [""מדעתייהון""], ""וכסאותוות"": [""וכסאותוות""], ""וכסאותוותא"": [""וכסאותוותא""], ""וכסאותוותאונות"": [""וכסאותוותאונות""], ""וכסאותוותאונותיו"": [""וכסאותוותאונותיו""]}",של,0.06067,מדעת,0.026741,הוא,0.020322,בנה,0.009185,אמן,0.008987,שבעולם,0.006687,אמון,0.004736,בונה,0.004013,והאמן,0.003103,מדעתו,0.002959,שבנה,0.001967,ואבני,0.001854,וכסאות,0.001741,דפתרא,0.0016,ובונה,0.001542,וכסתות,0.001412,שנאמר,0.001397,דפתראות,0.001389,שנא,0.001333,ואמר,0.001294,שלח,0.001134,שבידו,0.001021,משל,0.000707,מאי,0.000696,והאמנים,0.000687,מדע,0.000573,ובנין,0.000526,שברשות,0.000416,בנהו,0.000312,מדעתי,0.000283,שלחן,0.000212,שברשותו,0.000179,ובנאים,0.000112,ואמרות,9.1e-05,והאמנם,8.6e-05,דאמרי,6.7e-05,שבנהו,5.7e-05,ואבניו,5.2e-05,וכסאותו,3.3e-05,שנאמרת,3.1e-05,בונהו,3.1e-05,משלו,2.2e-05,מדעתייהו,1.7e-05,וכסתותי,7e-06,ואמרותיו,5e-06,מדעתייהון,1e-06,וכסאותוות,0.0,וכסאותוותא,0.0,וכסאותוותאונות,0.0,וכסאותוותאונותיו,0.0,PROPN,True,יש,יש,False,True,False,True,True,True,False,,,,False,False
Midrash_Aggadic_Midrash_Midrash_Rabbah_Bereishit_Rabbah__1_1,bereishit_rabbah,112,"לו,",1.7806,0.4362,0.0,0.6503,40,1,True,"{""לו"": 1, ""לה"": 1, ""בה"": 1, ""לי"": 1, ""בידו"": 1, ""לא"": 1, ""בפלטין"": 1, ""בעולם"": 1, ""להן"": 1, ""לאדם"": 1, ""להם"": 1, ""בו"": 1, ""בהן"": 1, ""לפניו"": 1, ""לכל"": 1, ""למלך"": 1, ""על"": 1, ""לאמן"": 1, ""לבנות"": 1, ""באדם"": 1, ""בבני"": 1, ""עליה"": 1, ""בבבל"": 1, ""באולם"": 1, ""לבנין"": 1, ""לכלב"": 1, ""לבנאי"": 1, ""ליוצר"": 1, ""לפנינו"": 1, ""בפלטיו"": 1, ""בפלטיא"": 1, ""לפניך"": 1, ""עליהו"": 1, ""ליוצרנו"": 1, ""בפלטיאו"": 1, ""לכלביו"": 1, ""לבנאיי"": 1, ""בפלטיוון"": 1, ""בפלטיאוות"": 1, ""בפלטיאוותא"": 1}","{""לו"": [""לו""], ""לה"": [""לה""], ""בה"": [""בה""], ""לי"": [""לי""], ""בידו"": [""בידו""], ""לא"": [""לא""], ""בפלטין"": [""בפלטין""], ""בעולם"": [""בעולם""], ""להן"": [""להן""], ""לאדם"": [""לאדם""], ""להם"": [""להם""], ""בו"": [""בו""], ""בהן"": [""בהן""], ""לפניו"": [""לפניו""], ""לכל"": [""לכל""], ""למלך"": [""למלך""], ""על"": [""על""], ""לאמן"": [""לאמן""], ""לבנות"": [""לבנות""], ""באדם"": [""באדם""], ""בבני"": [""בבני""], ""עליה"": [""עליה""], ""בבבל"": [""בבבל""], ""באולם"": [""באולם""], ""לבנין"": [""לבנין""], ""לכלב"": [""לכלב""], ""לבנאי"": [""לבנאי""], ""ליוצר"": [""ליוצר""], ""לפנינו"": [""לפנינו""], ""בפלטיו"": [""בפלטיו""], ""בפלטיא"": [""בפלטיא""], ""לפניך"": [""לפניך""], ""עליהו"": [""עליהו""], ""ליוצרנו"": [""ליוצרנו""], ""בפלטיאו"": [""בפלטיאו""], ""לכלביו"": [""לכלביו""], ""לבנאיי"": [""לבנאיי""], ""בפלטיוון"": [""בפלטיוון""], ""בפלטיאוות"": [""בפלטיאוות""], ""בפלטיאוותא"": [""בפלטיאוותא""]}",לו,0.29107,לה,0.127159,בה,0.035867,לי,0.022798,בידו,0.020162,לא,0.018319,בפלטין,0.016711,בעולם,0.013828,להן,0.010441,לאדם,0.010416,להם,0.010117,בו,0.009504,בהן,0.009174,לפניו,0.008602,לכל,0.008129,למלך,0.007911,על,0.007879,לאמן,0.006456,לבנות,0.004166,באדם,0.002905,בבני,0.001685,עליה,0.001314,בבבל,0.001292,באולם,0.00112,לבנין,0.000763,לכלב,0.000585,לבנאי,0.000567,ליוצר,0.000361,לפנינו,0.000294,בפלטיו,0.000263,בפלטיא,0.000232,לפניך,0.000155,עליהו,3.9e-05,ליוצרנו,3.1e-05,בפלטיאו,1.5e-05,לכלביו,1e-05,לבנאיי,8e-06,בפלטיוון,1e-06,בפלטיאוות,0.0,בפלטיאוותא,0.0,,,,,,,,,,,,,,,,,,,,,ADV,True,לו,לו,True,True,False,True,True,True,False,,,,False,False
Midrash_Aggadic_Midrash_Midrash_Rabbah_Bereishit_Rabbah__1_1,bereishit_rabbah,113,לדעת,11.3106,0.9085,0.8515,0.2534,50,-1,False,"{""והוא"": 1, ""מדעת"": 1, ""על"": 1, ""אבל"": 1, ""ואין"": 1, ""מן"": 1, ""בעולם"": 1, ""בנה"": 1, ""אמן"": 1, ""ביד"": 1, ""להאמן"": 1, ""והאמן"": 1, ""לאדם"": 1, ""לאמן"": 1, ""למלך"": 1, ""משל"": 1, ""אמון"": 1, ""בידיו"": 1, ""מדעתו"": 1, ""ואומר"": 1, ""וגו"": 1, ""ואינו"": 1, ""משלו"": 1, ""בנהרות"": 1, ""שבעים"": 1, ""באוצר"": 1, ""והן"": 1, ""ואומרת"": 1, ""מכסה"": 1, ""באדם"": 1, ""שבעה"": 1, ""בנהרותא"": 1, ""מדת"": 1, ""שמש"": 1, ""ועושה"": 1, ""לאדון"": 1, ""עליה"": 1, ""ועליו"": 1, ""להאמנים"": 1, ""ועושין"": 1, ""ועושהו"": 1, ""מכסהו"": 1, ""אבלו"": 1, ""עליהו"": 1, ""אבלוות"": 1, ""אבלוותא"": 1, ""אבלוותאנו"": 1, ""אבלוותאנוות"": 1, ""אבלוותאנוותא"": 1, ""אבלוותאנוותאנו"": 1}","{""והוא"": [""והוא""], ""מדעת"": [""מדעת""], ""על"": [""על""], ""אבל"": [""אבל""], ""ואין"": [""ואין""], ""מן"": [""מן""], ""בעולם"": [""בעולם""], ""בנה"": [""בנה""], ""אמן"": [""אמן""], ""ביד"": [""ביד""], ""להאמן"": [""להאמן""], ""והאמן"": [""והאמן""], ""לאדם"": [""לאדם""], ""לאמן"": [""לאמן""], ""למלך"": [""למלך""], ""משל"": [""משל""], ""אמון"": [""אמון""], ""בידיו"": [""בידיו""], ""מדעתו"": [""מדעתו""], ""ואומר"": [""ואומר""], ""וגו"": [""וגו""], ""ואינו"": [""ואינו""], ""משלו"": [""משלו""], ""בנהרות"": [""בנהרות""], ""שבעים"": [""שבעים""], ""באוצר"": [""באוצר""], ""והן"": [""והן""], ""ואומרת"": [""ואומרת""], ""מכסה"": [""מכסה""], ""באדם"": [""באדם""], ""שבעה"": [""שבעה""], ""בנהרותא"": [""בנהרותא""], ""מדת"": [""מדת""], ""שמש"": [""שמש""], ""ועושה"": [""ועושה""], ""לאדון"": [""לאדון""], ""עליה"": [""עליה""], ""ועליו"": [""ועליו""], ""להאמנים"": [""להאמנים""], ""ועושין"": [""ועושין""], ""ועושהו"": [""ועושהו""], ""מכסהו"": [""מכסהו""], ""אבלו"": [""אבלו""], ""עליהו"": [""עליהו""], ""אבלוות"": [""אבלוות""], ""אבלוותא"": [""אבלוותא""], ""אבלוותאנו"": [""אבלוותאנו""], ""אבלוותאנוות"": [""אבלוותאנוות""], ""אבלוותאנוותא"": [""אבלוותאנוותא""], ""אבלוותאנוותאנו"": [""אבלוותאנוותאנו""]}",והוא,0.03435,מדעת,0.028882,על,0.01897,אבל,0.015243,ואין,0.014774,מן,0.014097,בעולם,0.013663,בנה,0.013426,אמן,0.011665,ביד,0.011131,להאמן,0.008939,והאמן,0.007291,לאדם,0.006451,לאמן,0.006046,למלך,0.005769,משל,0.004911,אמון,0.004787,בידיו,0.004602,מדעתו,0.003696,ואומר,0.003625,וגו,0.003457,ואינו,0.003005,משלו,0.002606,בנהרות,0.001562,שבעים,0.00151,באוצר,0.001026,והן,0.000956,ואומרת,0.000914,מכסה,0.000802,באדם,0.000763,שבעה,0.000713,בנהרותא,0.000661,מדת,0.000658,שמש,0.000635,ועושה,0.000514,לאדון,0.000426,עליה,0.000358,ועליו,0.000211,להאמנים,0.00016,ועושין,4.4e-05,ועושהו,2.8e-05,מכסהו,2.5e-05,אבלו,1.4e-05,עליהו,1.4e-05,אבלוות,0.0,אבלוותא,0.0,אבלוותאנו,0.0,אבלוותאנוות,0.0,אבלוותאנוותא,0.0,אבלוותאנוותאנו,0.0,PROPN,True,לדעת,דעת,False,False,False,True,True,True,False,,,,False,False
Midrash_Aggadic_Midrash_Midrash_Rabbah_Bereishit_Rabbah__1_1,bereishit_rabbah,114,היאך,10.5632,0.8829,0.7259,0.3202,50,-1,False,"{""אמן"": 1, ""מה"": 1, ""את"": 1, ""ש"": 1, ""אם"": 1, ""כיצד"": 1, ""אבל"": 1, ""מדעת"": 1, ""בנה"": 1, ""אמון"": 1, ""והאמן"": 1, ""מתי"": 1, ""היכן"": 1, ""מאי"": 1, ""מדעתו"": 1, ""ולדעת"": 1, ""מהו"": 1, ""בונה"": 1, ""שבעולם"": 1, ""הוי"": 1, ""ובלבד"": 1, ""מדת"": 1, ""ולתת"": 1, ""היכא"": 1, ""אתו"": 1, ""והאמנים"": 1, ""בנהו"": 1, ""ולדעתו"": 1, ""ופנקס"": 1, ""והאמנם"": 1, ""בונהו"": 1, ""ופנקסות"": 1, ""מתיו"": 1, ""שבעולמו"": 1, ""ופנקסיו"": 1, ""אתוון"": 1, ""ולתתנה"": 1, ""שבעולמות"": 1, ""ולתתנהו"": 1, ""ופנקסותיו"": 1, ""מהוות"": 1, ""מהוותא"": 1, ""מתיוון"": 1, ""שבעולמותו"": 1, ""ופנקסיוו"": 1, ""ופנקסיווין"": 1, ""מהוותאנו"": 1, ""מהוותאנוות"": 1, ""מהוותאנוותא"": 1, ""מהוותאנוותאנו"": 1}","{""אמן"": [""אמן""], ""מה"": [""מה""], ""את"": [""את""], ""ש"": [""ש""], ""אם"": [""אם""], ""כיצד"": [""כיצד""], ""אבל"": [""אבל""], ""מדעת"": [""מדעת""], ""בנה"": [""בנה""], ""אמון"": [""אמון""], ""והאמן"": [""והאמן""], ""מתי"": [""מתי""], ""היכן"": [""היכן""], ""מאי"": [""מאי""], ""מדעתו"": [""מדעתו""], ""ולדעת"": [""ולדעת""], ""מהו"": [""מהו""], ""בונה"": [""בונה""], ""שבעולם"": [""שבעולם""], ""הוי"": [""הוי""], ""ובלבד"": [""ובלבד""], ""מדת"": [""מדת""], ""ולתת"": [""ולתת""], ""היכא"": [""היכא""], ""אתו"": [""אתו""], ""והאמנים"": [""והאמנים""], ""בנהו"": [""בנהו""], ""ולדעתו"": [""ולדעתו""], ""ופנקס"": [""ופנקס""], ""והאמנם"": [""והאמנם""], ""בונהו"": [""בונהו""], ""ופנקסות"": [""ופנקסות""], ""מתיו"": [""מתיו""], ""שבעולמו"": [""שבעולמו""], ""ופנקסיו"": [""ופנקסיו""], ""אתוון"": [""אתוון""], ""ולתתנה"": [""ולתתנה""], ""שבעולמות"": [""שבעולמות""], ""ולתתנהו"": [""ולתתנהו""], ""ופנקסותיו"": [""ופנקסותיו""], ""מהוות"": [""מהוות""], ""מהוותא"": [""מהוותא""], ""מתיוון"": [""מתיוון""], ""שבעולמותו"": [""שבעולמותו""], ""ופנקסיוו"": [""ופנקסיוו""], ""ופנקסיווין"": [""ופנקסיווין""], ""מהוותאנו"": [""מהוותאנו""], ""מהוותאנוות"": [""מהוותאנוות""], ""מהוותאנוותא"": [""מהוותאנוותא""], ""מהוותאנוותאנו"": [""מהוותאנוותאנו""]}",אמן,0.078204,מה,0.054439,את,0.05114,ש,0.022693,אם,0.021995,כיצד,0.018522,אבל,0.018235,מדעת,0.012253,בנה,0.008725,אמון,0.004846,והאמן,0.004639,מתי,0.003967,היכן,0.00323,מאי,0.003188,מדעתו,0.002821,ולדעת,0.002589,מהו,0.001857,בונה,0.001614,שבעולם,0.001259,הוי,0.000745,ובלבד,0.000655,מדת,0.000582,ולתת,0.000524,היכא,0.00031,אתו,0.000287,והאמנים,0.000206,בנהו,0.000178,ולדעתו,0.000174,ופנקס,0.000116,והאמנם,8.5e-05,בונהו,7.5e-05,ופנקסות,3.8e-05,מתיו,7e-06,שבעולמו,7e-06,ופנקסיו,7e-06,אתוון,6e-06,ולתתנה,4e-06,שבעולמות,1e-06,ולתתנהו,1e-06,ופנקסותיו,1e-06,מהוות,1e-06,מהוותא,0.0,מתיוון,0.0,שבעולמותו,0.0,ופנקסיוו,0.0,ופנקסיווין,0.0,מהוותאנו,0.0,מהוותאנוות,0.0,מהוותאנוותא,0.0,מהוותאנוותאנו,0.0,PROPN,False,היאך,היאך,False,False,False,True,True,True,False,,,,False,False
Midrash_Aggadic_Midrash_Midrash_Rabbah_Bereishit_Rabbah__1_1,bereishit_rabbah,115,הוא,4.2077,0.8146,0.0,0.5979,50,3,True,"{""לבנות"": 1, ""לעשות"": 1, ""הוא"": 1, ""לבנותה"": 1, ""בונה"": 1, ""צריך"": 1, ""יבנה"": 1, ""בונים"": 1, ""יש"": 1, ""לעשותו"": 1, ""ראוי"": 1, ""יעשה"": 1, ""להעמיד"": 1, ""אמן"": 1, ""לנהוג"": 1, ""מבנה"": 1, ""ליתן"": 1, ""להניח"": 1, ""להעמידה"": 1, ""מדעת"": 1, ""נבנה"": 1, ""לבנוה"": 1, ""מבנין"": 1, ""מדליק"": 1, ""להניחן"": 1, ""בונהו"": 1, ""מדעתו"": 1, ""נבנית"": 1, ""מלביש"": 1, ""לבנוהו"": 1, ""ישנה"": 1, ""יבנהו"": 1, ""מלבנות"": 1, ""לבנותהו"": 1, ""מבנהו"": 1, ""מדליקין"": 1, ""אומן"": 1, ""אומנות"": 1, ""לנהוגה"": 1, ""ראויין"": 1, ""אומנותו"": 1, ""יבנוה"": 1, ""יבנוהו"": 1, ""מלבנותו"": 1, ""מלבישין"": 1, ""להעמידהו"": 1, ""ישנהו"": 1, ""נבנהו"": 1, ""נבניתו"": 1, ""לנהוגהו"": 1}","{""לבנות"": [""לבנות""], ""לעשות"": [""לעשות""], ""הוא"": [""הוא""], ""לבנותה"": [""לבנותה""], ""בונה"": [""בונה""], ""צריך"": [""צריך""], ""יבנה"": [""יבנה""], ""בונים"": [""בונים""], ""יש"": [""יש""], ""לעשותו"": [""לעשותו""], ""ראוי"": [""ראוי""], ""יעשה"": [""יעשה""], ""להעמיד"": [""להעמיד""], ""אמן"": [""אמן""], ""לנהוג"": [""לנהוג""], ""מבנה"": [""מבנה""], ""ליתן"": [""ליתן""], ""להניח"": [""להניח""], ""להעמידה"": [""להעמידה""], ""מדעת"": [""מדעת""], ""נבנה"": [""נבנה""], ""לבנוה"": [""לבנוה""], ""מבנין"": [""מבנין""], ""מדליק"": [""מדליק""], ""להניחן"": [""להניחן""], ""בונהו"": [""בונהו""], ""מדעתו"": [""מדעתו""], ""נבנית"": [""נבנית""], ""מלביש"": [""מלביש""], ""לבנוהו"": [""לבנוהו""], ""ישנה"": [""ישנה""], ""יבנהו"": [""יבנהו""], ""מלבנות"": [""מלבנות""], ""לבנותהו"": [""לבנותהו""], ""מבנהו"": [""מבנהו""], ""מדליקין"": [""מדליקין""], ""אומן"": [""אומן""], ""אומנות"": [""אומנות""], ""לנהוגה"": [""לנהוגה""], ""ראויין"": [""ראויין""], ""אומנותו"": [""אומנותו""], ""יבנוה"": [""יבנוה""], ""יבנוהו"": [""יבנוהו""], ""מלבנותו"": [""מלבנותו""], ""מלבישין"": [""מלבישין""], ""להעמידהו"": [""להעמידהו""], ""ישנהו"": [""ישנהו""], ""נבנהו"": [""נבנהו""], ""נבניתו"": [""נבניתו""], ""לנהוגהו"": [""לנהוגהו""]}",לבנות,0.246409,לעשות,0.066309,הוא,0.05412,לבנותה,0.051678,בונה,0.039417,צריך,0.025967,יבנה,0.020692,בונים,0.013837,יש,0.008563,לעשותו,0.008543,ראוי,0.0083,יעשה,0.007913,להעמיד,0.00653,אמן,0.006373,לנהוג,0.005866,מבנה,0.003699,ליתן,0.002933,להניח,0.002808,להעמידה,0.00242,מדעת,0.002363,נבנה,0.002251,לבנוה,0.00142,מבנין,0.001158,מדליק,0.000925,להניחן,0.000814,בונהו,0.000682,מדעתו,0.000681,נבנית,0.000625,מלביש,0.00053,לבנוהו,0.000529,ישנה,0.000438,יבנהו,0.00041,מלבנות,0.000406,לבנותהו,0.000328,מבנהו,0.000327,מדליקין,0.00031,אומן,0.00025,אומנות,0.000243,לנהוגה,0.000221,ראויין,0.000149,אומנותו,0.000134,יבנוה,0.000113,יבנוהו,7.9e-05,מלבנותו,3.3e-05,מלבישין,3.1e-05,להעמידהו,2.7e-05,ישנהו,1.4e-05,נבנהו,1.2e-05,נבניתו,5e-06,לנהוגהו,4e-06,ADV,True,הוא,הוא,True,True,False,True,True,True,False,,,,False,False
Midrash_Aggadic_Midrash_Midrash_Rabbah_Bereishit_Rabbah__1_1,bereishit_rabbah,116,עושה,3.3856,0.7529,0.0,0.6628,30,2,True,"{""בונה"": 1, ""עושה"": 1, ""צריך"": 1, ""יבנה"": 1, ""בנה"": 1, ""רוצה"": 1, ""מבנה"": 1, ""נבנה"": 1, ""מנה"": 1, ""יעשה"": 1, ""בנאה"": 1, ""מנהיג"": 1, ""בנוה"": 1, ""עושהו"": 1, ""בונהו"": 1, ""מלביש"": 1, ""מבנהו"": 1, ""בנוהו"": 1, ""נוטל"": 1, ""מבנוה"": 1, ""יבנהו"": 1, ""בנהו"": 1, ""מנהיגן"": 1, ""בנאהו"": 1, ""מלבישן"": 1, ""מבנוהו"": 1, ""נבנהו"": 1, ""יבננה"": 1, ""נוטלן"": 1, ""יבננהו"": 1}","{""בונה"": [""בונה""], ""עושה"": [""עושה""], ""צריך"": [""צריך""], ""יבנה"": [""יבנה""], ""בנה"": [""בנה""], ""רוצה"": [""רוצה""], ""מבנה"": [""מבנה""], ""נבנה"": [""נבנה""], ""מנה"": [""מנה""], ""יעשה"": [""יעשה""], ""בנאה"": [""בנאה""], ""מנהיג"": [""מנהיג""], ""בנוה"": [""בנוה""], ""עושהו"": [""עושהו""], ""בונהו"": [""בונהו""], ""מלביש"": [""מלביש""], ""מבנהו"": [""מבנהו""], ""בנוהו"": [""בנוהו""], ""נוטל"": [""נוטל""], ""מבנוה"": [""מבנוה""], ""יבנהו"": [""יבנהו""], ""בנהו"": [""בנהו""], ""מנהיגן"": [""מנהיגן""], ""בנאהו"": [""בנאהו""], ""מלבישן"": [""מלבישן""], ""מבנוהו"": [""מבנוהו""], ""נבנהו"": [""נבנהו""], ""יבננה"": [""יבננה""], ""נוטלן"": [""נוטלן""], ""יבננהו"": [""יבננהו""]}",בונה,0.385095,עושה,0.095682,צריך,0.068917,יבנה,0.027916,בנה,0.016399,רוצה,0.012949,מבנה,0.012927,נבנה,0.007541,מנה,0.006375,יעשה,0.006162,בנאה,0.005155,מנהיג,0.003885,בנוה,0.002892,עושהו,0.002573,בונהו,0.002513,מלביש,0.00216,מבנהו,0.000859,בנוהו,0.000725,נוטל,0.000639,מבנוה,0.000412,יבנהו,0.000308,בנהו,0.000238,מנהיגן,0.00013,בנאהו,0.000102,מלבישן,8.6e-05,מבנוהו,8.6e-05,נבנהו,4.5e-05,יבננה,2.3e-05,נוטלן,1e-05,יבננהו,1e-06,,,,,,,,,,,,,,,,,,,,,,,,,,,,,,,,,,,,,,,,,ADV,True,עושה,עושה,True,False,True,True,True,True,True,37.0,35.0,2.0,False,True
Midrash_Aggadic_Midrash_Midrash_Rabbah_Bereishit_Rabbah__1_1,bereishit_rabbah,117,"חדרים,",18.1652,0.8995,0.3639,0.365,50,-1,False,"{""את"": 1, ""אותה"": 1, ""אבל"": 1, ""אותו"": 1, ""אלא"": 1, ""כן"": 1, ""ואם"": 1, ""אמן"": 1, ""ומה"": 1, ""אותן"": 1, ""הוא"": 1, ""והאמן"": 1, ""אותם"": 1, ""כל"": 1, ""ואומר"": 1, ""אמון"": 1, ""ואינו"": 1, ""וגו"": 1, ""בנה"": 1, ""אתו"": 1, ""בונה"": 1, ""רבי"": 1, ""ואומרת"": 1, ""הוי"": 1, ""ומהו"": 1, ""ר"": 1, ""מאי"": 1, ""והאמנים"": 1, ""משל"": 1, ""הואיל"": 1, ""ופנקס"": 1, ""כלים"": 1, ""והאמנם"": 1, ""בנהרות"": 1, ""ופנינים"": 1, ""משלו"": 1, ""בנהרותא"": 1, ""בונהו"": 1, ""אלאו"": 1, ""ופנקסיו"": 1, ""אלאוות"": 1, ""אלאוותא"": 1, ""ומהוות"": 1, ""ומהוותא"": 1, ""ופנקסיוו"": 1, ""ופנקסיווין"": 1, ""ומהוותאנו"": 1, ""ומהוותאנוות"": 1, ""ומהוותאנוותא"": 1, ""ומהוותאנוותאנו"": 1}","{""את"": [""את""], ""אותה"": [""אותה""], ""אבל"": [""אבל""], ""אותו"": [""אותו""], ""אלא"": [""אלא""], ""כן"": [""כן""], ""ואם"": [""ואם""], ""אמן"": [""אמן""], ""ומה"": [""ומה""], ""אותן"": [""אותן""], ""הוא"": [""הוא""], ""והאמן"": [""והאמן""], ""אותם"": [""אותם""], ""כל"": [""כל""], ""ואומר"": [""ואומר""], ""אמון"": [""אמון""], ""ואינו"": [""ואינו""], ""וגו"": [""וגו""], ""בנה"": [""בנה""], ""אתו"": [""אתו""], ""בונה"": [""בונה""], ""רבי"": [""רבי""], ""ואומרת"": [""ואומרת""], ""הוי"": [""הוי""], ""ומהו"": [""ומהו""], ""ר"": [""ר""], ""מאי"": [""מאי""], ""והאמנים"": [""והאמנים""], ""משל"": [""משל""], ""הואיל"": [""הואיל""], ""ופנקס"": [""ופנקס""], ""כלים"": [""כלים""], ""והאמנם"": [""והאמנם""], ""בנהרות"": [""בנהרות""], ""ופנינים"": [""ופנינים""], ""משלו"": [""משלו""], ""בנהרותא"": [""בנהרותא""], ""בונהו"": [""בונהו""], ""אלאו"": [""אלאו""], ""ופנקסיו"": [""ופנקסיו""], ""אלאוות"": [""אלאוות""], ""אלאוותא"": [""אלאוותא""], ""ומהוות"": [""ומהוות""], ""ומהוותא"": [""ומהוותא""], ""ופנקסיוו"": [""ופנקסיוו""], ""ופנקסיווין"": [""ופנקסיווין""], ""ומהוותאנו"": [""ומהוותאנו""], ""ומהוותאנוות"": [""ומהוותאנוות""], ""ומהוותאנוותא"": [""ומהוותאנוותא""], ""ומהוותאנוותאנו"": [""ומהוותאנוותאנו""]}",את,0.082239,אותה,0.047596,אבל,0.046858,אותו,0.019231,אלא,0.014745,כן,0.014291,ואם,0.013637,אמן,0.013613,ומה,0.013012,אותן,0.011848,הוא,0.011664,והאמן,0.011325,אותם,0.01113,כל,0.01062,ואומר,0.006886,אמון,0.006232,ואינו,0.005198,וגו,0.005078,בנה,0.003704,אתו,0.003415,בונה,0.003168,רבי,0.002679,ואומרת,0.001292,הוי,0.000932,ומהו,0.000853,ר,0.000732,מאי,0.000642,והאמנים,0.000565,משל,0.000532,הואיל,0.000268,ופנקס,0.000192,כלים,0.000188,והאמנם,0.000165,בנהרות,0.000157,ופנינים,0.000113,משלו,4.5e-05,בנהרותא,4.2e-05,בונהו,3.9e-05,אלאו,3.6e-05,ופנקסיו,1.5e-05,אלאוות,1e-06,אלאוותא,1e-06,ומהוות,0.0,ומהוותא,0.0,ופנקסיוו,0.0,ופנקסיווין,0.0,ומהוותאנו,0.0,ומהוותאנוות,0.0,ומהוותאנוותא,0.0,ומהוותאנוותאנו,0.0,ADV,True,חדרים,חדר,True,False,True,True,True,True,True,3.0,3.0,0.0,False,False
Midrash_Aggadic_Midrash_Midrash_Rabbah_Bereishit_Rabbah__1_1,bereishit_rabbah,118,היאך,8.8033,0.8628,0.7175,0.3737,50,-1,False,"{""ופתח"": 1, ""ופתחים"": 1, ""חדר"": 1, ""וחצר"": 1, ""וחצרות"": 1, ""חדרים"": 1, ""לחדרים"": 1, ""של"": 1, ""בחדרים"": 1, ""יש"": 1, ""בפלטין"": 1, ""ויש"": 1, ""על"": 1, ""בחצר"": 1, ""בחדריו"": 1, ""וקירות"": 1, ""אמן"": 1, ""וחדרים"": 1, ""בחומה"": 1, ""וכמה"": 1, ""ובתים"": 1, ""והיכן"": 1, ""והיכל"": 1, ""לחצר"": 1, ""ואילו"": 1, ""בחצרות"": 1, ""ואומן"": 1, ""והם"": 1, ""ומגדלים"": 1, ""ומגדל"": 1, ""לחדריו"": 1, ""בפלטיו"": 1, ""ובנינים"": 1, ""אולם"": 1, ""וכותל"": 1, ""וכותב"": 1, ""בחצרותיו"": 1, ""וקירותיו"": 1, ""ומגדלין"": 1, ""בפלטיא"": 1, ""עליה"": 1, ""וכותליהם"": 1, ""שלפניהם"": 1, ""שלפניה"": 1, ""בפלטיאו"": 1, ""והיכלוי"": 1, ""שלפניהן"": 1, ""וכותבם"": 1, ""והיכלויים"": 1, ""עליהו"": 1}","{""ופתח"": [""ופתח""], ""ופתחים"": [""ופתחים""], ""חדר"": [""חדר""], ""וחצר"": [""וחצר""], ""וחצרות"": [""וחצרות""], ""חדרים"": [""חדרים""], ""לחדרים"": [""לחדרים""], ""של"": [""של""], ""בחדרים"": [""בחדרים""], ""יש"": [""יש""], ""בפלטין"": [""בפלטין""], ""ויש"": [""ויש""], ""על"": [""על""], ""בחצר"": [""בחצר""], ""בחדריו"": [""בחדריו""], ""וקירות"": [""וקירות""], ""אמן"": [""אמן""], ""וחדרים"": [""וחדרים""], ""בחומה"": [""בחומה""], ""וכמה"": [""וכמה""], ""ובתים"": [""ובתים""], ""והיכן"": [""והיכן""], ""והיכל"": [""והיכל""], ""לחצר"": [""לחצר""], ""ואילו"": [""ואילו""], ""בחצרות"": [""בחצרות""], ""ואומן"": [""ואומן""], ""והם"": [""והם""], ""ומגדלים"": [""ומגדלים""], ""ומגדל"": [""ומגדל""], ""לחדריו"": [""לחדריו""], ""בפלטיו"": [""בפלטיו""], ""ובנינים"": [""ובנינים""], ""אולם"": [""אולם""], ""וכותל"": [""וכותל""], ""וכותב"": [""וכותב""], ""בחצרותיו"": [""בחצרותיו""], ""וקירותיו"": [""וקירותיו""], ""ומגדלין"": [""ומגדלין""], ""בפלטיא"": [""בפלטיא""], ""עליה"": [""עליה""], ""וכותליהם"": [""וכותליהם""], ""שלפניהם"": [""שלפניהם""], ""שלפניה"": [""שלפניה""], ""בפלטיאו"": [""בפלטיאו""], ""והיכלוי"": [""והיכלוי""], ""שלפניהן"": [""שלפניהן""], ""וכותבם"": [""וכותבם""], ""והיכלויים"": [""והיכלויים""], ""עליהו"": [""עליהו""]}",ופתח,0.046746,ופתחים,0.042084,חדר,0.04044,וחצר,0.038398,וחצרות,0.034302,חדרים,0.022679,לחדרים,0.014801,של,0.014196,בחדרים,0.013622,יש,0.013336,בפלטין,0.012674,ויש,0.011954,על,0.009757,בחצר,0.008293,בחדריו,0.008262,וקירות,0.007223,אמן,0.004118,וחדרים,0.003769,בחומה,0.003051,וכמה,0.002544,ובתים,0.002515,והיכן,0.002435,והיכל,0.002397,לחצר,0.002148,ואילו,0.002028,בחצרות,0.001991,ואומן,0.001667,והם,0.001224,ומגדלים,0.000918,ומגדל,0.000832,לחדריו,0.00065,בפלטיו,0.000502,ובנינים,0.000484,אולם,0.000434,וכותל,0.000386,וכותב,0.000213,בחצרותיו,0.000158,וקירותיו,0.000119,ומגדלין,0.000112,בפלטיא,9.7e-05,עליה,3.2e-05,וכותליהם,3.1e-05,שלפניהם,2.5e-05,שלפניה,1.5e-05,בפלטיאו,1.3e-05,והיכלוי,1.2e-05,שלפניהן,2e-06,וכותבם,1e-06,והיכלויים,1e-06,עליהו,1e-06,PROPN,False,היאך,היאך,False,False,False,True,True,True,False,,,,False,False
Midrash_Aggadic_Midrash_Midrash_Rabbah_Bereishit_Rabbah__1_1,bereishit_rabbah,119,הוא,0.2234,0.0096,0.0,0.8735,5,1,True,"{""הוא"": 1, ""הם"": 1, ""מלביש"": 1, ""מלבנים"": 1, ""מלבישים"": 1}","{""הוא"": [""הוא""], ""הם"": [""הם""], ""מלביש"": [""מלביש""], ""מלבנים"": [""מלבנים""], ""מלבישים"": [""מלבישים""]}",הוא,0.856532,הם,0.016186,מלביש,0.000491,מלבנים,0.000235,מלבישים,7.8e-05,,,,,,,,,,,,,,,,,,,,,,,,,,,,,,,,,,,,,,,,,,,,,,,,,,,,,,,,,,,,,,,,,,,,,,,,,,,,,,,,,,,,,,,,,,,ADV,True,הוא,הוא,True,True,False,True,True,True,False,,,,False,False
Midrash_Aggadic_Midrash_Midrash_Rabbah_Bereishit_Rabbah__1_1,bereishit_rabbah,120,עושה,0.7252,0.0724,0.0,0.659,10,1,True,"{""עושה"": 1, ""בונה"": 1, ""מעמיד"": 1, ""בנה"": 1, ""מלביש"": 1, ""מלבנן"": 1, ""עושהו"": 1, ""מלבישן"": 1, ""בונהו"": 1, ""בנהו"": 1}","{""עושה"": [""עושה""], ""בונה"": [""בונה""], ""מעמיד"": [""מעמיד""], ""בנה"": [""בנה""], ""מלביש"": [""מלביש""], ""מלבנן"": [""מלבנן""], ""עושהו"": [""עושהו""], ""מלבישן"": [""מלבישן""], ""בונהו"": [""בונהו""], ""בנהו"": [""בנהו""]}",עושה,0.604934,בונה,0.035365,מעמיד,0.013766,בנה,0.002296,מלביש,0.001704,מלבנן,0.000466,עושהו,0.000333,מלבישן,7.1e-05,בונהו,4.7e-05,בנהו,3e-05,,,,,,,,,,,,,,,,,,,,,,,,,,,,,,,,,,,,,,,,,,,,,,,,,,,,,,,,,,,,,,,,,,,,,,,,,,,,,,,,,ADV,True,עושה,עושה,True,False,True,True,True,True,True,49.0,50.0,-1.0,True,False
Midrash_Aggadic_Midrash_Midrash_Rabbah_Bereishit_Rabbah__1_1,bereishit_rabbah,121,פשפשין.,15.2582,0.8044,0.5163,0.4566,50,-1,False,"{""פתח"": 1, ""פתחים"": 1, ""חלונות"": 1, ""קירות"": 1, ""פלטין"": 1, ""מזוזות"": 1, ""עמוד"": 1, ""עמודים"": 1, ""קורות"": 1, ""דלתות"": 1, ""סוכות"": 1, ""חצר"": 1, ""אמות"": 1, ""ארונות"": 1, ""חצרות"": 1, ""רצפות"": 1, ""מזבח"": 1, ""אריחים"": 1, ""גגות"": 1, ""בימה"": 1, ""בתי"": 1, ""אכסדרות"": 1, ""מזבחות"": 1, ""גנות"": 1, ""עלי"": 1, ""דפנות"": 1, ""עליות"": 1, ""ספינות"": 1, ""רהיטים"": 1, ""רהיטין"": 1, ""פלטיא"": 1, ""אריחין"": 1, ""פלטיו"": 1, ""אכסדרא"": 1, ""אכסדראות"": 1, ""קירותיו"": 1, ""קורותיו"": 1, ""פלטיאן"": 1, ""גנותו"": 1, ""דפנותיו"": 1, ""סוכותו"": 1, ""דלתותיו"": 1, ""בימהות"": 1, ""פלטיוות"": 1, ""בתיו"": 1, ""עליותי"": 1, ""ספינותו"": 1, ""פלטיוותי"": 1, ""בימהותי"": 1, ""בתיוון"": 1}","{""פתח"": [""פתח""], ""פתחים"": [""פתחים""], ""חלונות"": [""חלונות""], ""קירות"": [""קירות""], ""פלטין"": [""פלטין""], ""מזוזות"": [""מזוזות""], ""עמוד"": [""עמוד""], ""עמודים"": [""עמודים""], ""קורות"": [""קורות""], ""דלתות"": [""דלתות""], ""סוכות"": [""סוכות""], ""חצר"": [""חצר""], ""אמות"": [""אמות""], ""ארונות"": [""ארונות""], ""חצרות"": [""חצרות""], ""רצפות"": [""רצפות""], ""מזבח"": [""מזבח""], ""אריחים"": [""אריחים""], ""גגות"": [""גגות""], ""בימה"": [""בימה""], ""בתי"": [""בתי""], ""אכסדרות"": [""אכסדרות""], ""מזבחות"": [""מזבחות""], ""גנות"": [""גנות""], ""עלי"": [""עלי""], ""דפנות"": [""דפנות""], ""עליות"": [""עליות""], ""ספינות"": [""ספינות""], ""רהיטים"": [""רהיטים""], ""רהיטין"": [""רהיטין""], ""פלטיא"": [""פלטיא""], ""אריחין"": [""אריחין""], ""פלטיו"": [""פלטיו""], ""אכסדרא"": [""אכסדרא""], ""אכסדראות"": [""אכסדראות""], ""קירותיו"": [""קירותיו""], ""קורותיו"": [""קורותיו""], ""פלטיאן"": [""פלטיאן""], ""גנותו"": [""גנותו""], ""דפנותיו"": [""דפנותיו""], ""סוכותו"": [""סוכותו""], ""דלתותיו"": [""דלתותיו""], ""בימהות"": [""בימהות""], ""פלטיוות"": [""פלטיוות""], ""בתיו"": [""בתיו""], ""עליותי"": [""עליותי""], ""ספינותו"": [""ספינותו""], ""פלטיוותי"": [""פלטיוותי""], ""בימהותי"": [""בימהותי""], ""בתיוון"": [""בתיוון""]}",פתח,0.06943,פתחים,0.062212,חלונות,0.047129,קירות,0.047123,פלטין,0.024487,מזוזות,0.022862,עמוד,0.01624,עמודים,0.014019,קורות,0.012883,דלתות,0.012696,סוכות,0.01191,חצר,0.011172,אמות,0.011172,ארונות,0.011044,חצרות,0.009348,רצפות,0.008953,מזבח,0.007912,אריחים,0.007786,גגות,0.006205,בימה,0.005373,בתי,0.004742,אכסדרות,0.004605,מזבחות,0.003943,גנות,0.003823,עלי,0.003512,דפנות,0.003492,עליות,0.003001,ספינות,0.002842,רהיטים,0.00227,רהיטין,0.001421,פלטיא,0.000875,אריחין,0.000659,פלטיו,0.000592,אכסדרא,0.000265,אכסדראות,0.000246,קירותיו,0.000124,קורותיו,6.2e-05,פלטיאן,6.1e-05,גנותו,3.2e-05,דפנותיו,2.9e-05,סוכותו,2.6e-05,דלתותיו,2.3e-05,בימהות,1.5e-05,פלטיוות,1e-05,בתיו,9e-06,עליותי,6e-06,ספינותו,4e-06,פלטיוותי,0.0,בימהותי,0.0,בתיוון,0.0,ADV,True,פשפשין,פשפש,True,False,True,True,True,True,True,7.0,26.0,-19.0,True,False
Midrash_Aggadic_Midrash_Midrash_Rabbah_Bereishit_Rabbah__1_1,bereishit_rabbah,122,כך,8.5266,0.8899,0.8774,0.7252,5,-1,False,"{""היא"": 1, ""היאך"": 1, ""וגו"": 1, ""ופונדקי"": 1, ""ופונדקאות"": 1}","{""היא"": [""היא""], ""היאך"": [""היאך""], ""וגו"": [""וגו""], ""ופונדקי"": [""ופונדקי""], ""ופונדקאות"": [""ופונדקאות""]}",היא,0.360742,היאך,0.360511,וגו,0.00386,ופונדקי,6.8e-05,ופונדקאות,5.6e-05,,,,,,,,,,,,,,,,,,,,,,,,,,,,,,,,,,,,,,,,,,,,,,,,,,,,,,,,,,,,,,,,,,,,,,,,,,,,,,,,,,,,,,,,,,,PROPN,False,כך,כך,False,True,False,True,True,True,False,,,,False,False
Midrash_Aggadic_Midrash_Midrash_Rabbah_Bereishit_Rabbah__1_1,bereishit_rabbah,123,היה,3.4106,0.7262,0.0,0.5517,50,1,True,"{""היה"": 1, ""הקדוש"": 1, ""הוא"": 1, ""אמר"": 1, ""מלך"": 1, ""אומר"": 1, ""אמן"": 1, ""התורה"": 1, ""אם"": 1, ""אני"": 1, ""אומרת"": 1, ""גם"": 1, ""האמן"": 1, ""כל"": 1, ""אמרו"": 1, ""אמון"": 1, ""שמע"": 1, ""ית"": 1, ""הקב"": 1, ""מנה"": 1, ""הוי"": 1, ""הקבה"": 1, ""האל"": 1, ""דכת"": 1, ""דכתיב"": 1, ""שבעולם"": 1, ""ה"": 1, ""מנהיג"": 1, ""דתימא"": 1, ""שמעתי"": 1, ""מלכות"": 1, ""מתרגם"": 1, ""היהודים"": 1, ""הקדושה"": 1, ""מלכותו"": 1, ""מנהיגת"": 1, ""האלקי"": 1, ""כללו"": 1, ""הקדושהברוך"": 1, ""אניהתרגום"": 1, ""הויה"": 1, ""דתימר"": 1, ""היהודין"": 1, ""הבונה"": 1, ""האלקיון"": 1, ""מנהיגתא"": 1, ""שמעתיהתרגום"": 1, ""הקדושהברך"": 1, ""אניהאם"": 1, ""שמעתיהאם"": 1}","{""היה"": [""היה""], ""הקדוש"": [""הקדוש""], ""הוא"": [""הוא""], ""אמר"": [""אמר""], ""מלך"": [""מלך""], ""אומר"": [""אומר""], ""אמן"": [""אמן""], ""התורה"": [""התורה""], ""אם"": [""אם""], ""אני"": [""אני""], ""אומרת"": [""אומרת""], ""גם"": [""גם""], ""האמן"": [""האמן""], ""כל"": [""כל""], ""אמרו"": [""אמרו""], ""אמון"": [""אמון""], ""שמע"": [""שמע""], ""ית"": [""ית""], ""הקב"": [""הקב""], ""מנה"": [""מנה""], ""הוי"": [""הוי""], ""הקבה"": [""הקבה""], ""האל"": [""האל""], ""דכת"": [""דכת""], ""דכתיב"": [""דכתיב""], ""שבעולם"": [""שבעולם""], ""ה"": [""ה""], ""מנהיג"": [""מנהיג""], ""דתימא"": [""דתימא""], ""שמעתי"": [""שמעתי""], ""מלכות"": [""מלכות""], ""מתרגם"": [""מתרגם""], ""היהודים"": [""היהודים""], ""הקדושה"": [""הקדושה""], ""מלכותו"": [""מלכותו""], ""מנהיגת"": [""מנהיגת""], ""האלקי"": [""האלקי""], ""כללו"": [""כללו""], ""הקדושהברוך"": [""הקדושהברוך""], ""אניהתרגום"": [""אניהתרגום""], ""הויה"": [""הויה""], ""דתימר"": [""דתימר""], ""היהודין"": [""היהודין""], ""הבונה"": [""הבונה""], ""האלקיון"": [""האלקיון""], ""מנהיגתא"": [""מנהיגתא""], ""שמעתיהתרגום"": [""שמעתיהתרגום""], ""הקדושהברך"": [""הקדושהברך""], ""אניהאם"": [""אניהאם""], ""שמעתיהאם"": [""שמעתיהאם""]}",היה,0.094039,הקדוש,0.071371,הוא,0.066683,אמר,0.064632,מלך,0.036068,אומר,0.03353,אמן,0.031994,התורה,0.021313,אם,0.018809,אני,0.01686,אומרת,0.016304,גם,0.014421,האמן,0.013207,כל,0.012529,אמרו,0.007115,אמון,0.005142,שמע,0.004313,ית,0.00344,הקב,0.002407,מנה,0.002257,הוי,0.002098,הקבה,0.001975,האל,0.001787,דכת,0.001682,דכתיב,0.001529,שבעולם,0.001094,ה,0.001072,מנהיג,0.000927,דתימא,0.000864,שמעתי,0.000776,מלכות,0.00063,מתרגם,0.000363,היהודים,0.000197,הקדושה,9.4e-05,מלכותו,6.7e-05,מנהיגת,2.6e-05,האלקי,1.7e-05,כללו,9e-06,הקדושהברוך,9e-06,אניהתרגום,4e-06,הויה,4e-06,דתימר,4e-06,היהודין,2e-06,הבונה,1e-06,האלקיון,1e-06,מנהיגתא,1e-06,שמעתיהתרגום,1e-06,הקדושהברך,0.0,אניהאם,0.0,שמעתיהאם,0.0,ADV,False,היה,היי,True,True,False,True,True,True,False,,,,False,False
Midrash_Aggadic_Midrash_Midrash_Rabbah_Bereishit_Rabbah__1_1,bereishit_rabbah,124,הקדוש,2.2117,0.5836,0.0,0.6504,44,1,True,"{""הקדוש"": 1, ""עושה"": 1, ""משה"": 1, ""אומר"": 1, ""רבי"": 1, ""אברהם"": 1, ""מלך"": 1, ""דוד"": 1, ""אמן"": 1, ""יודע"": 1, ""כל"": 1, ""הקב"": 1, ""הקבה"": 1, ""מנהיג"": 1, ""אמון"": 1, ""ר"": 1, ""עשו"": 1, ""מנהג"": 1, ""ה"": 1, ""עשה"": 1, ""הוי"": 1, ""אומרת"": 1, ""כנס"": 1, ""משמש"": 1, ""דניאל"": 1, ""משים"": 1, ""מנהגו"": 1, ""דודו"": 1, ""כלב"": 1, ""מלכות"": 1, ""עשויה"": 1, ""עושהו"": 1, ""הקדושה"": 1, ""מלכותו"": 1, ""מנהיגן"": 1, ""משמשו"": 1, ""הויה"": 1, ""יודעין"": 1, ""הקדושהברוך"": 1, ""כלבב"": 1, ""הויו"": 1, ""עשויהו"": 1, ""כלבבם"": 1, ""הקדושהברך"": 1}","{""הקדוש"": [""הקדוש""], ""עושה"": [""עושה""], ""משה"": [""משה""], ""אומר"": [""אומר""], ""רבי"": [""רבי""], ""אברהם"": [""אברהם""], ""מלך"": [""מלך""], ""דוד"": [""דוד""], ""אמן"": [""אמן""], ""יודע"": [""יודע""], ""כל"": [""כל""], ""הקב"": [""הקב""], ""הקבה"": [""הקבה""], ""מנהיג"": [""מנהיג""], ""אמון"": [""אמון""], ""ר"": [""ר""], ""עשו"": [""עשו""], ""מנהג"": [""מנהג""], ""ה"": [""ה""], ""עשה"": [""עשה""], ""הוי"": [""הוי""], ""אומרת"": [""אומרת""], ""כנס"": [""כנס""], ""משמש"": [""משמש""], ""דניאל"": [""דניאל""], ""משים"": [""משים""], ""מנהגו"": [""מנהגו""], ""דודו"": [""דודו""], ""כלב"": [""כלב""], ""מלכות"": [""מלכות""], ""עשויה"": [""עשויה""], ""עושהו"": [""עושהו""], ""הקדושה"": [""הקדושה""], ""מלכותו"": [""מלכותו""], ""מנהיגן"": [""מנהיגן""], ""משמשו"": [""משמשו""], ""הויה"": [""הויה""], ""יודעין"": [""יודעין""], ""הקדושהברוך"": [""הקדושהברוך""], ""כלבב"": [""כלבב""], ""הויו"": [""הויו""], ""עשויהו"": [""עשויהו""], ""כלבבם"": [""כלבבם""], ""הקדושהברך"": [""הקדושהברך""]}",הקדוש,0.215887,עושה,0.107879,משה,0.095203,אומר,0.032391,רבי,0.031223,אברהם,0.028142,מלך,0.023949,דוד,0.022493,אמן,0.022333,יודע,0.011194,כל,0.010682,הקב,0.007745,הקבה,0.006313,מנהיג,0.005091,אמון,0.004398,ר,0.004032,עשו,0.003561,מנהג,0.002751,ה,0.002682,עשה,0.002447,הוי,0.001705,אומרת,0.001661,כנס,0.001231,משמש,0.001226,דניאל,0.001081,משים,0.000843,מנהגו,0.0007,דודו,0.000459,כלב,0.000257,מלכות,0.00021,עשויה,0.000141,עושהו,0.000127,הקדושה,0.000119,מלכותו,6.5e-05,מנהיגן,5.4e-05,משמשו,3.6e-05,הויה,3.4e-05,יודעין,3e-05,הקדושהברוך,1.9e-05,כלבב,3e-06,הויו,1e-06,עשויהו,0.0,כלבבם,0.0,הקדושהברך,0.0,,,,,,,,,,,,,ADJ,True,הקדוש,קדוש,True,False,True,True,True,True,True,42.0,39.0,3.0,False,True
Midrash_Aggadic_Midrash_Midrash_Rabbah_Bereishit_Rabbah__1_1,bereishit_rabbah,125,ברוך,0.0044,0.0004,0.0,0.9975,5,1,True,"{""ברוך"": 1, ""ברכה"": 1, ""ברא"": 1, ""בריך"": 1, ""ברכהו"": 1}","{""ברוך"": [""ברוך""], ""ברכה"": [""ברכה""], ""ברא"": [""ברא""], ""בריך"": [""בריך""], ""ברכהו"": [""ברכהו""]}",ברוך,0.996958,ברכה,0.000238,ברא,0.000159,בריך,0.000142,ברכהו,2.2e-05,,,,,,,,,,,,,,,,,,,,,,,,,,,,,,,,,,,,,,,,,,,,,,,,,,,,,,,,,,,,,,,,,,,,,,,,,,,,,,,,,,,,,,,,,,,ADJ,False,ברוך,ברוך,True,False,True,True,True,True,True,55.0,55.0,0.0,False,False
Midrash_Aggadic_Midrash_Midrash_Rabbah_Bereishit_Rabbah__1_1,bereishit_rabbah,126,הוא,0.0042,0.0002,0.0,0.9974,5,1,True,"{""הוא"": 1, ""הוה"": 1, ""הוי"": 1, ""הויי"": 1, ""הוהו"": 1}","{""הוא"": [""הוא""], ""הוה"": [""הוה""], ""הוי"": [""הוי""], ""הויי"": [""הויי""], ""הוהו"": [""הוהו""]}",הוא,0.99711,הוה,0.00018,הוי,6.4e-05,הויי,0.0,הוהו,0.0,,,,,,,,,,,,,,,,,,,,,,,,,,,,,,,,,,,,,,,,,,,,,,,,,,,,,,,,,,,,,,,,,,,,,,,,,,,,,,,,,,,,,,,,,,,ADV,True,הוא,הוא,True,True,False,True,True,True,False,,,,False,False
Midrash_Aggadic_Midrash_Midrash_Rabbah_Bereishit_Rabbah__1_1,bereishit_rabbah,127,מביט,11.4079,0.8343,0.5243,0.6756,10,-1,False,"{""עושה"": 1, ""בונה"": 1, ""מנה"": 1, ""מנהיג"": 1, ""בנה"": 1, ""מדבר"": 1, ""עושהו"": 1, ""בנהו"": 1, ""עושהוהתרגום"": 1, ""עושהוהאם"": 1}","{""עושה"": [""עושה""], ""בונה"": [""בונה""], ""מנה"": [""מנה""], ""מנהיג"": [""מנהיג""], ""בנה"": [""בנה""], ""מדבר"": [""מדבר""], ""עושהו"": [""עושהו""], ""בנהו"": [""בנהו""], ""עושהוהתרגום"": [""עושהוהתרגום""], ""עושהוהאם"": [""עושהוהאם""]}",עושה,0.270401,בונה,0.260874,מנה,0.066921,מנהיג,0.058777,בנה,0.012787,מדבר,0.00558,עושהו,0.000216,בנהו,2.1e-05,עושהוהתרגום,0.0,עושהוהאם,0.0,,,,,,,,,,,,,,,,,,,,,,,,,,,,,,,,,,,,,,,,,,,,,,,,,,,,,,,,,,,,,,,,,,,,,,,,,,,,,,,,,ADV,True,מביט,מביט,True,False,True,True,True,True,True,13.0,20.0,-7.0,True,False
Midrash_Aggadic_Midrash_Midrash_Rabbah_Bereishit_Rabbah__1_1,bereishit_rabbah,128,בתורה,4.7219,0.7974,0.0,0.4483,50,2,True,"{""על"": 1, ""בתורה"": 1, ""בעולמו"": 1, ""בנהג"": 1, ""בעולם"": 1, ""באדם"": 1, ""בכל"": 1, ""במעשה"": 1, ""בי"": 1, ""בשבע"": 1, ""לעולם"": 1, ""בדבר"": 1, ""ורואה"": 1, ""מן"": 1, ""עלינו"": 1, ""לתורה"": 1, ""בשעה"": 1, ""לעת"": 1, ""ביוצר"": 1, ""באותות"": 1, ""בדברי"": 1, ""באברה"": 1, ""בחכמת"": 1, ""באברהם"": 1, ""בשבעה"": 1, ""בנביא"": 1, ""בסתר"": 1, ""באותם"": 1, ""לתלמיד"": 1, ""בתלמידיו"": 1, ""לתלמידיו"": 1, ""בעיניו"": 1, ""ומבין"": 1, ""בנביאים"": 1, ""בתלמידי"": 1, ""בנבואה"": 1, ""מנהג"": 1, ""בנהגו"": 1, ""בסדום"": 1, ""בחסיד"": 1, ""מנה"": 1, ""בחכמתו"": 1, ""בחסידיו"": 1, ""באותותי"": 1, ""ביוצרו"": 1, ""בסתרי"": 1, ""מנהר"": 1, ""מנהגי"": 1, ""מנהרין"": 1, ""באותותיון"": 1}","{""על"": [""על""], ""בתורה"": [""בתורה""], ""בעולמו"": [""בעולמו""], ""בנהג"": [""בנהג""], ""בעולם"": [""בעולם""], ""באדם"": [""באדם""], ""בכל"": [""בכל""], ""במעשה"": [""במעשה""], ""בי"": [""בי""], ""בשבע"": [""בשבע""], ""לעולם"": [""לעולם""], ""בדבר"": [""בדבר""], ""ורואה"": [""ורואה""], ""מן"": [""מן""], ""עלינו"": [""עלינו""], ""לתורה"": [""לתורה""], ""בשעה"": [""בשעה""], ""לעת"": [""לעת""], ""ביוצר"": [""ביוצר""], ""באותות"": [""באותות""], ""בדברי"": [""בדברי""], ""באברה"": [""באברה""], ""בחכמת"": [""בחכמת""], ""באברהם"": [""באברהם""], ""בשבעה"": [""בשבעה""], ""בנביא"": [""בנביא""], ""בסתר"": [""בסתר""], ""באותם"": [""באותם""], ""לתלמיד"": [""לתלמיד""], ""בתלמידיו"": [""בתלמידיו""], ""לתלמידיו"": [""לתלמידיו""], ""בעיניו"": [""בעיניו""], ""ומבין"": [""ומבין""], ""בנביאים"": [""בנביאים""], ""בתלמידי"": [""בתלמידי""], ""בנבואה"": [""בנבואה""], ""מנהג"": [""מנהג""], ""בנהגו"": [""בנהגו""], ""בסדום"": [""בסדום""], ""בחסיד"": [""בחסיד""], ""מנה"": [""מנה""], ""בחכמתו"": [""בחכמתו""], ""בחסידיו"": [""בחסידיו""], ""באותותי"": [""באותותי""], ""ביוצרו"": [""ביוצרו""], ""בסתרי"": [""בסתרי""], ""מנהר"": [""מנהר""], ""מנהגי"": [""מנהגי""], ""מנהרין"": [""מנהרין""], ""באותותיון"": [""באותותיון""]}",על,0.085843,בתורה,0.037894,בעולמו,0.036422,בנהג,0.034385,בעולם,0.03109,באדם,0.028294,בכל,0.024594,במעשה,0.02255,בי,0.019762,בשבע,0.014039,לעולם,0.012562,בדבר,0.010252,ורואה,0.00942,מן,0.008769,עלינו,0.007865,לתורה,0.007614,בשעה,0.004928,לעת,0.003669,ביוצר,0.003659,באותות,0.003345,בדברי,0.002859,באברה,0.002846,בחכמת,0.002833,באברהם,0.002811,בשבעה,0.00281,בנביא,0.002809,בסתר,0.002764,באותם,0.002646,לתלמיד,0.002631,בתלמידיו,0.002517,לתלמידיו,0.001646,בעיניו,0.001314,ומבין,0.001209,בנביאים,0.001198,בתלמידי,0.001189,בנבואה,0.00117,מנהג,0.000998,בנהגו,0.000797,בסדום,0.00079,בחסיד,0.000784,מנה,0.000753,בחכמתו,0.000722,בחסידיו,0.00037,באותותי,0.000347,ביוצרו,0.000216,בסתרי,0.000169,מנהר,0.000154,מנהגי,2.1e-05,מנהרין,1e-06,באותותיון,1e-06,DET,False,בתורה,תורה,False,False,False,True,True,True,False,,,,False,False
Midrash_Aggadic_Midrash_Midrash_Rabbah_Bereishit_Rabbah__1_1,bereishit_rabbah,129,ובורא,9.7362,0.8102,0.4208,0.3296,50,-1,False,"{""ואומר"": 1, ""של"": 1, ""ורואה"": 1, ""אומר"": 1, ""כל"": 1, ""והיה"": 1, ""מדעת"": 1, ""אומרת"": 1, ""ומלמד"": 1, ""שנאמר"": 1, ""שבעולם"": 1, ""ובונה"": 1, ""מביט"": 1, ""בנה"": 1, ""ואינו"": 1, ""בונה"": 1, ""שנא"": 1, ""שבעל"": 1, ""מדעתו"": 1, ""ומלמדנו"": 1, ""ומראה"": 1, ""ומוצא"": 1, ""שלשה"": 1, ""ובנה"": 1, ""ואומרת"": 1, ""מנהג"": 1, ""והייתי"": 1, ""בנהרות"": 1, ""מדת"": 1, ""והיינו"": 1, ""שנאמרת"": 1, ""שבעפ"": 1, ""מביטה"": 1, ""כלתה"": 1, ""ומראהו"": 1, ""מנהגה"": 1, ""בנהרותא"": 1, ""ובנהיגת"": 1, ""ובנהיגות"": 1, ""ואומרתנו"": 1, ""כלתהו"": 1, ""מדתניא"": 1, ""בונהו"": 1, ""ומוצאנו"": 1, ""ובנהיגותה"": 1, ""שבעם"": 1, ""מנהגהו"": 1, ""ובנהיגתא"": 1, ""ובנהיגותההתרגום"": 1, ""ובנהיגותההאם"": 1}","{""ואומר"": [""ואומר""], ""של"": [""של""], ""ורואה"": [""ורואה""], ""אומר"": [""אומר""], ""כל"": [""כל""], ""והיה"": [""והיה""], ""מדעת"": [""מדעת""], ""אומרת"": [""אומרת""], ""ומלמד"": [""ומלמד""], ""שנאמר"": [""שנאמר""], ""שבעולם"": [""שבעולם""], ""ובונה"": [""ובונה""], ""מביט"": [""מביט""], ""בנה"": [""בנה""], ""ואינו"": [""ואינו""], ""בונה"": [""בונה""], ""שנא"": [""שנא""], ""שבעל"": [""שבעל""], ""מדעתו"": [""מדעתו""], ""ומלמדנו"": [""ומלמדנו""], ""ומראה"": [""ומראה""], ""ומוצא"": [""ומוצא""], ""שלשה"": [""שלשה""], ""ובנה"": [""ובנה""], ""ואומרת"": [""ואומרת""], ""מנהג"": [""מנהג""], ""והייתי"": [""והייתי""], ""בנהרות"": [""בנהרות""], ""מדת"": [""מדת""], ""והיינו"": [""והיינו""], ""שנאמרת"": [""שנאמרת""], ""שבעפ"": [""שבעפ""], ""מביטה"": [""מביטה""], ""כלתה"": [""כלתה""], ""ומראהו"": [""ומראהו""], ""מנהגה"": [""מנהגה""], ""בנהרותא"": [""בנהרותא""], ""ובנהיגת"": [""ובנהיגת""], ""ובנהיגות"": [""ובנהיגות""], ""ואומרתנו"": [""ואומרתנו""], ""כלתהו"": [""כלתהו""], ""מדתניא"": [""מדתניא""], ""בונהו"": [""בונהו""], ""ומוצאנו"": [""ומוצאנו""], ""ובנהיגותה"": [""ובנהיגותה""], ""שבעם"": [""שבעם""], ""מנהגהו"": [""מנהגהו""], ""ובנהיגתא"": [""ובנהיגתא""], ""ובנהיגותההתרגום"": [""ובנהיגותההתרגום""], ""ובנהיגותההאם"": [""ובנהיגותההאם""]}",ואומר,0.066855,של,0.056922,ורואה,0.037642,אומר,0.024102,כל,0.01736,והיה,0.016819,מדעת,0.015346,אומרת,0.013455,ומלמד,0.011157,שנאמר,0.010077,שבעולם,0.009938,ובונה,0.007779,מביט,0.006763,בנה,0.005733,ואינו,0.004997,בונה,0.004261,שנא,0.002798,שבעל,0.002617,מדעתו,0.00256,ומלמדנו,0.001793,ומראה,0.001775,ומוצא,0.001449,שלשה,0.001347,ובנה,0.00131,ואומרת,0.001003,מנהג,0.00067,והייתי,0.000473,בנהרות,0.000443,מדת,0.000415,והיינו,0.000392,שנאמרת,0.000371,שבעפ,0.000371,מביטה,0.000207,כלתה,0.000186,ומראהו,7.5e-05,מנהגה,4.9e-05,בנהרותא,4.9e-05,ובנהיגת,1e-05,ובנהיגות,8e-06,ואומרתנו,7e-06,כלתהו,6e-06,מדתניא,4e-06,בונהו,4e-06,ומוצאנו,2e-06,ובנהיגותה,1e-06,שבעם,1e-06,מנהגהו,0.0,ובנהיגתא,0.0,ובנהיגותההתרגום,0.0,ובנהיגותההאם,0.0,ADV,True,ובורא,בורא,True,False,True,True,True,True,True,21.0,25.0,-4.0,True,False
Midrash_Aggadic_Midrash_Midrash_Rabbah_Bereishit_Rabbah__1_1,bereishit_rabbah,130,את,2.6595,0.6602,0.0,0.6511,20,1,True,"{""את"": 1, ""כל"": 1, ""העולם"": 1, ""אותה"": 1, ""שמים"": 1, ""עולמות"": 1, ""בה"": 1, ""עולמו"": 1, ""עולם"": 1, ""בינה"": 1, ""שבעולם"": 1, ""בריות"": 1, ""שבעה"": 1, ""אתו"": 1, ""כלו"": 1, ""עולמותהתרגום"": 1, ""בריותיו"": 1, ""כלוות"": 1, ""עולמותהאם"": 1, ""כלוותא"": 1}","{""את"": [""את""], ""כל"": [""כל""], ""העולם"": [""העולם""], ""אותה"": [""אותה""], ""שמים"": [""שמים""], ""עולמות"": [""עולמות""], ""בה"": [""בה""], ""עולמו"": [""עולמו""], ""עולם"": [""עולם""], ""בינה"": [""בינה""], ""שבעולם"": [""שבעולם""], ""בריות"": [""בריות""], ""שבעה"": [""שבעה""], ""אתו"": [""אתו""], ""כלו"": [""כלו""], ""עולמותהתרגום"": [""עולמותהתרגום""], ""בריותיו"": [""בריותיו""], ""כלוות"": [""כלוות""], ""עולמותהאם"": [""עולמותהאם""], ""כלוותא"": [""כלוותא""]}",את,0.158275,כל,0.153405,העולם,0.141876,אותה,0.083405,שמים,0.039522,עולמות,0.020494,בה,0.020122,עולמו,0.012048,עולם,0.008719,בינה,0.007607,שבעולם,0.00223,בריות,0.002112,שבעה,0.000771,אתו,0.000237,כלו,0.000205,עולמותהתרגום,6.8e-05,בריותיו,4.5e-05,כלוות,2e-06,עולמותהאם,0.0,כלוותא,0.0,,,,,,,,,,,,,,,,,,,,,,,,,,,,,,,,,,,,,,,,,,,,,,,,,,,,,,,,,,,,,PROPN,False,את,את,False,True,False,True,True,True,False,,,,False,False
Midrash_Aggadic_Midrash_Midrash_Rabbah_Bereishit_Rabbah__1_1,bereishit_rabbah,131,"העולם,",0.3614,0.0997,0.0,0.8748,5,1,True,"{""העולם"": 1, ""כל"": 1, ""הכל"": 1, ""עולמו"": 1, ""עולם"": 1}","{""העולם"": [""העולם""], ""כל"": [""כל""], ""הכל"": [""הכל""], ""עולמו"": [""עולמו""], ""עולם"": [""עולם""]}",העולם,0.778403,כל,0.053805,הכל,0.023141,עולמו,0.017903,עולם,0.001533,,,,,,,,,,,,,,,,,,,,,,,,,,,,,,,,,,,,,,,,,,,,,,,,,,,,,,,,,,,,,,,,,,,,,,,,,,,,,,,,,,,,,,,,,,,ADV,True,העולם,עולם,True,False,True,True,True,True,True,51.0,49.0,2.0,False,True
Midrash_Aggadic_Midrash_Midrash_Rabbah_Bereishit_Rabbah__1_1,bereishit_rabbah,132,והתורה,10.3325,0.8791,0.7437,0.3141,50,-1,False,"{""שנאמר"": 1, ""ואומר"": 1, ""אמן"": 1, ""על"": 1, ""אמר"": 1, ""כך"": 1, ""מה"": 1, ""מלך"": 1, ""הוא"": 1, ""שנא"": 1, ""וכל"": 1, ""רבי"": 1, ""ואמר"": 1, ""בנה"": 1, ""מאי"": 1, ""מביט"": 1, ""ובורא"": 1, ""דכת"": 1, ""דכתיב"": 1, ""ר"": 1, ""בורא"": 1, ""אמרו"": 1, ""והיה"": 1, ""אמון"": 1, ""ואומרת"": 1, ""שבעולם"": 1, ""ועושה"": 1, ""שאל"": 1, ""והיינו"": 1, ""דפתרא"": 1, ""דפתראות"": 1, ""בנהיג"": 1, ""הואיל"": 1, ""מלכות"": 1, ""ועושהו"": 1, ""מהו"": 1, ""והייתי"": 1, ""שבעת"": 1, ""ואמרנו"": 1, ""בנהיגת"": 1, ""עליה"": 1, ""מביטו"": 1, ""מלכותו"": 1, ""ואומרתנו"": 1, ""ועושין"": 1, ""בנהיגתא"": 1, ""שבעתים"": 1, ""מהוות"": 1, ""מהוותא"": 1, ""מביטוון"": 1}","{""שנאמר"": [""שנאמר""], ""ואומר"": [""ואומר""], ""אמן"": [""אמן""], ""על"": [""על""], ""אמר"": [""אמר""], ""כך"": [""כך""], ""מה"": [""מה""], ""מלך"": [""מלך""], ""הוא"": [""הוא""], ""שנא"": [""שנא""], ""וכל"": [""וכל""], ""רבי"": [""רבי""], ""ואמר"": [""ואמר""], ""בנה"": [""בנה""], ""מאי"": [""מאי""], ""מביט"": [""מביט""], ""ובורא"": [""ובורא""], ""דכת"": [""דכת""], ""דכתיב"": [""דכתיב""], ""ר"": [""ר""], ""בורא"": [""בורא""], ""אמרו"": [""אמרו""], ""והיה"": [""והיה""], ""אמון"": [""אמון""], ""ואומרת"": [""ואומרת""], ""שבעולם"": [""שבעולם""], ""ועושה"": [""ועושה""], ""שאל"": [""שאל""], ""והיינו"": [""והיינו""], ""דפתרא"": [""דפתרא""], ""דפתראות"": [""דפתראות""], ""בנהיג"": [""בנהיג""], ""הואיל"": [""הואיל""], ""מלכות"": [""מלכות""], ""ועושהו"": [""ועושהו""], ""מהו"": [""מהו""], ""והייתי"": [""והייתי""], ""שבעת"": [""שבעת""], ""ואמרנו"": [""ואמרנו""], ""בנהיגת"": [""בנהיגת""], ""עליה"": [""עליה""], ""מביטו"": [""מביטו""], ""מלכותו"": [""מלכותו""], ""ואומרתנו"": [""ואומרתנו""], ""ועושין"": [""ועושין""], ""בנהיגתא"": [""בנהיגתא""], ""שבעתים"": [""שבעתים""], ""מהוות"": [""מהוות""], ""מהוותא"": [""מהוותא""], ""מביטוון"": [""מביטוון""]}",שנאמר,0.048709,ואומר,0.026992,אמן,0.025563,על,0.024745,אמר,0.021498,כך,0.019271,מה,0.015485,מלך,0.015044,הוא,0.01388,שנא,0.012707,וכל,0.012442,רבי,0.01199,ואמר,0.007379,בנה,0.007043,מאי,0.005821,מביט,0.005137,ובורא,0.005024,דכת,0.00465,דכתיב,0.004327,ר,0.003832,בורא,0.003807,אמרו,0.002521,והיה,0.002426,אמון,0.002269,ואומרת,0.002258,שבעולם,0.001829,ועושה,0.001714,שאל,0.000969,והיינו,0.000835,דפתרא,0.000797,דפתראות,0.000752,בנהיג,0.000525,הואיל,0.000294,מלכות,0.00028,ועושהו,0.000252,מהו,0.000206,והייתי,0.000183,שבעת,0.00017,ואמרנו,0.000147,בנהיגת,0.000117,עליה,0.000107,מביטו,2.6e-05,מלכותו,2e-05,ואומרתנו,1.3e-05,ועושין,1.2e-05,בנהיגתא,2e-06,שבעתים,2e-06,מהוות,1e-06,מהוותא,0.0,מביטוון,0.0,NUM,False,והתורה,תורה,False,False,False,True,True,True,False,,,,False,False
Midrash_Aggadic_Midrash_Midrash_Rabbah_Bereishit_Rabbah__1_1,bereishit_rabbah,133,אמרה,5.7789,0.7744,0.413,0.6726,11,-1,False,"{""אומר"": 1, ""אומרת"": 1, ""היא"": 1, ""אינה"": 1, ""מביט"": 1, ""מביטה"": 1, ""מדבר"": 1, ""מדברת"": 1, ""היאך"": 1, ""מדברתהתרגום"": 1, ""מדברתהאם"": 1}","{""אומר"": [""אומר""], ""אומרת"": [""אומרת""], ""היא"": [""היא""], ""אינה"": [""אינה""], ""מביט"": [""מביט""], ""מביטה"": [""מביטה""], ""מדבר"": [""מדבר""], ""מדברת"": [""מדברת""], ""היאך"": [""היאך""], ""מדברתהתרגום"": [""מדברתהתרגום""], ""מדברתהאם"": [""מדברתהאם""]}",אומר,0.257052,אומרת,0.251393,היא,0.078397,אינה,0.042623,מביט,0.017827,מביטה,0.009283,מדבר,0.008964,מדברת,0.006383,היאך,0.000628,מדברתהתרגום,2e-06,מדברתהאם,0.0,,,,,,,,,,,,,,,,,,,,,,,,,,,,,,,,,,,,,,,,,,,,,,,,,,,,,,,,,,,,,,,,,,,,,,,,,,,,,,,NUM,True,אמרה,אמרה,False,False,False,True,True,True,False,,,,False,False
Midrash_Aggadic_Midrash_Midrash_Rabbah_Bereishit_Rabbah__1_1,bereishit_rabbah,134,בראשית,18.4599,0.9221,0.7978,0.6501,11,-1,False,"{""אני"": 1, ""לי"": 1, ""ליה"": 1, ""למשה"": 1, ""ליהושע"": 1, ""אניהתרגום"": 1, ""ליי"": 1, ""אניהאם"": 1, ""לייי"": 1, ""ליייי"": 1, ""לייייי"": 1}","{""אני"": [""אני""], ""לי"": [""לי""], ""ליה"": [""ליה""], ""למשה"": [""למשה""], ""ליהושע"": [""ליהושע""], ""אניהתרגום"": [""אניהתרגום""], ""ליי"": [""ליי""], ""אניהאם"": [""אניהאם""], ""לייי"": [""לייי""], ""ליייי"": [""ליייי""], ""לייייי"": [""לייייי""]}",אני,0.603458,לי,0.037391,ליה,0.005236,למשה,0.001854,ליהושע,0.001648,אניהתרגום,0.000459,ליי,2.1e-05,אניהאם,3e-06,לייי,0.0,ליייי,0.0,לייייי,0.0,,,,,,,,,,,,,,,,,,,,,,,,,,,,,,,,,,,,,,,,,,,,,,,,,,,,,,,,,,,,,,,,,,,,,,,,,,,,,,,AUX,False,בראשית,בראשית,False,False,False,True,True,True,False,,,,False,False
Midrash_Aggadic_Midrash_Midrash_Rabbah_Bereishit_Rabbah__1_1,bereishit_rabbah,135,ברא,1.6723,0.4631,-0.0,0.657,45,1,True,"{""ברא"": 1, ""היה"": 1, ""בראשית"": 1, ""אלה"": 1, ""בריא"": 1, ""אל"": 1, ""אני"": 1, ""וגו"": 1, ""חכמה"": 1, ""דבר"": 1, ""בריאת"": 1, ""הוא"": 1, ""בחכמה"": 1, ""בא"": 1, ""אמן"": 1, ""בריאה"": 1, ""ויהי"": 1, ""אלהים"": 1, ""ברוך"": 1, ""נברא"": 1, ""נא"": 1, ""אלקים"": 1, ""חק"": 1, ""בראאל"": 1, ""בריאתא"": 1, ""דברי"": 1, ""בחוק"": 1, ""הואיל"": 1, ""נאום"": 1, ""בינה"": 1, ""בחוקות"": 1, ""אדון"": 1, ""בראשי"": 1, ""בחוקותי"": 1, ""בראאלוק"": 1, ""חקק"": 1, ""נבראנו"": 1, ""חקקתי"": 1, ""בראאלוקה"": 1, ""בינהו"": 1, ""אניהתרגום"": 1, ""חקקתיו"": 1, ""בראאלוקהו"": 1, ""בינהוון"": 1, ""אניהאם"": 1}","{""ברא"": [""ברא""], ""היה"": [""היה""], ""בראשית"": [""בראשית""], ""אלה"": [""אלה""], ""בריא"": [""בריא""], ""אל"": [""אל""], ""אני"": [""אני""], ""וגו"": [""וגו""], ""חכמה"": [""חכמה""], ""דבר"": [""דבר""], ""בריאת"": [""בריאת""], ""הוא"": [""הוא""], ""בחכמה"": [""בחכמה""], ""בא"": [""בא""], ""אמן"": [""אמן""], ""בריאה"": [""בריאה""], ""ויהי"": [""ויהי""], ""אלהים"": [""אלהים""], ""ברוך"": [""ברוך""], ""נברא"": [""נברא""], ""נא"": [""נא""], ""אלקים"": [""אלקים""], ""חק"": [""חק""], ""בראאל"": [""בראאל""], ""בריאתא"": [""בריאתא""], ""דברי"": [""דברי""], ""בחוק"": [""בחוק""], ""הואיל"": [""הואיל""], ""נאום"": [""נאום""], ""בינה"": [""בינה""], ""בחוקות"": [""בחוקות""], ""אדון"": [""אדון""], ""בראשי"": [""בראשי""], ""בחוקותי"": [""בחוקותי""], ""בראאלוק"": [""בראאלוק""], ""חקק"": [""חקק""], ""נבראנו"": [""נבראנו""], ""חקקתי"": [""חקקתי""], ""בראאלוקה"": [""בראאלוקה""], ""בינהו"": [""בינהו""], ""אניהתרגום"": [""אניהתרגום""], ""חקקתיו"": [""חקקתיו""], ""בראאלוקהו"": [""בראאלוקהו""], ""בינהוון"": [""בינהוון""], ""אניהאם"": [""אניהאם""]}",ברא,0.313757,היה,0.054076,בראשית,0.041117,אלה,0.03179,בריא,0.020207,אל,0.018688,אני,0.017284,וגו,0.017044,חכמה,0.015764,דבר,0.015737,בריאת,0.015385,הוא,0.013461,בחכמה,0.012461,בא,0.011513,אמן,0.011063,בריאה,0.008356,ויהי,0.007948,אלהים,0.00629,ברוך,0.006019,נברא,0.005465,נא,0.003176,אלקים,0.001984,חק,0.001942,בראאל,0.00075,בריאתא,0.000729,דברי,0.000725,בחוק,0.000714,הואיל,0.000607,נאום,0.000552,בינה,0.000526,בחוקות,0.000468,אדון,0.00045,בראשי,0.000345,בחוקותי,0.00033,בראאלוק,0.000103,חקק,9e-05,נבראנו,4e-05,חקקתי,2e-05,בראאלוקה,1.4e-05,בינהו,8e-06,אניהתרגום,5e-06,חקקתיו,0.0,בראאלוקהו,0.0,בינהוון,0.0,אניהאם,0.0,,,,,,,,,,,SYM,True,ברא,ברא,False,False,False,True,True,True,False,,,,False,False
Midrash_Aggadic_Midrash_Midrash_Rabbah_Bereishit_Rabbah__1_1,bereishit_rabbah,136,אלהים.,3.7223,0.7567,0.0,0.7203,5,4,True,"{""את"": 1, ""אל"": 1, ""אלקים"": 1, ""אלהים"": 1, ""אתו"": 1}","{""את"": [""את""], ""אל"": [""אל""], ""אלקים"": [""אלקים""], ""אלהים"": [""אלהים""], ""אתו"": [""אתו""]}",את,0.251039,אל,0.243316,אלקים,0.149941,אלהים,0.075764,אתו,0.000217,,,,,,,,,,,,,,,,,,,,,,,,,,,,,,,,,,,,,,,,,,,,,,,,,,,,,,,,,,,,,,,,,,,,,,,,,,,,,,,,,,,,,,,,,,,ADV,True,אלהים,אלוהים,True,False,True,True,True,True,True,36.0,34.0,2.0,False,True
Midrash_Aggadic_Midrash_Midrash_Rabbah_Bereishit_Rabbah__1_1,bereishit_rabbah,137,ואין,9.1844,0.9076,0.7491,0.4052,50,-1,False,"{""את"": 1, ""וגו"": 1, ""הוא"": 1, ""ברא"": 1, ""אני"": 1, ""כך"": 1, ""כל"": 1, ""ואת"": 1, ""אמן"": 1, ""ואומר"": 1, ""ואמר"": 1, ""שמים"": 1, ""הוי"": 1, ""וברא"": 1, ""רבי"": 1, ""ואומרת"": 1, ""והיה"": 1, ""אמון"": 1, ""ית"": 1, ""והקב"": 1, ""שמע"": 1, ""והקבה"": 1, ""יי"": 1, ""רוח"": 1, ""הואיל"": 1, ""ואתה"": 1, ""בורא"": 1, ""היכן"": 1, ""ובראתי"": 1, ""ואמרתי"": 1, ""כלים"": 1, ""בראנו"": 1, ""אתא"": 1, ""שמעתי"": 1, ""היכא"": 1, ""רוחות"": 1, ""אניהתרגום"": 1, ""ובראתיו"": 1, ""בוראנו"": 1, ""ואמרתיו"": 1, ""ואתהך"": 1, ""שמעתיו"": 1, ""אתאלה"": 1, ""רוחותיו"": 1, ""אתאלהים"": 1, ""אניהאם"": 1, ""ובראתיוהתרגום"": 1, ""שמעתיוהתרגום"": 1, ""ובראתיוהאם"": 1, ""שמעתיוהאם"": 1}","{""את"": [""את""], ""וגו"": [""וגו""], ""הוא"": [""הוא""], ""ברא"": [""ברא""], ""אני"": [""אני""], ""כך"": [""כך""], ""כל"": [""כל""], ""ואת"": [""ואת""], ""אמן"": [""אמן""], ""ואומר"": [""ואומר""], ""ואמר"": [""ואמר""], ""שמים"": [""שמים""], ""הוי"": [""הוי""], ""וברא"": [""וברא""], ""רבי"": [""רבי""], ""ואומרת"": [""ואומרת""], ""והיה"": [""והיה""], ""אמון"": [""אמון""], ""ית"": [""ית""], ""והקב"": [""והקב""], ""שמע"": [""שמע""], ""והקבה"": [""והקבה""], ""יי"": [""יי""], ""רוח"": [""רוח""], ""הואיל"": [""הואיל""], ""ואתה"": [""ואתה""], ""בורא"": [""בורא""], ""היכן"": [""היכן""], ""ובראתי"": [""ובראתי""], ""ואמרתי"": [""ואמרתי""], ""כלים"": [""כלים""], ""בראנו"": [""בראנו""], ""אתא"": [""אתא""], ""שמעתי"": [""שמעתי""], ""היכא"": [""היכא""], ""רוחות"": [""רוחות""], ""אניהתרגום"": [""אניהתרגום""], ""ובראתיו"": [""ובראתיו""], ""בוראנו"": [""בוראנו""], ""ואמרתיו"": [""ואמרתיו""], ""ואתהך"": [""ואתהך""], ""שמעתיו"": [""שמעתיו""], ""אתאלה"": [""אתאלה""], ""רוחותיו"": [""רוחותיו""], ""אתאלהים"": [""אתאלהים""], ""אניהאם"": [""אניהאם""], ""ובראתיוהתרגום"": [""ובראתיוהתרגום""], ""שמעתיוהתרגום"": [""שמעתיוהתרגום""], ""ובראתיוהאם"": [""ובראתיוהאם""], ""שמעתיוהאם"": [""שמעתיוהאם""]}",את,0.136535,וגו,0.087402,הוא,0.027309,ברא,0.022942,אני,0.021268,כך,0.020614,כל,0.015805,ואת,0.013103,אמן,0.009815,ואומר,0.007132,ואמר,0.006806,שמים,0.005087,הוי,0.004443,וברא,0.00378,רבי,0.003623,ואומרת,0.002846,והיה,0.002362,אמון,0.002156,ית,0.001567,והקב,0.001411,שמע,0.001369,והקבה,0.001142,יי,0.001094,רוח,0.001071,הואיל,0.001045,ואתה,0.001026,בורא,0.001019,היכן,0.000656,ובראתי,0.000149,ואמרתי,0.000148,כלים,0.000142,בראנו,0.000102,אתא,9.2e-05,שמעתי,6.8e-05,היכא,6.4e-05,רוחות,3.2e-05,אניהתרגום,7e-06,ובראתיו,4e-06,בוראנו,4e-06,ואמרתיו,3e-06,ואתהך,1e-06,שמעתיו,1e-06,אתאלה,0.0,רוחותיו,0.0,אתאלהים,0.0,אניהאם,0.0,ובראתיוהתרגום,0.0,שמעתיוהתרגום,0.0,ובראתיוהאם,0.0,שמעתיוהאם,0.0,PROPN,True,ואין,אין,False,True,False,True,True,True,False,,,,False,False
Midrash_Aggadic_Midrash_Midrash_Rabbah_Bereishit_Rabbah__1_1,bereishit_rabbah,138,ראשית,6.3889,0.8789,-0.0,0.5497,50,15,True,"{""לו"": 1, ""אומר"": 1, ""ברא"": 1, ""הקדוש"": 1, ""יודע"": 1, ""מלך"": 1, ""צריך"": 1, ""אומרת"": 1, ""בורא"": 1, ""אדם"": 1, ""זה"": 1, ""לה"": 1, ""לך"": 1, ""ראש"": 1, ""ראשית"": 1, ""אחר"": 1, ""אלהים"": 1, ""שום"": 1, ""אמן"": 1, ""לשון"": 1, ""מביט"": 1, ""בראתה"": 1, ""יודעין"": 1, ""מלכות"": 1, ""מדבר"": 1, ""ראשיתו"": 1, ""אומרים"": 1, ""הוי"": 1, ""לשום"": 1, ""מביטין"": 1, ""שמים"": 1, ""הבדל"": 1, ""אלהי"": 1, ""מלכותו"": 1, ""מדברת"": 1, ""הקב"": 1, ""אומן"": 1, ""הקבה"": 1, ""הויה"": 1, ""הויו"": 1, ""בראתהו"": 1, ""להן"": 1, ""בוראנו"": 1, ""לוון"": 1, ""אומרתנו"": 1, ""אלהיון"": 1, ""בוראנוו"": 1, ""אומרתנוהתרגום"": 1, ""בוראנווים"": 1, ""אומרתנוהאם"": 1}","{""לו"": [""לו""], ""אומר"": [""אומר""], ""ברא"": [""ברא""], ""הקדוש"": [""הקדוש""], ""יודע"": [""יודע""], ""מלך"": [""מלך""], ""צריך"": [""צריך""], ""אומרת"": [""אומרת""], ""בורא"": [""בורא""], ""אדם"": [""אדם""], ""זה"": [""זה""], ""לה"": [""לה""], ""לך"": [""לך""], ""ראש"": [""ראש""], ""ראשית"": [""ראשית""], ""אחר"": [""אחר""], ""אלהים"": [""אלהים""], ""שום"": [""שום""], ""אמן"": [""אמן""], ""לשון"": [""לשון""], ""מביט"": [""מביט""], ""בראתה"": [""בראתה""], ""יודעין"": [""יודעין""], ""מלכות"": [""מלכות""], ""מדבר"": [""מדבר""], ""ראשיתו"": [""ראשיתו""], ""אומרים"": [""אומרים""], ""הוי"": [""הוי""], ""לשום"": [""לשום""], ""מביטין"": [""מביטין""], ""שמים"": [""שמים""], ""הבדל"": [""הבדל""], ""אלהי"": [""אלהי""], ""מלכותו"": [""מלכותו""], ""מדברת"": [""מדברת""], ""הקב"": [""הקב""], ""אומן"": [""אומן""], ""הקבה"": [""הקבה""], ""הויה"": [""הויה""], ""הויו"": [""הויו""], ""בראתהו"": [""בראתהו""], ""להן"": [""להן""], ""בוראנו"": [""בוראנו""], ""לוון"": [""לוון""], ""אומרתנו"": [""אומרתנו""], ""אלהיון"": [""אלהיון""], ""בוראנוו"": [""בוראנוו""], ""אומרתנוהתרגום"": [""אומרתנוהתרגום""], ""בוראנווים"": [""בוראנווים""], ""אומרתנוהאם"": [""אומרתנוהאם""]}",לו,0.075283,אומר,0.057722,ברא,0.050208,הקדוש,0.037674,יודע,0.030417,מלך,0.029977,צריך,0.029946,אומרת,0.027955,בורא,0.026257,אדם,0.021569,זה,0.020905,לה,0.016029,לך,0.016029,ראש,0.01229,ראשית,0.011933,אחר,0.010512,אלהים,0.00938,שום,0.009265,אמן,0.00879,לשון,0.008176,מביט,0.007569,בראתה,0.006248,יודעין,0.005786,מלכות,0.005375,מדבר,0.003155,ראשיתו,0.001545,אומרים,0.0015,הוי,0.001006,לשום,0.000992,מביטין,0.000914,שמים,0.000903,הבדל,0.000858,אלהי,0.000723,מלכותו,0.000588,מדברת,0.000456,הקב,0.000439,אומן,0.000423,הקבה,0.000372,הויה,0.00013,הויו,0.000113,בראתהו,9.8e-05,להן,9.6e-05,בוראנו,5.2e-05,לוון,1.9e-05,אומרתנו,1.6e-05,אלהיון,1e-06,בוראנוו,0.0,אומרתנוהתרגום,0.0,בוראנווים,0.0,אומרתנוהאם,0.0,ADV,False,ראשית,ראשית,True,False,True,True,True,True,True,31.0,9.0,22.0,False,True
Midrash_Aggadic_Midrash_Midrash_Rabbah_Bereishit_Rabbah__1_1,bereishit_rabbah,139,אלא,0.9743,0.204,0.0,0.6544,25,1,True,"{""אלא"": 1, ""ברא"": 1, ""בורא"": 1, ""בראש"": 1, ""בראשית"": 1, ""מן"": 1, ""בעולם"": 1, ""בראתה"": 1, ""מברא"": 1, ""בראשיתו"": 1, ""מבורא"": 1, ""נודעת"": 1, ""נבראת"": 1, ""מבראש"": 1, ""נברא"": 1, ""בוראנו"": 1, ""בראתהו"": 1, ""מבראשית"": 1, ""מבוראנו"": 1, ""מבראשיתא"": 1, ""נבראתת"": 1, ""נבראתתת"": 1, ""נבראתתתת"": 1, ""נבראתתתתת"": 1, ""נבראתתתתתת"": 1}","{""אלא"": [""אלא""], ""ברא"": [""ברא""], ""בורא"": [""בורא""], ""בראש"": [""בראש""], ""בראשית"": [""בראשית""], ""מן"": [""מן""], ""בעולם"": [""בעולם""], ""בראתה"": [""בראתה""], ""מברא"": [""מברא""], ""בראשיתו"": [""בראשיתו""], ""מבורא"": [""מבורא""], ""נודעת"": [""נודעת""], ""נבראת"": [""נבראת""], ""מבראש"": [""מבראש""], ""נברא"": [""נברא""], ""בוראנו"": [""בוראנו""], ""בראתהו"": [""בראתהו""], ""מבראשית"": [""מבראשית""], ""מבוראנו"": [""מבוראנו""], ""מבראשיתא"": [""מבראשיתא""], ""נבראתת"": [""נבראתת""], ""נבראתתת"": [""נבראתתת""], ""נבראתתתת"": [""נבראתתתת""], ""נבראתתתתת"": [""נבראתתתתת""], ""נבראתתתתתת"": [""נבראתתתתתת""]}",אלא,0.509002,ברא,0.045538,בורא,0.02923,בראש,0.019129,בראשית,0.017366,מן,0.011785,בעולם,0.007609,בראתה,0.004819,מברא,0.0046,בראשיתו,0.001599,מבורא,0.001394,נודעת,0.000978,נבראת,0.00052,מבראש,0.000332,נברא,0.000169,בוראנו,0.000157,בראתהו,0.000152,מבראשית,4.8e-05,מבוראנו,1.1e-05,מבראשיתא,1e-06,נבראתת,1e-06,נבראתתת,0.0,נבראתתתת,0.0,נבראתתתתת,0.0,נבראתתתתתת,0.0,,,,,,,,,,,,,,,,,,,,,,,,,,,,,,,,,,,,,,,,,,,,,,,,,,,PROPN,False,אלא,אלא,False,False,False,True,True,True,False,,,,False,False
Midrash_Aggadic_Midrash_Midrash_Rabbah_Bereishit_Rabbah__1_1,bereishit_rabbah,140,"תורה,",1.5457,0.2917,0.0,0.5057,50,1,True,"{""תורה"": 1, ""אמן"": 1, ""דבר"": 1, ""חכמה"": 1, ""אמנות"": 1, ""דעת"": 1, ""דפתרא"": 1, ""דפתראות"": 1, ""בור"": 1, ""בינה"": 1, ""בורא"": 1, ""תחלה"": 1, ""הנהג"": 1, ""עמל"": 1, ""תולדות"": 1, ""מילה"": 1, ""שכר"": 1, ""שורש"": 1, ""מים"": 1, ""אמנותו"": 1, ""יסוד"": 1, ""ערות"": 1, ""דעתו"": 1, ""הוי"": 1, ""דברי"": 1, ""חידוש"": 1, ""עמלק"": 1, ""הנהגה"": 1, ""דיבור"": 1, ""שכרון"": 1, ""דפתא"": 1, ""הויה"": 1, ""ערותו"": 1, ""הויו"": 1, ""חידושא"": 1, ""בוראנו"": 1, ""חידושי"": 1, ""תולדותי"": 1, ""תחלההתרגום"": 1, ""מילההתרגום"": 1, ""אמנותוהתרגום"": 1, ""דעתוהתרגום"": 1, ""הויוהתרגום"": 1, ""חידושאהתרגום"": 1, ""תחלההאם"": 1, ""מילההאם"": 1, ""אמנותוהאם"": 1, ""דעתוהאם"": 1, ""הויוהאם"": 1, ""חידושאהאם"": 1}","{""תורה"": [""תורה""], ""אמן"": [""אמן""], ""דבר"": [""דבר""], ""חכמה"": [""חכמה""], ""אמנות"": [""אמנות""], ""דעת"": [""דעת""], ""דפתרא"": [""דפתרא""], ""דפתראות"": [""דפתראות""], ""בור"": [""בור""], ""בינה"": [""בינה""], ""בורא"": [""בורא""], ""תחלה"": [""תחלה""], ""הנהג"": [""הנהג""], ""עמל"": [""עמל""], ""תולדות"": [""תולדות""], ""מילה"": [""מילה""], ""שכר"": [""שכר""], ""שורש"": [""שורש""], ""מים"": [""מים""], ""אמנותו"": [""אמנותו""], ""יסוד"": [""יסוד""], ""ערות"": [""ערות""], ""דעתו"": [""דעתו""], ""הוי"": [""הוי""], ""דברי"": [""דברי""], ""חידוש"": [""חידוש""], ""עמלק"": [""עמלק""], ""הנהגה"": [""הנהגה""], ""דיבור"": [""דיבור""], ""שכרון"": [""שכרון""], ""דפתא"": [""דפתא""], ""הויה"": [""הויה""], ""ערותו"": [""ערותו""], ""הויו"": [""הויו""], ""חידושא"": [""חידושא""], ""בוראנו"": [""בוראנו""], ""חידושי"": [""חידושי""], ""תולדותי"": [""תולדותי""], ""תחלההתרגום"": [""תחלההתרגום""], ""מילההתרגום"": [""מילההתרגום""], ""אמנותוהתרגום"": [""אמנותוהתרגום""], ""דעתוהתרגום"": [""דעתוהתרגום""], ""הויוהתרגום"": [""הויוהתרגום""], ""חידושאהתרגום"": [""חידושאהתרגום""], ""תחלההאם"": [""תחלההאם""], ""מילההאם"": [""מילההאם""], ""אמנותוהאם"": [""אמנותוהאם""], ""דעתוהאם"": [""דעתוהאם""], ""הויוהאם"": [""הויוהאם""], ""חידושאהאם"": [""חידושאהאם""]}",תורה,0.342529,אמן,0.050386,דבר,0.021558,חכמה,0.017327,אמנות,0.016104,דעת,0.013281,דפתרא,0.005124,דפתראות,0.004587,בור,0.004302,בינה,0.003457,בורא,0.003031,תחלה,0.002917,הנהג,0.001788,עמל,0.001728,תולדות,0.001727,מילה,0.001709,שכר,0.001651,שורש,0.001529,מים,0.001485,אמנותו,0.00147,יסוד,0.001264,ערות,0.001,דעתו,0.000947,הוי,0.000942,דברי,0.000928,חידוש,0.000722,עמלק,0.00061,הנהגה,0.000587,דיבור,0.000397,שכרון,0.000273,דפתא,7.5e-05,הויה,6.4e-05,ערותו,3.6e-05,הויו,3.1e-05,חידושא,2.5e-05,בוראנו,2.2e-05,חידושי,1.7e-05,תולדותי,1.5e-05,תחלההתרגום,3e-06,מילההתרגום,3e-06,אמנותוהתרגום,1e-06,דעתוהתרגום,0.0,הויוהתרגום,0.0,חידושאהתרגום,0.0,תחלההאם,0.0,מילההאם,0.0,אמנותוהאם,0.0,דעתוהאם,0.0,הויוהאם,0.0,חידושאהאם,0.0,NUM,False,תורה,תורה,False,False,False,True,True,True,False,,,,False,False
Midrash_Aggadic_Midrash_Midrash_Rabbah_Bereishit_Rabbah__1_1,bereishit_rabbah,141,היאך,10.5806,0.8494,0.8158,0.6864,5,-1,False,"{""שנאמר"": 1, ""שנא"": 1, ""כמא"": 1, ""שנאמרו"": 1, ""כמאמר"": 1}","{""שנאמר"": [""שנאמר""], ""שנא"": [""שנא""], ""כמא"": [""כמא""], ""שנאמרו"": [""שנאמרו""], ""כמאמר"": [""כמאמר""]}",שנאמר,0.487223,שנא,0.179239,כמא,0.016767,שנאמרו,0.002924,כמאמר,0.000209,,,,,,,,,,,,,,,,,,,,,,,,,,,,,,,,,,,,,,,,,,,,,,,,,,,,,,,,,,,,,,,,,,,,,,,,,,,,,,,,,,,,,,,,,,,PROPN,False,היאך,היאך,False,False,False,True,True,True,False,,,,False,False
Midrash_Aggadic_Midrash_Midrash_Rabbah_Bereishit_Rabbah__1_1,bereishit_rabbah,142,מה,9.6658,0.8823,0.8194,0.6556,21,-1,False,"{""הוא"": 1, ""ברא"": 1, ""היה"": 1, ""היא"": 1, ""אמר"": 1, ""הקדוש"": 1, ""אתה"": 1, ""אמרה"": 1, ""בורא"": 1, ""מברא"": 1, ""מביט"": 1, ""הקב"": 1, ""הקבה"": 1, ""בראם"": 1, ""היאך"": 1, ""מברין"": 1, ""מבראש"": 1, ""הקדושה"": 1, ""בוראין"": 1, ""מבראשונה"": 1, ""הקדושהו"": 1}","{""הוא"": [""הוא""], ""ברא"": [""ברא""], ""היה"": [""היה""], ""היא"": [""היא""], ""אמר"": [""אמר""], ""הקדוש"": [""הקדוש""], ""אתה"": [""אתה""], ""אמרה"": [""אמרה""], ""בורא"": [""בורא""], ""מברא"": [""מברא""], ""מביט"": [""מביט""], ""הקב"": [""הקב""], ""הקבה"": [""הקבה""], ""בראם"": [""בראם""], ""היאך"": [""היאך""], ""מברין"": [""מברין""], ""מבראש"": [""מבראש""], ""הקדושה"": [""הקדושה""], ""בוראין"": [""בוראין""], ""מבראשונה"": [""מבראשונה""], ""הקדושהו"": [""הקדושהו""]}",הוא,0.336067,ברא,0.086498,היה,0.072679,היא,0.044777,אמר,0.035421,הקדוש,0.028627,אתה,0.019561,אמרה,0.012915,בורא,0.007178,מברא,0.003843,מביט,0.002808,הקב,0.001521,הקבה,0.00123,בראם,0.0011,היאך,0.000795,מברין,0.00052,מבראש,1.8e-05,הקדושה,1.3e-05,בוראין,9e-06,מבראשונה,5e-06,הקדושהו,0.0,,,,,,,,,,,,,,,,,,,,,,,,,,,,,,,,,,,,,,,,,,,,,,,,,,,,,,,,,,,PROPN,False,מה,מה,False,True,False,True,True,True,False,,,,False,False
Midrash_Aggadic_Midrash_Midrash_Rabbah_Bereishit_Rabbah__1_1,bereishit_rabbah,143,דאת,1.0038,0.2004,0.0,0.7534,5,1,True,"{""דאת"": 1, ""דתימא"": 1, ""אמר"": 1, ""דתאמר"": 1, ""דתימר"": 1}","{""דאת"": [""דאת""], ""דתימא"": [""דתימא""], ""אמר"": [""אמר""], ""דתאמר"": [""דתאמר""], ""דתימר"": [""דתימר""]}",דאת,0.498672,דתימא,0.209931,אמר,0.027842,דתאמר,0.012553,דתימר,0.004357,,,,,,,,,,,,,,,,,,,,,,,,,,,,,,,,,,,,,,,,,,,,,,,,,,,,,,,,,,,,,,,,,,,,,,,,,,,,,,,,,,,,,,,,,,,ADV,True,דאת,דאת,True,False,True,True,True,True,True,47.0,47.0,0.0,False,False
Midrash_Aggadic_Midrash_Midrash_Rabbah_Bereishit_Rabbah__1_1,bereishit_rabbah,144,אמר,0.0442,0.0076,0.0,0.985,5,1,True,"{""אמר"": 1, ""אמרת"": 1, ""אומר"": 1, ""אמרתא"": 1, ""אומרת"": 1}","{""אמר"": [""אמר""], ""אמרת"": [""אמרת""], ""אומר"": [""אומר""], ""אמרתא"": [""אמרתא""], ""אומרת"": [""אומרת""]}",אמר,0.969838,אמרת,0.00883,אומר,0.005503,אמרתא,0.000509,אומרת,0.000286,,,,,,,,,,,,,,,,,,,,,,,,,,,,,,,,,,,,,,,,,,,,,,,,,,,,,,,,,,,,,,,,,,,,,,,,,,,,,,,,,,,,,,,,,,,AUX,True,אמר,אמר,False,False,False,True,True,True,False,,,,False,False
Midrash_Aggadic_Midrash_Midrash_Rabbah_Bereishit_Rabbah__1_1,bereishit_rabbah,145,:,7.5397,1.1349,0.6504,0.0639,50,-1,False,"{""ראשית"": 1, ""אמן"": 1, ""ויהי"": 1, ""בראשית"": 1, ""אשר"": 1, ""כאשר"": 1, ""וראשית"": 1, ""אמון"": 1, ""אין"": 1, ""כי"": 1, ""רבי"": 1, ""והיה"": 1, ""ברא"": 1, ""אשרי"": 1, ""ר"": 1, ""טעם"": 1, ""באברה"": 1, ""באברהם"": 1, ""יי"": 1, ""התרגום"": 1, ""והנה"": 1, ""בורא"": 1, ""טעמא"": 1, ""The"": 1, ""באחרית"": 1, ""בראתי"": 1, ""מרא"": 1, ""יברא"": 1, ""בראשי"": 1, ""מברא"": 1, ""מראות"": 1, ""ראשיתי"": 1, ""כיון"": 1, ""יברכך"": 1, ""טעמו"": 1, ""ראשיתו"": 1, ""בראשיתו"": 1, ""מבראשית"": 1, ""וראשיתו"": 1, ""בראתיו"": 1, ""באחריתו"": 1, ""והנהו"": 1, ""האם"": 1, ""בוראנו"": 1, ""יבראנו"": 1, ""מראותי"": 1, ""ראשיתיון"": 1, ""באחריתוון"": 1, ""בראתיוון"": 1, ""מראותיון"": 1}","{""ראשית"": [""ראשית""], ""אמן"": [""אמן""], ""ויהי"": [""ויהי""], ""בראשית"": [""בראשית""], ""אשר"": [""אשר""], ""כאשר"": [""כאשר""], ""וראשית"": [""וראשית""], ""אמון"": [""אמון""], ""אין"": [""אין""], ""כי"": [""כי""], ""רבי"": [""רבי""], ""והיה"": [""והיה""], ""ברא"": [""ברא""], ""אשרי"": [""אשרי""], ""ר"": [""ר""], ""טעם"": [""טעם""], ""באברה"": [""באברה""], ""באברהם"": [""באברהם""], ""יי"": [""יי""], ""התרגום"": [""התרגום""], ""והנה"": [""והנה""], ""בורא"": [""בורא""], ""טעמא"": [""טעמא""], ""The"": [""The""], ""באחרית"": [""באחרית""], ""בראתי"": [""בראתי""], ""מרא"": [""מרא""], ""יברא"": [""יברא""], ""בראשי"": [""בראשי""], ""מברא"": [""מברא""], ""מראות"": [""מראות""], ""ראשיתי"": [""ראשיתי""], ""כיון"": [""כיון""], ""יברכך"": [""יברכך""], ""טעמו"": [""טעמו""], ""ראשיתו"": [""ראשיתו""], ""בראשיתו"": [""בראשיתו""], ""מבראשית"": [""מבראשית""], ""וראשיתו"": [""וראשיתו""], ""בראתיו"": [""בראתיו""], ""באחריתו"": [""באחריתו""], ""והנהו"": [""והנהו""], ""האם"": [""האם""], ""בוראנו"": [""בוראנו""], ""יבראנו"": [""יבראנו""], ""מראותי"": [""מראותי""], ""ראשיתיון"": [""ראשיתיון""], ""באחריתוון"": [""באחריתוון""], ""בראתיוון"": [""בראתיוון""], ""מראותיון"": [""מראותיון""]}",ראשית,0.008067,אמן,0.006922,ויהי,0.00685,בראשית,0.006295,אשר,0.006283,כאשר,0.00497,וראשית,0.003778,אמון,0.00312,אין,0.00311,כי,0.003015,רבי,0.002859,והיה,0.002309,ברא,0.00128,אשרי,0.000694,ר,0.000581,טעם,0.000476,באברה,0.00031,באברהם,0.000307,יי,0.000277,התרגום,0.000254,והנה,0.000247,בורא,0.000245,טעמא,0.000239,The,0.000208,באחרית,0.000157,בראתי,0.000145,מרא,0.000133,יברא,0.000117,בראשי,0.0001,מברא,7.7e-05,מראות,7.5e-05,ראשיתי,7.3e-05,כיון,7.2e-05,יברכך,6.6e-05,טעמו,6.3e-05,ראשיתו,5.4e-05,בראשיתו,3.6e-05,מבראשית,2.4e-05,וראשיתו,1.3e-05,בראתיו,6e-06,באחריתו,5e-06,והנהו,2e-06,האם,2e-06,בוראנו,1e-06,יבראנו,1e-06,מראותי,1e-06,ראשיתיון,0.0,באחריתוון,0.0,בראתיוון,0.0,מראותיון,0.0,X,False,,,False,False,False,False,True,True,False,,,,False,False
Midrash_Aggadic_Midrash_Midrash_Rabbah_Bereishit_Rabbah__1_1,bereishit_rabbah,146,ה',6.2194,0.8987,0.3225,0.3281,50,-1,False,"{""ראשית"": 1, ""בראש"": 1, ""בראשית"": 1, ""ויהי"": 1, ""כי"": 1, ""ויאמר"": 1, ""ברא"": 1, ""והיה"": 1, ""אלהים"": 1, ""אמן"": 1, ""הוי"": 1, ""האמנים"": 1, ""אלהי"": 1, ""שמע"": 1, ""האמן"": 1, ""ואלה"": 1, ""ואמר"": 1, ""בראתי"": 1, ""שור"": 1, ""והנה"": 1, ""כיון"": 1, ""התחיל"": 1, ""מים"": 1, ""מרא"": 1, ""אמת"": 1, ""בורא"": 1, ""התחילו"": 1, ""בראשיתו"": 1, ""ראשיתי"": 1, ""מראות"": 1, ""ראשיתנו"": 1, ""שורש"": 1, ""ואלהים"": 1, ""ואמרתי"": 1, ""בראתיו"": 1, ""שמעת"": 1, ""והנהו"": 1, ""שמעתת"": 1, ""שמעתתא"": 1, ""מראותי"": 1, ""אמתו"": 1, ""בוראנו"": 1, ""האמניים"": 1, ""ואמרתיו"": 1, ""שורשא"": 1, ""ראשיתיון"": 1, ""והנהוון"": 1, ""אמתוות"": 1, ""מראותיון"": 1, ""אמתוותא"": 1}","{""ראשית"": [""ראשית""], ""בראש"": [""בראש""], ""בראשית"": [""בראשית""], ""ויהי"": [""ויהי""], ""כי"": [""כי""], ""ויאמר"": [""ויאמר""], ""ברא"": [""ברא""], ""והיה"": [""והיה""], ""אלהים"": [""אלהים""], ""אמן"": [""אמן""], ""הוי"": [""הוי""], ""האמנים"": [""האמנים""], ""אלהי"": [""אלהי""], ""שמע"": [""שמע""], ""האמן"": [""האמן""], ""ואלה"": [""ואלה""], ""ואמר"": [""ואמר""], ""בראתי"": [""בראתי""], ""שור"": [""שור""], ""והנה"": [""והנה""], ""כיון"": [""כיון""], ""התחיל"": [""התחיל""], ""מים"": [""מים""], ""מרא"": [""מרא""], ""אמת"": [""אמת""], ""בורא"": [""בורא""], ""התחילו"": [""התחילו""], ""בראשיתו"": [""בראשיתו""], ""ראשיתי"": [""ראשיתי""], ""מראות"": [""מראות""], ""ראשיתנו"": [""ראשיתנו""], ""שורש"": [""שורש""], ""ואלהים"": [""ואלהים""], ""ואמרתי"": [""ואמרתי""], ""בראתיו"": [""בראתיו""], ""שמעת"": [""שמעת""], ""והנהו"": [""והנהו""], ""שמעתת"": [""שמעתת""], ""שמעתתא"": [""שמעתתא""], ""מראותי"": [""מראותי""], ""אמתו"": [""אמתו""], ""בוראנו"": [""בוראנו""], ""האמניים"": [""האמניים""], ""ואמרתיו"": [""ואמרתיו""], ""שורשא"": [""שורשא""], ""ראשיתיון"": [""ראשיתיון""], ""והנהוון"": [""והנהוון""], ""אמתוות"": [""אמתוות""], ""מראותיון"": [""מראותיון""], ""אמתוותא"": [""אמתוותא""]}",ראשית,0.077427,בראש,0.064025,בראשית,0.060414,ויהי,0.029094,כי,0.021446,ויאמר,0.014746,ברא,0.011454,והיה,0.007509,אלהים,0.00552,אמן,0.00543,הוי,0.003585,האמנים,0.003205,אלהי,0.003195,שמע,0.002982,האמן,0.002366,ואלה,0.002166,ואמר,0.002133,בראתי,0.001364,שור,0.001323,והנה,0.001226,כיון,0.001021,התחיל,0.000825,מים,0.00075,מרא,0.000672,אמת,0.000629,בורא,0.000615,התחילו,0.000461,בראשיתו,0.000448,ראשיתי,0.000446,מראות,0.000419,ראשיתנו,0.00032,שורש,0.000253,ואלהים,0.00019,ואמרתי,0.000143,בראתיו,0.000104,שמעת,9.6e-05,והנהו,1.3e-05,שמעתת,1.2e-05,שמעתתא,1.1e-05,מראותי,5e-06,אמתו,5e-06,בוראנו,5e-06,האמניים,4e-06,ואמרתיו,1e-06,שורשא,1e-06,ראשיתיון,1e-06,והנהוון,0.0,אמתוות,0.0,מראותיון,0.0,אמתוותא,0.0,PROPN,True,ה,ה,False,False,False,True,True,True,False,,,,False,False
Midrash_Aggadic_Midrash_Midrash_Rabbah_Bereishit_Rabbah__1_1,bereishit_rabbah,147,קנני,16.9178,0.8942,0.7333,0.6541,35,-1,False,"{""ראש"": 1, ""ראשית"": 1, ""בראש"": 1, ""בראשית"": 1, ""י"": 1, ""ב"": 1, ""בר"": 1, ""ש"": 1, ""מ"": 1, ""דבר"": 1, ""ברא"": 1, ""ת"": 1, ""אמן"": 1, ""ברוך"": 1, ""שמים"": 1, ""יהי"": 1, ""יי"": 1, ""אמנים"": 1, ""יהו"": 1, ""בראתי"": 1, ""מים"": 1, ""ראשיתו"": 1, ""דברי"": 1, ""אמונ"": 1, ""בראשיתו"": 1, ""אמונת"": 1, ""ייי"": 1, ""יהוידע"": 1, ""בראתיו"": 1, ""אמונתך"": 1, ""ייה"": 1, ""יהוידעו"": 1, ""בראשיתוהתרגום"": 1, ""יהוידעוון"": 1, ""בראשיתוהאם"": 1}","{""ראש"": [""ראש""], ""ראשית"": [""ראשית""], ""בראש"": [""בראש""], ""בראשית"": [""בראשית""], ""י"": [""י""], ""ב"": [""ב""], ""בר"": [""בר""], ""ש"": [""ש""], ""מ"": [""מ""], ""דבר"": [""דבר""], ""ברא"": [""ברא""], ""ת"": [""ת""], ""אמן"": [""אמן""], ""ברוך"": [""ברוך""], ""שמים"": [""שמים""], ""יהי"": [""יהי""], ""יי"": [""יי""], ""אמנים"": [""אמנים""], ""יהו"": [""יהו""], ""בראתי"": [""בראתי""], ""מים"": [""מים""], ""ראשיתו"": [""ראשיתו""], ""דברי"": [""דברי""], ""אמונ"": [""אמונ""], ""בראשיתו"": [""בראשיתו""], ""אמונת"": [""אמונת""], ""ייי"": [""ייי""], ""יהוידע"": [""יהוידע""], ""בראתיו"": [""בראתיו""], ""אמונתך"": [""אמונתך""], ""ייה"": [""ייה""], ""יהוידעו"": [""יהוידעו""], ""בראשיתוהתרגום"": [""בראשיתוהתרגום""], ""יהוידעוון"": [""יהוידעוון""], ""בראשיתוהאם"": [""בראשיתוהאם""]}",ראש,0.181001,ראשית,0.160658,בראש,0.043669,בראשית,0.042816,י,0.032963,ב,0.030486,בר,0.026486,ש,0.022655,מ,0.016575,דבר,0.016575,ברא,0.016384,ת,0.016065,אמן,0.010575,ברוך,0.009371,שמים,0.005988,יהי,0.005757,יי,0.003996,אמנים,0.003375,יהו,0.002987,בראתי,0.001488,מים,0.00142,ראשיתו,0.001114,דברי,0.000669,אמונ,0.000339,בראשיתו,0.000287,אמונת,0.000173,ייי,0.000106,יהוידע,6.4e-05,בראתיו,6e-05,אמונתך,1.7e-05,ייה,1.5e-05,יהוידעו,3e-06,בראשיתוהתרגום,0.0,יהוידעוון,0.0,בראשיתוהאם,0.0,,,,,,,,,,,,,,,,,,,,,,,,,,,,,,,SYM,True,קנני,[BLANK],False,False,False,True,True,True,False,,,,False,False
Midrash_Aggadic_Midrash_Midrash_Rabbah_Bereishit_Rabbah__1_1,bereishit_rabbah,148,ראשית,4.815,0.7637,-0.0,0.6522,42,8,True,"{""על"": 1, ""ה"": 1, ""בראש"": 1, ""ביד"": 1, ""יד"": 1, ""ראש"": 1, ""בידו"": 1, ""ראשית"": 1, ""בראשית"": 1, ""אשר"": 1, ""בידך"": 1, ""הוי"": 1, ""ידיו"": 1, ""עשה"": 1, ""שמים"": 1, ""חשב"": 1, ""כבוד"": 1, ""ידידו"": 1, ""חית"": 1, ""כפו"": 1, ""חשבו"": 1, ""דר"": 1, ""נצב"": 1, ""נשמת"": 1, ""עלית"": 1, ""נצבים"": 1, ""כבודו"": 1, ""דרור"": 1, ""ראשיתו"": 1, ""דומין"": 1, ""חיתו"": 1, ""עשת"": 1, ""אשרי"": 1, ""נשמתך"": 1, ""בראשיתו"": 1, ""עליתו"": 1, ""עשתה"": 1, ""הויה"": 1, ""דרורו"": 1, ""הויו"": 1, ""חיתוון"": 1, ""דרורוון"": 1}","{""על"": [""על""], ""ה"": [""ה""], ""בראש"": [""בראש""], ""ביד"": [""ביד""], ""יד"": [""יד""], ""ראש"": [""ראש""], ""בידו"": [""בידו""], ""ראשית"": [""ראשית""], ""בראשית"": [""בראשית""], ""אשר"": [""אשר""], ""בידך"": [""בידך""], ""הוי"": [""הוי""], ""ידיו"": [""ידיו""], ""עשה"": [""עשה""], ""שמים"": [""שמים""], ""חשב"": [""חשב""], ""כבוד"": [""כבוד""], ""ידידו"": [""ידידו""], ""חית"": [""חית""], ""כפו"": [""כפו""], ""חשבו"": [""חשבו""], ""דר"": [""דר""], ""נצב"": [""נצב""], ""נשמת"": [""נשמת""], ""עלית"": [""עלית""], ""נצבים"": [""נצבים""], ""כבודו"": [""כבודו""], ""דרור"": [""דרור""], ""ראשיתו"": [""ראשיתו""], ""דומין"": [""דומין""], ""חיתו"": [""חיתו""], ""עשת"": [""עשת""], ""אשרי"": [""אשרי""], ""נשמתך"": [""נשמתך""], ""בראשיתו"": [""בראשיתו""], ""עליתו"": [""עליתו""], ""עשתה"": [""עשתה""], ""הויה"": [""הויה""], ""דרורו"": [""דרורו""], ""הויו"": [""הויו""], ""חיתוון"": [""חיתוון""], ""דרורוון"": [""דרורוון""]}",על,0.192368,ה,0.067528,בראש,0.050973,ביד,0.049975,יד,0.039593,ראש,0.037292,בידו,0.036563,ראשית,0.035525,בראשית,0.034357,אשר,0.015546,בידך,0.014845,הוי,0.014118,ידיו,0.011704,עשה,0.010476,שמים,0.00978,חשב,0.004401,כבוד,0.004395,ידידו,0.004008,חית,0.002841,כפו,0.002427,חשבו,0.002,דר,0.00184,נצב,0.001813,נשמת,0.001785,עלית,0.00129,נצבים,0.000991,כבודו,0.000935,דרור,0.000789,ראשיתו,0.000311,דומין,0.000279,חיתו,0.000272,עשת,0.000262,אשרי,0.000256,נשמתך,0.000255,בראשיתו,0.000236,עליתו,8.4e-05,עשתה,5.3e-05,הויה,4.3e-05,דרורו,1.5e-05,הויו,5e-06,חיתוון,0.0,דרורוון,0.0,,,,,,,,,,,,,,,,,ADV,False,ראשית,ראשית,True,False,True,True,True,True,True,33.0,33.0,0.0,False,False
Midrash_Aggadic_Midrash_Midrash_Rabbah_Bereishit_Rabbah__1_1,bereishit_rabbah,149,דרכו.,3.0633,0.625,0.0,0.5734,50,1,True,"{""דרכו"": 1, ""דעת"": 1, ""וגו"": 1, ""צדיקים"": 1, ""דעתו"": 1, ""דבר"": 1, ""ה"": 1, ""מ"": 1, ""י"": 1, ""כל"": 1, ""צעד"": 1, ""ב"": 1, ""מעשה"": 1, ""דרכי"": 1, ""גבור"": 1, ""צדיק"": 1, ""כו"": 1, ""כבוד"": 1, ""חכמה"": 1, ""ישב"": 1, ""דרכיו"": 1, ""פעליו"": 1, ""גורל"": 1, ""גבורתי"": 1, ""פעמיך"": 1, ""דברי"": 1, ""פעמיו"": 1, ""בינה"": 1, ""ישבנו"": 1, ""כבודו"": 1, ""חכמת"": 1, ""היד"": 1, ""מות"": 1, ""גבורתיו"": 1, ""מעשיהם"": 1, ""מעשיך"": 1, ""גורלנו"": 1, ""כוות"": 1, ""הידד"": 1, ""וברא"": 1, ""צדיקי"": 1, ""כוותי"": 1, ""כלב"": 1, ""בינהו"": 1, ""הידדך"": 1, ""מותי"": 1, ""כלבם"": 1, ""כוותיון"": 1, ""בינהוון"": 1, ""מותיון"": 1}","{""דרכו"": [""דרכו""], ""דעת"": [""דעת""], ""וגו"": [""וגו""], ""צדיקים"": [""צדיקים""], ""דעתו"": [""דעתו""], ""דבר"": [""דבר""], ""ה"": [""ה""], ""מ"": [""מ""], ""י"": [""י""], ""כל"": [""כל""], ""צעד"": [""צעד""], ""ב"": [""ב""], ""מעשה"": [""מעשה""], ""דרכי"": [""דרכי""], ""גבור"": [""גבור""], ""צדיק"": [""צדיק""], ""כו"": [""כו""], ""כבוד"": [""כבוד""], ""חכמה"": [""חכמה""], ""ישב"": [""ישב""], ""דרכיו"": [""דרכיו""], ""פעליו"": [""פעליו""], ""גורל"": [""גורל""], ""גבורתי"": [""גבורתי""], ""פעמיך"": [""פעמיך""], ""דברי"": [""דברי""], ""פעמיו"": [""פעמיו""], ""בינה"": [""בינה""], ""ישבנו"": [""ישבנו""], ""כבודו"": [""כבודו""], ""חכמת"": [""חכמת""], ""היד"": [""היד""], ""מות"": [""מות""], ""גבורתיו"": [""גבורתיו""], ""מעשיהם"": [""מעשיהם""], ""מעשיך"": [""מעשיך""], ""גורלנו"": [""גורלנו""], ""כוות"": [""כוות""], ""הידד"": [""הידד""], ""וברא"": [""וברא""], ""צדיקי"": [""צדיקי""], ""כוותי"": [""כוותי""], ""כלב"": [""כלב""], ""בינהו"": [""בינהו""], ""הידדך"": [""הידדך""], ""מותי"": [""מותי""], ""כלבם"": [""כלבם""], ""כוותיון"": [""כוותיון""], ""בינהוון"": [""בינהוון""], ""מותיון"": [""מותיון""]}",דרכו,0.119634,דעת,0.080374,וגו,0.058582,צדיקים,0.042271,דעתו,0.027414,דבר,0.026922,ה,0.020642,מ,0.019091,י,0.018216,כל,0.017656,צעד,0.015839,ב,0.015827,מעשה,0.01495,דרכי,0.012785,גבור,0.010672,צדיק,0.010522,כו,0.00739,כבוד,0.006521,חכמה,0.006485,ישב,0.005974,דרכיו,0.005256,פעליו,0.004657,גורל,0.004464,גבורתי,0.003941,פעמיך,0.003044,דברי,0.002455,פעמיו,0.002125,בינה,0.001423,ישבנו,0.001258,כבודו,0.001147,חכמת,0.00098,היד,0.000836,מות,0.00076,גבורתיו,0.000522,מעשיהם,0.000507,מעשיך,0.000484,גורלנו,0.000473,כוות,0.000403,הידד,0.0004,וברא,0.00024,צדיקי,0.000106,כוותי,9.3e-05,כלב,1.2e-05,בינהו,8e-06,הידדך,6e-06,מותי,4e-06,כלבם,3e-06,כוותיון,1e-06,בינהוון,0.0,מותיון,0.0,VERB,False,דרכו,דרך,True,True,False,True,True,True,False,,,,False,False
