text_id,work,word_position,actual_word,surprisal_bits,cos_dist_centroid,cos_dist_min,prob_mass,n_predictions,actual_rank,in_nucleus,lemma_counts,lemma_forms,pred_1,prob_1,pred_2,prob_2,pred_3,prob_3,pred_4,prob_4,pred_5,prob_5,pred_6,prob_6,pred_7,prob_7,pred_8,prob_8,pred_9,prob_9,pred_10,prob_10,pred_11,prob_11,pred_12,prob_12,pred_13,prob_13,pred_14,prob_14,pred_15,prob_15,pred_16,prob_16,pred_17,prob_17,pred_18,prob_18,pred_19,prob_19,pred_20,prob_20,pred_21,prob_21,pred_22,prob_22,pred_23,prob_23,pred_24,prob_24,pred_25,prob_25,pred_26,prob_26,pred_27,prob_27,pred_28,prob_28,pred_29,prob_29,pred_30,prob_30,pred_31,prob_31,pred_32,prob_32,pred_33,prob_33,pred_34,prob_34,pred_35,prob_35,pred_36,prob_36,pred_37,prob_37,pred_38,prob_38,pred_39,prob_39,pred_40,prob_40,pred_41,prob_41,pred_42,prob_42,pred_43,prob_43,pred_44,prob_44,pred_45,prob_45,pred_46,prob_46,pred_47,prob_47,pred_48,prob_48,pred_49,prob_49,pred_50,prob_50,pos,has_prefix,actual_word_clean,lemma,is_content_pos,is_stopword,is_content,is_alpha,has_context,in_valid_range,passes_filter,rank_surprisal,rank_semantic,rank_gap,is_hl,is_lh
Midrash_Aggadic_Midrash_Pesikta_DRav_Kahanna__10_1,pesikta_drk,1,תעשר:,29.8714,0.9187,0.8288,0.0004,50,-1,False,"{""ו"": 1, ""של"": 1, ""הוא"": 1, ""חדרי"": 1, ""שנות"": 1, ""שבועות"": 1, ""בעקבות"": 1, ""פורסם"": 1, ""עונה"": 1, ""ב"": 1, ""ערב"": 1, ""אפריל"": 1, ""באנגלית"": 1, ""חצי"": 1, ""היכן"": 1, ""שלוש"": 1, ""פלוס"": 1, ""חדרים"": 1, ""דצמבר"": 1, ""קבוצת"": 1, ""היכנסו"": 1, ""קבוצה"": 1, ""שבועיים"": 1, ""להורדת"": 1, ""להזמנת"": 1, ""ובתנאי"": 1, ""בדצ"": 1, ""בדצמבר"": 1, ""דירוג"": 1, ""שלושה"": 1, ""אפרת"": 1, ""חלקי"": 1, ""קבוצות"": 1, ""בעמ"": 1, ""ניסן"": 1, ""בדיקת"": 1, ""חלום"": 1, ""ובאתי"": 1, ""ובתנאים"": 1, ""נסגרה"": 1, ""נסגרו"": 1, ""דצמ"": 1, ""היכנסי"": 1, ""התרגום"": 1, ""The"": 1, ""בדצמ"": 1, ""להזמנתם"": 1, ""האם"": 1, ""בדצמהתרגום"": 1, ""בדצמהאם"": 1}","{""ו"": [""ו""], ""של"": [""של""], ""הוא"": [""הוא""], ""חדרי"": [""חדרי""], ""שנות"": [""שנות""], ""שבועות"": [""שבועות""], ""בעקבות"": [""בעקבות""], ""פורסם"": [""פורסם""], ""עונה"": [""עונה""], ""ב"": [""ב""], ""ערב"": [""ערב""], ""אפריל"": [""אפריל""], ""באנגלית"": [""באנגלית""], ""חצי"": [""חצי""], ""היכן"": [""היכן""], ""שלוש"": [""שלוש""], ""פלוס"": [""פלוס""], ""חדרים"": [""חדרים""], ""דצמבר"": [""דצמבר""], ""קבוצת"": [""קבוצת""], ""היכנסו"": [""היכנסו""], ""קבוצה"": [""קבוצה""], ""שבועיים"": [""שבועיים""], ""להורדת"": [""להורדת""], ""להזמנת"": [""להזמנת""], ""ובתנאי"": [""ובתנאי""], ""בדצ"": [""בדצ""], ""בדצמבר"": [""בדצמבר""], ""דירוג"": [""דירוג""], ""שלושה"": [""שלושה""], ""אפרת"": [""אפרת""], ""חלקי"": [""חלקי""], ""קבוצות"": [""קבוצות""], ""בעמ"": [""בעמ""], ""ניסן"": [""ניסן""], ""בדיקת"": [""בדיקת""], ""חלום"": [""חלום""], ""ובאתי"": [""ובאתי""], ""ובתנאים"": [""ובתנאים""], ""נסגרה"": [""נסגרה""], ""נסגרו"": [""נסגרו""], ""דצמ"": [""דצמ""], ""היכנסי"": [""היכנסי""], ""התרגום"": [""התרגום""], ""The"": [""The""], ""בדצמ"": [""בדצמ""], ""להזמנתם"": [""להזמנתם""], ""האם"": [""האם""], ""בדצמהתרגום"": [""בדצמהתרגום""], ""בדצמהאם"": [""בדצמהאם""]}",ו,0.000205,של,7.3e-05,הוא,5.9e-05,חדרי,2.4e-05,שנות,1.2e-05,שבועות,1.1e-05,בעקבות,1.1e-05,פורסם,7e-06,עונה,4e-06,ב,4e-06,ערב,4e-06,אפריל,3e-06,באנגלית,3e-06,חצי,3e-06,היכן,2e-06,שלוש,2e-06,פלוס,2e-06,חדרים,2e-06,דצמבר,2e-06,קבוצת,1e-06,היכנסו,1e-06,קבוצה,1e-06,שבועיים,1e-06,להורדת,1e-06,להזמנת,1e-06,ובתנאי,1e-06,בדצ,1e-06,בדצמבר,1e-06,דירוג,1e-06,שלושה,1e-06,אפרת,1e-06,חלקי,1e-06,קבוצות,1e-06,בעמ,1e-06,ניסן,0.0,בדיקת,0.0,חלום,0.0,ובאתי,0.0,ובתנאים,0.0,נסגרה,0.0,נסגרו,0.0,דצמ,0.0,היכנסי,0.0,התרגום,0.0,The,0.0,בדצמ,0.0,להזמנתם,0.0,האם,0.0,בדצמהתרגום,0.0,בדצמהאם,0.0,VERB,False,תעשר,תעש,True,False,True,True,False,True,False,,,,False,False
Midrash_Aggadic_Midrash_Pesikta_DRav_Kahanna__10_1,pesikta_drk,2,נבהל,19.1914,0.8423,0.6395,0.0786,50,-1,False,"{""תעשר"": 1, ""לא"": 1, ""עשר"": 1, ""תשע"": 1, ""שבוע"": 1, ""תעשיר"": 1, ""עשרה"": 1, ""התעשר"": 1, ""תרומה"": 1, ""רבי"": 1, ""שבועות"": 1, ""ריבית"": 1, ""פורים"": 1, ""אב"": 1, ""ברכות"": 1, ""ותעשר"": 1, ""התעשרה"": 1, ""התעשרות"": 1, ""פסח"": 1, ""ברכה"": 1, ""חינוך"": 1, ""יתעשר"": 1, ""איזה"": 1, ""שבעת"": 1, ""ימי"": 1, ""תרומות"": 1, ""לול"": 1, ""מוסר"": 1, ""ותתעשר"": 1, ""טומאה"": 1, ""מזוזה"": 1, ""טו"": 1, ""למד"": 1, ""נזיר"": 1, ""תשעת"": 1, ""כהן"": 1, ""חמשה"": 1, ""נזירות"": 1, ""הלוואה"": 1, ""לולב"": 1, ""כפרה"": 1, ""איזו"": 1, ""למדת"": 1, ""ברכו"": 1, ""התשפ"": 1, ""ריבונו"": 1, ""יתעשרה"": 1, ""מזוזות"": 1, ""התשפג"": 1, ""התשפב"": 1}","{""תעשר"": [""תעשר""], ""לא"": [""לא""], ""עשר"": [""עשר""], ""תשע"": [""תשע""], ""שבוע"": [""שבוע""], ""תעשיר"": [""תעשיר""], ""עשרה"": [""עשרה""], ""התעשר"": [""התעשר""], ""תרומה"": [""תרומה""], ""רבי"": [""רבי""], ""שבועות"": [""שבועות""], ""ריבית"": [""ריבית""], ""פורים"": [""פורים""], ""אב"": [""אב""], ""ברכות"": [""ברכות""], ""ותעשר"": [""ותעשר""], ""התעשרה"": [""התעשרה""], ""התעשרות"": [""התעשרות""], ""פסח"": [""פסח""], ""ברכה"": [""ברכה""], ""חינוך"": [""חינוך""], ""יתעשר"": [""יתעשר""], ""איזה"": [""איזה""], ""שבעת"": [""שבעת""], ""ימי"": [""ימי""], ""תרומות"": [""תרומות""], ""לול"": [""לול""], ""מוסר"": [""מוסר""], ""ותתעשר"": [""ותתעשר""], ""טומאה"": [""טומאה""], ""מזוזה"": [""מזוזה""], ""טו"": [""טו""], ""למד"": [""למד""], ""נזיר"": [""נזיר""], ""תשעת"": [""תשעת""], ""כהן"": [""כהן""], ""חמשה"": [""חמשה""], ""נזירות"": [""נזירות""], ""הלוואה"": [""הלוואה""], ""לולב"": [""לולב""], ""כפרה"": [""כפרה""], ""איזו"": [""איזו""], ""למדת"": [""למדת""], ""ברכו"": [""ברכו""], ""התשפ"": [""התשפ""], ""ריבונו"": [""ריבונו""], ""יתעשרה"": [""יתעשרה""], ""מזוזות"": [""מזוזות""], ""התשפג"": [""התשפג""], ""התשפב"": [""התשפב""]}",תעשר,0.01999,לא,0.010848,עשר,0.008318,תשע,0.008131,שבוע,0.002784,תעשיר,0.002748,עשרה,0.0027,התעשר,0.002511,תרומה,0.002066,רבי,0.001119,שבועות,0.001076,ריבית,0.001003,פורים,0.000942,אב,0.000897,ברכות,0.000833,ותעשר,0.000819,התעשרה,0.000799,התעשרות,0.000787,פסח,0.000704,ברכה,0.000642,חינוך,0.000614,יתעשר,0.000602,איזה,0.000601,שבעת,0.0006,ימי,0.000586,תרומות,0.000574,לול,0.000439,מוסר,0.000437,ותתעשר,0.000406,טומאה,0.0004,מזוזה,0.000379,טו,0.000362,למד,0.000331,נזיר,0.000325,תשעת,0.00032,כהן,0.000311,חמשה,0.000308,נזירות,0.000296,הלוואה,0.00027,לולב,0.000244,כפרה,0.00013,איזו,0.000126,למדת,8e-05,ברכו,4.3e-05,התשפ,3.9e-05,ריבונו,2e-05,יתעשרה,1.8e-05,מזוזות,1.7e-05,התשפג,8e-06,התשפב,8e-06,SYM,True,נבהל,נבהל,False,False,False,True,False,True,False,,,,False,False
Midrash_Aggadic_Midrash_Pesikta_DRav_Kahanna__10_1,pesikta_drk,3,להון,18.7755,0.8568,0.7683,0.037,50,-1,False,"{""נבהל"": 1, ""פחד"": 1, ""נבהלה"": 1, ""בוש"": 1, ""נבהלתי"": 1, ""שמח"": 1, ""בושה"": 1, ""מתח"": 1, ""בוכה"": 1, ""אב"": 1, ""שמחה"": 1, ""עשר"": 1, ""חזר"": 1, ""עצב"": 1, ""רגע"": 1, ""שמע"": 1, ""רע"": 1, ""רעב"": 1, ""חזרה"": 1, ""מתחנן"": 1, ""אביו"": 1, ""חלום"": 1, ""עצבים"": 1, ""איננו"": 1, ""מזעזע"": 1, ""התרחק"": 1, ""עשרים"": 1, ""שמעתי"": 1, ""התרגז"": 1, ""תחילה"": 1, ""פלוץ"": 1, ""תחפושת"": 1, ""פחדהתרגום"": 1, ""בוכההתרגום"": 1, ""בושההתרגום"": 1, ""נבהלתיהתרגום"": 1, ""תחפושות"": 1, ""שמחההתרגום"": 1, ""רעבהתרגום"": 1, ""מזעזעהתרגום"": 1, ""התרחקהתרגום"": 1, ""התרגזהתרגום"": 1, ""פחדהאם"": 1, ""תחפושתהתרגום"": 1, ""נבהלתיהאם"": 1, ""בושההאם"": 1, ""שמחההאם"": 1, ""רעבהאם"": 1, ""מזעזעהאם"": 1, ""תחפושתהאם"": 1}","{""נבהל"": [""נבהל""], ""פחד"": [""פחד""], ""נבהלה"": [""נבהלה""], ""בוש"": [""בוש""], ""נבהלתי"": [""נבהלתי""], ""שמח"": [""שמח""], ""בושה"": [""בושה""], ""מתח"": [""מתח""], ""בוכה"": [""בוכה""], ""אב"": [""אב""], ""שמחה"": [""שמחה""], ""עשר"": [""עשר""], ""חזר"": [""חזר""], ""עצב"": [""עצב""], ""רגע"": [""רגע""], ""שמע"": [""שמע""], ""רע"": [""רע""], ""רעב"": [""רעב""], ""חזרה"": [""חזרה""], ""מתחנן"": [""מתחנן""], ""אביו"": [""אביו""], ""חלום"": [""חלום""], ""עצבים"": [""עצבים""], ""איננו"": [""איננו""], ""מזעזע"": [""מזעזע""], ""התרחק"": [""התרחק""], ""עשרים"": [""עשרים""], ""שמעתי"": [""שמעתי""], ""התרגז"": [""התרגז""], ""תחילה"": [""תחילה""], ""פלוץ"": [""פלוץ""], ""תחפושת"": [""תחפושת""], ""פחדהתרגום"": [""פחדהתרגום""], ""בוכההתרגום"": [""בוכההתרגום""], ""בושההתרגום"": [""בושההתרגום""], ""נבהלתיהתרגום"": [""נבהלתיהתרגום""], ""תחפושות"": [""תחפושות""], ""שמחההתרגום"": [""שמחההתרגום""], ""רעבהתרגום"": [""רעבהתרגום""], ""מזעזעהתרגום"": [""מזעזעהתרגום""], ""התרחקהתרגום"": [""התרחקהתרגום""], ""התרגזהתרגום"": [""התרגזהתרגום""], ""פחדהאם"": [""פחדהאם""], ""תחפושתהתרגום"": [""תחפושתהתרגום""], ""נבהלתיהאם"": [""נבהלתיהאם""], ""בושההאם"": [""בושההאם""], ""שמחההאם"": [""שמחההאם""], ""רעבהאם"": [""רעבהאם""], ""מזעזעהאם"": [""מזעזעהאם""], ""תחפושתהאם"": [""תחפושתהאם""]}",נבהל,0.006828,פחד,0.005217,נבהלה,0.002983,בוש,0.002125,נבהלתי,0.001831,שמח,0.00173,בושה,0.001609,מתח,0.001551,בוכה,0.001249,אב,0.001247,שמחה,0.001204,עשר,0.001181,חזר,0.001148,עצב,0.001042,רגע,0.000963,שמע,0.000955,רע,0.000877,רעב,0.000445,חזרה,0.00044,מתחנן,0.000314,אביו,0.000253,חלום,0.000248,עצבים,0.000243,איננו,0.000212,מזעזע,0.00021,התרחק,0.000169,עשרים,0.000167,שמעתי,0.000113,התרגז,0.000101,תחילה,9.1e-05,פלוץ,7.4e-05,תחפושת,5.8e-05,פחדהתרגום,3.7e-05,בוכההתרגום,2e-05,בושההתרגום,2e-05,נבהלתיהתרגום,1.3e-05,תחפושות,1.3e-05,שמחההתרגום,1.2e-05,רעבהתרגום,4e-06,מזעזעהתרגום,2e-06,התרחקהתרגום,2e-06,התרגזהתרגום,1e-06,פחדהאם,1e-06,תחפושתהתרגום,1e-06,נבהלתיהאם,1e-06,בושההאם,0.0,שמחההאם,0.0,רעבהאם,0.0,מזעזעהאם,0.0,תחפושתהאם,0.0,NUM,True,להון,הון,False,False,False,True,False,True,False,,,,False,False
Midrash_Aggadic_Midrash_Pesikta_DRav_Kahanna__10_1,pesikta_drk,4,איש,8.6594,0.9127,0.871,0.0485,50,-1,False,"{""להון"": 1, ""עשיר"": 1, ""הון"": 1, ""עשר"": 1, ""ביד"": 1, ""רוח"": 1, ""עשירים"": 1, ""שבע"": 1, ""רע"": 1, ""אוצר"": 1, ""בור"": 1, ""נבהל"": 1, ""שמח"": 1, ""נכסים"": 1, ""חסר"": 1, ""שמחה"": 1, ""לוה"": 1, ""בידך"": 1, ""תרומה"": 1, ""חביב"": 1, ""הכסף"": 1, ""רעב"": 1, ""ועושר"": 1, ""מזומן"": 1, ""בורא"": 1, ""עשרו"": 1, ""מושך"": 1, ""שבעה"": 1, ""רוחני"": 1, ""להרבות"": 1, ""אביו"": 1, ""תרומות"": 1, ""לוהן"": 1, ""אוצרו"": 1, ""ליהנות"": 1, ""נבהלהתרגום"": 1, ""ותענוג"": 1, ""שמחההתרגום"": 1, ""ותענוגות"": 1, ""עשרוהתרגום"": 1, ""להרבותהתרגום"": 1, ""אוצרוהתרגום"": 1, ""ליהנותהתרגום"": 1, ""ותענוגותיו"": 1, ""נבהלהאם"": 1, ""שמחההאם"": 1, ""עשרוהאם"": 1, ""להרבותהאם"": 1, ""אוצרוהאם"": 1, ""ליהנותהאם"": 1}","{""להון"": [""להון""], ""עשיר"": [""עשיר""], ""הון"": [""הון""], ""עשר"": [""עשר""], ""ביד"": [""ביד""], ""רוח"": [""רוח""], ""עשירים"": [""עשירים""], ""שבע"": [""שבע""], ""רע"": [""רע""], ""אוצר"": [""אוצר""], ""בור"": [""בור""], ""נבהל"": [""נבהל""], ""שמח"": [""שמח""], ""נכסים"": [""נכסים""], ""חסר"": [""חסר""], ""שמחה"": [""שמחה""], ""לוה"": [""לוה""], ""בידך"": [""בידך""], ""תרומה"": [""תרומה""], ""חביב"": [""חביב""], ""הכסף"": [""הכסף""], ""רעב"": [""רעב""], ""ועושר"": [""ועושר""], ""מזומן"": [""מזומן""], ""בורא"": [""בורא""], ""עשרו"": [""עשרו""], ""מושך"": [""מושך""], ""שבעה"": [""שבעה""], ""רוחני"": [""רוחני""], ""להרבות"": [""להרבות""], ""אביו"": [""אביו""], ""תרומות"": [""תרומות""], ""לוהן"": [""לוהן""], ""אוצרו"": [""אוצרו""], ""ליהנות"": [""ליהנות""], ""נבהלהתרגום"": [""נבהלהתרגום""], ""ותענוג"": [""ותענוג""], ""שמחההתרגום"": [""שמחההתרגום""], ""ותענוגות"": [""ותענוגות""], ""עשרוהתרגום"": [""עשרוהתרגום""], ""להרבותהתרגום"": [""להרבותהתרגום""], ""אוצרוהתרגום"": [""אוצרוהתרגום""], ""ליהנותהתרגום"": [""ליהנותהתרגום""], ""ותענוגותיו"": [""ותענוגותיו""], ""נבהלהאם"": [""נבהלהאם""], ""שמחההאם"": [""שמחההאם""], ""עשרוהאם"": [""עשרוהאם""], ""להרבותהאם"": [""להרבותהאם""], ""אוצרוהאם"": [""אוצרוהאם""], ""ליהנותהאם"": [""ליהנותהאם""]}",להון,0.010091,עשיר,0.008487,הון,0.004977,עשר,0.003324,ביד,0.002632,רוח,0.002178,עשירים,0.001592,שבע,0.001443,רע,0.001148,אוצר,0.001115,בור,0.001097,נבהל,0.001045,שמח,0.000875,נכסים,0.000832,חסר,0.000803,שמחה,0.000729,לוה,0.000665,בידך,0.000624,תרומה,0.000528,חביב,0.000526,הכסף,0.000479,רעב,0.000474,ועושר,0.00037,מזומן,0.000316,בורא,0.000312,עשרו,0.000302,מושך,0.00023,שבעה,0.000216,רוחני,0.000186,להרבות,0.000182,אביו,0.000177,תרומות,0.000169,לוהן,0.000153,אוצרו,0.000109,ליהנות,9e-05,נבהלהתרגום,2.6e-05,ותענוג,1.4e-05,שמחההתרגום,1.3e-05,ותענוגות,6e-06,עשרוהתרגום,5e-06,להרבותהתרגום,2e-06,אוצרוהתרגום,2e-06,ליהנותהתרגום,2e-06,ותענוגותיו,1e-06,נבהלהאם,0.0,שמחההאם,0.0,עשרוהאם,0.0,להרבותהאם,0.0,אוצרוהאם,0.0,ליהנותהאם,0.0,NUM,True,איש,איש,False,False,False,True,True,True,False,,,,False,False
Midrash_Aggadic_Midrash_Pesikta_DRav_Kahanna__10_1,pesikta_drk,5,רע,9.3375,0.7237,0.0,0.0317,50,5,True,"{""עשיר"": 1, ""עשר"": 1, ""חכם"": 1, ""ראה"": 1, ""רע"": 1, ""שבע"": 1, ""ביד"": 1, ""שמח"": 1, ""נפש"": 1, ""בושה"": 1, ""יתן"": 1, ""אשת"": 1, ""תחת"": 1, ""תרומה"": 1, ""שמחה"": 1, ""חסר"": 1, ""עשרו"": 1, ""נכסים"": 1, ""ועושר"": 1, ""בידך"": 1, ""אביו"": 1, ""רעב"": 1, ""אבידה"": 1, ""תרומות"": 1, ""נפשו"": 1, ""מושל"": 1, ""מזומן"": 1, ""שבעה"": 1, ""יתעשר"": 1, ""ועשרת"": 1, ""ועושרו"": 1, ""בושההתרגום"": 1, ""שמחההתרגום"": 1, ""עשרוהתרגום"": 1, ""מושלך"": 1, ""חסרהתרגום"": 1, ""תרומותהתרגום"": 1, ""יתעשרהתרגום"": 1, ""אביוהתרגום"": 1, ""נפשוהתרגום"": 1, ""ועושרוהתרגום"": 1, ""שמחההאם"": 1, ""בושההאם"": 1, ""עשרוהאם"": 1, ""חסרהאם"": 1, ""תרומותהאם"": 1, ""נפשוהאם"": 1, ""יתעשרהאם"": 1, ""אביוהאם"": 1, ""ועושרוהאם"": 1}","{""עשיר"": [""עשיר""], ""עשר"": [""עשר""], ""חכם"": [""חכם""], ""ראה"": [""ראה""], ""רע"": [""רע""], ""שבע"": [""שבע""], ""ביד"": [""ביד""], ""שמח"": [""שמח""], ""נפש"": [""נפש""], ""בושה"": [""בושה""], ""יתן"": [""יתן""], ""אשת"": [""אשת""], ""תחת"": [""תחת""], ""תרומה"": [""תרומה""], ""שמחה"": [""שמחה""], ""חסר"": [""חסר""], ""עשרו"": [""עשרו""], ""נכסים"": [""נכסים""], ""ועושר"": [""ועושר""], ""בידך"": [""בידך""], ""אביו"": [""אביו""], ""רעב"": [""רעב""], ""אבידה"": [""אבידה""], ""תרומות"": [""תרומות""], ""נפשו"": [""נפשו""], ""מושל"": [""מושל""], ""מזומן"": [""מזומן""], ""שבעה"": [""שבעה""], ""יתעשר"": [""יתעשר""], ""ועשרת"": [""ועשרת""], ""ועושרו"": [""ועושרו""], ""בושההתרגום"": [""בושההתרגום""], ""שמחההתרגום"": [""שמחההתרגום""], ""עשרוהתרגום"": [""עשרוהתרגום""], ""מושלך"": [""מושלך""], ""חסרהתרגום"": [""חסרהתרגום""], ""תרומותהתרגום"": [""תרומותהתרגום""], ""יתעשרהתרגום"": [""יתעשרהתרגום""], ""אביוהתרגום"": [""אביוהתרגום""], ""נפשוהתרגום"": [""נפשוהתרגום""], ""ועושרוהתרגום"": [""ועושרוהתרגום""], ""שמחההאם"": [""שמחההאם""], ""בושההאם"": [""בושההאם""], ""עשרוהאם"": [""עשרוהאם""], ""חסרהאם"": [""חסרהאם""], ""תרומותהאם"": [""תרומותהאם""], ""נפשוהאם"": [""נפשוהאם""], ""יתעשרהאם"": [""יתעשרהאם""], ""אביוהאם"": [""אביוהאם""], ""ועושרוהאם"": [""ועושרוהאם""]}",עשיר,0.00905,עשר,0.0036,חכם,0.001559,ראה,0.001546,רע,0.001546,שבע,0.001325,ביד,0.001216,שמח,0.00117,נפש,0.000952,בושה,0.000864,יתן,0.000823,אשת,0.000808,תחת,0.000805,תרומה,0.000791,שמחה,0.00077,חסר,0.000737,עשרו,0.000679,נכסים,0.000605,ועושר,0.000377,בידך,0.000311,אביו,0.000309,רעב,0.000275,אבידה,0.000273,תרומות,0.000265,נפשו,0.000193,מושל,0.000188,מזומן,0.000187,שבעה,0.000175,יתעשר,0.000153,ועשרת,7.1e-05,ועושרו,3e-05,בושההתרגום,1.6e-05,שמחההתרגום,1.6e-05,עשרוהתרגום,1.3e-05,מושלך,1.3e-05,חסרהתרגום,1e-05,תרומותהתרגום,6e-06,יתעשרהתרגום,5e-06,אביוהתרגום,5e-06,נפשוהתרגום,5e-06,ועושרוהתרגום,1e-06,שמחההאם,0.0,בושההאם,0.0,עשרוהאם,0.0,חסרהאם,0.0,תרומותהאם,0.0,נפשוהאם,0.0,יתעשרהאם,0.0,אביוהאם,0.0,ועושרוהאם,0.0,PROPN,True,רע,רע,False,False,False,True,True,True,False,,,,False,False
Midrash_Aggadic_Midrash_Pesikta_DRav_Kahanna__10_1,pesikta_drk,6,עין,9.8948,0.7917,0.1668,0.0505,50,-1,False,"{""רע"": 1, ""להון"": 1, ""רעב"": 1, ""עשיר"": 1, ""בושה"": 1, ""רעה"": 1, ""נפש"": 1, ""חטא"": 1, ""חכם"": 1, ""אב"": 1, ""עני"": 1, ""רעהו"": 1, ""תחת"": 1, ""אכזר"": 1, ""שונא"": 1, ""נבהל"": 1, ""ורע"": 1, ""לילה"": 1, ""נפשו"": 1, ""עשירים"": 1, ""אכזרי"": 1, ""רעבון"": 1, ""וגו"": 1, ""אביו"": 1, ""בושת"": 1, ""מושחת"": 1, ""ידיד"": 1, ""תרומה"": 1, ""להרבות"": 1, ""מושל"": 1, ""שפחה"": 1, ""תחתון"": 1, ""עניין"": 1, ""ידידות"": 1, ""ליהוה"": 1, ""ידוע"": 1, ""בושההתרגום"": 1, ""נבהלהתרגום"": 1, ""ידידותי"": 1, ""וגוהתרגום"": 1, ""ידועה"": 1, ""מושחתהתרגום"": 1, ""שפחההתרגום"": 1, ""להרבותהתרגום"": 1, ""נבהלהאם"": 1, ""בושההאם"": 1, ""וגוהאם"": 1, ""מושחתהאם"": 1, ""שפחההאם"": 1, ""להרבותהאם"": 1}","{""רע"": [""רע""], ""להון"": [""להון""], ""רעב"": [""רעב""], ""עשיר"": [""עשיר""], ""בושה"": [""בושה""], ""רעה"": [""רעה""], ""נפש"": [""נפש""], ""חטא"": [""חטא""], ""חכם"": [""חכם""], ""אב"": [""אב""], ""עני"": [""עני""], ""רעהו"": [""רעהו""], ""תחת"": [""תחת""], ""אכזר"": [""אכזר""], ""שונא"": [""שונא""], ""נבהל"": [""נבהל""], ""ורע"": [""ורע""], ""לילה"": [""לילה""], ""נפשו"": [""נפשו""], ""עשירים"": [""עשירים""], ""אכזרי"": [""אכזרי""], ""רעבון"": [""רעבון""], ""וגו"": [""וגו""], ""אביו"": [""אביו""], ""בושת"": [""בושת""], ""מושחת"": [""מושחת""], ""ידיד"": [""ידיד""], ""תרומה"": [""תרומה""], ""להרבות"": [""להרבות""], ""מושל"": [""מושל""], ""שפחה"": [""שפחה""], ""תחתון"": [""תחתון""], ""עניין"": [""עניין""], ""ידידות"": [""ידידות""], ""ליהוה"": [""ליהוה""], ""ידוע"": [""ידוע""], ""בושההתרגום"": [""בושההתרגום""], ""נבהלהתרגום"": [""נבהלהתרגום""], ""ידידותי"": [""ידידותי""], ""וגוהתרגום"": [""וגוהתרגום""], ""ידועה"": [""ידועה""], ""מושחתהתרגום"": [""מושחתהתרגום""], ""שפחההתרגום"": [""שפחההתרגום""], ""להרבותהתרגום"": [""להרבותהתרגום""], ""נבהלהאם"": [""נבהלהאם""], ""בושההאם"": [""בושההאם""], ""וגוהאם"": [""וגוהאם""], ""מושחתהאם"": [""מושחתהאם""], ""שפחההאם"": [""שפחההאם""], ""להרבותהאם"": [""להרבותהאם""]}",רע,0.010624,להון,0.005681,רעב,0.00538,עשיר,0.003903,בושה,0.002318,רעה,0.001905,נפש,0.001899,חטא,0.001678,חכם,0.001576,אב,0.001506,עני,0.001505,רעהו,0.001472,תחת,0.001181,אכזר,0.001132,שונא,0.001066,נבהל,0.000922,ורע,0.000904,לילה,0.000822,נפשו,0.000569,עשירים,0.000507,אכזרי,0.00049,רעבון,0.000455,וגו,0.000404,אביו,0.000376,בושת,0.000324,מושחת,0.000241,ידיד,0.000233,תרומה,0.000229,להרבות,0.000206,מושל,0.0002,שפחה,0.000169,תחתון,0.000133,עניין,0.000125,ידידות,0.000121,ליהוה,8.1e-05,ידוע,7.9e-05,בושההתרגום,4.9e-05,נבהלהתרגום,3.5e-05,ידידותי,2e-05,וגוהתרגום,1.1e-05,ידועה,7e-06,מושחתהתרגום,5e-06,שפחההתרגום,3e-06,להרבותהתרגום,3e-06,נבהלהאם,0.0,בושההאם,0.0,וגוהאם,0.0,מושחתהאם,0.0,שפחההאם,0.0,להרבותהאם,0.0,VERB,False,עין,עין,True,False,True,True,True,True,True,44.0,52.0,-8.0,True,False
Midrash_Aggadic_Midrash_Pesikta_DRav_Kahanna__10_1,pesikta_drk,7,ולא,8.3685,0.9065,0.8459,0.077,50,-1,False,"{""רע"": 1, ""להון"": 1, ""עשיר"": 1, ""רעה"": 1, ""שונא"": 1, ""עין"": 1, ""תחת"": 1, ""אכזר"": 1, ""אשה"": 1, ""שקר"": 1, ""חמד"": 1, ""בושה"": 1, ""פן"": 1, ""חסר"": 1, ""נפש"": 1, ""וכסף"": 1, ""בוז"": 1, ""רעב"": 1, ""אכזרי"": 1, ""תחתון"": 1, ""מוסר"": 1, ""יפה"": 1, ""וכסיל"": 1, ""פורע"": 1, ""עשירים"": 1, ""נפשו"": 1, ""מושחת"": 1, ""בושת"": 1, ""רעבון"": 1, ""פורענות"": 1, ""תחטא"": 1, ""שונאת"": 1, ""חמדת"": 1, ""אכילה"": 1, ""נגעים"": 1, ""פורק"": 1, ""חסרת"": 1, ""רעההתרגום"": 1, ""פורקן"": 1, ""בושההתרגום"": 1, ""מושחתת"": 1, ""יתומים"": 1, ""וכסילהתרגום"": 1, ""נפשוהתרגום"": 1, ""תחטאהתרגום"": 1, ""חסרתלב"": 1, ""בושההאם"": 1, ""וכסילהאם"": 1, ""נפשוהאם"": 1, ""תחטאהאם"": 1}","{""רע"": [""רע""], ""להון"": [""להון""], ""עשיר"": [""עשיר""], ""רעה"": [""רעה""], ""שונא"": [""שונא""], ""עין"": [""עין""], ""תחת"": [""תחת""], ""אכזר"": [""אכזר""], ""אשה"": [""אשה""], ""שקר"": [""שקר""], ""חמד"": [""חמד""], ""בושה"": [""בושה""], ""פן"": [""פן""], ""חסר"": [""חסר""], ""נפש"": [""נפש""], ""וכסף"": [""וכסף""], ""בוז"": [""בוז""], ""רעב"": [""רעב""], ""אכזרי"": [""אכזרי""], ""תחתון"": [""תחתון""], ""מוסר"": [""מוסר""], ""יפה"": [""יפה""], ""וכסיל"": [""וכסיל""], ""פורע"": [""פורע""], ""עשירים"": [""עשירים""], ""נפשו"": [""נפשו""], ""מושחת"": [""מושחת""], ""בושת"": [""בושת""], ""רעבון"": [""רעבון""], ""פורענות"": [""פורענות""], ""תחטא"": [""תחטא""], ""שונאת"": [""שונאת""], ""חמדת"": [""חמדת""], ""אכילה"": [""אכילה""], ""נגעים"": [""נגעים""], ""פורק"": [""פורק""], ""חסרת"": [""חסרת""], ""רעההתרגום"": [""רעההתרגום""], ""פורקן"": [""פורקן""], ""בושההתרגום"": [""בושההתרגום""], ""מושחתת"": [""מושחתת""], ""יתומים"": [""יתומים""], ""וכסילהתרגום"": [""וכסילהתרגום""], ""נפשוהתרגום"": [""נפשוהתרגום""], ""תחטאהתרגום"": [""תחטאהתרגום""], ""חסרתלב"": [""חסרתלב""], ""בושההאם"": [""בושההאם""], ""וכסילהאם"": [""וכסילהאם""], ""נפשוהאם"": [""נפשוהאם""], ""תחטאהאם"": [""תחטאהאם""]}",רע,0.019337,להון,0.007414,עשיר,0.005374,רעה,0.004739,שונא,0.004299,עין,0.00387,תחת,0.003666,אכזר,0.002726,אשה,0.002598,שקר,0.002328,חמד,0.002124,בושה,0.002033,פן,0.001907,חסר,0.001789,נפש,0.001652,וכסף,0.001392,בוז,0.001227,רעב,0.001097,אכזרי,0.000951,תחתון,0.000695,מוסר,0.000645,יפה,0.000641,וכסיל,0.000562,פורע,0.000431,עשירים,0.000417,נפשו,0.000408,מושחת,0.000407,בושת,0.000302,רעבון,0.000277,פורענות,0.000258,תחטא,0.000241,שונאת,0.000169,חמדת,0.000169,אכילה,0.000156,נגעים,0.000154,פורק,0.000116,חסרת,0.000113,רעההתרגום,0.000103,פורקן,9.3e-05,בושההתרגום,4.4e-05,מושחתת,2.9e-05,יתומים,2.8e-05,וכסילהתרגום,1.9e-05,נפשוהתרגום,1.1e-05,תחטאהתרגום,6e-06,חסרתלב,0.0,בושההאם,0.0,וכסילהאם,0.0,נפשוהאם,0.0,תחטאהאם,0.0,ADP,True,ולא,לא,False,True,False,True,True,True,False,,,,False,False
Midrash_Aggadic_Midrash_Pesikta_DRav_Kahanna__10_1,pesikta_drk,8,ידע,5.8504,0.7896,0.0,0.2154,50,3,True,"{""טוב"": 1, ""חכם"": 1, ""ידע"": 1, ""כסף"": 1, ""חכמה"": 1, ""ירא"": 1, ""טובת"": 1, ""ראה"": 1, ""שמע"": 1, ""עשיר"": 1, ""רוח"": 1, ""בוש"": 1, ""תחמול"": 1, ""שבע"": 1, ""עשה"": 1, ""תתן"": 1, ""בושה"": 1, ""נקי"": 1, ""ברכה"": 1, ""תחמוד"": 1, ""מוסר"": 1, ""מושל"": 1, ""נבון"": 1, ""שבעה"": 1, ""יראים"": 1, ""חכמההתרגום"": 1, ""נבזה"": 1, ""ידעהתרגום"": 1, ""שמעת"": 1, ""עשירהתרגום"": 1, ""תחמולהתרגום"": 1, ""ראההתרגום"": 1, ""רוחה"": 1, ""בושההתרגום"": 1, ""ברכההתרגום"": 1, ""מוסרהתרגום"": 1, ""שבעההתרגום"": 1, ""נבזההתרגום"": 1, ""שמעתך"": 1, ""חכמההאם"": 1, ""ידעהאם"": 1, ""עשירהאם"": 1, ""תחמולהאם"": 1, ""ראההאם"": 1, ""מוסרהאם"": 1, ""שבעההאם"": 1, ""בושההאשה"": 1, ""בושההאוצר"": 1, ""נבזההאשה"": 1, ""נבזההאוצר"": 1}","{""טוב"": [""טוב""], ""חכם"": [""חכם""], ""ידע"": [""ידע""], ""כסף"": [""כסף""], ""חכמה"": [""חכמה""], ""ירא"": [""ירא""], ""טובת"": [""טובת""], ""ראה"": [""ראה""], ""שמע"": [""שמע""], ""עשיר"": [""עשיר""], ""רוח"": [""רוח""], ""בוש"": [""בוש""], ""תחמול"": [""תחמול""], ""שבע"": [""שבע""], ""עשה"": [""עשה""], ""תתן"": [""תתן""], ""בושה"": [""בושה""], ""נקי"": [""נקי""], ""ברכה"": [""ברכה""], ""תחמוד"": [""תחמוד""], ""מוסר"": [""מוסר""], ""מושל"": [""מושל""], ""נבון"": [""נבון""], ""שבעה"": [""שבעה""], ""יראים"": [""יראים""], ""חכמההתרגום"": [""חכמההתרגום""], ""נבזה"": [""נבזה""], ""ידעהתרגום"": [""ידעהתרגום""], ""שמעת"": [""שמעת""], ""עשירהתרגום"": [""עשירהתרגום""], ""תחמולהתרגום"": [""תחמולהתרגום""], ""ראההתרגום"": [""ראההתרגום""], ""רוחה"": [""רוחה""], ""בושההתרגום"": [""בושההתרגום""], ""ברכההתרגום"": [""ברכההתרגום""], ""מוסרהתרגום"": [""מוסרהתרגום""], ""שבעההתרגום"": [""שבעההתרגום""], ""נבזההתרגום"": [""נבזההתרגום""], ""שמעתך"": [""שמעתך""], ""חכמההאם"": [""חכמההאם""], ""ידעהאם"": [""ידעהאם""], ""עשירהאם"": [""עשירהאם""], ""תחמולהאם"": [""תחמולהאם""], ""ראההאם"": [""ראההאם""], ""מוסרהאם"": [""מוסרהאם""], ""שבעההאם"": [""שבעההאם""], ""בושההאשה"": [""בושההאשה""], ""בושההאוצר"": [""בושההאוצר""], ""נבזההאשה"": [""נבזההאשה""], ""נבזההאוצר"": [""נבזההאוצר""]}",טוב,0.070941,חכם,0.027507,ידע,0.017333,כסף,0.016589,חכמה,0.013198,ירא,0.012291,טובת,0.006524,ראה,0.005715,שמע,0.005586,עשיר,0.004672,רוח,0.004592,בוש,0.003582,תחמול,0.003448,שבע,0.003085,עשה,0.00297,תתן,0.00258,בושה,0.002522,נקי,0.00239,ברכה,0.002106,תחמוד,0.00146,מוסר,0.001034,מושל,0.001025,נבון,0.000865,שבעה,0.000657,יראים,0.000584,חכמההתרגום,0.000488,נבזה,0.000366,ידעהתרגום,0.000305,שמעת,0.000247,עשירהתרגום,0.000155,תחמולהתרגום,0.000152,ראההתרגום,0.000122,רוחה,9.3e-05,בושההתרגום,7.3e-05,ברכההתרגום,6.3e-05,מוסרהתרגום,3.9e-05,שבעההתרגום,2e-05,נבזההתרגום,1.3e-05,שמעתך,5e-06,חכמההאם,3e-06,ידעהאם,1e-06,עשירהאם,1e-06,תחמולהאם,1e-06,ראההאם,1e-06,מוסרהאם,0.0,שבעההאם,0.0,בושההאשה,0.0,בושההאוצר,0.0,נבזההאשה,0.0,נבזההאוצר,0.0,SYM,True,ידע,ידע,False,False,False,True,True,True,False,,,,False,False
Midrash_Aggadic_Midrash_Pesikta_DRav_Kahanna__10_1,pesikta_drk,9,כי,4.4304,0.7396,0.0,0.2903,50,3,True,"{""את"": 1, ""מה"": 1, ""כי"": 1, ""טוב"": 1, ""ולא"": 1, ""מי"": 1, ""רע"": 1, ""רעה"": 1, ""מהו"": 1, ""מאי"": 1, ""אמת"": 1, ""איזה"": 1, ""אתו"": 1, ""מטוב"": 1, ""שור"": 1, ""שבע"": 1, ""תחת"": 1, ""כיון"": 1, ""וגו"": 1, ""איזו"": 1, ""שבעת"": 1, ""טובו"": 1, ""תועבת"": 1, ""תועלת"": 1, ""איזהו"": 1, ""שבעתים"": 1, ""רעההתרגום"": 1, ""מטובו"": 1, ""מהוהתרגום"": 1, ""אתוהתרגום"": 1, ""שורו"": 1, ""תועלתו"": 1, ""וגוהתרגום"": 1, ""תועבתה"": 1, ""מטובוהתרגום"": 1, ""תועלתוהתרגום"": 1, ""איזהוהתרגום"": 1, ""רעההמשטרה"": 1, ""מהוהמשטרה"": 1, ""אתוהמשטרה"": 1, ""רעההמשנה"": 1, ""מהוהמשנה"": 1, ""וגוהמשטרה"": 1, ""אתוהמשנה"": 1, ""וגוהמשנה"": 1, ""מטובוהמשטרה"": 1, ""מטובוהמשנה"": 1, ""תועלתוהמשטרה"": 1, ""איזהוהמשטרה"": 1, ""איזהוהמשנה"": 1}","{""את"": [""את""], ""מה"": [""מה""], ""כי"": [""כי""], ""טוב"": [""טוב""], ""ולא"": [""ולא""], ""מי"": [""מי""], ""רע"": [""רע""], ""רעה"": [""רעה""], ""מהו"": [""מהו""], ""מאי"": [""מאי""], ""אמת"": [""אמת""], ""איזה"": [""איזה""], ""אתו"": [""אתו""], ""מטוב"": [""מטוב""], ""שור"": [""שור""], ""שבע"": [""שבע""], ""תחת"": [""תחת""], ""כיון"": [""כיון""], ""וגו"": [""וגו""], ""איזו"": [""איזו""], ""שבעת"": [""שבעת""], ""טובו"": [""טובו""], ""תועבת"": [""תועבת""], ""תועלת"": [""תועלת""], ""איזהו"": [""איזהו""], ""שבעתים"": [""שבעתים""], ""רעההתרגום"": [""רעההתרגום""], ""מטובו"": [""מטובו""], ""מהוהתרגום"": [""מהוהתרגום""], ""אתוהתרגום"": [""אתוהתרגום""], ""שורו"": [""שורו""], ""תועלתו"": [""תועלתו""], ""וגוהתרגום"": [""וגוהתרגום""], ""תועבתה"": [""תועבתה""], ""מטובוהתרגום"": [""מטובוהתרגום""], ""תועלתוהתרגום"": [""תועלתוהתרגום""], ""איזהוהתרגום"": [""איזהוהתרגום""], ""רעההמשטרה"": [""רעההמשטרה""], ""מהוהמשטרה"": [""מהוהמשטרה""], ""אתוהמשטרה"": [""אתוהמשטרה""], ""רעההמשנה"": [""רעההמשנה""], ""מהוהמשנה"": [""מהוהמשנה""], ""וגוהמשטרה"": [""וגוהמשטרה""], ""אתוהמשנה"": [""אתוהמשנה""], ""וגוהמשנה"": [""וגוהמשנה""], ""מטובוהמשטרה"": [""מטובוהמשטרה""], ""מטובוהמשנה"": [""מטובוהמשנה""], ""תועלתוהמשטרה"": [""תועלתוהמשטרה""], ""איזהוהמשטרה"": [""איזהוהמשטרה""], ""איזהוהמשנה"": [""איזהוהמשנה""]}",את,0.068544,מה,0.06049,כי,0.046379,טוב,0.02948,ולא,0.020905,מי,0.017331,רע,0.012747,רעה,0.005656,מהו,0.005076,מאי,0.003444,אמת,0.002802,איזה,0.002492,אתו,0.00244,מטוב,0.002258,שור,0.001961,שבע,0.001652,תחת,0.001198,כיון,0.000928,וגו,0.000888,איזו,0.00076,שבעת,0.000606,טובו,0.000563,תועבת,0.00034,תועלת,0.000334,איזהו,0.000214,שבעתים,0.000178,רעההתרגום,0.000162,מטובו,0.000123,מהוהתרגום,8.9e-05,אתוהתרגום,7.1e-05,שורו,6.7e-05,תועלתו,6.6e-05,וגוהתרגום,3.6e-05,תועבתה,1.7e-05,מטובוהתרגום,5e-06,תועלתוהתרגום,2e-06,איזהוהתרגום,1e-06,רעההמשטרה,0.0,מהוהמשטרה,0.0,אתוהמשטרה,0.0,רעההמשנה,0.0,מהוהמשנה,0.0,וגוהמשטרה,0.0,אתוהמשנה,0.0,וגוהמשנה,0.0,מטובוהמשטרה,0.0,מטובוהמשנה,0.0,תועלתוהמשטרה,0.0,איזהוהמשטרה,0.0,איזהוהמשנה,0.0,VERB,True,כי,כי,True,True,False,True,True,True,False,,,,False,False
Midrash_Aggadic_Midrash_Pesikta_DRav_Kahanna__10_1,pesikta_drk,10,חסר,11.275,0.8535,0.5252,0.1884,50,-1,False,"{""טוב"": 1, ""לא"": 1, ""כל"": 1, ""רעה"": 1, ""רע"": 1, ""עין"": 1, ""נפל"": 1, ""הון"": 1, ""עת"": 1, ""יביא"": 1, ""יבא"": 1, ""חטא"": 1, ""בידו"": 1, ""ה"": 1, ""בלב"": 1, ""מחר"": 1, ""עתיד"": 1, ""אבד"": 1, ""רעהו"": 1, ""חטאת"": 1, ""מות"": 1, ""אכל"": 1, ""נגף"": 1, ""בלבו"": 1, ""יביאו"": 1, ""נגלה"": 1, ""חטאה"": 1, ""חטאתו"": 1, ""אבדה"": 1, ""אבדהו"": 1, ""אכלת"": 1, ""מחרת"": 1, ""חטאהו"": 1, ""עתידים"": 1, ""מותי"": 1, ""כלהון"": 1, ""יבאהתרגום"": 1, ""חטאתוהתרגום"": 1, ""כלטוב"": 1, ""כלהכסף"": 1, ""אבדהוהתרגום"": 1, ""אכלתך"": 1, ""נגלההתרגום"": 1, ""מחרתך"": 1, ""יבאהמשטרה"": 1, ""אבדהוהאם"": 1, ""חטאתוהמשטרה"": 1, ""יבאהמשנה"": 1, ""נגלההאשה"": 1, ""נגלההאוצר"": 1}","{""טוב"": [""טוב""], ""לא"": [""לא""], ""כל"": [""כל""], ""רעה"": [""רעה""], ""רע"": [""רע""], ""עין"": [""עין""], ""נפל"": [""נפל""], ""הון"": [""הון""], ""עת"": [""עת""], ""יביא"": [""יביא""], ""יבא"": [""יבא""], ""חטא"": [""חטא""], ""בידו"": [""בידו""], ""ה"": [""ה""], ""בלב"": [""בלב""], ""מחר"": [""מחר""], ""עתיד"": [""עתיד""], ""אבד"": [""אבד""], ""רעהו"": [""רעהו""], ""חטאת"": [""חטאת""], ""מות"": [""מות""], ""אכל"": [""אכל""], ""נגף"": [""נגף""], ""בלבו"": [""בלבו""], ""יביאו"": [""יביאו""], ""נגלה"": [""נגלה""], ""חטאה"": [""חטאה""], ""חטאתו"": [""חטאתו""], ""אבדה"": [""אבדה""], ""אבדהו"": [""אבדהו""], ""אכלת"": [""אכלת""], ""מחרת"": [""מחרת""], ""חטאהו"": [""חטאהו""], ""עתידים"": [""עתידים""], ""מותי"": [""מותי""], ""כלהון"": [""כלהון""], ""יבאהתרגום"": [""יבאהתרגום""], ""חטאתוהתרגום"": [""חטאתוהתרגום""], ""כלטוב"": [""כלטוב""], ""כלהכסף"": [""כלהכסף""], ""אבדהוהתרגום"": [""אבדהוהתרגום""], ""אכלתך"": [""אכלתך""], ""נגלההתרגום"": [""נגלההתרגום""], ""מחרתך"": [""מחרתך""], ""יבאהמשטרה"": [""יבאהמשטרה""], ""אבדהוהאם"": [""אבדהוהאם""], ""חטאתוהמשטרה"": [""חטאתוהמשטרה""], ""יבאהמשנה"": [""יבאהמשנה""], ""נגלההאשה"": [""נגלההאשה""], ""נגלההאוצר"": [""נגלההאוצר""]}",טוב,0.031839,לא,0.027662,כל,0.023294,רעה,0.013646,רע,0.013021,עין,0.0111,נפל,0.007587,הון,0.007117,עת,0.006733,יביא,0.006006,יבא,0.005642,חטא,0.005399,בידו,0.003925,ה,0.003415,בלב,0.002574,מחר,0.002485,עתיד,0.002398,אבד,0.00202,רעהו,0.002015,חטאת,0.001654,מות,0.001484,אכל,0.001389,נגף,0.001351,בלבו,0.001155,יביאו,0.000841,נגלה,0.000648,חטאה,0.000608,חטאתו,0.000478,אבדה,0.000278,אבדהו,0.000133,אכלת,0.000131,מחרת,9.8e-05,חטאהו,7.8e-05,עתידים,5.8e-05,מותי,3.9e-05,כלהון,2.3e-05,יבאהתרגום,1.5e-05,חטאתוהתרגום,1.1e-05,כלטוב,9e-06,כלהכסף,9e-06,אבדהוהתרגום,7e-06,אכלתך,7e-06,נגלההתרגום,4e-06,מחרתך,3e-06,יבאהמשטרה,0.0,אבדהוהאם,0.0,חטאתוהמשטרה,0.0,יבאהמשנה,0.0,נגלההאשה,0.0,נגלההאוצר,0.0,NUM,True,חסר,חסר,False,False,False,True,True,True,False,,,,False,False
Midrash_Aggadic_Midrash_Pesikta_DRav_Kahanna__10_1,pesikta_drk,11,יבאנו,18.3147,0.827,0.5799,0.2754,50,-1,False,"{""לו"": 1, ""הוא"": 1, ""כל"": 1, ""ממנו"": 1, ""רע"": 1, ""לב"": 1, ""ידו"": 1, ""יד"": 1, ""מזון"": 1, ""אב"": 1, ""רעב"": 1, ""לוהתרגום"": 1, ""חמש"": 1, ""כלהתרגום"": 1, ""רוח"": 1, ""הואהתרגום"": 1, ""ואו"": 1, ""מזונו"": 1, ""אביו"": 1, ""ואב"": 1, ""ממנוהתרגום"": 1, ""חמשה"": 1, ""וגו"": 1, ""חסרו"": 1, ""אבר"": 1, ""ידוהתרגום"": 1, ""ידך"": 1, ""רעבון"": 1, ""ואויב"": 1, ""רוחי"": 1, ""ואבידה"": 1, ""מזונוהתרגום"": 1, ""ואויבי"": 1, ""וגוהתרגום"": 1, ""אביוהתרגום"": 1, ""חסרוהתרגום"": 1, ""חמשההתרגום"": 1, ""לוהאם"": 1, ""כלהאם"": 1, ""הואהמשטרה"": 1, ""ואבידההתרגום"": 1, ""ממנוהמשטרה"": 1, ""ידוהמשטרה"": 1, ""הואהמשנה"": 1, ""ממנוהמשנה"": 1, ""ידוהמשנה"": 1, ""מזונוהאם"": 1, ""וגוהאם"": 1, ""אביוהאם"": 1, ""ואבידההאם"": 1}","{""לו"": [""לו""], ""הוא"": [""הוא""], ""כל"": [""כל""], ""ממנו"": [""ממנו""], ""רע"": [""רע""], ""לב"": [""לב""], ""ידו"": [""ידו""], ""יד"": [""יד""], ""מזון"": [""מזון""], ""אב"": [""אב""], ""רעב"": [""רעב""], ""לוהתרגום"": [""לוהתרגום""], ""חמש"": [""חמש""], ""כלהתרגום"": [""כלהתרגום""], ""רוח"": [""רוח""], ""הואהתרגום"": [""הואהתרגום""], ""ואו"": [""ואו""], ""מזונו"": [""מזונו""], ""אביו"": [""אביו""], ""ואב"": [""ואב""], ""ממנוהתרגום"": [""ממנוהתרגום""], ""חמשה"": [""חמשה""], ""וגו"": [""וגו""], ""חסרו"": [""חסרו""], ""אבר"": [""אבר""], ""ידוהתרגום"": [""ידוהתרגום""], ""ידך"": [""ידך""], ""רעבון"": [""רעבון""], ""ואויב"": [""ואויב""], ""רוחי"": [""רוחי""], ""ואבידה"": [""ואבידה""], ""מזונוהתרגום"": [""מזונוהתרגום""], ""ואויבי"": [""ואויבי""], ""וגוהתרגום"": [""וגוהתרגום""], ""אביוהתרגום"": [""אביוהתרגום""], ""חסרוהתרגום"": [""חסרוהתרגום""], ""חמשההתרגום"": [""חמשההתרגום""], ""לוהאם"": [""לוהאם""], ""כלהאם"": [""כלהאם""], ""הואהמשטרה"": [""הואהמשטרה""], ""ואבידההתרגום"": [""ואבידההתרגום""], ""ממנוהמשטרה"": [""ממנוהמשטרה""], ""ידוהמשטרה"": [""ידוהמשטרה""], ""הואהמשנה"": [""הואהמשנה""], ""ממנוהמשנה"": [""ממנוהמשנה""], ""ידוהמשנה"": [""ידוהמשנה""], ""מזונוהאם"": [""מזונוהאם""], ""וגוהאם"": [""וגוהאם""], ""אביוהאם"": [""אביוהאם""], ""ואבידההאם"": [""ואבידההאם""]}",לו,0.068085,הוא,0.043278,כל,0.042607,ממנו,0.021761,רע,0.018141,לב,0.016948,ידו,0.016551,יד,0.008722,מזון,0.00398,אב,0.003928,רעב,0.003794,לוהתרגום,0.00274,חמש,0.002271,כלהתרגום,0.00214,רוח,0.0021,הואהתרגום,0.002002,ואו,0.001801,מזונו,0.001739,אביו,0.001613,ואב,0.001541,ממנוהתרגום,0.001408,חמשה,0.001328,וגו,0.001099,חסרו,0.001083,אבר,0.000948,ידוהתרגום,0.000846,ידך,0.000789,רעבון,0.000666,ואויב,0.000652,רוחי,0.000274,ואבידה,0.000271,מזונוהתרגום,8.4e-05,ואויבי,4.4e-05,וגוהתרגום,3.7e-05,אביוהתרגום,3.3e-05,חסרוהתרגום,3e-05,חמשההתרגום,2.5e-05,לוהאם,1.2e-05,כלהאם,1e-05,הואהמשטרה,5e-06,ואבידההתרגום,4e-06,ממנוהמשטרה,3e-06,ידוהמשטרה,2e-06,הואהמשנה,2e-06,ממנוהמשנה,1e-06,ידוהמשנה,1e-06,מזונוהאם,0.0,וגוהאם,0.0,אביוהאם,0.0,ואבידההאם,0.0,X,True,יבאנו,הביא,False,False,False,True,True,True,False,,,,False,False
Midrash_Aggadic_Midrash_Pesikta_DRav_Kahanna__10_1,pesikta_drk,12,ר',5.461,0.7746,0.3559,0.1151,50,-1,False,"{""אל"": 1, ""על"": 1, ""רע"": 1, ""ביד"": 1, ""עלינו"": 1, ""ה"": 1, ""חסר"": 1, ""רעה"": 1, ""עוני"": 1, ""בידו"": 1, ""הון"": 1, ""עתה"": 1, ""בידנו"": 1, ""חטאת"": 1, ""נא"": 1, ""נביא"": 1, ""וגו"": 1, ""אלוקים"": 1, ""חטאתו"": 1, ""חסרון"": 1, ""נביאנו"": 1, ""עלינוהתרגום"": 1, ""בידוהתרגום"": 1, ""רעההתרגום"": 1, ""נאכל"": 1, ""בידנוהתרגום"": 1, ""ההתרגום"": 1, ""עוניהתרגום"": 1, ""אלוקי"": 1, ""וגוהתרגום"": 1, ""חטאתוהתרגום"": 1, ""נאכלו"": 1, ""נביאנוהתרגום"": 1, ""עלינוהמשטרה"": 1, ""רעההמשטרה"": 1, ""עוניהאם"": 1, ""בידנוהמשטרה"": 1, ""אלוקיהתרגום"": 1, ""ההמשטרה"": 1, ""וגוהאם"": 1, ""עלינוהמשנה"": 1, ""רעההמשנה"": 1, ""בידנוהמשנה"": 1, ""ההמשנה"": 1, ""חטאתוהמשטרה"": 1, ""חטאתוהמשנה"": 1, ""נביאנוהמשטרה"": 1, ""נביאנוהמשנה"": 1, ""אלוקיהמשטרה"": 1, ""אלוקיהמשנה"": 1}","{""אל"": [""אל""], ""על"": [""על""], ""רע"": [""רע""], ""ביד"": [""ביד""], ""עלינו"": [""עלינו""], ""ה"": [""ה""], ""חסר"": [""חסר""], ""רעה"": [""רעה""], ""עוני"": [""עוני""], ""בידו"": [""בידו""], ""הון"": [""הון""], ""עתה"": [""עתה""], ""בידנו"": [""בידנו""], ""חטאת"": [""חטאת""], ""נא"": [""נא""], ""נביא"": [""נביא""], ""וגו"": [""וגו""], ""אלוקים"": [""אלוקים""], ""חטאתו"": [""חטאתו""], ""חסרון"": [""חסרון""], ""נביאנו"": [""נביאנו""], ""עלינוהתרגום"": [""עלינוהתרגום""], ""בידוהתרגום"": [""בידוהתרגום""], ""רעההתרגום"": [""רעההתרגום""], ""נאכל"": [""נאכל""], ""בידנוהתרגום"": [""בידנוהתרגום""], ""ההתרגום"": [""ההתרגום""], ""עוניהתרגום"": [""עוניהתרגום""], ""אלוקי"": [""אלוקי""], ""וגוהתרגום"": [""וגוהתרגום""], ""חטאתוהתרגום"": [""חטאתוהתרגום""], ""נאכלו"": [""נאכלו""], ""נביאנוהתרגום"": [""נביאנוהתרגום""], ""עלינוהמשטרה"": [""עלינוהמשטרה""], ""רעההמשטרה"": [""רעההמשטרה""], ""עוניהאם"": [""עוניהאם""], ""בידנוהמשטרה"": [""בידנוהמשטרה""], ""אלוקיהתרגום"": [""אלוקיהתרגום""], ""ההמשטרה"": [""ההמשטרה""], ""וגוהאם"": [""וגוהאם""], ""עלינוהמשנה"": [""עלינוהמשנה""], ""רעההמשנה"": [""רעההמשנה""], ""בידנוהמשנה"": [""בידנוהמשנה""], ""ההמשנה"": [""ההמשנה""], ""חטאתוהמשטרה"": [""חטאתוהמשטרה""], ""חטאתוהמשנה"": [""חטאתוהמשנה""], ""נביאנוהמשטרה"": [""נביאנוהמשטרה""], ""נביאנוהמשנה"": [""נביאנוהמשנה""], ""אלוקיהמשטרה"": [""אלוקיהמשטרה""], ""אלוקיהמשנה"": [""אלוקיהמשנה""]}",אל,0.033033,על,0.021328,רע,0.01669,ביד,0.006041,עלינו,0.005671,ה,0.005226,חסר,0.003623,רעה,0.003391,עוני,0.003151,בידו,0.003086,הון,0.002112,עתה,0.002034,בידנו,0.00189,חטאת,0.001596,נא,0.001512,נביא,0.001314,וגו,0.001242,אלוקים,0.000384,חטאתו,0.000338,חסרון,0.000228,נביאנו,0.000212,עלינוהתרגום,0.000177,בידוהתרגום,0.000157,רעההתרגום,0.000145,נאכל,0.000109,בידנוהתרגום,9.9e-05,ההתרגום,8e-05,עוניהתרגום,7.2e-05,אלוקי,5.5e-05,וגוהתרגום,4e-05,חטאתוהתרגום,1.5e-05,נאכלו,1.4e-05,נביאנוהתרגום,4e-06,עלינוהמשטרה,0.0,רעההמשטרה,0.0,עוניהאם,0.0,בידנוהמשטרה,0.0,אלוקיהתרגום,0.0,ההמשטרה,0.0,וגוהאם,0.0,עלינוהמשנה,0.0,רעההמשנה,0.0,בידנוהמשנה,0.0,ההמשנה,0.0,חטאתוהמשטרה,0.0,חטאתוהמשנה,0.0,נביאנוהמשטרה,0.0,נביאנוהמשנה,0.0,אלוקיהמשטרה,0.0,אלוקיהמשנה,0.0,SYM,True,ר,ר,False,False,False,True,True,True,False,,,,False,False
Midrash_Aggadic_Midrash_Pesikta_DRav_Kahanna__10_1,pesikta_drk,13,חנינה,18.1355,0.8291,0.4544,0.3501,50,-1,False,"{""ע"": 1, ""ו"": 1, ""ב"": 1, ""ה"": 1, ""א"": 1, ""י"": 1, ""ש"": 1, ""נ"": 1, ""מ"": 1, ""צ"": 1, ""רע"": 1, ""ל"": 1, ""ת"": 1, ""עין"": 1, ""חסר"": 1, ""וע"": 1, ""אב"": 1, ""רעה"": 1, ""ית"": 1, ""נפש"": 1, ""צו"": 1, ""שמים"": 1, ""ביע"": 1, ""חסרון"": 1, ""אביו"": 1, ""וענ"": 1, ""תחת"": 1, ""חסרו"": 1, ""נפשו"": 1, ""לילה"": 1, ""יתנו"": 1, ""רעהו"": 1, ""מזון"": 1, ""ביער"": 1, ""מזב"": 1, ""ועננו"": 1, ""צוות"": 1, ""תחתינו"": 1, ""מזבחי"": 1, ""חסרוהתרגום"": 1, ""נפשוהתרגום"": 1, ""צוותה"": 1, ""צוותהו"": 1, ""ועננוהתרגום"": 1, ""תחתינוהתרגום"": 1, ""חסרוהמשטרה"": 1, ""נפשוהמשטרה"": 1, ""ועננוהאם"": 1, ""חסרוהמשנה"": 1, ""נפשוהמשנה"": 1}","{""ע"": [""ע""], ""ו"": [""ו""], ""ב"": [""ב""], ""ה"": [""ה""], ""א"": [""א""], ""י"": [""י""], ""ש"": [""ש""], ""נ"": [""נ""], ""מ"": [""מ""], ""צ"": [""צ""], ""רע"": [""רע""], ""ל"": [""ל""], ""ת"": [""ת""], ""עין"": [""עין""], ""חסר"": [""חסר""], ""וע"": [""וע""], ""אב"": [""אב""], ""רעה"": [""רעה""], ""ית"": [""ית""], ""נפש"": [""נפש""], ""צו"": [""צו""], ""שמים"": [""שמים""], ""ביע"": [""ביע""], ""חסרון"": [""חסרון""], ""אביו"": [""אביו""], ""וענ"": [""וענ""], ""תחת"": [""תחת""], ""חסרו"": [""חסרו""], ""נפשו"": [""נפשו""], ""לילה"": [""לילה""], ""יתנו"": [""יתנו""], ""רעהו"": [""רעהו""], ""מזון"": [""מזון""], ""ביער"": [""ביער""], ""מזב"": [""מזב""], ""ועננו"": [""ועננו""], ""צוות"": [""צוות""], ""תחתינו"": [""תחתינו""], ""מזבחי"": [""מזבחי""], ""חסרוהתרגום"": [""חסרוהתרגום""], ""נפשוהתרגום"": [""נפשוהתרגום""], ""צוותה"": [""צוותה""], ""צוותהו"": [""צוותהו""], ""ועננוהתרגום"": [""ועננוהתרגום""], ""תחתינוהתרגום"": [""תחתינוהתרגום""], ""חסרוהמשטרה"": [""חסרוהמשטרה""], ""נפשוהמשטרה"": [""נפשוהמשטרה""], ""ועננוהאם"": [""ועננוהאם""], ""חסרוהמשנה"": [""חסרוהמשנה""], ""נפשוהמשנה"": [""נפשוהמשנה""]}",ע,0.057928,ו,0.04878,ב,0.030526,ה,0.027363,א,0.023405,י,0.022685,ש,0.018806,נ,0.018515,מ,0.015837,צ,0.013976,רע,0.013628,ל,0.013546,ת,0.012725,עין,0.006533,חסר,0.00531,וע,0.004146,אב,0.002252,רעה,0.002026,ית,0.001746,נפש,0.001394,צו,0.001246,שמים,0.001135,ביע,0.00113,חסרון,0.000816,אביו,0.000807,וענ,0.00065,תחת,0.000614,חסרו,0.000552,נפשו,0.00037,לילה,0.000367,יתנו,0.000249,רעהו,0.000223,מזון,0.000214,ביער,0.000201,מזב,0.00013,ועננו,0.000104,צוות,5.8e-05,תחתינו,2.5e-05,מזבחי,1.6e-05,חסרוהתרגום,1.2e-05,נפשוהתרגום,1e-05,צוותה,8e-06,צוותהו,3e-06,ועננוהתרגום,3e-06,תחתינוהתרגום,1e-06,חסרוהמשטרה,0.0,נפשוהמשטרה,0.0,ועננוהאם,0.0,חסרוהמשנה,0.0,נפשוהמשנה,0.0,ADP,False,חנינה,חנינה,False,False,False,True,True,True,False,,,,False,False
Midrash_Aggadic_Midrash_Pesikta_DRav_Kahanna__10_1,pesikta_drk,14,פתר,12.8175,0.8346,0.751,0.1684,50,-1,False,"{""ו"": 1, ""ל"": 1, ""מ"": 1, ""על"": 1, ""רע"": 1, ""ביד"": 1, ""חסד"": 1, ""עין"": 1, ""ית"": 1, ""בידו"": 1, ""עת"": 1, ""נא"": 1, ""אב"": 1, ""חנינה"": 1, ""ורחמים"": 1, ""מפי"": 1, ""רחמים"": 1, ""ורחמ"": 1, ""בידך"": 1, ""רעב"": 1, ""אביו"": 1, ""ורחמיו"": 1, ""נפשו"": 1, ""נפשי"": 1, ""אדוני"": 1, ""עתיד"": 1, ""לארץ"": 1, ""יתנו"": 1, ""חנינא"": 1, ""ידך"": 1, ""לארצנו"": 1, ""בידוהתרגום"": 1, ""רעבון"": 1, ""עתידים"": 1, ""לארצינו"": 1, ""מפיו"": 1, ""אדוניי"": 1, ""נפשוהתרגום"": 1, ""לארצנוהתרגום"": 1, ""מפיוהתרגום"": 1, ""אדונייהתרגום"": 1, ""בידוהמשטרה"": 1, ""בידוהמשנה"": 1, ""נפשוהמשטרה"": 1, ""לארצנוהאם"": 1, ""נפשוהמשנה"": 1, ""מפיוהמשטרה"": 1, ""אדונייהמשטרה"": 1, ""מפיוהמשנה"": 1, ""אדונייהמשנה"": 1}","{""ו"": [""ו""], ""ל"": [""ל""], ""מ"": [""מ""], ""על"": [""על""], ""רע"": [""רע""], ""ביד"": [""ביד""], ""חסד"": [""חסד""], ""עין"": [""עין""], ""ית"": [""ית""], ""בידו"": [""בידו""], ""עת"": [""עת""], ""נא"": [""נא""], ""אב"": [""אב""], ""חנינה"": [""חנינה""], ""ורחמים"": [""ורחמים""], ""מפי"": [""מפי""], ""רחמים"": [""רחמים""], ""ורחמ"": [""ורחמ""], ""בידך"": [""בידך""], ""רעב"": [""רעב""], ""אביו"": [""אביו""], ""ורחמיו"": [""ורחמיו""], ""נפשו"": [""נפשו""], ""נפשי"": [""נפשי""], ""אדוני"": [""אדוני""], ""עתיד"": [""עתיד""], ""לארץ"": [""לארץ""], ""יתנו"": [""יתנו""], ""חנינא"": [""חנינא""], ""ידך"": [""ידך""], ""לארצנו"": [""לארצנו""], ""בידוהתרגום"": [""בידוהתרגום""], ""רעבון"": [""רעבון""], ""עתידים"": [""עתידים""], ""לארצינו"": [""לארצינו""], ""מפיו"": [""מפיו""], ""אדוניי"": [""אדוניי""], ""נפשוהתרגום"": [""נפשוהתרגום""], ""לארצנוהתרגום"": [""לארצנוהתרגום""], ""מפיוהתרגום"": [""מפיוהתרגום""], ""אדונייהתרגום"": [""אדונייהתרגום""], ""בידוהמשטרה"": [""בידוהמשטרה""], ""בידוהמשנה"": [""בידוהמשנה""], ""נפשוהמשטרה"": [""נפשוהמשטרה""], ""לארצנוהאם"": [""לארצנוהאם""], ""נפשוהמשנה"": [""נפשוהמשנה""], ""מפיוהמשטרה"": [""מפיוהמשטרה""], ""אדונייהמשטרה"": [""אדונייהמשטרה""], ""מפיוהמשנה"": [""מפיוהמשנה""], ""אדונייהמשנה"": [""אדונייהמשנה""]}",ו,0.081624,ל,0.0185,מ,0.0185,על,0.016326,רע,0.005173,ביד,0.003,חסד,0.00265,עין,0.002134,ית,0.002058,בידו,0.001848,עת,0.001741,נא,0.00167,אב,0.001645,חנינה,0.001526,ורחמים,0.001458,מפי,0.001294,רחמים,0.001287,ורחמ,0.001136,בידך,0.000779,רעב,0.000563,אביו,0.000539,ורחמיו,0.000453,נפשו,0.000432,נפשי,0.000399,אדוני,0.000319,עתיד,0.000316,לארץ,0.00024,יתנו,0.000202,חנינא,0.000146,ידך,0.000105,לארצנו,8.7e-05,בידוהתרגום,6.8e-05,רעבון,5.3e-05,עתידים,3.4e-05,לארצינו,3.3e-05,מפיו,2.8e-05,אדוניי,1.6e-05,נפשוהתרגום,1.1e-05,לארצנוהתרגום,3e-06,מפיוהתרגום,1e-06,אדונייהתרגום,0.0,בידוהמשטרה,0.0,בידוהמשנה,0.0,נפשוהמשטרה,0.0,לארצנוהאם,0.0,נפשוהמשנה,0.0,מפיוהמשטרה,0.0,אדונייהמשטרה,0.0,מפיוהמשנה,0.0,אדונייהמשנה,0.0,SYM,True,פתר,פתר,False,False,False,True,True,True,False,,,,False,False
Midrash_Aggadic_Midrash_Pesikta_DRav_Kahanna__10_1,pesikta_drk,15,קרייה,20.2741,0.8562,0.4356,0.2862,50,-1,False,"{""ש"": 1, ""ת"": 1, ""את"": 1, ""ב"": 1, ""ה"": 1, ""ו"": 1, ""י"": 1, ""ל"": 1, ""מ"": 1, ""שאל"": 1, ""רע"": 1, ""פתר"": 1, ""פתרון"": 1, ""חן"": 1, ""חלומות"": 1, ""שאלת"": 1, ""נפש"": 1, ""עון"": 1, ""רמז"": 1, ""עני"": 1, ""חלום"": 1, ""נא"": 1, ""בעיה"": 1, ""פשע"": 1, ""אתו"": 1, ""בעיות"": 1, ""נפשו"": 1, ""רעב"": 1, ""תעלומה"": 1, ""ית"": 1, ""שאלתא"": 1, ""רמזי"": 1, ""מזימות"": 1, ""תעלומות"": 1, ""עניי"": 1, ""רעבון"": 1, ""פשענו"": 1, ""לבעיה"": 1, ""מזונות"": 1, ""לבער"": 1, ""בדיל"": 1, ""בדעת"": 1, ""יתנו"": 1, ""נאנו"": 1, ""וענין"": 1, ""מזונותיו"": 1, ""וענוה"": 1, ""בדעתו"": 1, ""וענו"": 1, ""מזימותיו"": 1}","{""ש"": [""ש""], ""ת"": [""ת""], ""את"": [""את""], ""ב"": [""ב""], ""ה"": [""ה""], ""ו"": [""ו""], ""י"": [""י""], ""ל"": [""ל""], ""מ"": [""מ""], ""שאל"": [""שאל""], ""רע"": [""רע""], ""פתר"": [""פתר""], ""פתרון"": [""פתרון""], ""חן"": [""חן""], ""חלומות"": [""חלומות""], ""שאלת"": [""שאלת""], ""נפש"": [""נפש""], ""עון"": [""עון""], ""רמז"": [""רמז""], ""עני"": [""עני""], ""חלום"": [""חלום""], ""נא"": [""נא""], ""בעיה"": [""בעיה""], ""פשע"": [""פשע""], ""אתו"": [""אתו""], ""בעיות"": [""בעיות""], ""נפשו"": [""נפשו""], ""רעב"": [""רעב""], ""תעלומה"": [""תעלומה""], ""ית"": [""ית""], ""שאלתא"": [""שאלתא""], ""רמזי"": [""רמזי""], ""מזימות"": [""מזימות""], ""תעלומות"": [""תעלומות""], ""עניי"": [""עניי""], ""רעבון"": [""רעבון""], ""פשענו"": [""פשענו""], ""לבעיה"": [""לבעיה""], ""מזונות"": [""מזונות""], ""לבער"": [""לבער""], ""בדיל"": [""בדיל""], ""בדעת"": [""בדעת""], ""יתנו"": [""יתנו""], ""נאנו"": [""נאנו""], ""וענין"": [""וענין""], ""מזונותיו"": [""מזונותיו""], ""וענוה"": [""וענוה""], ""בדעתו"": [""בדעתו""], ""וענו"": [""וענו""], ""מזימותיו"": [""מזימותיו""]}",ש,0.028774,ת,0.027457,את,0.024231,ב,0.021052,ה,0.020088,ו,0.019168,י,0.017182,ל,0.016916,מ,0.015402,שאל,0.012895,רע,0.012215,פתר,0.010084,פתרון,0.00783,חן,0.00708,חלומות,0.00704,שאלת,0.00487,נפש,0.004034,עון,0.003457,רמז,0.002856,עני,0.002735,חלום,0.00255,נא,0.002409,בעיה,0.002392,פשע,0.001757,אתו,0.001608,בעיות,0.00152,נפשו,0.001252,רעב,0.001031,תעלומה,0.001011,ית,0.000894,שאלתא,0.000782,רמזי,0.000515,מזימות,0.000444,תעלומות,0.000442,עניי,0.000396,רעבון,0.00029,פשענו,0.000273,לבעיה,0.000256,מזונות,0.000203,לבער,0.00016,בדיל,0.000123,בדעת,0.000121,יתנו,7.7e-05,נאנו,7.3e-05,וענין,5.3e-05,מזונותיו,4.4e-05,וענוה,4.1e-05,בדעתו,3.7e-05,וענו,3e-05,מזימותיו,2.1e-05,VERB,True,קרייה,[BLANK],True,False,True,True,True,True,True,9.0,28.0,-19.0,True,False
Midrash_Aggadic_Midrash_Pesikta_DRav_Kahanna__10_1,pesikta_drk,16,בעפרו',18.8564,0.9105,0.8384,0.1065,50,-1,False,"{""ו"": 1, ""ש"": 1, ""פתר"": 1, ""רע"": 1, ""ראה"": 1, ""פתרון"": 1, ""ית"": 1, ""שמע"": 1, ""קרי"": 1, ""עת"": 1, ""חסר"": 1, ""עני"": 1, ""אב"": 1, ""בתר"": 1, ""מאי"": 1, ""דוד"": 1, ""רעב"": 1, ""חנינה"": 1, ""איה"": 1, ""עתיד"": 1, ""מזמור"": 1, ""איהו"": 1, ""דרבי"": 1, ""דר"": 1, ""קרייה"": 1, ""קדוש"": 1, ""שמעון"": 1, ""חסרה"": 1, ""בתרי"": 1, ""תרומה"": 1, ""רעבון"": 1, ""עניי"": 1, ""פלוני"": 1, ""מזונות"": 1, ""תקון"": 1, ""אביו"": 1, ""ראהו"": 1, ""קדושה"": 1, ""בדיל"": 1, ""ותני"": 1, ""עתידים"": 1, ""קרייהו"": 1, ""מזונותיו"": 1, ""בדילוג"": 1, ""ותתפל"": 1, ""ותתפלל"": 1, ""בדילוגים"": 1, ""ותתעטף"": 1, ""ותתפללנה"": 1, ""ותתפללנהו"": 1}","{""ו"": [""ו""], ""ש"": [""ש""], ""פתר"": [""פתר""], ""רע"": [""רע""], ""ראה"": [""ראה""], ""פתרון"": [""פתרון""], ""ית"": [""ית""], ""שמע"": [""שמע""], ""קרי"": [""קרי""], ""עת"": [""עת""], ""חסר"": [""חסר""], ""עני"": [""עני""], ""אב"": [""אב""], ""בתר"": [""בתר""], ""מאי"": [""מאי""], ""דוד"": [""דוד""], ""רעב"": [""רעב""], ""חנינה"": [""חנינה""], ""איה"": [""איה""], ""עתיד"": [""עתיד""], ""מזמור"": [""מזמור""], ""איהו"": [""איהו""], ""דרבי"": [""דרבי""], ""דר"": [""דר""], ""קרייה"": [""קרייה""], ""קדוש"": [""קדוש""], ""שמעון"": [""שמעון""], ""חסרה"": [""חסרה""], ""בתרי"": [""בתרי""], ""תרומה"": [""תרומה""], ""רעבון"": [""רעבון""], ""עניי"": [""עניי""], ""פלוני"": [""פלוני""], ""מזונות"": [""מזונות""], ""תקון"": [""תקון""], ""אביו"": [""אביו""], ""ראהו"": [""ראהו""], ""קדושה"": [""קדושה""], ""בדיל"": [""בדיל""], ""ותני"": [""ותני""], ""עתידים"": [""עתידים""], ""קרייהו"": [""קרייהו""], ""מזונותיו"": [""מזונותיו""], ""בדילוג"": [""בדילוג""], ""ותתפל"": [""ותתפל""], ""ותתפלל"": [""ותתפלל""], ""בדילוגים"": [""בדילוגים""], ""ותתעטף"": [""ותתעטף""], ""ותתפללנה"": [""ותתפללנה""], ""ותתפללנהו"": [""ותתפללנהו""]}",ו,0.041602,ש,0.022618,פתר,0.010721,רע,0.004953,ראה,0.003198,פתרון,0.002401,ית,0.001752,שמע,0.001717,קרי,0.00166,עת,0.001617,חסר,0.001609,עני,0.00124,אב,0.001073,בתר,0.001056,מאי,0.00093,דוד,0.000902,רעב,0.000725,חנינה,0.000698,איה,0.000661,עתיד,0.000609,מזמור,0.000512,איהו,0.000472,דרבי,0.000468,דר,0.000348,קרייה,0.000347,קדוש,0.000321,שמעון,0.000307,חסרה,0.000266,בתרי,0.0002,תרומה,0.000189,רעבון,0.000173,עניי,0.000155,פלוני,0.000149,מזונות,0.000147,תקון,0.000122,אביו,0.000112,ראהו,9.9e-05,קדושה,9.1e-05,בדיל,8.1e-05,ותני,6.2e-05,עתידים,6e-05,קרייהו,2.5e-05,מזונותיו,2e-05,בדילוג,6e-06,ותתפל,3e-06,ותתפלל,3e-06,בדילוגים,1e-06,ותתעטף,1e-06,ותתפללנה,0.0,ותתפללנהו,0.0,VERB,True,בעפרו,עפר,True,False,True,True,True,True,True,14.0,3.0,11.0,False,True
Midrash_Aggadic_Midrash_Pesikta_DRav_Kahanna__10_1,pesikta_drk,17,דא',11.0842,0.8134,0.4823,0.1257,50,-1,False,"{""ו"": 1, ""של"": 1, ""ש"": 1, ""רע"": 1, ""פתר"": 1, ""ראה"": 1, ""חסר"": 1, ""עת"": 1, ""נבהל"": 1, ""רעב"": 1, ""יבא"": 1, ""שלח"": 1, ""עשה"": 1, ""יבאנו"": 1, ""ביד"": 1, ""מים"": 1, ""פתרו"": 1, ""נפשי"": 1, ""עתיד"": 1, ""חנינה"": 1, ""חנניה"": 1, ""שפתי"": 1, ""ראהו"": 1, ""מזמור"": 1, ""בידיה"": 1, ""תרומה"": 1, ""רעבון"": 1, ""פלוני"": 1, ""חנניהו"": 1, ""שפחה"": 1, ""תקע"": 1, ""שפתיו"": 1, ""יתיר"": 1, ""בידיהו"": 1, ""מזונות"": 1, ""בדד"": 1, ""ותת"": 1, ""שלחן"": 1, ""עתידים"": 1, ""מזונותיו"": 1, ""ותלמוד"": 1, ""יתירא"": 1, ""תקענו"": 1, ""ותתעטף"": 1, ""ותלמודו"": 1, ""מזונותיוהתרגום"": 1, ""ותתעטש"": 1, ""ותתעטשה"": 1, ""מזונותיוהמשטרה"": 1, ""מזונותיוהמשנה"": 1}","{""ו"": [""ו""], ""של"": [""של""], ""ש"": [""ש""], ""רע"": [""רע""], ""פתר"": [""פתר""], ""ראה"": [""ראה""], ""חסר"": [""חסר""], ""עת"": [""עת""], ""נבהל"": [""נבהל""], ""רעב"": [""רעב""], ""יבא"": [""יבא""], ""שלח"": [""שלח""], ""עשה"": [""עשה""], ""יבאנו"": [""יבאנו""], ""ביד"": [""ביד""], ""מים"": [""מים""], ""פתרו"": [""פתרו""], ""נפשי"": [""נפשי""], ""עתיד"": [""עתיד""], ""חנינה"": [""חנינה""], ""חנניה"": [""חנניה""], ""שפתי"": [""שפתי""], ""ראהו"": [""ראהו""], ""מזמור"": [""מזמור""], ""בידיה"": [""בידיה""], ""תרומה"": [""תרומה""], ""רעבון"": [""רעבון""], ""פלוני"": [""פלוני""], ""חנניהו"": [""חנניהו""], ""שפחה"": [""שפחה""], ""תקע"": [""תקע""], ""שפתיו"": [""שפתיו""], ""יתיר"": [""יתיר""], ""בידיהו"": [""בידיהו""], ""מזונות"": [""מזונות""], ""בדד"": [""בדד""], ""ותת"": [""ותת""], ""שלחן"": [""שלחן""], ""עתידים"": [""עתידים""], ""מזונותיו"": [""מזונותיו""], ""ותלמוד"": [""ותלמוד""], ""יתירא"": [""יתירא""], ""תקענו"": [""תקענו""], ""ותתעטף"": [""ותתעטף""], ""ותלמודו"": [""ותלמודו""], ""מזונותיוהתרגום"": [""מזונותיוהתרגום""], ""ותתעטש"": [""ותתעטש""], ""ותתעטשה"": [""ותתעטשה""], ""מזונותיוהמשטרה"": [""מזונותיוהמשטרה""], ""מזונותיוהמשנה"": [""מזונותיוהמשנה""]}",ו,0.047992,של,0.02267,ש,0.021972,רע,0.007425,פתר,0.006751,ראה,0.002732,חסר,0.001934,עת,0.001312,נבהל,0.001309,רעב,0.001154,יבא,0.001071,שלח,0.001016,עשה,0.00099,יבאנו,0.000846,ביד,0.000838,מים,0.000756,פתרו,0.00065,נפשי,0.000595,עתיד,0.000504,חנינה,0.000445,חנניה,0.000325,שפתי,0.000291,ראהו,0.00021,מזמור,0.000193,בידיה,0.000184,תרומה,0.000171,רעבון,0.000164,פלוני,0.000151,חנניהו,0.00014,שפחה,0.000129,תקע,0.000109,שפתיו,0.000102,יתיר,9.8e-05,בידיהו,9.6e-05,מזונות,7.6e-05,בדד,7.4e-05,ותת,6.7e-05,שלחן,5.3e-05,עתידים,5.1e-05,מזונותיו,2.9e-05,ותלמוד,9e-06,יתירא,5e-06,תקענו,5e-06,ותתעטף,2e-06,ותלמודו,2e-06,מזונותיוהתרגום,0.0,ותתעטש,0.0,ותתעטשה,0.0,מזונותיוהמשטרה,0.0,מזונותיוהמשנה,0.0,PRON,False,דא,דא,False,False,False,True,True,True,False,,,,False,False
Midrash_Aggadic_Midrash_Pesikta_DRav_Kahanna__10_1,pesikta_drk,18,ר',4.4977,0.7609,0.3559,0.1148,50,-1,False,"{""ו"": 1, ""ש"": 1, ""רע"": 1, ""דא"": 1, ""קרי"": 1, ""קרייה"": 1, ""ית"": 1, ""שמע"": 1, ""קרא"": 1, ""מאי"": 1, ""רחמנא"": 1, ""ות"": 1, ""רעב"": 1, ""דוד"": 1, ""עבד"": 1, ""עת"": 1, ""חנינה"": 1, ""איה"": 1, ""ביה"": 1, ""איהו"": 1, ""אב"": 1, ""חנניה"": 1, ""עתיד"": 1, ""יתיר"": 1, ""עבדא"": 1, ""ידעי"": 1, ""רעבון"": 1, ""שמעתת"": 1, ""שמעתתא"": 1, ""מזמור"": 1, ""קרייהו"": 1, ""חנניהו"": 1, ""דודא"": 1, ""עתידין"": 1, ""מזון"": 1, ""יתירא"": 1, ""אבוי"": 1, ""שמעתא"": 1, ""ותא"": 1, ""בדיק"": 1, ""קראת"": 1, ""בדידיה"": 1, ""בדיקת"": 1, ""רחמנאהתרגום"": 1, ""קראתנו"": 1, ""ותאנה"": 1, ""בדיקתא"": 1, ""בדידיההתרגום"": 1, ""רחמנאהאם"": 1, ""בדידיההאם"": 1}","{""ו"": [""ו""], ""ש"": [""ש""], ""רע"": [""רע""], ""דא"": [""דא""], ""קרי"": [""קרי""], ""קרייה"": [""קרייה""], ""ית"": [""ית""], ""שמע"": [""שמע""], ""קרא"": [""קרא""], ""מאי"": [""מאי""], ""רחמנא"": [""רחמנא""], ""ות"": [""ות""], ""רעב"": [""רעב""], ""דוד"": [""דוד""], ""עבד"": [""עבד""], ""עת"": [""עת""], ""חנינה"": [""חנינה""], ""איה"": [""איה""], ""ביה"": [""ביה""], ""איהו"": [""איהו""], ""אב"": [""אב""], ""חנניה"": [""חנניה""], ""עתיד"": [""עתיד""], ""יתיר"": [""יתיר""], ""עבדא"": [""עבדא""], ""ידעי"": [""ידעי""], ""רעבון"": [""רעבון""], ""שמעתת"": [""שמעתת""], ""שמעתתא"": [""שמעתתא""], ""מזמור"": [""מזמור""], ""קרייהו"": [""קרייהו""], ""חנניהו"": [""חנניהו""], ""דודא"": [""דודא""], ""עתידין"": [""עתידין""], ""מזון"": [""מזון""], ""יתירא"": [""יתירא""], ""אבוי"": [""אבוי""], ""שמעתא"": [""שמעתא""], ""ותא"": [""ותא""], ""בדיק"": [""בדיק""], ""קראת"": [""קראת""], ""בדידיה"": [""בדידיה""], ""בדיקת"": [""בדיקת""], ""רחמנאהתרגום"": [""רחמנאהתרגום""], ""קראתנו"": [""קראתנו""], ""ותאנה"": [""ותאנה""], ""בדיקתא"": [""בדיקתא""], ""בדידיההתרגום"": [""בדידיההתרגום""], ""רחמנאהאם"": [""רחמנאהאם""], ""בדידיההאם"": [""בדידיההאם""]}",ו,0.035015,ש,0.020265,רע,0.010277,דא,0.009124,קרי,0.007316,קרייה,0.004446,ית,0.00295,שמע,0.002159,קרא,0.002096,מאי,0.002077,רחמנא,0.00202,ות,0.001729,רעב,0.001528,דוד,0.001489,עבד,0.001428,עת,0.001363,חנינה,0.001096,איה,0.001065,ביה,0.001037,איהו,0.000888,אב,0.00087,חנניה,0.000635,עתיד,0.000582,יתיר,0.000483,עבדא,0.000348,ידעי,0.000305,רעבון,0.000234,שמעתת,0.000204,שמעתתא,0.000193,מזמור,0.00018,קרייהו,0.000161,חנניהו,0.000142,דודא,0.00014,עתידין,0.000131,מזון,0.000106,יתירא,0.000105,אבוי,0.000103,שמעתא,9.5e-05,ותא,9.4e-05,בדיק,9.2e-05,קראת,8.9e-05,בדידיה,5.5e-05,בדיקת,5.1e-05,רחמנאהתרגום,1.2e-05,קראתנו,6e-06,ותאנה,5e-06,בדיקתא,2e-06,בדידיההתרגום,1e-06,רחמנאהאם,0.0,בדידיההאם,0.0,PRON,True,ר,ר,False,False,False,True,True,True,False,,,,False,False
Midrash_Aggadic_Midrash_Pesikta_DRav_Kahanna__10_1,pesikta_drk,19,חנינה,4.1848,0.5319,0.0,0.1627,50,1,True,"{""חנינה"": 1, ""ו"": 1, ""ב"": 1, ""רע"": 1, ""עין"": 1, ""חנינא"": 1, ""דא"": 1, ""ית"": 1, ""נא"": 1, ""עת"": 1, ""אב"": 1, ""גא"": 1, ""וע"": 1, ""קרי"": 1, ""דוד"": 1, ""נח"": 1, ""פות"": 1, ""רחמים"": 1, ""פה"": 1, ""קרייה"": 1, ""גאולה"": 1, ""אד"": 1, ""ביב"": 1, ""מאי"": 1, ""רעב"": 1, ""עתיד"": 1, ""יתא"": 1, ""תם"": 1, ""ביבי"": 1, ""יאוש"": 1, ""קדוש"": 1, ""פותח"": 1, ""אביו"": 1, ""גנבה"": 1, ""אדום"": 1, ""נאום"": 1, ""מזון"": 1, ""מזמור"": 1, ""תקון"": 1, ""רעבון"": 1, ""עתידין"": 1, ""קדושה"": 1, ""נחמן"": 1, ""תקע"": 1, ""וענוה"": 1, ""וענין"": 1, ""יאושע"": 1, ""גנבהו"": 1, ""פותחן"": 1, ""תקענו"": 1}","{""חנינה"": [""חנינה""], ""ו"": [""ו""], ""ב"": [""ב""], ""רע"": [""רע""], ""עין"": [""עין""], ""חנינא"": [""חנינא""], ""דא"": [""דא""], ""ית"": [""ית""], ""נא"": [""נא""], ""עת"": [""עת""], ""אב"": [""אב""], ""גא"": [""גא""], ""וע"": [""וע""], ""קרי"": [""קרי""], ""דוד"": [""דוד""], ""נח"": [""נח""], ""פות"": [""פות""], ""רחמים"": [""רחמים""], ""פה"": [""פה""], ""קרייה"": [""קרייה""], ""גאולה"": [""גאולה""], ""אד"": [""אד""], ""ביב"": [""ביב""], ""מאי"": [""מאי""], ""רעב"": [""רעב""], ""עתיד"": [""עתיד""], ""יתא"": [""יתא""], ""תם"": [""תם""], ""ביבי"": [""ביבי""], ""יאוש"": [""יאוש""], ""קדוש"": [""קדוש""], ""פותח"": [""פותח""], ""אביו"": [""אביו""], ""גנבה"": [""גנבה""], ""אדום"": [""אדום""], ""נאום"": [""נאום""], ""מזון"": [""מזון""], ""מזמור"": [""מזמור""], ""תקון"": [""תקון""], ""רעבון"": [""רעבון""], ""עתידין"": [""עתידין""], ""קדושה"": [""קדושה""], ""נחמן"": [""נחמן""], ""תקע"": [""תקע""], ""וענוה"": [""וענוה""], ""וענין"": [""וענין""], ""יאושע"": [""יאושע""], ""גנבהו"": [""גנבהו""], ""פותחן"": [""פותחן""], ""תקענו"": [""תקענו""]}",חנינה,0.054987,ו,0.028098,ב,0.021209,רע,0.010302,עין,0.007614,חנינא,0.004278,דא,0.003362,ית,0.003358,נא,0.002782,עת,0.002758,אב,0.00226,גא,0.001876,וע,0.001705,קרי,0.00162,דוד,0.001539,נח,0.001377,פות,0.001265,רחמים,0.001175,פה,0.00117,קרייה,0.001059,גאולה,0.001016,אד,0.000957,ביב,0.000874,מאי,0.000775,רעב,0.000643,עתיד,0.000638,יתא,0.000564,תם,0.000517,ביבי,0.000417,יאוש,0.000395,קדוש,0.000288,פותח,0.000254,אביו,0.000225,גנבה,0.000182,אדום,0.000179,נאום,0.000162,מזון,0.000134,מזמור,0.00013,תקון,9.1e-05,רעבון,7e-05,עתידין,6.8e-05,קדושה,6.2e-05,נחמן,6.1e-05,תקע,5.3e-05,וענוה,5e-05,וענין,3.9e-05,יאושע,1.3e-05,גנבהו,1.1e-05,פותחן,4e-06,תקענו,2e-06,ADP,False,חנינה,חנינה,False,False,False,True,True,True,False,,,,False,False
Midrash_Aggadic_Midrash_Pesikta_DRav_Kahanna__10_1,pesikta_drk,20,כל,7.5336,0.8819,0.85,0.1745,50,-1,False,"{""פתר"": 1, ""ו"": 1, ""דא"": 1, ""בעפרו"": 1, ""רע"": 1, ""בעפר"": 1, ""יבא"": 1, ""נבהל"": 1, ""יבאנו"": 1, ""חסר"": 1, ""חנינה"": 1, ""פתרו"": 1, ""מאי"": 1, ""נא"": 1, ""עת"": 1, ""ית"": 1, ""דר"": 1, ""עין"": 1, ""איה"": 1, ""ביד"": 1, ""איהו"": 1, ""רחמים"": 1, ""עתיד"": 1, ""בעפרה"": 1, ""רחמנא"": 1, ""חנניה"": 1, ""מזמור"": 1, ""אמ"": 1, ""יתיר"": 1, ""בידיה"": 1, ""פירוש"": 1, ""נאום"": 1, ""עתידין"": 1, ""בדעת"": 1, ""חנניהו"": 1, ""ועליו"": 1, ""מזומן"": 1, ""רחמניה"": 1, ""פירושו"": 1, ""וענוה"": 1, ""יתירא"": 1, ""וענין"": 1, ""בעפרההתרגום"": 1, ""אמר"": 1, ""מזומנת"": 1, ""איהוהתרגום"": 1, ""רחמנאהתרגום"": 1, ""בעפרההאם"": 1, ""איהוהאם"": 1, ""רחמנאהאם"": 1}","{""פתר"": [""פתר""], ""ו"": [""ו""], ""דא"": [""דא""], ""בעפרו"": [""בעפרו""], ""רע"": [""רע""], ""בעפר"": [""בעפר""], ""יבא"": [""יבא""], ""נבהל"": [""נבהל""], ""יבאנו"": [""יבאנו""], ""חסר"": [""חסר""], ""חנינה"": [""חנינה""], ""פתרו"": [""פתרו""], ""מאי"": [""מאי""], ""נא"": [""נא""], ""עת"": [""עת""], ""ית"": [""ית""], ""דר"": [""דר""], ""עין"": [""עין""], ""איה"": [""איה""], ""ביד"": [""ביד""], ""איהו"": [""איהו""], ""רחמים"": [""רחמים""], ""עתיד"": [""עתיד""], ""בעפרה"": [""בעפרה""], ""רחמנא"": [""רחמנא""], ""חנניה"": [""חנניה""], ""מזמור"": [""מזמור""], ""אמ"": [""אמ""], ""יתיר"": [""יתיר""], ""בידיה"": [""בידיה""], ""פירוש"": [""פירוש""], ""נאום"": [""נאום""], ""עתידין"": [""עתידין""], ""בדעת"": [""בדעת""], ""חנניהו"": [""חנניהו""], ""ועליו"": [""ועליו""], ""מזומן"": [""מזומן""], ""רחמניה"": [""רחמניה""], ""פירושו"": [""פירושו""], ""וענוה"": [""וענוה""], ""יתירא"": [""יתירא""], ""וענין"": [""וענין""], ""בעפרההתרגום"": [""בעפרההתרגום""], ""אמר"": [""אמר""], ""מזומנת"": [""מזומנת""], ""איהוהתרגום"": [""איהוהתרגום""], ""רחמנאהתרגום"": [""רחמנאהתרגום""], ""בעפרההאם"": [""בעפרההאם""], ""איהוהאם"": [""איהוהאם""], ""רחמנאהאם"": [""רחמנאהאם""]}",פתר,0.082477,ו,0.030576,דא,0.011797,בעפרו,0.008053,רע,0.005908,בעפר,0.003254,יבא,0.002862,נבהל,0.002698,יבאנו,0.002535,חסר,0.002507,חנינה,0.00226,פתרו,0.001935,מאי,0.001891,נא,0.001486,עת,0.001418,ית,0.001373,דר,0.001303,עין,0.001232,איה,0.001227,ביד,0.001171,איהו,0.000982,רחמים,0.000972,עתיד,0.000769,בעפרה,0.000684,רחמנא,0.0006,חנניה,0.000425,מזמור,0.000296,אמ,0.000248,יתיר,0.00023,בידיה,0.000205,פירוש,0.000201,נאום,0.000183,עתידין,0.000122,בדעת,0.00011,חנניהו,0.000109,ועליו,0.000103,מזומן,6.5e-05,רחמניה,5.9e-05,פירושו,5.2e-05,וענוה,2.8e-05,יתירא,2.5e-05,וענין,1.9e-05,בעפרההתרגום,1.6e-05,אמר,1.3e-05,מזומנת,1.1e-05,איהוהתרגום,4e-06,רחמנאהתרגום,3e-06,בעפרההאם,0.0,איהוהאם,0.0,רחמנאהאם,0.0,AUX,False,כל,כל,False,True,False,True,True,True,False,,,,False,False
Midrash_Aggadic_Midrash_Pesikta_DRav_Kahanna__10_1,pesikta_drk,21,שקלים,13.9571,0.9309,0.8679,0.1991,50,-1,False,"{""אשר"": 1, ""ש"": 1, ""דבר"": 1, ""רע"": 1, ""איש"": 1, ""דא"": 1, ""פתר"": 1, ""קרי"": 1, ""נפש"": 1, ""ימי"": 1, ""יומא"": 1, ""רעה"": 1, ""דברי"": 1, ""היכא"": 1, ""קרייה"": 1, ""הימים"": 1, ""יומוי"": 1, ""חנינה"": 1, ""מיני"": 1, ""אימת"": 1, ""מאי"": 1, ""נביא"": 1, ""עבד"": 1, ""עת"": 1, ""אמת"": 1, ""פשע"": 1, ""חפץ"": 1, ""נפשי"": 1, ""קוראי"": 1, ""דהו"": 1, ""פתרי"": 1, ""נביאי"": 1, ""עבדי"": 1, ""אימתא"": 1, ""פשעיו"": 1, ""רעהו"": 1, ""שבעת"": 1, ""שבעה"": 1, ""עתיד"": 1, ""קרייהו"": 1, ""דהוה"": 1, ""היכי"": 1, ""יומויי"": 1, ""עתידין"": 1, ""חנינהו"": 1, ""קוראיו"": 1, ""יומאהתרגום"": 1, ""שבעתא"": 1, ""פשעיוהתרגום"": 1, ""יומאהאם"": 1}","{""אשר"": [""אשר""], ""ש"": [""ש""], ""דבר"": [""דבר""], ""רע"": [""רע""], ""איש"": [""איש""], ""דא"": [""דא""], ""פתר"": [""פתר""], ""קרי"": [""קרי""], ""נפש"": [""נפש""], ""ימי"": [""ימי""], ""יומא"": [""יומא""], ""רעה"": [""רעה""], ""דברי"": [""דברי""], ""היכא"": [""היכא""], ""קרייה"": [""קרייה""], ""הימים"": [""הימים""], ""יומוי"": [""יומוי""], ""חנינה"": [""חנינה""], ""מיני"": [""מיני""], ""אימת"": [""אימת""], ""מאי"": [""מאי""], ""נביא"": [""נביא""], ""עבד"": [""עבד""], ""עת"": [""עת""], ""אמת"": [""אמת""], ""פשע"": [""פשע""], ""חפץ"": [""חפץ""], ""נפשי"": [""נפשי""], ""קוראי"": [""קוראי""], ""דהו"": [""דהו""], ""פתרי"": [""פתרי""], ""נביאי"": [""נביאי""], ""עבדי"": [""עבדי""], ""אימתא"": [""אימתא""], ""פשעיו"": [""פשעיו""], ""רעהו"": [""רעהו""], ""שבעת"": [""שבעת""], ""שבעה"": [""שבעה""], ""עתיד"": [""עתיד""], ""קרייהו"": [""קרייהו""], ""דהוה"": [""דהוה""], ""היכי"": [""היכי""], ""יומויי"": [""יומויי""], ""עתידין"": [""עתידין""], ""חנינהו"": [""חנינהו""], ""קוראיו"": [""קוראיו""], ""יומאהתרגום"": [""יומאהתרגום""], ""שבעתא"": [""שבעתא""], ""פשעיוהתרגום"": [""פשעיוהתרגום""], ""יומאהאם"": [""יומאהאם""]}",אשר,0.027003,ש,0.026584,דבר,0.024974,רע,0.021205,איש,0.017709,דא,0.016385,פתר,0.005763,קרי,0.004906,נפש,0.00485,ימי,0.004727,יומא,0.003913,רעה,0.003685,דברי,0.002996,היכא,0.002965,קרייה,0.002737,הימים,0.002533,יומוי,0.002265,חנינה,0.002151,מיני,0.002115,אימת,0.002024,מאי,0.001896,נביא,0.00165,עבד,0.001585,עת,0.001377,אמת,0.000941,פשע,0.000888,חפץ,0.00087,נפשי,0.000815,קוראי,0.000788,דהו,0.000763,פתרי,0.000651,נביאי,0.000649,עבדי,0.000641,אימתא,0.000583,פשעיו,0.00049,רעהו,0.000477,שבעת,0.000467,שבעה,0.000419,עתיד,0.000374,קרייהו,0.000337,דהוה,0.00026,היכי,0.00024,יומויי,0.000163,עתידין,0.000112,חנינהו,7.3e-05,קוראיו,5.5e-05,יומאהתרגום,2.3e-05,שבעתא,1e-05,פשעיוהתרגום,2e-06,יומאהאם,0.0,PUNCT,False,שקלים,שקל,False,False,False,True,True,True,False,,,,False,False
Midrash_Aggadic_Midrash_Pesikta_DRav_Kahanna__10_1,pesikta_drk,22,שנאמרו,15.8062,0.8502,0.3839,0.1927,50,-1,False,"{""ש"": 1, ""לא"": 1, ""מ"": 1, ""אשר"": 1, ""של"": 1, ""ה"": 1, ""חסר"": 1, ""עשר"": 1, ""יתן"": 1, ""דא"": 1, ""תתן"": 1, ""רע"": 1, ""שבע"": 1, ""יתנו"": 1, ""ביד"": 1, ""עשרה"": 1, ""שלח"": 1, ""וכסף"": 1, ""רצה"": 1, ""מזומן"": 1, ""עשרו"": 1, ""חסרין"": 1, ""דכת"": 1, ""חנינה"": 1, ""דכתיב"": 1, ""מזומנים"": 1, ""לאו"": 1, ""ונתן"": 1, ""שבעים"": 1, ""רעב"": 1, ""תקנו"": 1, ""יתננו"": 1, ""הלוואה"": 1, ""תקח"": 1, ""אשרי"": 1, ""שלחן"": 1, ""יתננה"": 1, ""הלויתם"": 1, ""רעבון"": 1, ""לאוין"": 1, ""יתננהו"": 1, ""מזומנ"": 1, ""רצהו"": 1, ""מזומנין"": 1, ""הלויתיך"": 1, ""דאינו"": 1, ""תקחון"": 1, ""עשרההתרגום"": 1, ""דאינוהתרגום"": 1, ""דאינוהאם"": 1}","{""ש"": [""ש""], ""לא"": [""לא""], ""מ"": [""מ""], ""אשר"": [""אשר""], ""של"": [""של""], ""ה"": [""ה""], ""חסר"": [""חסר""], ""עשר"": [""עשר""], ""יתן"": [""יתן""], ""דא"": [""דא""], ""תתן"": [""תתן""], ""רע"": [""רע""], ""שבע"": [""שבע""], ""יתנו"": [""יתנו""], ""ביד"": [""ביד""], ""עשרה"": [""עשרה""], ""שלח"": [""שלח""], ""וכסף"": [""וכסף""], ""רצה"": [""רצה""], ""מזומן"": [""מזומן""], ""עשרו"": [""עשרו""], ""חסרין"": [""חסרין""], ""דכת"": [""דכת""], ""חנינה"": [""חנינה""], ""דכתיב"": [""דכתיב""], ""מזומנים"": [""מזומנים""], ""לאו"": [""לאו""], ""ונתן"": [""ונתן""], ""שבעים"": [""שבעים""], ""רעב"": [""רעב""], ""תקנו"": [""תקנו""], ""יתננו"": [""יתננו""], ""הלוואה"": [""הלוואה""], ""תקח"": [""תקח""], ""אשרי"": [""אשרי""], ""שלחן"": [""שלחן""], ""יתננה"": [""יתננה""], ""הלויתם"": [""הלויתם""], ""רעבון"": [""רעבון""], ""לאוין"": [""לאוין""], ""יתננהו"": [""יתננהו""], ""מזומנ"": [""מזומנ""], ""רצהו"": [""רצהו""], ""מזומנין"": [""מזומנין""], ""הלויתיך"": [""הלויתיך""], ""דאינו"": [""דאינו""], ""תקחון"": [""תקחון""], ""עשרההתרגום"": [""עשרההתרגום""], ""דאינוהתרגום"": [""דאינוהתרגום""], ""דאינוהאם"": [""דאינוהאם""]}",ש,0.033705,לא,0.024277,מ,0.02353,אשר,0.023165,של,0.017486,ה,0.015921,חסר,0.009338,עשר,0.006593,יתן,0.006231,דא,0.005174,תתן,0.004679,רע,0.003602,שבע,0.001883,יתנו,0.001867,ביד,0.001859,עשרה,0.001803,שלח,0.00129,וכסף,0.001264,רצה,0.00094,מזומן,0.000916,עשרו,0.000881,חסרין,0.000716,דכת,0.000711,חנינה,0.000706,דכתיב,0.000634,מזומנים,0.000602,לאו,0.0006,ונתן,0.000557,שבעים,0.000351,רעב,0.000255,תקנו,0.000175,יתננו,0.00016,הלוואה,0.000154,תקח,0.000143,אשרי,9.1e-05,שלחן,8.5e-05,יתננה,5.4e-05,הלויתם,4.8e-05,רעבון,3.8e-05,לאוין,3.6e-05,יתננהו,3.3e-05,מזומנ,2.9e-05,רצהו,2.8e-05,מזומנין,2.7e-05,הלויתיך,1.7e-05,דאינו,1.5e-05,תקחון,1e-05,עשרההתרגום,1e-05,דאינוהתרגום,0.0,דאינוהאם,0.0,PRON,True,שנאמרו,נאמר,False,False,False,True,True,True,False,,,,False,False
Midrash_Aggadic_Midrash_Pesikta_DRav_Kahanna__10_1,pesikta_drk,23,בתורה,7.9621,0.9068,0.8214,0.1608,50,-1,False,"{""ר"": 1, ""על"": 1, ""לא"": 1, ""ה"": 1, ""פתר"": 1, ""חסר"": 1, ""מפי"": 1, ""דא"": 1, ""בעפרו"": 1, ""רע"": 1, ""בעפר"": 1, ""לאברה"": 1, ""לאברהם"": 1, ""בפרשת"": 1, ""למשה"": 1, ""בפרשה"": 1, ""יבא"": 1, ""יבאנו"": 1, ""פתרו"": 1, ""עשר"": 1, ""עתה"": 1, ""חנינה"": 1, ""ליהושע"": 1, ""נא"": 1, ""מדבר"": 1, ""הוי"": 1, ""עליה"": 1, ""נביאים"": 1, ""חסרות"": 1, ""עשרו"": 1, ""תחת"": 1, ""בעפרה"": 1, ""פה"": 1, ""ונתן"": 1, ""יתנו"": 1, ""בפרשתנו"": 1, ""ונתנו"": 1, ""תחילה"": 1, ""רעב"": 1, ""תחלה"": 1, ""נביאי"": 1, ""מפיו"": 1, ""מדברי"": 1, ""ליהושפט"": 1, ""רעבון"": 1, ""עליהו"": 1, ""הויו"": 1, ""הויוים"": 1, ""נביאיהתרגום"": 1, ""נביאיהאם"": 1}","{""ר"": [""ר""], ""על"": [""על""], ""לא"": [""לא""], ""ה"": [""ה""], ""פתר"": [""פתר""], ""חסר"": [""חסר""], ""מפי"": [""מפי""], ""דא"": [""דא""], ""בעפרו"": [""בעפרו""], ""רע"": [""רע""], ""בעפר"": [""בעפר""], ""לאברה"": [""לאברה""], ""לאברהם"": [""לאברהם""], ""בפרשת"": [""בפרשת""], ""למשה"": [""למשה""], ""בפרשה"": [""בפרשה""], ""יבא"": [""יבא""], ""יבאנו"": [""יבאנו""], ""פתרו"": [""פתרו""], ""עשר"": [""עשר""], ""עתה"": [""עתה""], ""חנינה"": [""חנינה""], ""ליהושע"": [""ליהושע""], ""נא"": [""נא""], ""מדבר"": [""מדבר""], ""הוי"": [""הוי""], ""עליה"": [""עליה""], ""נביאים"": [""נביאים""], ""חסרות"": [""חסרות""], ""עשרו"": [""עשרו""], ""תחת"": [""תחת""], ""בעפרה"": [""בעפרה""], ""פה"": [""פה""], ""ונתן"": [""ונתן""], ""יתנו"": [""יתנו""], ""בפרשתנו"": [""בפרשתנו""], ""ונתנו"": [""ונתנו""], ""תחילה"": [""תחילה""], ""רעב"": [""רעב""], ""תחלה"": [""תחלה""], ""נביאי"": [""נביאי""], ""מפיו"": [""מפיו""], ""מדברי"": [""מדברי""], ""ליהושפט"": [""ליהושפט""], ""רעבון"": [""רעבון""], ""עליהו"": [""עליהו""], ""הויו"": [""הויו""], ""הויוים"": [""הויוים""], ""נביאיהתרגום"": [""נביאיהתרגום""], ""נביאיהאם"": [""נביאיהאם""]}",ר,0.030378,על,0.025184,לא,0.018139,ה,0.012863,פתר,0.009719,חסר,0.006839,מפי,0.006511,דא,0.00442,בעפרו,0.00407,רע,0.003951,בעפר,0.003271,לאברה,0.003008,לאברהם,0.002996,בפרשת,0.002911,למשה,0.002864,בפרשה,0.002651,יבא,0.002164,יבאנו,0.001818,פתרו,0.001795,עשר,0.001596,עתה,0.001523,חנינה,0.001256,ליהושע,0.001007,נא,0.000987,מדבר,0.000802,הוי,0.000734,עליה,0.000733,נביאים,0.000697,חסרות,0.000627,עשרו,0.000562,תחת,0.000559,בעפרה,0.000528,פה,0.000523,ונתן,0.000475,יתנו,0.000469,בפרשתנו,0.000384,ונתנו,0.000317,תחילה,0.000297,רעב,0.000278,תחלה,0.000201,נביאי,0.0002,מפיו,0.000178,מדברי,0.00017,ליהושפט,8.9e-05,רעבון,3.5e-05,עליהו,2.8e-05,הויו,9e-06,הויוים,0.0,נביאיהתרגום,0.0,נביאיהאם,0.0,VERB,True,בתורה,תורה,True,False,True,True,True,True,True,47.0,5.0,42.0,False,True
Midrash_Aggadic_Midrash_Pesikta_DRav_Kahanna__10_1,pesikta_drk,24,סלעים,15.3184,0.8501,0.6363,0.17,50,-1,False,"{""לא"": 1, ""אין"": 1, ""ר"": 1, ""ש"": 1, ""ה"": 1, ""עשר"": 1, ""חסר"": 1, ""נאמר"": 1, ""נאמרו"": 1, ""שבע"": 1, ""חמש"": 1, ""עשרה"": 1, ""רע"": 1, ""תתן"": 1, ""מני"": 1, ""חמשה"": 1, ""בעשרה"": 1, ""יעשו"": 1, ""מניין"": 1, ""והם"": 1, ""בעשר"": 1, ""תהי"": 1, ""לאו"": 1, ""והן"": 1, ""ונתנו"": 1, ""הוי"": 1, ""עשרים"": 1, ""חסרין"": 1, ""נאכל"": 1, ""תהיינה"": 1, ""שבעפ"": 1, ""ונתן"": 1, ""בפרשת"": 1, ""בפרשה"": 1, ""יתבאר"": 1, ""יתבארו"": 1, ""בעשרים"": 1, ""רעב"": 1, ""יתנו"": 1, ""מזבח"": 1, ""נאכלו"": 1, ""רעבון"": 1, ""לאוין"": 1, ""בפרשתנו"": 1, ""מזבחות"": 1, ""הויו"": 1, ""תהיינההתרגום"": 1, ""מזבחותם"": 1, ""הויוים"": 1, ""תהיינההאם"": 1}","{""לא"": [""לא""], ""אין"": [""אין""], ""ר"": [""ר""], ""ש"": [""ש""], ""ה"": [""ה""], ""עשר"": [""עשר""], ""חסר"": [""חסר""], ""נאמר"": [""נאמר""], ""נאמרו"": [""נאמרו""], ""שבע"": [""שבע""], ""חמש"": [""חמש""], ""עשרה"": [""עשרה""], ""רע"": [""רע""], ""תתן"": [""תתן""], ""מני"": [""מני""], ""חמשה"": [""חמשה""], ""בעשרה"": [""בעשרה""], ""יעשו"": [""יעשו""], ""מניין"": [""מניין""], ""והם"": [""והם""], ""בעשר"": [""בעשר""], ""תהי"": [""תהי""], ""לאו"": [""לאו""], ""והן"": [""והן""], ""ונתנו"": [""ונתנו""], ""הוי"": [""הוי""], ""עשרים"": [""עשרים""], ""חסרין"": [""חסרין""], ""נאכל"": [""נאכל""], ""תהיינה"": [""תהיינה""], ""שבעפ"": [""שבעפ""], ""ונתן"": [""ונתן""], ""בפרשת"": [""בפרשת""], ""בפרשה"": [""בפרשה""], ""יתבאר"": [""יתבאר""], ""יתבארו"": [""יתבארו""], ""בעשרים"": [""בעשרים""], ""רעב"": [""רעב""], ""יתנו"": [""יתנו""], ""מזבח"": [""מזבח""], ""נאכלו"": [""נאכלו""], ""רעבון"": [""רעבון""], ""לאוין"": [""לאוין""], ""בפרשתנו"": [""בפרשתנו""], ""מזבחות"": [""מזבחות""], ""הויו"": [""הויו""], ""תהיינההתרגום"": [""תהיינההתרגום""], ""מזבחותם"": [""מזבחותם""], ""הויוים"": [""הויוים""], ""תהיינההאם"": [""תהיינההאם""]}",לא,0.036547,אין,0.021823,ר,0.019259,ש,0.016732,ה,0.014312,עשר,0.006471,חסר,0.006466,נאמר,0.00577,נאמרו,0.005306,שבע,0.00445,חמש,0.003201,עשרה,0.002963,רע,0.002437,תתן,0.00188,מני,0.001736,חמשה,0.001618,בעשרה,0.001419,יעשו,0.001327,מניין,0.00131,והם,0.001261,בעשר,0.001214,תהי,0.001214,לאו,0.001153,והן,0.001045,ונתנו,0.000952,הוי,0.000917,עשרים,0.000889,חסרין,0.000813,נאכל,0.000646,תהיינה,0.000633,שבעפ,0.000607,ונתן,0.000559,בפרשת,0.000505,בפרשה,0.000475,יתבאר,0.000342,יתבארו,0.000328,בעשרים,0.000312,רעב,0.000282,יתנו,0.000258,מזבח,0.000198,נאכלו,0.000193,רעבון,8e-05,לאוין,6.7e-05,בפרשתנו,4.5e-05,מזבחות,8e-06,הויו,8e-06,תהיינההתרגום,2e-06,מזבחותם,1e-06,הויוים,0.0,תהיינההאם,0.0,PUNCT,False,סלעים,סלע,False,False,False,True,True,True,False,,,,False,False
Midrash_Aggadic_Midrash_Pesikta_DRav_Kahanna__10_1,pesikta_drk,25,ובנביאים,17.0291,0.8186,0.4796,0.1758,50,-1,False,"{""שנאמר"": 1, ""ש"": 1, ""שנאמרו"": 1, ""ה"": 1, ""לא"": 1, ""ר"": 1, ""הם"": 1, ""וכסף"": 1, ""סלעים"": 1, ""חסר"": 1, ""סלע"": 1, ""מים"": 1, ""עשר"": 1, ""ביד"": 1, ""הוי"": 1, ""עשרה"": 1, ""נאמר"": 1, ""נאמרו"": 1, ""שנא"": 1, ""רע"": 1, ""חמש"": 1, ""במדבר"": 1, ""ועפר"": 1, ""עשרו"": 1, ""חמשה"": 1, ""ירדו"": 1, ""בידם"": 1, ""שבעין"": 1, ""יסוד"": 1, ""נגנז"": 1, ""חסרות"": 1, ""נגנזו"": 1, ""שבעולם"": 1, ""מזבח"": 1, ""מזומן"": 1, ""יסודו"": 1, ""רעב"": 1, ""ועפרות"": 1, ""מזבחות"": 1, ""רעבון"": 1, ""הויו"": 1, ""שנאו"": 1, ""עשרההתרגום"": 1, ""חסרותהתרגום"": 1, ""נגנזוהתרגום"": 1, ""מזבחותם"": 1, ""הויוים"": 1, ""חסרותהאם"": 1, ""נגנזוהמשטרה"": 1, ""נגנזוהמשנה"": 1}","{""שנאמר"": [""שנאמר""], ""ש"": [""ש""], ""שנאמרו"": [""שנאמרו""], ""ה"": [""ה""], ""לא"": [""לא""], ""ר"": [""ר""], ""הם"": [""הם""], ""וכסף"": [""וכסף""], ""סלעים"": [""סלעים""], ""חסר"": [""חסר""], ""סלע"": [""סלע""], ""מים"": [""מים""], ""עשר"": [""עשר""], ""ביד"": [""ביד""], ""הוי"": [""הוי""], ""עשרה"": [""עשרה""], ""נאמר"": [""נאמר""], ""נאמרו"": [""נאמרו""], ""שנא"": [""שנא""], ""רע"": [""רע""], ""חמש"": [""חמש""], ""במדבר"": [""במדבר""], ""ועפר"": [""ועפר""], ""עשרו"": [""עשרו""], ""חמשה"": [""חמשה""], ""ירדו"": [""ירדו""], ""בידם"": [""בידם""], ""שבעין"": [""שבעין""], ""יסוד"": [""יסוד""], ""נגנז"": [""נגנז""], ""חסרות"": [""חסרות""], ""נגנזו"": [""נגנזו""], ""שבעולם"": [""שבעולם""], ""מזבח"": [""מזבח""], ""מזומן"": [""מזומן""], ""יסודו"": [""יסודו""], ""רעב"": [""רעב""], ""ועפרות"": [""ועפרות""], ""מזבחות"": [""מזבחות""], ""רעבון"": [""רעבון""], ""הויו"": [""הויו""], ""שנאו"": [""שנאו""], ""עשרההתרגום"": [""עשרההתרגום""], ""חסרותהתרגום"": [""חסרותהתרגום""], ""נגנזוהתרגום"": [""נגנזוהתרגום""], ""מזבחותם"": [""מזבחותם""], ""הויוים"": [""הויוים""], ""חסרותהאם"": [""חסרותהאם""], ""נגנזוהמשטרה"": [""נגנזוהמשטרה""], ""נגנזוהמשנה"": [""נגנזוהמשנה""]}",שנאמר,0.024865,ש,0.024586,שנאמרו,0.022995,ה,0.017434,לא,0.015386,ר,0.015147,הם,0.014009,וכסף,0.004798,סלעים,0.004565,חסר,0.003598,סלע,0.003187,מים,0.003122,עשר,0.002504,ביד,0.002242,הוי,0.00194,עשרה,0.00189,נאמר,0.001789,נאמרו,0.001639,שנא,0.001493,רע,0.001363,חמש,0.001244,במדבר,0.000865,ועפר,0.000749,עשרו,0.000546,חמשה,0.00051,ירדו,0.000456,בידם,0.000403,שבעין,0.000304,יסוד,0.0003,נגנז,0.000296,חסרות,0.000287,נגנזו,0.000242,שבעולם,0.000212,מזבח,0.000212,מזומן,0.000201,יסודו,0.000138,רעב,0.000123,ועפרות,8e-05,מזבחות,4.9e-05,רעבון,3.5e-05,הויו,1.8e-05,שנאו,1.3e-05,עשרההתרגום,6e-06,חסרותהתרגום,2e-06,נגנזוהתרגום,2e-06,מזבחותם,1e-06,הויוים,0.0,חסרותהאם,0.0,נגנזוהמשטרה,0.0,נגנזוהמשנה,0.0,PUNCT,False,ובנביאים,נביא,False,False,False,True,True,True,False,,,,False,False
Midrash_Aggadic_Midrash_Pesikta_DRav_Kahanna__10_1,pesikta_drk,26,ליטרין,18.5672,0.8141,0.5196,0.2913,50,-1,False,"{""ובכתובים"": 1, ""סלעים"": 1, ""מים"": 1, ""אבנים"": 1, ""כסף"": 1, ""כספים"": 1, ""וכתוב"": 1, ""וכתובים"": 1, ""עפר"": 1, ""כסאות"": 1, ""ובספר"": 1, ""שערים"": 1, ""סלע"": 1, ""ובכתובות"": 1, ""עשר"": 1, ""והכתוב"": 1, ""עפרות"": 1, ""פתר"": 1, ""הרים"": 1, ""מדבר"": 1, ""ששים"": 1, ""קברים"": 1, ""והלכה"": 1, ""והלכות"": 1, ""נחלים"": 1, ""חומשים"": 1, ""נחשים"": 1, ""הון"": 1, ""עשרים"": 1, ""מדברים"": 1, ""ובספרים"": 1, ""חלוקים"": 1, ""אבני"": 1, ""גורלות"": 1, ""גלגל"": 1, ""גלגלים"": 1, ""פלגי"": 1, ""כוכבים"": 1, ""סלים"": 1, ""בקבלה"": 1, ""יסודות"": 1, ""יסוד"": 1, ""פתרון"": 1, ""קדושים"": 1, ""קדשים"": 1, ""אבניו"": 1, ""ככרים"": 1, ""יסודין"": 1, ""והלכותם"": 1, ""והלכהן"": 1}","{""ובכתובים"": [""ובכתובים""], ""סלעים"": [""סלעים""], ""מים"": [""מים""], ""אבנים"": [""אבנים""], ""כסף"": [""כסף""], ""כספים"": [""כספים""], ""וכתוב"": [""וכתוב""], ""וכתובים"": [""וכתובים""], ""עפר"": [""עפר""], ""כסאות"": [""כסאות""], ""ובספר"": [""ובספר""], ""שערים"": [""שערים""], ""סלע"": [""סלע""], ""ובכתובות"": [""ובכתובות""], ""עשר"": [""עשר""], ""והכתוב"": [""והכתוב""], ""עפרות"": [""עפרות""], ""פתר"": [""פתר""], ""הרים"": [""הרים""], ""מדבר"": [""מדבר""], ""ששים"": [""ששים""], ""קברים"": [""קברים""], ""והלכה"": [""והלכה""], ""והלכות"": [""והלכות""], ""נחלים"": [""נחלים""], ""חומשים"": [""חומשים""], ""נחשים"": [""נחשים""], ""הון"": [""הון""], ""עשרים"": [""עשרים""], ""מדברים"": [""מדברים""], ""ובספרים"": [""ובספרים""], ""חלוקים"": [""חלוקים""], ""אבני"": [""אבני""], ""גורלות"": [""גורלות""], ""גלגל"": [""גלגל""], ""גלגלים"": [""גלגלים""], ""פלגי"": [""פלגי""], ""כוכבים"": [""כוכבים""], ""סלים"": [""סלים""], ""בקבלה"": [""בקבלה""], ""יסודות"": [""יסודות""], ""יסוד"": [""יסוד""], ""פתרון"": [""פתרון""], ""קדושים"": [""קדושים""], ""קדשים"": [""קדשים""], ""אבניו"": [""אבניו""], ""ככרים"": [""ככרים""], ""יסודין"": [""יסודין""], ""והלכותם"": [""והלכותם""], ""והלכהן"": [""והלכהן""]}",ובכתובים,0.060673,סלעים,0.044919,מים,0.028574,אבנים,0.027455,כסף,0.01779,כספים,0.016992,וכתוב,0.016119,וכתובים,0.01356,עפר,0.005489,כסאות,0.004433,ובספר,0.004429,שערים,0.00383,סלע,0.003687,ובכתובות,0.003423,עשר,0.002634,והכתוב,0.002565,עפרות,0.002507,פתר,0.002376,הרים,0.00214,מדבר,0.002038,ששים,0.001956,קברים,0.001841,והלכה,0.001654,והלכות,0.001628,נחלים,0.001581,חומשים,0.001534,נחשים,0.001483,הון,0.001318,עשרים,0.001255,מדברים,0.001227,ובספרים,0.001188,חלוקים,0.001153,אבני,0.001098,גורלות,0.001083,גלגל,0.000775,גלגלים,0.000659,פלגי,0.000646,כוכבים,0.000593,סלים,0.000567,בקבלה,0.000463,יסודות,0.000454,יסוד,0.000354,פתרון,0.00033,קדושים,0.000298,קדשים,0.000195,אבניו,0.000108,ככרים,9.4e-05,יסודין,7.5e-05,והלכותם,3.7e-05,והלכהן,2.8e-05,NUM,True,ליטרין,ליטר,False,False,False,True,True,True,False,,,,False,False
Midrash_Aggadic_Midrash_Pesikta_DRav_Kahanna__10_1,pesikta_drk,27,ובכתובין,10.7082,0.6,0.3066,0.2627,50,-1,False,"{""ובכתובים"": 1, ""וכל"": 1, ""ולא"": 1, ""ובספרי"": 1, ""וחכמים"": 1, ""ובגמ"": 1, ""ואין"": 1, ""וחומשי"": 1, ""ונביא"": 1, ""ובחכמים"": 1, ""ובגמרא"": 1, ""ונביאים"": 1, ""ושקל"": 1, ""ושטרות"": 1, ""ולמד"": 1, ""והם"": 1, ""ושקלים"": 1, ""במשנה"": 1, ""סלעים"": 1, ""ואיל"": 1, ""ואילו"": 1, ""ולמטבעות"": 1, ""ואל"": 1, ""והלכות"": 1, ""בכתובים"": 1, ""והלכה"": 1, ""וגמורות"": 1, ""סלע"": 1, ""ולמדנו"": 1, ""ונבואות"": 1, ""וכלל"": 1, ""ובחכמת"": 1, ""סתם"": 1, ""ולאו"": 1, ""ולמטבעין"": 1, ""ואלפים"": 1, ""וכללן"": 1, ""במשנהו"": 1, ""והלכותן"": 1, ""והלכהן"": 1, ""ולאוין"": 1, ""סלעין"": 1, ""ונבואותיהם"": 1, ""ובחכמתו"": 1, ""ושטרותהתרגום"": 1, ""ולמטבעותהתרגום"": 1, ""ושטרותהמשטרה"": 1, ""ולמטבעותהמשטרה"": 1, ""ושטרותהמשנה"": 1, ""ולמטבעותהמשנה"": 1}","{""ובכתובים"": [""ובכתובים""], ""וכל"": [""וכל""], ""ולא"": [""ולא""], ""ובספרי"": [""ובספרי""], ""וחכמים"": [""וחכמים""], ""ובגמ"": [""ובגמ""], ""ואין"": [""ואין""], ""וחומשי"": [""וחומשי""], ""ונביא"": [""ונביא""], ""ובחכמים"": [""ובחכמים""], ""ובגמרא"": [""ובגמרא""], ""ונביאים"": [""ונביאים""], ""ושקל"": [""ושקל""], ""ושטרות"": [""ושטרות""], ""ולמד"": [""ולמד""], ""והם"": [""והם""], ""ושקלים"": [""ושקלים""], ""במשנה"": [""במשנה""], ""סלעים"": [""סלעים""], ""ואיל"": [""ואיל""], ""ואילו"": [""ואילו""], ""ולמטבעות"": [""ולמטבעות""], ""ואל"": [""ואל""], ""והלכות"": [""והלכות""], ""בכתובים"": [""בכתובים""], ""והלכה"": [""והלכה""], ""וגמורות"": [""וגמורות""], ""סלע"": [""סלע""], ""ולמדנו"": [""ולמדנו""], ""ונבואות"": [""ונבואות""], ""וכלל"": [""וכלל""], ""ובחכמת"": [""ובחכמת""], ""סתם"": [""סתם""], ""ולאו"": [""ולאו""], ""ולמטבעין"": [""ולמטבעין""], ""ואלפים"": [""ואלפים""], ""וכללן"": [""וכללן""], ""במשנהו"": [""במשנהו""], ""והלכותן"": [""והלכותן""], ""והלכהן"": [""והלכהן""], ""ולאוין"": [""ולאוין""], ""סלעין"": [""סלעין""], ""ונבואותיהם"": [""ונבואותיהם""], ""ובחכמתו"": [""ובחכמתו""], ""ושטרותהתרגום"": [""ושטרותהתרגום""], ""ולמטבעותהתרגום"": [""ולמטבעותהתרגום""], ""ושטרותהמשטרה"": [""ושטרותהמשטרה""], ""ולמטבעותהמשטרה"": [""ולמטבעותהמשטרה""], ""ושטרותהמשנה"": [""ושטרותהמשנה""], ""ולמטבעותהמשנה"": [""ולמטבעותהמשנה""]}",ובכתובים,0.098966,וכל,0.015847,ולא,0.015121,ובספרי,0.010801,וחכמים,0.010071,ובגמ,0.009582,ואין,0.009463,וחומשי,0.009119,ונביא,0.009069,ובחכמים,0.00884,ובגמרא,0.008009,ונביאים,0.007291,ושקל,0.006142,ושטרות,0.005226,ולמד,0.004858,והם,0.004706,ושקלים,0.004653,במשנה,0.004186,סלעים,0.004047,ואיל,0.002562,ואילו,0.001991,ולמטבעות,0.001941,ואל,0.001654,והלכות,0.001648,בכתובים,0.001379,והלכה,0.00115,וגמורות,0.000691,סלע,0.00063,ולמדנו,0.000591,ונבואות,0.000517,וכלל,0.000444,ובחכמת,0.000365,סתם,0.000319,ולאו,0.00029,ולמטבעין,0.000201,ואלפים,9.5e-05,וכללן,7.7e-05,במשנהו,3.8e-05,והלכותן,2.7e-05,והלכהן,2.7e-05,ולאוין,2.7e-05,סלעין,1.6e-05,ונבואותיהם,1.2e-05,ובחכמתו,1e-05,ושטרותהתרגום,7e-06,ולמטבעותהתרגום,6e-06,ושטרותהמשטרה,0.0,ולמטבעותהמשטרה,0.0,ושטרותהמשנה,0.0,ולמטבעותהמשנה,0.0,PUNCT,False,ובכתובין,תפילין,False,False,False,True,True,True,False,,,,False,False
Midrash_Aggadic_Midrash_Pesikta_DRav_Kahanna__10_1,pesikta_drk,28,קינטרין,21.4597,0.8224,0.4305,0.1376,50,-1,False,"{""סלעים"": 1, ""אותיות"": 1, ""עשר"": 1, ""מנה"": 1, ""עשרה"": 1, ""ליטר"": 1, ""ליטרין"": 1, ""סלע"": 1, ""אבנים"": 1, ""חומש"": 1, ""ששים"": 1, ""לשקל"": 1, ""לשונות"": 1, ""לשקלים"": 1, ""חומשין"": 1, ""עשרו"": 1, ""רוח"": 1, ""אותות"": 1, ""שבעים"": 1, ""אמה"": 1, ""לית"": 1, ""קבין"": 1, ""ריבוא"": 1, ""תלת"": 1, ""נביא"": 1, ""חומשי"": 1, ""ליטראין"": 1, ""קדשים"": 1, ""נביאים"": 1, ""תלתין"": 1, ""אמהות"": 1, ""שבעין"": 1, ""מזוזות"": 1, ""מזומן"": 1, ""ריבואין"": 1, ""תרומות"": 1, ""יבמות"": 1, ""נחשת"": 1, ""סלעין"": 1, ""רוחות"": 1, ""קדש"": 1, ""ידועים"": 1, ""ידועין"": 1, ""קדשנו"": 1, ""אותותי"": 1, ""חומשיים"": 1, ""נחשתים"": 1, ""רוחותהתרגום"": 1, ""רוחותהאשה"": 1, ""רוחותהאוצר"": 1}","{""סלעים"": [""סלעים""], ""אותיות"": [""אותיות""], ""עשר"": [""עשר""], ""מנה"": [""מנה""], ""עשרה"": [""עשרה""], ""ליטר"": [""ליטר""], ""ליטרין"": [""ליטרין""], ""סלע"": [""סלע""], ""אבנים"": [""אבנים""], ""חומש"": [""חומש""], ""ששים"": [""ששים""], ""לשקל"": [""לשקל""], ""לשונות"": [""לשונות""], ""לשקלים"": [""לשקלים""], ""חומשין"": [""חומשין""], ""עשרו"": [""עשרו""], ""רוח"": [""רוח""], ""אותות"": [""אותות""], ""שבעים"": [""שבעים""], ""אמה"": [""אמה""], ""לית"": [""לית""], ""קבין"": [""קבין""], ""ריבוא"": [""ריבוא""], ""תלת"": [""תלת""], ""נביא"": [""נביא""], ""חומשי"": [""חומשי""], ""ליטראין"": [""ליטראין""], ""קדשים"": [""קדשים""], ""נביאים"": [""נביאים""], ""תלתין"": [""תלתין""], ""אמהות"": [""אמהות""], ""שבעין"": [""שבעין""], ""מזוזות"": [""מזוזות""], ""מזומן"": [""מזומן""], ""ריבואין"": [""ריבואין""], ""תרומות"": [""תרומות""], ""יבמות"": [""יבמות""], ""נחשת"": [""נחשת""], ""סלעין"": [""סלעין""], ""רוחות"": [""רוחות""], ""קדש"": [""קדש""], ""ידועים"": [""ידועים""], ""ידועין"": [""ידועין""], ""קדשנו"": [""קדשנו""], ""אותותי"": [""אותותי""], ""חומשיים"": [""חומשיים""], ""נחשתים"": [""נחשתים""], ""רוחותהתרגום"": [""רוחותהתרגום""], ""רוחותהאשה"": [""רוחותהאשה""], ""רוחותהאוצר"": [""רוחותהאוצר""]}",סלעים,0.038092,אותיות,0.016045,עשר,0.010568,מנה,0.009766,עשרה,0.00704,ליטר,0.005222,ליטרין,0.005095,סלע,0.004549,אבנים,0.003866,חומש,0.00372,ששים,0.003399,לשקל,0.002805,לשונות,0.001958,לשקלים,0.001859,חומשין,0.001838,עשרו,0.001587,רוח,0.001584,אותות,0.001564,שבעים,0.001517,אמה,0.001491,לית,0.001283,קבין,0.001104,ריבוא,0.001017,תלת,0.001014,נביא,0.000987,חומשי,0.000955,ליטראין,0.00087,קדשים,0.000745,נביאים,0.000656,תלתין,0.000653,אמהות,0.00052,שבעין,0.000477,מזוזות,0.000464,מזומן,0.000432,ריבואין,0.000405,תרומות,0.000399,יבמות,0.000343,נחשת,0.000341,סלעין,0.000335,רוחות,0.000329,קדש,0.000296,ידועים,0.000164,ידועין,9.8e-05,קדשנו,4e-05,אותותי,3.5e-05,חומשיים,2.9e-05,נחשתים,2.5e-05,רוחותהתרגום,2e-06,רוחותהאשה,0.0,רוחותהאוצר,0.0,SYM,True,קינטרין,קנטקי,False,False,False,True,True,True,False,,,,False,False
Midrash_Aggadic_Midrash_Pesikta_DRav_Kahanna__10_1,pesikta_drk,29,"א""ר",9.7316,0.9023,0.8521,0.0805,50,-1,False,"{""וכל"": 1, ""ואין"": 1, ""ובמדרש"": 1, ""סלעים"": 1, ""ובגמרא"": 1, ""דא"": 1, ""ובמדרשין"": 1, ""והם"": 1, ""עשר"": 1, ""ושקלים"": 1, ""רבי"": 1, ""ואחר"": 1, ""ביד"": 1, ""והן"": 1, ""מני"": 1, ""ואילו"": 1, ""וחומשי"": 1, ""רוח"": 1, ""ושטרין"": 1, ""וחומש"": 1, ""סלע"": 1, ""מניין"": 1, ""ובחכמים"": 1, ""וחומשין"": 1, ""ולשון"": 1, ""סתם"": 1, ""דכת"": 1, ""ובחזון"": 1, ""דכתיב"": 1, ""וכלל"": 1, ""ולשונות"": 1, ""ואילין"": 1, ""מזומן"": 1, ""בידך"": 1, ""רוחות"": 1, ""וכללן"": 1, ""מזומנ"": 1, ""מזומנין"": 1, ""סלעין"": 1, ""בזביני"": 1, ""וחומשיין"": 1, ""בזבז"": 1, ""דאינו"": 1, ""דכתיבא"": 1, ""בזבזין"": 1, ""רוחותהתרגום"": 1, ""בזביניי"": 1, ""בזבינייון"": 1, ""דאינוהתרגום"": 1, ""רוחותהאם"": 1}","{""וכל"": [""וכל""], ""ואין"": [""ואין""], ""ובמדרש"": [""ובמדרש""], ""סלעים"": [""סלעים""], ""ובגמרא"": [""ובגמרא""], ""דא"": [""דא""], ""ובמדרשין"": [""ובמדרשין""], ""והם"": [""והם""], ""עשר"": [""עשר""], ""ושקלים"": [""ושקלים""], ""רבי"": [""רבי""], ""ואחר"": [""ואחר""], ""ביד"": [""ביד""], ""והן"": [""והן""], ""מני"": [""מני""], ""ואילו"": [""ואילו""], ""וחומשי"": [""וחומשי""], ""רוח"": [""רוח""], ""ושטרין"": [""ושטרין""], ""וחומש"": [""וחומש""], ""סלע"": [""סלע""], ""מניין"": [""מניין""], ""ובחכמים"": [""ובחכמים""], ""וחומשין"": [""וחומשין""], ""ולשון"": [""ולשון""], ""סתם"": [""סתם""], ""דכת"": [""דכת""], ""ובחזון"": [""ובחזון""], ""דכתיב"": [""דכתיב""], ""וכלל"": [""וכלל""], ""ולשונות"": [""ולשונות""], ""ואילין"": [""ואילין""], ""מזומן"": [""מזומן""], ""בידך"": [""בידך""], ""רוחות"": [""רוחות""], ""וכללן"": [""וכללן""], ""מזומנ"": [""מזומנ""], ""מזומנין"": [""מזומנין""], ""סלעין"": [""סלעין""], ""בזביני"": [""בזביני""], ""וחומשיין"": [""וחומשיין""], ""בזבז"": [""בזבז""], ""דאינו"": [""דאינו""], ""דכתיבא"": [""דכתיבא""], ""בזבזין"": [""בזבזין""], ""רוחותהתרגום"": [""רוחותהתרגום""], ""בזביניי"": [""בזביניי""], ""בזבינייון"": [""בזבינייון""], ""דאינוהתרגום"": [""דאינוהתרגום""], ""רוחותהאם"": [""רוחותהאם""]}",וכל,0.015494,ואין,0.01188,ובמדרש,0.007002,סלעים,0.006905,ובגמרא,0.005202,דא,0.004065,ובמדרשין,0.003708,והם,0.002737,עשר,0.002035,ושקלים,0.001902,רבי,0.001351,ואחר,0.001288,ביד,0.001184,והן,0.001141,מני,0.00112,ואילו,0.001111,וחומשי,0.001083,רוח,0.001052,ושטרין,0.001044,וחומש,0.001017,סלע,0.00101,מניין,0.00098,ובחכמים,0.000974,וחומשין,0.000868,ולשון,0.000807,סתם,0.000519,דכת,0.000509,ובחזון,0.000477,דכתיב,0.000441,וכלל,0.000378,ולשונות,0.000326,ואילין,0.000277,מזומן,0.000115,בידך,0.00011,רוחות,9.8e-05,וכללן,6.6e-05,מזומנ,5.3e-05,מזומנין,5.3e-05,סלעין,4.7e-05,בזביני,2e-05,וחומשיין,1.9e-05,בזבז,1.1e-05,דאינו,9e-06,דכתיבא,7e-06,בזבזין,3e-06,רוחותהתרגום,0.0,בזביניי,0.0,בזבינייון,0.0,דאינוהתרגום,0.0,רוחותהאם,0.0,ADP,False,אר,אר,False,False,False,True,True,True,False,,,,False,False
Midrash_Aggadic_Midrash_Pesikta_DRav_Kahanna__10_1,pesikta_drk,30,יודה,13.2787,0.7984,0.4144,0.2608,50,-1,False,"{""חנינה"": 1, ""ר"": 1, ""י"": 1, ""מ"": 1, ""ב"": 1, ""ו"": 1, ""ד"": 1, ""דא"": 1, ""סלעים"": 1, ""חנינא"": 1, ""קינטרין"": 1, ""עשר"": 1, ""עין"": 1, ""ית"": 1, ""אב"": 1, ""נא"": 1, ""שמן"": 1, ""סלע"": 1, ""שבעה"": 1, ""קין"": 1, ""שבעים"": 1, ""עשרון"": 1, ""ור"": 1, ""סאה"": 1, ""רחמים"": 1, ""נח"": 1, ""בד"": 1, ""אינון"": 1, ""רחמנא"": 1, ""יתור"": 1, ""מיכן"": 1, ""אינן"": 1, ""מיכל"": 1, ""יתורין"": 1, ""קינטרי"": 1, ""נחלה"": 1, ""נאום"": 1, ""ורבע"": 1, ""בדינר"": 1, ""רחמנן"": 1, ""בדינרין"": 1, ""בדינין"": 1, ""דאינו"": 1, ""סלעהתרגום"": 1, ""ורבעי"": 1, ""רחמנאהתרגום"": 1, ""קינטריון"": 1, ""רחמנאהאם"": 1, ""דאינוהתרגום"": 1, ""דאינוהאם"": 1}","{""חנינה"": [""חנינה""], ""ר"": [""ר""], ""י"": [""י""], ""מ"": [""מ""], ""ב"": [""ב""], ""ו"": [""ו""], ""ד"": [""ד""], ""דא"": [""דא""], ""סלעים"": [""סלעים""], ""חנינא"": [""חנינא""], ""קינטרין"": [""קינטרין""], ""עשר"": [""עשר""], ""עין"": [""עין""], ""ית"": [""ית""], ""אב"": [""אב""], ""נא"": [""נא""], ""שמן"": [""שמן""], ""סלע"": [""סלע""], ""שבעה"": [""שבעה""], ""קין"": [""קין""], ""שבעים"": [""שבעים""], ""עשרון"": [""עשרון""], ""ור"": [""ור""], ""סאה"": [""סאה""], ""רחמים"": [""רחמים""], ""נח"": [""נח""], ""בד"": [""בד""], ""אינון"": [""אינון""], ""רחמנא"": [""רחמנא""], ""יתור"": [""יתור""], ""מיכן"": [""מיכן""], ""אינן"": [""אינן""], ""מיכל"": [""מיכל""], ""יתורין"": [""יתורין""], ""קינטרי"": [""קינטרי""], ""נחלה"": [""נחלה""], ""נאום"": [""נאום""], ""ורבע"": [""ורבע""], ""בדינר"": [""בדינר""], ""רחמנן"": [""רחמנן""], ""בדינרין"": [""בדינרין""], ""בדינין"": [""בדינין""], ""דאינו"": [""דאינו""], ""סלעהתרגום"": [""סלעהתרגום""], ""ורבעי"": [""ורבעי""], ""רחמנאהתרגום"": [""רחמנאהתרגום""], ""קינטריון"": [""קינטריון""], ""רחמנאהאם"": [""רחמנאהאם""], ""דאינוהתרגום"": [""דאינוהתרגום""], ""דאינוהאם"": [""דאינוהאם""]}",חנינה,0.059632,ר,0.032449,י,0.028193,מ,0.024114,ב,0.02301,ו,0.022302,ד,0.020306,דא,0.007188,סלעים,0.005411,חנינא,0.004994,קינטרין,0.004336,עשר,0.004272,עין,0.002936,ית,0.002326,אב,0.001909,נא,0.001534,שמן,0.001486,סלע,0.001456,שבעה,0.00143,קין,0.001329,שבעים,0.001185,עשרון,0.001068,ור,0.00106,סאה,0.001057,רחמים,0.001024,נח,0.000874,בד,0.000751,אינון,0.000741,רחמנא,0.000673,יתור,0.000339,מיכן,0.000327,אינן,0.000237,מיכל,0.000215,יתורין,0.000169,קינטרי,0.000153,נחלה,7.7e-05,נאום,5.4e-05,ורבע,5.3e-05,בדינר,4.4e-05,רחמנן,3.5e-05,בדינרין,3.4e-05,בדינין,2.2e-05,דאינו,1.6e-05,סלעהתרגום,7e-06,ורבעי,5e-06,רחמנאהתרגום,5e-06,קינטריון,2e-06,רחמנאהאם,0.0,דאינוהתרגום,0.0,דאינוהאם,0.0,X,True,יודה,יודה,False,False,False,True,True,True,False,,,,False,False
Midrash_Aggadic_Midrash_Pesikta_DRav_Kahanna__10_1,pesikta_drk,31,ברבי,12.3108,0.8525,0.2864,0.1664,50,-1,False,"{""ר"": 1, ""ב"": 1, ""ש"": 1, ""כל"": 1, ""ל"": 1, ""דא"": 1, ""רבי"": 1, ""שמע"": 1, ""ואר"": 1, ""ליה"": 1, ""יודה"": 1, ""חסר"": 1, ""דוד"": 1, ""אב"": 1, ""חנינה"": 1, ""שמעון"": 1, ""עשר"": 1, ""עבד"": 1, ""אד"": 1, ""מאי"": 1, ""חנניה"": 1, ""עשרו"": 1, ""ליהודה"": 1, ""ידעת"": 1, ""אבשלום"": 1, ""ידך"": 1, ""עבדו"": 1, ""כלם"": 1, ""אדני"": 1, ""בקנטרין"": 1, ""דודו"": 1, ""ועליו"": 1, ""מזבח"": 1, ""מזומן"": 1, ""חנניהו"": 1, ""וענין"": 1, ""בקונטריס"": 1, ""וענוה"": 1, ""דאוד"": 1, ""בקונטרס"": 1, ""מזבחות"": 1, ""ידעתיהו"": 1, ""בקונטריסין"": 1, ""ידעתיהון"": 1, ""דאודית"": 1, ""דאודיתא"": 1, ""מזבחותיו"": 1, ""וענוהו"": 1, ""דאודיתאהתרגום"": 1, ""דאודיתאהאם"": 1}","{""ר"": [""ר""], ""ב"": [""ב""], ""ש"": [""ש""], ""כל"": [""כל""], ""ל"": [""ל""], ""דא"": [""דא""], ""רבי"": [""רבי""], ""שמע"": [""שמע""], ""ואר"": [""ואר""], ""ליה"": [""ליה""], ""יודה"": [""יודה""], ""חסר"": [""חסר""], ""דוד"": [""דוד""], ""אב"": [""אב""], ""חנינה"": [""חנינה""], ""שמעון"": [""שמעון""], ""עשר"": [""עשר""], ""עבד"": [""עבד""], ""אד"": [""אד""], ""מאי"": [""מאי""], ""חנניה"": [""חנניה""], ""עשרו"": [""עשרו""], ""ליהודה"": [""ליהודה""], ""ידעת"": [""ידעת""], ""אבשלום"": [""אבשלום""], ""ידך"": [""ידך""], ""עבדו"": [""עבדו""], ""כלם"": [""כלם""], ""אדני"": [""אדני""], ""בקנטרין"": [""בקנטרין""], ""דודו"": [""דודו""], ""ועליו"": [""ועליו""], ""מזבח"": [""מזבח""], ""מזומן"": [""מזומן""], ""חנניהו"": [""חנניהו""], ""וענין"": [""וענין""], ""בקונטריס"": [""בקונטריס""], ""וענוה"": [""וענוה""], ""דאוד"": [""דאוד""], ""בקונטרס"": [""בקונטרס""], ""מזבחות"": [""מזבחות""], ""ידעתיהו"": [""ידעתיהו""], ""בקונטריסין"": [""בקונטריסין""], ""ידעתיהון"": [""ידעתיהון""], ""דאודית"": [""דאודית""], ""דאודיתא"": [""דאודיתא""], ""מזבחותיו"": [""מזבחותיו""], ""וענוהו"": [""וענוהו""], ""דאודיתאהתרגום"": [""דאודיתאהתרגום""], ""דאודיתאהאם"": [""דאודיתאהאם""]}",ר,0.0393,ב,0.024593,ש,0.021367,כל,0.020389,ל,0.019153,דא,0.006215,רבי,0.005037,שמע,0.003443,ואר,0.00335,ליה,0.003293,יודה,0.00282,חסר,0.002418,דוד,0.002082,אב,0.002017,חנינה,0.001938,שמעון,0.001887,עשר,0.001438,עבד,0.001103,אד,0.000895,מאי,0.000779,חנניה,0.000591,עשרו,0.000321,ליהודה,0.000236,ידעת,0.000201,אבשלום,0.000176,ידך,0.000164,עבדו,0.00016,כלם,0.000141,אדני,0.000132,בקנטרין,0.000113,דודו,0.00011,ועליו,0.0001,מזבח,9.2e-05,מזומן,7.7e-05,חנניהו,6.2e-05,וענין,5.2e-05,בקונטריס,3.3e-05,וענוה,3e-05,דאוד,2.4e-05,בקונטרס,1.4e-05,מזבחות,1.2e-05,ידעתיהו,1.1e-05,בקונטריסין,1e-05,ידעתיהון,9e-06,דאודית,2e-06,דאודיתא,1e-06,מזבחותיו,1e-06,וענוהו,0.0,דאודיתאהתרגום,0.0,דאודיתאהאם,0.0,VERB,False,ברבי,רב,True,False,True,True,True,True,True,36.0,30.0,6.0,False,True
Midrash_Aggadic_Midrash_Pesikta_DRav_Kahanna__10_1,pesikta_drk,32,פזי,13.2763,0.8275,0.5655,0.2661,50,-1,False,"{""יוסי"": 1, ""יהודה"": 1, ""אבא"": 1, ""שמעון"": 1, ""חנינא"": 1, ""חנינה"": 1, ""אלעאי"": 1, ""חייא"": 1, ""אלעזר"": 1, ""יודה"": 1, ""אמי"": 1, ""פלוני"": 1, ""חמא"": 1, ""חייה"": 1, ""סימון"": 1, ""אלעא"": 1, ""פתר"": 1, ""זכריה"": 1, ""שמו"": 1, ""יוסה"": 1, ""זעירי"": 1, ""ברכיה"": 1, ""ביבי"": 1, ""סימן"": 1, ""שמעיה"": 1, ""סימאי"": 1, ""פלטוי"": 1, ""חייהו"": 1, ""פלטיא"": 1, ""אמיי"": 1, ""זכריהו"": 1, ""ברכיהו"": 1, ""פלטויי"": 1, ""ביבייא"": 1, ""יוסהו"": 1, ""פלטיאן"": 1, ""סימאיי"": 1, ""חנינאהתרגום"": 1, ""אבאהתרגום"": 1, ""שמעיהו"": 1, ""אלעאיהתרגום"": 1, ""ביבייאן"": 1, ""יוסהויל"": 1, ""זעיריהתרגום"": 1, ""סימאייון"": 1, ""יוסהוילן"": 1, ""אבאהאם"": 1, ""חנינאהאם"": 1, ""אלעאיהאם"": 1, ""זעיריהאם"": 1}","{""יוסי"": [""יוסי""], ""יהודה"": [""יהודה""], ""אבא"": [""אבא""], ""שמעון"": [""שמעון""], ""חנינא"": [""חנינא""], ""חנינה"": [""חנינה""], ""אלעאי"": [""אלעאי""], ""חייא"": [""חייא""], ""אלעזר"": [""אלעזר""], ""יודה"": [""יודה""], ""אמי"": [""אמי""], ""פלוני"": [""פלוני""], ""חמא"": [""חמא""], ""חייה"": [""חייה""], ""סימון"": [""סימון""], ""אלעא"": [""אלעא""], ""פתר"": [""פתר""], ""זכריה"": [""זכריה""], ""שמו"": [""שמו""], ""יוסה"": [""יוסה""], ""זעירי"": [""זעירי""], ""ברכיה"": [""ברכיה""], ""ביבי"": [""ביבי""], ""סימן"": [""סימן""], ""שמעיה"": [""שמעיה""], ""סימאי"": [""סימאי""], ""פלטוי"": [""פלטוי""], ""חייהו"": [""חייהו""], ""פלטיא"": [""פלטיא""], ""אמיי"": [""אמיי""], ""זכריהו"": [""זכריהו""], ""ברכיהו"": [""ברכיהו""], ""פלטויי"": [""פלטויי""], ""ביבייא"": [""ביבייא""], ""יוסהו"": [""יוסהו""], ""פלטיאן"": [""פלטיאן""], ""סימאיי"": [""סימאיי""], ""חנינאהתרגום"": [""חנינאהתרגום""], ""אבאהתרגום"": [""אבאהתרגום""], ""שמעיהו"": [""שמעיהו""], ""אלעאיהתרגום"": [""אלעאיהתרגום""], ""ביבייאן"": [""ביבייאן""], ""יוסהויל"": [""יוסהויל""], ""זעיריהתרגום"": [""זעיריהתרגום""], ""סימאייון"": [""סימאייון""], ""יוסהוילן"": [""יוסהוילן""], ""אבאהאם"": [""אבאהאם""], ""חנינאהאם"": [""חנינאהאם""], ""אלעאיהאם"": [""אלעאיהאם""], ""זעיריהאם"": [""זעיריהאם""]}",יוסי,0.030421,יהודה,0.028889,אבא,0.02576,שמעון,0.023138,חנינא,0.022425,חנינה,0.022178,אלעאי,0.014756,חייא,0.014192,אלעזר,0.013955,יודה,0.010717,אמי,0.009476,פלוני,0.006831,חמא,0.006407,חייה,0.005825,סימון,0.004433,אלעא,0.004098,פתר,0.003553,זכריה,0.002899,שמו,0.002806,יוסה,0.002576,זעירי,0.00254,ברכיה,0.002407,ביבי,0.001795,סימן,0.001145,שמעיה,0.000767,סימאי,0.000694,פלטוי,0.000488,חייהו,0.00044,פלטיא,0.000127,אמיי,0.000127,זכריהו,0.000124,ברכיהו,5.3e-05,פלטויי,2.7e-05,ביבייא,1.5e-05,יוסהו,9e-06,פלטיאן,8e-06,סימאיי,6e-06,חנינאהתרגום,3e-06,אבאהתרגום,3e-06,שמעיהו,3e-06,אלעאיהתרגום,2e-06,ביבייאן,2e-06,יוסהויל,0.0,זעיריהתרגום,0.0,סימאייון,0.0,יוסהוילן,0.0,אבאהאם,0.0,חנינאהאם,0.0,אלעאיהאם,0.0,זעיריהאם,0.0,PRON,True,פזי,פז,False,False,False,True,True,True,False,,,,False,False
Midrash_Aggadic_Midrash_Pesikta_DRav_Kahanna__10_1,pesikta_drk,33,חוץ,12.5621,0.9032,0.5456,0.2974,50,-1,False,"{""אמר"": 1, ""א"": 1, ""אר"": 1, ""כל"": 1, ""מה"": 1, ""רבי"": 1, ""אמרו"": 1, ""אמ"": 1, ""דא"": 1, ""הוה"": 1, ""ואר"": 1, ""שאל"": 1, ""ורבי"": 1, ""מהו"": 1, ""ר"": 1, ""מאי"": 1, ""הוי"": 1, ""שמע"": 1, ""מנה"": 1, ""חסר"": 1, ""דאמר"": 1, ""ברי"": 1, ""חנינה"": 1, ""ארבע"": 1, ""ור"": 1, ""שאלת"": 1, ""חנינא"": 1, ""שמעון"": 1, ""ארבעה"": 1, ""כלב"": 1, ""מנהל"": 1, ""שאלתא"": 1, ""מהוות"": 1, ""דאמרו"": 1, ""בדינר"": 1, ""בדיקת"": 1, ""בדינרין"": 1, ""הוהו"": 1, ""מנהלן"": 1, ""כלבב"": 1, ""הויי"": 1, ""חנינהו"": 1, ""מהוותא"": 1, ""כלבבך"": 1, ""בדיקתא"": 1, ""הוייי"": 1, ""הויייי"": 1, ""הוייייי"": 1, ""הויייייי"": 1, ""הוייייייי"": 1}","{""אמר"": [""אמר""], ""א"": [""א""], ""אר"": [""אר""], ""כל"": [""כל""], ""מה"": [""מה""], ""רבי"": [""רבי""], ""אמרו"": [""אמרו""], ""אמ"": [""אמ""], ""דא"": [""דא""], ""הוה"": [""הוה""], ""ואר"": [""ואר""], ""שאל"": [""שאל""], ""ורבי"": [""ורבי""], ""מהו"": [""מהו""], ""ר"": [""ר""], ""מאי"": [""מאי""], ""הוי"": [""הוי""], ""שמע"": [""שמע""], ""מנה"": [""מנה""], ""חסר"": [""חסר""], ""דאמר"": [""דאמר""], ""ברי"": [""ברי""], ""חנינה"": [""חנינה""], ""ארבע"": [""ארבע""], ""ור"": [""ור""], ""שאלת"": [""שאלת""], ""חנינא"": [""חנינא""], ""שמעון"": [""שמעון""], ""ארבעה"": [""ארבעה""], ""כלב"": [""כלב""], ""מנהל"": [""מנהל""], ""שאלתא"": [""שאלתא""], ""מהוות"": [""מהוות""], ""דאמרו"": [""דאמרו""], ""בדינר"": [""בדינר""], ""בדיקת"": [""בדיקת""], ""בדינרין"": [""בדינרין""], ""הוהו"": [""הוהו""], ""מנהלן"": [""מנהלן""], ""כלבב"": [""כלבב""], ""הויי"": [""הויי""], ""חנינהו"": [""חנינהו""], ""מהוותא"": [""מהוותא""], ""כלבבך"": [""כלבבך""], ""בדיקתא"": [""בדיקתא""], ""הוייי"": [""הוייי""], ""הויייי"": [""הויייי""], ""הוייייי"": [""הוייייי""], ""הויייייי"": [""הויייייי""], ""הוייייייי"": [""הוייייייי""]}",אמר,0.09809,א,0.044213,אר,0.031352,כל,0.021548,מה,0.017314,רבי,0.01628,אמרו,0.015807,אמ,0.005544,דא,0.00546,הוה,0.004768,ואר,0.004382,שאל,0.004307,ורבי,0.004257,מהו,0.003573,ר,0.003521,מאי,0.003493,הוי,0.002397,שמע,0.001881,מנה,0.00187,חסר,0.001497,דאמר,0.001317,ברי,0.00086,חנינה,0.000729,ארבע,0.000722,ור,0.00039,שאלת,0.000297,חנינא,0.000291,שמעון,0.00028,ארבעה,0.000272,כלב,0.000168,מנהל,0.000122,שאלתא,0.000109,מהוות,0.000106,דאמרו,5.7e-05,בדינר,3.8e-05,בדיקת,2.7e-05,בדינרין,2.6e-05,הוהו,1.7e-05,מנהלן,1.6e-05,כלבב,1.6e-05,הויי,1.3e-05,חנינהו,1.1e-05,מהוותא,7e-06,כלבבך,5e-06,בדיקתא,1e-06,הוייי,0.0,הויייי,0.0,הוייייי,0.0,הויייייי,0.0,הוייייייי,0.0,VERB,True,חוץ,חוץ,True,False,True,True,True,True,True,35.0,7.0,28.0,False,True
Midrash_Aggadic_Midrash_Pesikta_DRav_Kahanna__10_1,pesikta_drk,34,משקלי,11.0591,0.8202,0.3747,0.2457,50,-1,False,"{""מן"": 1, ""מאחד"": 1, ""ממה"": 1, ""משקל"": 1, ""משני"": 1, ""מעשר"": 1, ""לארץ"": 1, ""מסלע"": 1, ""מסלעים"": 1, ""מדמי"": 1, ""ממאה"": 1, ""מרבי"": 1, ""מלשון"": 1, ""מהן"": 1, ""ממאתים"": 1, ""משקלים"": 1, ""מליטרא"": 1, ""מעשרה"": 1, ""מאחת"": 1, ""מגזל"": 1, ""מקינטרין"": 1, ""מנביא"": 1, ""מחמש"": 1, ""מפדיון"": 1, ""מדינר"": 1, ""מעשרון"": 1, ""מריבית"": 1, ""מפינחס"": 1, ""מסך"": 1, ""מגזילה"": 1, ""מנביאים"": 1, ""מדינרין"": 1, ""מנדרים"": 1, ""מדינין"": 1, ""למקומו"": 1, ""מגזלן"": 1, ""מליטראין"": 1, ""ממאתין"": 1, ""מקונטריס"": 1, ""מריבת"": 1, ""מקונטרס"": 1, ""מפינקס"": 1, ""מהחטאת"": 1, ""מהחוטא"": 1, ""מקונטריסין"": 1, ""מריבתא"": 1, ""מפינקסא"": 1, ""מקונטרסא"": 1, ""למקומוהתרגום"": 1, ""למקומוהאם"": 1}","{""מן"": [""מן""], ""מאחד"": [""מאחד""], ""ממה"": [""ממה""], ""משקל"": [""משקל""], ""משני"": [""משני""], ""מעשר"": [""מעשר""], ""לארץ"": [""לארץ""], ""מסלע"": [""מסלע""], ""מסלעים"": [""מסלעים""], ""מדמי"": [""מדמי""], ""ממאה"": [""ממאה""], ""מרבי"": [""מרבי""], ""מלשון"": [""מלשון""], ""מהן"": [""מהן""], ""ממאתים"": [""ממאתים""], ""משקלים"": [""משקלים""], ""מליטרא"": [""מליטרא""], ""מעשרה"": [""מעשרה""], ""מאחת"": [""מאחת""], ""מגזל"": [""מגזל""], ""מקינטרין"": [""מקינטרין""], ""מנביא"": [""מנביא""], ""מחמש"": [""מחמש""], ""מפדיון"": [""מפדיון""], ""מדינר"": [""מדינר""], ""מעשרון"": [""מעשרון""], ""מריבית"": [""מריבית""], ""מפינחס"": [""מפינחס""], ""מסך"": [""מסך""], ""מגזילה"": [""מגזילה""], ""מנביאים"": [""מנביאים""], ""מדינרין"": [""מדינרין""], ""מנדרים"": [""מנדרים""], ""מדינין"": [""מדינין""], ""למקומו"": [""למקומו""], ""מגזלן"": [""מגזלן""], ""מליטראין"": [""מליטראין""], ""ממאתין"": [""ממאתין""], ""מקונטריס"": [""מקונטריס""], ""מריבת"": [""מריבת""], ""מקונטרס"": [""מקונטרס""], ""מפינקס"": [""מפינקס""], ""מהחטאת"": [""מהחטאת""], ""מהחוטא"": [""מהחוטא""], ""מקונטריסין"": [""מקונטריסין""], ""מריבתא"": [""מריבתא""], ""מפינקסא"": [""מפינקסא""], ""מקונטרסא"": [""מקונטרסא""], ""למקומוהתרגום"": [""למקומוהתרגום""], ""למקומוהאם"": [""למקומוהאם""]}",מן,0.099358,מאחד,0.035448,ממה,0.01358,משקל,0.009713,משני,0.009414,מעשר,0.007702,לארץ,0.007362,מסלע,0.007048,מסלעים,0.005935,מדמי,0.005219,ממאה,0.004871,מרבי,0.004492,מלשון,0.004279,מהן,0.002954,ממאתים,0.002935,משקלים,0.002807,מליטרא,0.002606,מעשרה,0.00254,מאחת,0.002,מגזל,0.00185,מקינטרין,0.001724,מנביא,0.001652,מחמש,0.00147,מפדיון,0.001371,מדינר,0.001071,מעשרון,0.000932,מריבית,0.000648,מפינחס,0.000639,מסך,0.000544,מגזילה,0.000523,מנביאים,0.000509,מדינרין,0.000465,מנדרים,0.000438,מדינין,0.000312,למקומו,0.000306,מגזלן,0.000304,מליטראין,0.000152,ממאתין,0.00011,מקונטריס,0.000108,מריבת,7.9e-05,מקונטרס,6.7e-05,מפינקס,5.7e-05,מהחטאת,3.6e-05,מהחוטא,3.4e-05,מקונטריסין,3e-05,מריבתא,5e-06,מפינקסא,4e-06,מקונטרסא,1e-06,למקומוהתרגום,1e-06,למקומוהאם,0.0,NUM,True,משקלי,משקל,False,False,False,True,True,True,False,,,,False,False
Midrash_Aggadic_Midrash_Pesikta_DRav_Kahanna__10_1,pesikta_drk,35,עפרון,13.5747,0.8855,0.6126,0.2022,50,-1,False,"{""תורה"": 1, ""שקלים"": 1, ""כסף"": 1, ""הקדש"": 1, ""התורה"": 1, ""שבתורה"": 1, ""שבין"": 1, ""המעשר"": 1, ""המלך"": 1, ""שמן"": 1, ""הכסף"": 1, ""עולם"": 1, ""חמש"": 1, ""חסר"": 1, ""עשר"": 1, ""העולה"": 1, ""הכהנים"": 1, ""הקדשים"": 1, ""נדבה"": 1, ""קדש"": 1, ""העם"": 1, ""קלי"": 1, ""נחשת"": 1, ""חמשה"": 1, ""שבועה"": 1, ""קדשים"": 1, ""עשרו"": 1, ""המלכות"": 1, ""חסרין"": 1, ""שבועות"": 1, ""שבתורת"": 1, ""תורההתרגום"": 1, ""הקדשהתרגום"": 1, ""התורההתרגום"": 1, ""שבתורההתרגום"": 1, ""קדשין"": 1, ""נחשתו"": 1, ""נדבההתרגום"": 1, ""העולההתרגום"": 1, ""שבתורתנו"": 1, ""המלכותהתרגום"": 1, ""שבועההתרגום"": 1, ""שבועותהתרגום"": 1, ""תורההאם"": 1, ""הקדשהאם"": 1, ""התורההאם"": 1, ""שבתורההאם"": 1, ""נדבההאם"": 1, ""העולההאם"": 1, ""המלכותהאם"": 1}","{""תורה"": [""תורה""], ""שקלים"": [""שקלים""], ""כסף"": [""כסף""], ""הקדש"": [""הקדש""], ""התורה"": [""התורה""], ""שבתורה"": [""שבתורה""], ""שבין"": [""שבין""], ""המעשר"": [""המעשר""], ""המלך"": [""המלך""], ""שמן"": [""שמן""], ""הכסף"": [""הכסף""], ""עולם"": [""עולם""], ""חמש"": [""חמש""], ""חסר"": [""חסר""], ""עשר"": [""עשר""], ""העולה"": [""העולה""], ""הכהנים"": [""הכהנים""], ""הקדשים"": [""הקדשים""], ""נדבה"": [""נדבה""], ""קדש"": [""קדש""], ""העם"": [""העם""], ""קלי"": [""קלי""], ""נחשת"": [""נחשת""], ""חמשה"": [""חמשה""], ""שבועה"": [""שבועה""], ""קדשים"": [""קדשים""], ""עשרו"": [""עשרו""], ""המלכות"": [""המלכות""], ""חסרין"": [""חסרין""], ""שבועות"": [""שבועות""], ""שבתורת"": [""שבתורת""], ""תורההתרגום"": [""תורההתרגום""], ""הקדשהתרגום"": [""הקדשהתרגום""], ""התורההתרגום"": [""התורההתרגום""], ""שבתורההתרגום"": [""שבתורההתרגום""], ""קדשין"": [""קדשין""], ""נחשתו"": [""נחשתו""], ""נדבההתרגום"": [""נדבההתרגום""], ""העולההתרגום"": [""העולההתרגום""], ""שבתורתנו"": [""שבתורתנו""], ""המלכותהתרגום"": [""המלכותהתרגום""], ""שבועההתרגום"": [""שבועההתרגום""], ""שבועותהתרגום"": [""שבועותהתרגום""], ""תורההאם"": [""תורההאם""], ""הקדשהאם"": [""הקדשהאם""], ""התורההאם"": [""התורההאם""], ""שבתורההאם"": [""שבתורההאם""], ""נדבההאם"": [""נדבההאם""], ""העולההאם"": [""העולההאם""], ""המלכותהאם"": [""המלכותהאם""]}",תורה,0.040967,שקלים,0.036154,כסף,0.02645,הקדש,0.019611,התורה,0.018179,שבתורה,0.014594,שבין,0.004036,המעשר,0.003972,המלך,0.00351,שמן,0.003495,הכסף,0.00305,עולם,0.002612,חמש,0.002609,חסר,0.002569,עשר,0.002341,העולה,0.002206,הכהנים,0.002179,הקדשים,0.001635,נדבה,0.001633,קדש,0.001588,העם,0.001425,קלי,0.001377,נחשת,0.001337,חמשה,0.000731,שבועה,0.000685,קדשים,0.000632,עשרו,0.000586,המלכות,0.000522,חסרין,0.000378,שבועות,0.000334,שבתורת,0.000202,תורההתרגום,0.000186,הקדשהתרגום,0.000137,התורההתרגום,8.6e-05,שבתורההתרגום,6.2e-05,קדשין,5.1e-05,נחשתו,1.3e-05,נדבההתרגום,1.3e-05,העולההתרגום,7e-06,שבתורתנו,4e-06,המלכותהתרגום,4e-06,שבועההתרגום,3e-06,שבועותהתרגום,2e-06,תורההאם,1e-06,הקדשהאם,1e-06,התורההאם,0.0,שבתורההאם,0.0,נדבההאם,0.0,העולההאם,0.0,המלכותהאם,0.0,SYM,False,עפרון,עיפרון,False,False,False,True,True,True,False,,,,False,False
Midrash_Aggadic_Midrash_Pesikta_DRav_Kahanna__10_1,pesikta_drk,36,דהוון,17.562,0.7849,0.33,0.3327,50,-1,False,"{""שנאמר"": 1, ""ש"": 1, ""שנאמרו"": 1, ""של"": 1, ""שלא"": 1, ""אשר"": 1, ""שאמר"": 1, ""שהן"": 1, ""חסר"": 1, ""רבי"": 1, ""שנא"": 1, ""דא"": 1, ""שאמרו"": 1, ""חוץ"": 1, ""הכה"": 1, ""הכהן"": 1, ""שאמרנו"": 1, ""דכת"": 1, ""דכתיב"": 1, ""שקלי"": 1, ""ואל"": 1, ""ומשקלי"": 1, ""ר"": 1, ""שלקח"": 1, ""ובנביא"": 1, ""שהרי"": 1, ""והיה"": 1, ""והם"": 1, ""חסרה"": 1, ""ומלוא"": 1, ""ואלו"": 1, ""ואלישע"": 1, ""ובשקל"": 1, ""שלקחו"": 1, ""הלוים"": 1, ""ומלואו"": 1, ""שלאו"": 1, ""אשרי"": 1, ""חסרהו"": 1, ""דאילו"": 1, ""דכתיבא"": 1, ""שלקחוה"": 1, ""שלקחוהו"": 1, ""שקליי"": 1, ""והיהודים"": 1, ""ואלישמע"": 1, ""שלאוין"": 1, ""והיהודית"": 1, ""ואלישמעו"": 1, ""שקלייון"": 1}","{""שנאמר"": [""שנאמר""], ""ש"": [""ש""], ""שנאמרו"": [""שנאמרו""], ""של"": [""של""], ""שלא"": [""שלא""], ""אשר"": [""אשר""], ""שאמר"": [""שאמר""], ""שהן"": [""שהן""], ""חסר"": [""חסר""], ""רבי"": [""רבי""], ""שנא"": [""שנא""], ""דא"": [""דא""], ""שאמרו"": [""שאמרו""], ""חוץ"": [""חוץ""], ""הכה"": [""הכה""], ""הכהן"": [""הכהן""], ""שאמרנו"": [""שאמרנו""], ""דכת"": [""דכת""], ""דכתיב"": [""דכתיב""], ""שקלי"": [""שקלי""], ""ואל"": [""ואל""], ""ומשקלי"": [""ומשקלי""], ""ר"": [""ר""], ""שלקח"": [""שלקח""], ""ובנביא"": [""ובנביא""], ""שהרי"": [""שהרי""], ""והיה"": [""והיה""], ""והם"": [""והם""], ""חסרה"": [""חסרה""], ""ומלוא"": [""ומלוא""], ""ואלו"": [""ואלו""], ""ואלישע"": [""ואלישע""], ""ובשקל"": [""ובשקל""], ""שלקחו"": [""שלקחו""], ""הלוים"": [""הלוים""], ""ומלואו"": [""ומלואו""], ""שלאו"": [""שלאו""], ""אשרי"": [""אשרי""], ""חסרהו"": [""חסרהו""], ""דאילו"": [""דאילו""], ""דכתיבא"": [""דכתיבא""], ""שלקחוה"": [""שלקחוה""], ""שלקחוהו"": [""שלקחוהו""], ""שקליי"": [""שקליי""], ""והיהודים"": [""והיהודים""], ""ואלישמע"": [""ואלישמע""], ""שלאוין"": [""שלאוין""], ""והיהודית"": [""והיהודית""], ""ואלישמעו"": [""ואלישמעו""], ""שקלייון"": [""שקלייון""]}",שנאמר,0.080306,ש,0.062217,שנאמרו,0.04702,של,0.022533,שלא,0.017009,אשר,0.013455,שאמר,0.011933,שהן,0.009884,חסר,0.007893,רבי,0.007266,שנא,0.006097,דא,0.005567,שאמרו,0.00439,חוץ,0.004031,הכה,0.003881,הכהן,0.003817,שאמרנו,0.002958,דכת,0.002756,דכתיב,0.002454,שקלי,0.002278,ואל,0.002131,ומשקלי,0.001906,ר,0.001837,שלקח,0.001552,ובנביא,0.001047,שהרי,0.000919,והיה,0.000846,והם,0.000712,חסרה,0.000576,ומלוא,0.00053,ואלו,0.000483,ואלישע,0.000483,ובשקל,0.00044,שלקחו,0.000363,הלוים,0.000352,ומלואו,0.000265,שלאו,0.000189,אשרי,0.00012,חסרהו,9.6e-05,דאילו,2.9e-05,דכתיבא,2.1e-05,שלקחוה,2.1e-05,שלקחוהו,2e-05,שקליי,2e-05,והיהודים,1e-05,ואלישמע,6e-06,שלאוין,2e-06,והיהודית,1e-06,ואלישמעו,1e-06,שקלייון,0.0,SYM,True,דהוון,ואן,False,False,False,True,True,True,False,,,,False,False
Midrash_Aggadic_Midrash_Pesikta_DRav_Kahanna__10_1,pesikta_drk,37,קינטרין,18.036,0.7092,0.3585,0.1438,50,-1,False,"{""קא"": 1, ""אמרין"": 1, ""אמרי"": 1, ""קרו"": 1, ""אמרון"": 1, ""בעי"": 1, ""סליקו"": 1, ""יתבי"": 1, ""דא"": 1, ""שקלי"": 1, ""קרוון"": 1, ""חזי"": 1, ""בתר"": 1, ""סליקון"": 1, ""בעו"": 1, ""עבדין"": 1, ""מתו"": 1, ""חזו"": 1, ""שמעון"": 1, ""גנבי"": 1, ""חזיין"": 1, ""יתבו"": 1, ""מזבין"": 1, ""איכא"": 1, ""דרין"": 1, ""עיילון"": 1, ""גברין"": 1, ""מתיבין"": 1, ""עיילו"": 1, ""איכו"": 1, ""מתוון"": 1, ""בדקו"": 1, ""שמעי"": 1, ""דרשי"": 1, ""בדיקון"": 1, ""קאמרי"": 1, ""איכוון"": 1, ""מיכתת"": 1, ""מיכתב"": 1, ""בדיקו"": 1, ""בעיון"": 1, ""מיכתבון"": 1, ""מיכתתין"": 1, ""יתביין"": 1, ""גנביי"": 1, ""בעוון"": 1, ""איכאון"": 1, ""שמעיון"": 1, ""דרשיין"": 1, ""עיילוון"": 1}","{""קא"": [""קא""], ""אמרין"": [""אמרין""], ""אמרי"": [""אמרי""], ""קרו"": [""קרו""], ""אמרון"": [""אמרון""], ""בעי"": [""בעי""], ""סליקו"": [""סליקו""], ""יתבי"": [""יתבי""], ""דא"": [""דא""], ""שקלי"": [""שקלי""], ""קרוון"": [""קרוון""], ""חזי"": [""חזי""], ""בתר"": [""בתר""], ""סליקון"": [""סליקון""], ""בעו"": [""בעו""], ""עבדין"": [""עבדין""], ""מתו"": [""מתו""], ""חזו"": [""חזו""], ""שמעון"": [""שמעון""], ""גנבי"": [""גנבי""], ""חזיין"": [""חזיין""], ""יתבו"": [""יתבו""], ""מזבין"": [""מזבין""], ""איכא"": [""איכא""], ""דרין"": [""דרין""], ""עיילון"": [""עיילון""], ""גברין"": [""גברין""], ""מתיבין"": [""מתיבין""], ""עיילו"": [""עיילו""], ""איכו"": [""איכו""], ""מתוון"": [""מתוון""], ""בדקו"": [""בדקו""], ""שמעי"": [""שמעי""], ""דרשי"": [""דרשי""], ""בדיקון"": [""בדיקון""], ""קאמרי"": [""קאמרי""], ""איכוון"": [""איכוון""], ""מיכתת"": [""מיכתת""], ""מיכתב"": [""מיכתב""], ""בדיקו"": [""בדיקו""], ""בעיון"": [""בעיון""], ""מיכתבון"": [""מיכתבון""], ""מיכתתין"": [""מיכתתין""], ""יתביין"": [""יתביין""], ""גנביי"": [""גנביי""], ""בעוון"": [""בעוון""], ""איכאון"": [""איכאון""], ""שמעיון"": [""שמעיון""], ""דרשיין"": [""דרשיין""], ""עיילוון"": [""עיילוון""]}",קא,0.019671,אמרין,0.018898,אמרי,0.018698,קרו,0.017359,אמרון,0.012589,בעי,0.005998,סליקו,0.005077,יתבי,0.004938,דא,0.004738,שקלי,0.00306,קרוון,0.002917,חזי,0.002648,בתר,0.002636,סליקון,0.002184,בעו,0.002172,עבדין,0.00212,מתו,0.00204,חזו,0.001967,שמעון,0.001768,גנבי,0.001692,חזיין,0.001688,יתבו,0.001603,מזבין,0.000971,איכא,0.000718,דרין,0.000623,עיילון,0.000587,גברין,0.00058,מתיבין,0.000579,עיילו,0.000552,איכו,0.000416,מתוון,0.000368,בדקו,0.000355,שמעי,0.000302,דרשי,0.000256,בדיקון,0.000245,קאמרי,0.000165,איכוון,0.000158,מיכתת,0.000119,מיכתב,9.6e-05,בדיקו,6e-05,בעיון,5.3e-05,מיכתבון,4.3e-05,מיכתתין,4.1e-05,יתביין,1e-05,גנביי,9e-06,בעוון,7e-06,איכאון,6e-06,שמעיון,4e-06,דרשיין,4e-06,עיילוון,2e-06,SYM,True,קינטרין,קנטקי,False,False,False,True,True,True,False,,,,False,False
Midrash_Aggadic_Midrash_Pesikta_DRav_Kahanna__10_1,pesikta_drk,38,הד',10.7349,0.9005,0.7277,0.1982,50,-1,False,"{""אר"": 1, ""ליה"": 1, ""כל"": 1, ""על"": 1, ""להון"": 1, ""ביה"": 1, ""אמרין"": 1, ""קינטרין"": 1, ""דא"": 1, ""ארבע"": 1, ""להו"": 1, ""אמרו"": 1, ""ליהון"": 1, ""בעפרו"": 1, ""אינון"": 1, ""לרב"": 1, ""בעפרון"": 1, ""מאי"": 1, ""דהו"": 1, ""דהוון"": 1, ""כולי"": 1, ""כולהון"": 1, ""לרבנן"": 1, ""קינטרו"": 1, ""ארבעה"": 1, ""ביהו"": 1, ""בעפרן"": 1, ""מיניה"": 1, ""עלמא"": 1, ""כולהו"": 1, ""אבוי"": 1, ""ויהבו"": 1, ""ועפר"": 1, ""ועפרון"": 1, ""בדינר"": 1, ""להוון"": 1, ""בדינרין"": 1, ""מיניהו"": 1, ""דהוו"": 1, ""בדינרי"": 1, ""כלום"": 1, ""מינן"": 1, ""אבויי"": 1, ""בדינריי"": 1, ""ויהבוון"": 1, ""דהווון"": 1, ""כולהוהתרגום"": 1, ""מיניהוהתרגום"": 1, ""בדינרייון"": 1, ""מיניהוהאם"": 1}","{""אר"": [""אר""], ""ליה"": [""ליה""], ""כל"": [""כל""], ""על"": [""על""], ""להון"": [""להון""], ""ביה"": [""ביה""], ""אמרין"": [""אמרין""], ""קינטרין"": [""קינטרין""], ""דא"": [""דא""], ""ארבע"": [""ארבע""], ""להו"": [""להו""], ""אמרו"": [""אמרו""], ""ליהון"": [""ליהון""], ""בעפרו"": [""בעפרו""], ""אינון"": [""אינון""], ""לרב"": [""לרב""], ""בעפרון"": [""בעפרון""], ""מאי"": [""מאי""], ""דהו"": [""דהו""], ""דהוון"": [""דהוון""], ""כולי"": [""כולי""], ""כולהון"": [""כולהון""], ""לרבנן"": [""לרבנן""], ""קינטרו"": [""קינטרו""], ""ארבעה"": [""ארבעה""], ""ביהו"": [""ביהו""], ""בעפרן"": [""בעפרן""], ""מיניה"": [""מיניה""], ""עלמא"": [""עלמא""], ""כולהו"": [""כולהו""], ""אבוי"": [""אבוי""], ""ויהבו"": [""ויהבו""], ""ועפר"": [""ועפר""], ""ועפרון"": [""ועפרון""], ""בדינר"": [""בדינר""], ""להוון"": [""להוון""], ""בדינרין"": [""בדינרין""], ""מיניהו"": [""מיניהו""], ""דהוו"": [""דהוו""], ""בדינרי"": [""בדינרי""], ""כלום"": [""כלום""], ""מינן"": [""מינן""], ""אבויי"": [""אבויי""], ""בדינריי"": [""בדינריי""], ""ויהבוון"": [""ויהבוון""], ""דהווון"": [""דהווון""], ""כולהוהתרגום"": [""כולהוהתרגום""], ""מיניהוהתרגום"": [""מיניהוהתרגום""], ""בדינרייון"": [""בדינרייון""], ""מיניהוהאם"": [""מיניהוהאם""]}",אר,0.046615,ליה,0.022909,כל,0.018255,על,0.018255,להון,0.015886,ביה,0.00926,אמרין,0.006466,קינטרין,0.006207,דא,0.00547,ארבע,0.005364,להו,0.004999,אמרו,0.004731,ליהון,0.00388,בעפרו,0.003805,אינון,0.003353,לרב,0.003199,בעפרון,0.001845,מאי,0.001829,דהו,0.00165,דהוון,0.001489,כולי,0.0014,כולהון,0.001321,לרבנן,0.001307,קינטרו,0.001203,ארבעה,0.001063,ביהו,0.000879,בעפרן,0.000871,מיניה,0.000549,עלמא,0.000542,כולהו,0.000471,אבוי,0.000441,ויהבו,0.000409,ועפר,0.000371,ועפרון,0.000309,בדינר,0.000268,להוון,0.000258,בדינרין,0.00022,מיניהו,0.000205,דהוו,0.000194,בדינרי,0.000155,כלום,0.00014,מינן,0.000119,אבויי,2e-05,בדינריי,3e-06,ויהבוון,3e-06,דהווון,1e-06,כולהוהתרגום,1e-06,מיניהוהתרגום,0.0,בדינרייון,0.0,מיניהוהאם,0.0,SYM,False,הד,הד,False,False,False,True,True,True,False,,,,False,False
Midrash_Aggadic_Midrash_Pesikta_DRav_Kahanna__10_1,pesikta_drk,39,דכת',10.452,0.8441,0.5457,0.1474,50,-1,False,"{""בר"": 1, ""א"": 1, ""ו"": 1, ""רבי"": 1, ""רוח"": 1, ""דא"": 1, ""חנינה"": 1, ""קינטרין"": 1, ""ית"": 1, ""אב"": 1, ""שמע"": 1, ""עפר"": 1, ""ברבי"": 1, ""רוחא"": 1, ""עפרון"": 1, ""יודה"": 1, ""ביה"": 1, ""בד"": 1, ""שמעון"": 1, ""שקלי"": 1, ""דהו"": 1, ""חנינא"": 1, ""ור"": 1, ""דהוון"": 1, ""מאי"": 1, ""קטר"": 1, ""ורבי"": 1, ""יתיר"": 1, ""אבוי"": 1, ""עבדין"": 1, ""ביהון"": 1, ""בדיק"": 1, ""מזון"": 1, ""חנינן"": 1, ""יתירין"": 1, ""מזבחי"": 1, ""דהוו"": 1, ""בדיקת"": 1, ""שקלייהו"": 1, ""מזבוני"": 1, ""אבויי"": 1, ""שקלייהון"": 1, ""יודהו"": 1, ""בדיקתא"": 1, ""מזבחיי"": 1, ""מזבוניי"": 1, ""דהווון"": 1, ""אבוייון"": 1, ""יודהוון"": 1, ""מזבונייון"": 1}","{""בר"": [""בר""], ""א"": [""א""], ""ו"": [""ו""], ""רבי"": [""רבי""], ""רוח"": [""רוח""], ""דא"": [""דא""], ""חנינה"": [""חנינה""], ""קינטרין"": [""קינטרין""], ""ית"": [""ית""], ""אב"": [""אב""], ""שמע"": [""שמע""], ""עפר"": [""עפר""], ""ברבי"": [""ברבי""], ""רוחא"": [""רוחא""], ""עפרון"": [""עפרון""], ""יודה"": [""יודה""], ""ביה"": [""ביה""], ""בד"": [""בד""], ""שמעון"": [""שמעון""], ""שקלי"": [""שקלי""], ""דהו"": [""דהו""], ""חנינא"": [""חנינא""], ""ור"": [""ור""], ""דהוון"": [""דהוון""], ""מאי"": [""מאי""], ""קטר"": [""קטר""], ""ורבי"": [""ורבי""], ""יתיר"": [""יתיר""], ""אבוי"": [""אבוי""], ""עבדין"": [""עבדין""], ""ביהון"": [""ביהון""], ""בדיק"": [""בדיק""], ""מזון"": [""מזון""], ""חנינן"": [""חנינן""], ""יתירין"": [""יתירין""], ""מזבחי"": [""מזבחי""], ""דהוו"": [""דהוו""], ""בדיקת"": [""בדיקת""], ""שקלייהו"": [""שקלייהו""], ""מזבוני"": [""מזבוני""], ""אבויי"": [""אבויי""], ""שקלייהון"": [""שקלייהון""], ""יודהו"": [""יודהו""], ""בדיקתא"": [""בדיקתא""], ""מזבחיי"": [""מזבחיי""], ""מזבוניי"": [""מזבוניי""], ""דהווון"": [""דהווון""], ""אבוייון"": [""אבוייון""], ""יודהוון"": [""יודהוון""], ""מזבונייון"": [""מזבונייון""]}",בר,0.036631,א,0.031332,ו,0.019916,רבי,0.007268,רוח,0.006314,דא,0.005977,חנינה,0.005348,קינטרין,0.003364,ית,0.002796,אב,0.002749,שמע,0.002427,עפר,0.002338,ברבי,0.002183,רוחא,0.002087,עפרון,0.001948,יודה,0.001862,ביה,0.001465,בד,0.001376,שמעון,0.001192,שקלי,0.001183,דהו,0.001175,חנינא,0.001072,ור,0.001018,דהוון,0.001018,מאי,0.000805,קטר,0.000562,ורבי,0.000426,יתיר,0.000424,אבוי,0.000234,עבדין,0.000206,ביהון,0.000123,בדיק,9.5e-05,מזון,8.9e-05,חנינן,8.4e-05,יתירין,8e-05,מזבחי,7.3e-05,דהוו,4.7e-05,בדיקת,3.1e-05,שקלייהו,1.7e-05,מזבוני,1.5e-05,אבויי,1.1e-05,שקלייהון,1e-05,יודהו,9e-06,בדיקתא,4e-06,מזבחיי,1e-06,מזבוניי,0.0,דהווון,0.0,אבוייון,0.0,יודהוון,0.0,מזבונייון,0.0,VERB,False,דכת,דכ,True,False,True,True,True,True,True,42.0,36.0,6.0,False,True
Midrash_Aggadic_Midrash_Pesikta_DRav_Kahanna__10_1,pesikta_drk,40,בכסף,16.0879,0.8098,0.6756,0.1866,50,-1,False,"{""ביה"": 1, ""כל"": 1, ""בי"": 1, ""רבי"": 1, ""גבי"": 1, ""רחמנא"": 1, ""קינטר"": 1, ""ית"": 1, ""ויהי"": 1, ""עפר"": 1, ""והיה"": 1, ""קינטרין"": 1, ""עפרון"": 1, ""רחמים"": 1, ""אב"": 1, ""דא"": 1, ""בתר"": 1, ""ביהו"": 1, ""ונתן"": 1, ""אמ"": 1, ""דכת"": 1, ""והיו"": 1, ""ביוסף"": 1, ""בתריה"": 1, ""יתיר"": 1, ""עינא"": 1, ""דכתיב"": 1, ""ירמיה"": 1, ""בתריהון"": 1, ""רחמנן"": 1, ""קטרת"": 1, ""גביי"": 1, ""ביהוון"": 1, ""ירמיהו"": 1, ""כלב"": 1, ""יתירא"": 1, ""אבידת"": 1, ""והיהל"": 1, ""דאיהו"": 1, ""קטרתא"": 1, ""אבידן"": 1, ""אבידתא"": 1, ""כלבב"": 1, ""והיהלך"": 1, ""דכתיבא"": 1, ""והיוותי"": 1, ""כלבבך"": 1, ""יתיראהתרגום"": 1, ""דאיהוהתרגום"": 1, ""דאיהוהאם"": 1}","{""ביה"": [""ביה""], ""כל"": [""כל""], ""בי"": [""בי""], ""רבי"": [""רבי""], ""גבי"": [""גבי""], ""רחמנא"": [""רחמנא""], ""קינטר"": [""קינטר""], ""ית"": [""ית""], ""ויהי"": [""ויהי""], ""עפר"": [""עפר""], ""והיה"": [""והיה""], ""קינטרין"": [""קינטרין""], ""עפרון"": [""עפרון""], ""רחמים"": [""רחמים""], ""אב"": [""אב""], ""דא"": [""דא""], ""בתר"": [""בתר""], ""ביהו"": [""ביהו""], ""ונתן"": [""ונתן""], ""אמ"": [""אמ""], ""דכת"": [""דכת""], ""והיו"": [""והיו""], ""ביוסף"": [""ביוסף""], ""בתריה"": [""בתריה""], ""יתיר"": [""יתיר""], ""עינא"": [""עינא""], ""דכתיב"": [""דכתיב""], ""ירמיה"": [""ירמיה""], ""בתריהון"": [""בתריהון""], ""רחמנן"": [""רחמנן""], ""קטרת"": [""קטרת""], ""גביי"": [""גביי""], ""ביהוון"": [""ביהוון""], ""ירמיהו"": [""ירמיהו""], ""כלב"": [""כלב""], ""יתירא"": [""יתירא""], ""אבידת"": [""אבידת""], ""והיהל"": [""והיהל""], ""דאיהו"": [""דאיהו""], ""קטרתא"": [""קטרתא""], ""אבידן"": [""אבידן""], ""אבידתא"": [""אבידתא""], ""כלבב"": [""כלבב""], ""והיהלך"": [""והיהלך""], ""דכתיבא"": [""דכתיבא""], ""והיוותי"": [""והיוותי""], ""כלבבך"": [""כלבבך""], ""יתיראהתרגום"": [""יתיראהתרגום""], ""דאיהוהתרגום"": [""דאיהוהתרגום""], ""דאיהוהאם"": [""דאיהוהאם""]}",ביה,0.034323,כל,0.030531,בי,0.021991,רבי,0.017166,גבי,0.015594,רחמנא,0.009528,קינטר,0.00751,ית,0.005944,ויהי,0.005134,עפר,0.004474,והיה,0.004228,קינטרין,0.003992,עפרון,0.002794,רחמים,0.002716,אב,0.002385,דא,0.002314,בתר,0.001906,ביהו,0.001817,ונתן,0.001766,אמ,0.001745,דכת,0.001566,והיו,0.001351,ביוסף,0.001073,בתריה,0.00075,יתיר,0.000608,עינא,0.000531,דכתיב,0.0005,ירמיה,0.000498,בתריהון,0.000339,רחמנן,0.000275,קטרת,0.000243,גביי,0.000233,ביהוון,0.000194,ירמיהו,0.000167,כלב,0.000163,יתירא,0.00011,אבידת,4.6e-05,והיהל,2.5e-05,דאיהו,2e-05,קטרתא,1.6e-05,אבידן,1.3e-05,אבידתא,1.2e-05,כלבב,9e-06,והיהלך,8e-06,דכתיבא,6e-06,והיוותי,4e-06,כלבבך,3e-06,יתיראהתרגום,1e-06,דאיהוהתרגום,0.0,דאיהוהאם,0.0,PUNCT,False,בכסף,כסף,False,False,False,True,True,True,False,,,,False,False
Midrash_Aggadic_Midrash_Pesikta_DRav_Kahanna__10_1,pesikta_drk,41,מלא,6.3263,0.9075,0.8598,0.1946,50,-1,False,"{""הזה"": 1, ""אשר"": 1, ""כסף"": 1, ""הזהב"": 1, ""לא"": 1, ""קינטר"": 1, ""עשר"": 1, ""שקלי"": 1, ""טהור"": 1, ""שלמה"": 1, ""דכת"": 1, ""קינטרין"": 1, ""יהו"": 1, ""עשרו"": 1, ""יקנה"": 1, ""תרומה"": 1, ""מזבח"": 1, ""יקדש"": 1, ""עפר"": 1, ""שבעים"": 1, ""יהוה"": 1, ""שלם"": 1, ""תקנו"": 1, ""עפרון"": 1, ""ונתן"": 1, ""דא"": 1, ""קונים"": 1, ""ונתתי"": 1, ""שבעת"": 1, ""טעון"": 1, ""מזבחי"": 1, ""דכתיב"": 1, ""יקדשנו"": 1, ""ונתתיו"": 1, ""יהוידע"": 1, ""טהורין"": 1, ""מזבחים"": 1, ""יקנהו"": 1, ""דאיהו"": 1, ""שבעתים"": 1, ""שלמההתרגום"": 1, ""מזבחיי"": 1, ""דכתיבא"": 1, ""תרומההתרגום"": 1, ""יהוידעו"": 1, ""שלמההאם"": 1, ""תרומההאם"": 1, ""יהוידעוון"": 1, ""דאיהוהתרגום"": 1, ""דאיהוהאם"": 1}","{""הזה"": [""הזה""], ""אשר"": [""אשר""], ""כסף"": [""כסף""], ""הזהב"": [""הזהב""], ""לא"": [""לא""], ""קינטר"": [""קינטר""], ""עשר"": [""עשר""], ""שקלי"": [""שקלי""], ""טהור"": [""טהור""], ""שלמה"": [""שלמה""], ""דכת"": [""דכת""], ""קינטרין"": [""קינטרין""], ""יהו"": [""יהו""], ""עשרו"": [""עשרו""], ""יקנה"": [""יקנה""], ""תרומה"": [""תרומה""], ""מזבח"": [""מזבח""], ""יקדש"": [""יקדש""], ""עפר"": [""עפר""], ""שבעים"": [""שבעים""], ""יהוה"": [""יהוה""], ""שלם"": [""שלם""], ""תקנו"": [""תקנו""], ""עפרון"": [""עפרון""], ""ונתן"": [""ונתן""], ""דא"": [""דא""], ""קונים"": [""קונים""], ""ונתתי"": [""ונתתי""], ""שבעת"": [""שבעת""], ""טעון"": [""טעון""], ""מזבחי"": [""מזבחי""], ""דכתיב"": [""דכתיב""], ""יקדשנו"": [""יקדשנו""], ""ונתתיו"": [""ונתתיו""], ""יהוידע"": [""יהוידע""], ""טהורין"": [""טהורין""], ""מזבחים"": [""מזבחים""], ""יקנהו"": [""יקנהו""], ""דאיהו"": [""דאיהו""], ""שבעתים"": [""שבעתים""], ""שלמההתרגום"": [""שלמההתרגום""], ""מזבחיי"": [""מזבחיי""], ""דכתיבא"": [""דכתיבא""], ""תרומההתרגום"": [""תרומההתרגום""], ""יהוידעו"": [""יהוידעו""], ""שלמההאם"": [""שלמההאם""], ""תרומההאם"": [""תרומההאם""], ""יהוידעוון"": [""יהוידעוון""], ""דאיהוהתרגום"": [""דאיהוהתרגום""], ""דאיהוהאם"": [""דאיהוהאם""]}",הזה,0.028527,אשר,0.025175,כסף,0.024784,הזהב,0.016964,לא,0.014122,קינטר,0.011576,עשר,0.011183,שקלי,0.007054,טהור,0.005717,שלמה,0.005242,דכת,0.004596,קינטרין,0.004588,יהו,0.003935,עשרו,0.003096,יקנה,0.002785,תרומה,0.002593,מזבח,0.002447,יקדש,0.002309,עפר,0.002202,שבעים,0.001865,יהוה,0.001746,שלם,0.00165,תקנו,0.001601,עפרון,0.001309,ונתן,0.001124,דא,0.001075,קונים,0.000776,ונתתי,0.000772,שבעת,0.000766,טעון,0.00066,מזבחי,0.00049,דכתיב,0.000388,יקדשנו,0.000379,ונתתיו,0.000353,יהוידע,0.000258,טהורין,0.000243,מזבחים,0.000143,יקנהו,5.6e-05,דאיהו,1.2e-05,שבעתים,1e-05,שלמההתרגום,7e-06,מזבחיי,7e-06,דכתיבא,5e-06,תרומההתרגום,4e-06,יהוידעו,4e-06,שלמההאם,0.0,תרומההאם,0.0,יהוידעוון,0.0,דאיהוהתרגום,0.0,דאיהוהאם,0.0,PROPN,True,מלא,מלא,False,False,False,True,True,True,False,,,,False,False
Midrash_Aggadic_Midrash_Pesikta_DRav_Kahanna__10_1,pesikta_drk,42,יתננה,19.1535,0.8426,0.5018,0.1701,50,-1,False,"{""כסף"": 1, ""כל"": 1, ""את"": 1, ""עשר"": 1, ""חסר"": 1, ""עפר"": 1, ""אוצר"": 1, ""עפרון"": 1, ""שבעים"": 1, ""כלים"": 1, ""הון"": 1, ""וכת"": 1, ""מים"": 1, ""וגו"": 1, ""יין"": 1, ""יד"": 1, ""שבעת"": 1, ""חמש"": 1, ""אוצרו"": 1, ""כר"": 1, ""עשרון"": 1, ""הוי"": 1, ""אד"": 1, ""ששים"": 1, ""ידיהם"": 1, ""כיס"": 1, ""אתו"": 1, ""מזבחי"": 1, ""חמשת"": 1, ""חסרין"": 1, ""כרמים"": 1, ""מזבח"": 1, ""אדמת"": 1, ""וכתיב"": 1, ""כיסי"": 1, ""אדמתו"": 1, ""מזבחך"": 1, ""שבעתים"": 1, ""הויי"": 1, ""חמשתל"": 1, ""מזבחיי"": 1, ""אוצרוון"": 1, ""וגוהתרגום"": 1, ""וכתיבא"": 1, ""חמשתלמ"": 1, ""כיסיון"": 1, ""הוייון"": 1, ""חמשתלמיו"": 1, ""וגוהאם"": 1, ""חמשתלמיוון"": 1}","{""כסף"": [""כסף""], ""כל"": [""כל""], ""את"": [""את""], ""עשר"": [""עשר""], ""חסר"": [""חסר""], ""עפר"": [""עפר""], ""אוצר"": [""אוצר""], ""עפרון"": [""עפרון""], ""שבעים"": [""שבעים""], ""כלים"": [""כלים""], ""הון"": [""הון""], ""וכת"": [""וכת""], ""מים"": [""מים""], ""וגו"": [""וגו""], ""יין"": [""יין""], ""יד"": [""יד""], ""שבעת"": [""שבעת""], ""חמש"": [""חמש""], ""אוצרו"": [""אוצרו""], ""כר"": [""כר""], ""עשרון"": [""עשרון""], ""הוי"": [""הוי""], ""אד"": [""אד""], ""ששים"": [""ששים""], ""ידיהם"": [""ידיהם""], ""כיס"": [""כיס""], ""אתו"": [""אתו""], ""מזבחי"": [""מזבחי""], ""חמשת"": [""חמשת""], ""חסרין"": [""חסרין""], ""כרמים"": [""כרמים""], ""מזבח"": [""מזבח""], ""אדמת"": [""אדמת""], ""וכתיב"": [""וכתיב""], ""כיסי"": [""כיסי""], ""אדמתו"": [""אדמתו""], ""מזבחך"": [""מזבחך""], ""שבעתים"": [""שבעתים""], ""הויי"": [""הויי""], ""חמשתל"": [""חמשתל""], ""מזבחיי"": [""מזבחיי""], ""אוצרוון"": [""אוצרוון""], ""וגוהתרגום"": [""וגוהתרגום""], ""וכתיבא"": [""וכתיבא""], ""חמשתלמ"": [""חמשתלמ""], ""כיסיון"": [""כיסיון""], ""הוייון"": [""הוייון""], ""חמשתלמיו"": [""חמשתלמיו""], ""וגוהאם"": [""וגוהאם""], ""חמשתלמיוון"": [""חמשתלמיוון""]}",כסף,0.035265,כל,0.023127,את,0.018876,עשר,0.012352,חסר,0.010063,עפר,0.00962,אוצר,0.005789,עפרון,0.005102,שבעים,0.00411,כלים,0.003963,הון,0.003598,וכת,0.003476,מים,0.003238,וגו,0.002973,יין,0.002905,יד,0.002816,שבעת,0.002493,חמש,0.00239,אוצרו,0.002287,כר,0.002167,עשרון,0.001824,הוי,0.001754,אד,0.001487,ששים,0.001311,ידיהם,0.001304,כיס,0.001235,אתו,0.000969,מזבחי,0.000867,חמשת,0.000567,חסרין,0.000567,כרמים,0.000494,מזבח,0.000414,אדמת,0.000184,וכתיב,0.000172,כיסי,0.000169,אדמתו,3.7e-05,מזבחך,2.6e-05,שבעתים,2.6e-05,הויי,2.3e-05,חמשתל,1.5e-05,מזבחיי,1.3e-05,אוצרוון,1.2e-05,וגוהתרגום,9e-06,וכתיבא,2e-06,חמשתלמ,2e-06,כיסיון,1e-06,הוייון,1e-06,חמשתלמיו,0.0,וגוהאם,0.0,חמשתלמיוון,0.0,DET,True,יתננה,[BLANK],False,False,False,True,True,True,False,,,,False,False
Midrash_Aggadic_Midrash_Pesikta_DRav_Kahanna__10_1,pesikta_drk,43,לי,6.9124,0.8687,0.651,0.1755,50,-1,False,"{""לא"": 1, ""ר"": 1, ""אל"": 1, ""לך"": 1, ""על"": 1, ""ביד"": 1, ""לאיש"": 1, ""וכת"": 1, ""דכת"": 1, ""לכהן"": 1, ""רבי"": 1, ""להון"": 1, ""וגו"": 1, ""דא"": 1, ""לכהנים"": 1, ""להן"": 1, ""עפר"": 1, ""בידך"": 1, ""אב"": 1, ""עפרון"": 1, ""יתננה"": 1, ""אד"": 1, ""וכתיב"": 1, ""יתנו"": 1, ""עשר"": 1, ""יד"": 1, ""דכתיב"": 1, ""יתננהו"": 1, ""מיכן"": 1, ""מזבחי"": 1, ""יתננו"": 1, ""אלוקים"": 1, ""עשרון"": 1, ""אדעת"": 1, ""אלוקי"": 1, ""אבנא"": 1, ""אדעתא"": 1, ""בקנין"": 1, ""לאישן"": 1, ""מזבוני"": 1, ""דאיהו"": 1, ""דכתיבא"": 1, ""וגוהתרגום"": 1, ""וכתיבא"": 1, ""מזבחיי"": 1, ""מזבוניי"": 1, ""וגוהאם"": 1, ""מזבונייון"": 1, ""דאיהוהתרגום"": 1, ""דאיהוהאם"": 1}","{""לא"": [""לא""], ""ר"": [""ר""], ""אל"": [""אל""], ""לך"": [""לך""], ""על"": [""על""], ""ביד"": [""ביד""], ""לאיש"": [""לאיש""], ""וכת"": [""וכת""], ""דכת"": [""דכת""], ""לכהן"": [""לכהן""], ""רבי"": [""רבי""], ""להון"": [""להון""], ""וגו"": [""וגו""], ""דא"": [""דא""], ""לכהנים"": [""לכהנים""], ""להן"": [""להן""], ""עפר"": [""עפר""], ""בידך"": [""בידך""], ""אב"": [""אב""], ""עפרון"": [""עפרון""], ""יתננה"": [""יתננה""], ""אד"": [""אד""], ""וכתיב"": [""וכתיב""], ""יתנו"": [""יתנו""], ""עשר"": [""עשר""], ""יד"": [""יד""], ""דכתיב"": [""דכתיב""], ""יתננהו"": [""יתננהו""], ""מיכן"": [""מיכן""], ""מזבחי"": [""מזבחי""], ""יתננו"": [""יתננו""], ""אלוקים"": [""אלוקים""], ""עשרון"": [""עשרון""], ""אדעת"": [""אדעת""], ""אלוקי"": [""אלוקי""], ""אבנא"": [""אבנא""], ""אדעתא"": [""אדעתא""], ""בקנין"": [""בקנין""], ""לאישן"": [""לאישן""], ""מזבוני"": [""מזבוני""], ""דאיהו"": [""דאיהו""], ""דכתיבא"": [""דכתיבא""], ""וגוהתרגום"": [""וגוהתרגום""], ""וכתיבא"": [""וכתיבא""], ""מזבחיי"": [""מזבחיי""], ""מזבוניי"": [""מזבוניי""], ""וגוהאם"": [""וגוהאם""], ""מזבונייון"": [""מזבונייון""], ""דאיהוהתרגום"": [""דאיהוהתרגום""], ""דאיהוהאם"": [""דאיהוהאם""]}",לא,0.029432,ר,0.019606,אל,0.015269,לך,0.014799,על,0.014121,ביד,0.008235,לאיש,0.007844,וכת,0.007422,דכת,0.006618,לכהן,0.005354,רבי,0.00534,להון,0.005311,וגו,0.004572,דא,0.004273,לכהנים,0.003979,להן,0.003483,עפר,0.002457,בידך,0.00232,אב,0.002075,עפרון,0.001756,יתננה,0.001531,אד,0.00134,וכתיב,0.001206,יתנו,0.001136,עשר,0.001057,יד,0.00102,דכתיב,0.00091,יתננהו,0.000596,מיכן,0.000559,מזבחי,0.000293,יתננו,0.000274,אלוקים,0.000256,עשרון,0.000229,אדעת,0.000186,אלוקי,0.000123,אבנא,0.000119,אדעתא,0.000101,בקנין,9.4e-05,לאישן,6.6e-05,מזבוני,4.4e-05,דאיהו,2.9e-05,דכתיבא,1.4e-05,וגוהתרגום,1.4e-05,וכתיבא,1.2e-05,מזבחיי,3e-06,מזבוניי,1e-06,וגוהאם,0.0,מזבונייון,0.0,דאיהוהתרגום,0.0,דאיהוהאם,0.0,SYM,True,לי,לי,False,True,False,True,True,True,False,,,,False,False
Midrash_Aggadic_Midrash_Pesikta_DRav_Kahanna__10_1,pesikta_drk,44,וגו',7.5083,0.8017,0.0,0.1021,50,6,True,"{""אל"": 1, ""לא"": 1, ""וכת"": 1, ""רבי"": 1, ""דכת"": 1, ""וגו"": 1, ""ביד"": 1, ""עפר"": 1, ""עפרון"": 1, ""דא"": 1, ""רוח"": 1, ""חסר"": 1, ""ואחר"": 1, ""לאיש"": 1, ""בידך"": 1, ""אלעזר"": 1, ""אדני"": 1, ""וכתיב"": 1, ""ואמר"": 1, ""במתנה"": 1, ""רוחי"": 1, ""אדוני"": 1, ""עבדי"": 1, ""דכתיב"": 1, ""חנינה"": 1, ""ואחרון"": 1, ""חנינא"": 1, ""חנינתי"": 1, ""אלעזרי"": 1, ""ואמרין"": 1, ""לאישתי"": 1, ""רביי"": 1, ""אדוניי"": 1, ""דאינון"": 1, ""וכתיבא"": 1, ""וגוהתרגום"": 1, ""דכתיבא"": 1, ""חנינתיו"": 1, ""אדניהתרגום"": 1, ""אלעזריון"": 1, ""לאישתיו"": 1, ""רבייון"": 1, ""וגוהאם"": 1, ""דכתיבאנו"": 1, ""חנינתיוון"": 1, ""אדניהאם"": 1, ""לאישתיוון"": 1, ""דכתיבאנוו"": 1, ""דכתיבאנוויר"": 1, ""דכתיבאנווירא"": 1}","{""אל"": [""אל""], ""לא"": [""לא""], ""וכת"": [""וכת""], ""רבי"": [""רבי""], ""דכת"": [""דכת""], ""וגו"": [""וגו""], ""ביד"": [""ביד""], ""עפר"": [""עפר""], ""עפרון"": [""עפרון""], ""דא"": [""דא""], ""רוח"": [""רוח""], ""חסר"": [""חסר""], ""ואחר"": [""ואחר""], ""לאיש"": [""לאיש""], ""בידך"": [""בידך""], ""אלעזר"": [""אלעזר""], ""אדני"": [""אדני""], ""וכתיב"": [""וכתיב""], ""ואמר"": [""ואמר""], ""במתנה"": [""במתנה""], ""רוחי"": [""רוחי""], ""אדוני"": [""אדוני""], ""עבדי"": [""עבדי""], ""דכתיב"": [""דכתיב""], ""חנינה"": [""חנינה""], ""ואחרון"": [""ואחרון""], ""חנינא"": [""חנינא""], ""חנינתי"": [""חנינתי""], ""אלעזרי"": [""אלעזרי""], ""ואמרין"": [""ואמרין""], ""לאישתי"": [""לאישתי""], ""רביי"": [""רביי""], ""אדוניי"": [""אדוניי""], ""דאינון"": [""דאינון""], ""וכתיבא"": [""וכתיבא""], ""וגוהתרגום"": [""וגוהתרגום""], ""דכתיבא"": [""דכתיבא""], ""חנינתיו"": [""חנינתיו""], ""אדניהתרגום"": [""אדניהתרגום""], ""אלעזריון"": [""אלעזריון""], ""לאישתיו"": [""לאישתיו""], ""רבייון"": [""רבייון""], ""וגוהאם"": [""וגוהאם""], ""דכתיבאנו"": [""דכתיבאנו""], ""חנינתיוון"": [""חנינתיוון""], ""אדניהאם"": [""אדניהאם""], ""לאישתיוון"": [""לאישתיוון""], ""דכתיבאנוו"": [""דכתיבאנוו""], ""דכתיבאנוויר"": [""דכתיבאנוויר""], ""דכתיבאנווירא"": [""דכתיבאנווירא""]}",אל,0.0183,לא,0.017191,וכת,0.009791,רבי,0.006635,דכת,0.006185,וגו,0.005493,ביד,0.004518,עפר,0.004475,עפרון,0.003459,דא,0.003259,רוח,0.002558,חסר,0.002431,ואחר,0.002086,לאיש,0.001981,בידך,0.001725,אלעזר,0.001663,אדני,0.001583,וכתיב,0.001476,ואמר,0.001456,במתנה,0.001175,רוחי,0.001021,אדוני,0.000916,עבדי,0.000862,דכתיב,0.000578,חנינה,0.000447,ואחרון,0.000283,חנינא,0.000147,חנינתי,0.000106,אלעזרי,6.9e-05,ואמרין,4.9e-05,לאישתי,3.4e-05,רביי,2.2e-05,אדוניי,2e-05,דאינון,1.8e-05,וכתיבא,1.5e-05,וגוהתרגום,1.4e-05,דכתיבא,1.1e-05,חנינתיו,3e-06,אדניהתרגום,2e-06,אלעזריון,1e-06,לאישתיו,0.0,רבייון,0.0,וגוהאם,0.0,דכתיבאנו,0.0,חנינתיוון,0.0,אדניהאם,0.0,לאישתיוון,0.0,דכתיבאנוו,0.0,דכתיבאנוויר,0.0,דכתיבאנווירא,0.0,PRON,True,וגו,גומר,False,False,False,True,True,True,False,,,,False,False
Midrash_Aggadic_Midrash_Pesikta_DRav_Kahanna__10_1,pesikta_drk,45,ועל,8.8446,0.9351,0.8157,0.1515,50,-1,False,"{""א"": 1, ""ה"": 1, ""מ"": 1, ""וכת"": 1, ""דכת"": 1, ""רבי"": 1, ""דא"": 1, ""ואמר"": 1, ""מאי"": 1, ""והיה"": 1, ""יתננה"": 1, ""אמ"": 1, ""הוי"": 1, ""ר"": 1, ""והא"": 1, ""עפר"": 1, ""ויהי"": 1, ""עשר"": 1, ""וכתיב"": 1, ""ואחר"": 1, ""עפרון"": 1, ""יד"": 1, ""דכתיב"": 1, ""יתנו"": 1, ""יתננו"": 1, ""יתננהו"": 1, ""ואחרון"": 1, ""ואמרינ"": 1, ""ואמרינן"": 1, ""הויי"": 1, ""והאידנא"": 1, ""דאיל"": 1, ""דאילו"": 1, ""מאיו"": 1, ""דכתיבא"": 1, ""וכתיבא"": 1, ""והיהון"": 1, ""אמר"": 1, ""ויהיון"": 1, ""והאידנ"": 1, ""מאיוון"": 1, ""והאידנין"": 1, ""הוייון"": 1, ""וכתיבאנו"": 1, ""אמרש"": 1, ""אמרשמעון"": 1, ""וכתיבאנוו"": 1, ""אמרשמעיה"": 1, ""וכתיבאנוויר"": 1, ""וכתיבאנווירח"": 1}","{""א"": [""א""], ""ה"": [""ה""], ""מ"": [""מ""], ""וכת"": [""וכת""], ""דכת"": [""דכת""], ""רבי"": [""רבי""], ""דא"": [""דא""], ""ואמר"": [""ואמר""], ""מאי"": [""מאי""], ""והיה"": [""והיה""], ""יתננה"": [""יתננה""], ""אמ"": [""אמ""], ""הוי"": [""הוי""], ""ר"": [""ר""], ""והא"": [""והא""], ""עפר"": [""עפר""], ""ויהי"": [""ויהי""], ""עשר"": [""עשר""], ""וכתיב"": [""וכתיב""], ""ואחר"": [""ואחר""], ""עפרון"": [""עפרון""], ""יד"": [""יד""], ""דכתיב"": [""דכתיב""], ""יתנו"": [""יתנו""], ""יתננו"": [""יתננו""], ""יתננהו"": [""יתננהו""], ""ואחרון"": [""ואחרון""], ""ואמרינ"": [""ואמרינ""], ""ואמרינן"": [""ואמרינן""], ""הויי"": [""הויי""], ""והאידנא"": [""והאידנא""], ""דאיל"": [""דאיל""], ""דאילו"": [""דאילו""], ""מאיו"": [""מאיו""], ""דכתיבא"": [""דכתיבא""], ""וכתיבא"": [""וכתיבא""], ""והיהון"": [""והיהון""], ""אמר"": [""אמר""], ""ויהיון"": [""ויהיון""], ""והאידנ"": [""והאידנ""], ""מאיוון"": [""מאיוון""], ""והאידנין"": [""והאידנין""], ""הוייון"": [""הוייון""], ""וכתיבאנו"": [""וכתיבאנו""], ""אמרש"": [""אמרש""], ""אמרשמעון"": [""אמרשמעון""], ""וכתיבאנוו"": [""וכתיבאנוו""], ""אמרשמעיה"": [""אמרשמעיה""], ""וכתיבאנוויר"": [""וכתיבאנוויר""], ""וכתיבאנווירח"": [""וכתיבאנווירח""]}",א,0.031966,ה,0.022667,מ,0.02197,וכת,0.014495,דכת,0.009741,רבי,0.007778,דא,0.005726,ואמר,0.00467,מאי,0.003424,והיה,0.003056,יתננה,0.002677,אמ,0.002558,הוי,0.002367,ר,0.002093,והא,0.001942,עפר,0.001874,ויהי,0.00186,עשר,0.001816,וכתיב,0.001753,ואחר,0.001564,עפרון,0.001343,יד,0.001117,דכתיב,0.001052,יתנו,0.000655,יתננו,0.000335,יתננהו,0.000317,ואחרון,0.000226,ואמרינ,0.000146,ואמרינן,0.00014,הויי,4e-05,והאידנא,2.9e-05,דאיל,2.5e-05,דאילו,2.2e-05,מאיו,2.1e-05,דכתיבא,2e-05,וכתיבא,1.5e-05,והיהון,9e-06,אמר,4e-06,ויהיון,3e-06,והאידנ,2e-06,מאיוון,1e-06,והאידנין,1e-06,הוייון,0.0,וכתיבאנו,0.0,אמרש,0.0,אמרשמעון,0.0,וכתיבאנוו,0.0,אמרשמעיה,0.0,וכתיבאנוויר,0.0,וכתיבאנווירח,0.0,VERB,False,ועל,על,True,True,False,True,True,True,False,,,,False,False
Midrash_Aggadic_Midrash_Pesikta_DRav_Kahanna__10_1,pesikta_drk,46,ידי,4.6226,0.777,0.0,0.3238,50,4,True,"{""כל"": 1, ""כן"": 1, ""פי"": 1, ""ידי"": 1, ""זה"": 1, ""גבי"": 1, ""יד"": 1, ""הכסף"": 1, ""פיהם"": 1, ""עפר"": 1, ""שכר"": 1, ""פיו"": 1, ""דא"": 1, ""עפרון"": 1, ""שקלי"": 1, ""יתננה"": 1, ""אד"": 1, ""ידיה"": 1, ""כר"": 1, ""כולם"": 1, ""אבן"": 1, ""ידיהון"": 1, ""עיניו"": 1, ""דמי"": 1, ""שכרו"": 1, ""יתננהו"": 1, ""החרס"": 1, ""אדמת"": 1, ""זהב"": 1, ""כלם"": 1, ""גביי"": 1, ""פיות"": 1, ""ידיי"": 1, ""החרסן"": 1, ""שקליי"": 1, ""אדמתו"": 1, ""פיותיו"": 1, ""דמיון"": 1, ""גבייון"": 1, ""דאשא"": 1, ""דאשכח"": 1, ""דאשכחן"": 1, ""ידייון"": 1, ""עיניוהתרגום"": 1, ""שכרוהתרגום"": 1, ""שקלייון"": 1, ""פיותיוון"": 1, ""דאשאך"": 1, ""עיניוהאם"": 1, ""שכרוהאם"": 1}","{""כל"": [""כל""], ""כן"": [""כן""], ""פי"": [""פי""], ""ידי"": [""ידי""], ""זה"": [""זה""], ""גבי"": [""גבי""], ""יד"": [""יד""], ""הכסף"": [""הכסף""], ""פיהם"": [""פיהם""], ""עפר"": [""עפר""], ""שכר"": [""שכר""], ""פיו"": [""פיו""], ""דא"": [""דא""], ""עפרון"": [""עפרון""], ""שקלי"": [""שקלי""], ""יתננה"": [""יתננה""], ""אד"": [""אד""], ""ידיה"": [""ידיה""], ""כר"": [""כר""], ""כולם"": [""כולם""], ""אבן"": [""אבן""], ""ידיהון"": [""ידיהון""], ""עיניו"": [""עיניו""], ""דמי"": [""דמי""], ""שכרו"": [""שכרו""], ""יתננהו"": [""יתננהו""], ""החרס"": [""החרס""], ""אדמת"": [""אדמת""], ""זהב"": [""זהב""], ""כלם"": [""כלם""], ""גביי"": [""גביי""], ""פיות"": [""פיות""], ""ידיי"": [""ידיי""], ""החרסן"": [""החרסן""], ""שקליי"": [""שקליי""], ""אדמתו"": [""אדמתו""], ""פיותיו"": [""פיותיו""], ""דמיון"": [""דמיון""], ""גבייון"": [""גבייון""], ""דאשא"": [""דאשא""], ""דאשכח"": [""דאשכח""], ""דאשכחן"": [""דאשכחן""], ""ידייון"": [""ידייון""], ""עיניוהתרגום"": [""עיניוהתרגום""], ""שכרוהתרגום"": [""שכרוהתרגום""], ""שקלייון"": [""שקלייון""], ""פיותיוון"": [""פיותיוון""], ""דאשאך"": [""דאשאך""], ""עיניוהאם"": [""עיניוהאם""], ""שכרוהאם"": [""שכרוהאם""]}",כל,0.059994,כן,0.044584,פי,0.040594,ידי,0.040594,זה,0.030642,גבי,0.016147,יד,0.014079,הכסף,0.013148,פיהם,0.013135,עפר,0.012194,שכר,0.005385,פיו,0.005064,דא,0.00467,עפרון,0.004603,שקלי,0.004002,יתננה,0.002531,אד,0.001983,ידיה,0.001824,כר,0.001171,כולם,0.001153,אבן,0.001095,ידיהון,0.000849,עיניו,0.000848,דמי,0.0005,שכרו,0.000475,יתננהו,0.000443,החרס,0.000438,אדמת,0.000381,זהב,0.000332,כלם,0.000312,גביי,0.000257,פיות,0.000157,ידיי,9.5e-05,החרסן,4.2e-05,שקליי,3.9e-05,אדמתו,2.8e-05,פיותיו,2.7e-05,דמיון,7e-06,גבייון,2e-06,דאשא,1e-06,דאשכח,1e-06,דאשכחן,1e-06,ידייון,0.0,עיניוהתרגום,0.0,שכרוהתרגום,0.0,שקלייון,0.0,פיותיוון,0.0,דאשאך,0.0,עיניוהאם,0.0,שכרוהאם,0.0,NUM,False,ידי,יד,False,False,False,True,True,True,False,,,,False,False
Midrash_Aggadic_Midrash_Pesikta_DRav_Kahanna__10_1,pesikta_drk,47,שהכניס,14.4683,0.8618,0.7849,0.2695,50,-1,False,"{""זה"": 1, ""ש"": 1, ""כך"": 1, ""ר"": 1, ""מה"": 1, ""משה"": 1, ""דכת"": 1, ""עפר"": 1, ""עפרון"": 1, ""הכסף"": 1, ""דא"": 1, ""רבי"": 1, ""שקלי"": 1, ""קינטרין"": 1, ""חטאת"": 1, ""חכמים"": 1, ""יד"": 1, ""עשו"": 1, ""אבא"": 1, ""הכת"": 1, ""אב"": 1, ""קוצר"": 1, ""יתננה"": 1, ""דכתיב"": 1, ""מהו"": 1, ""חטאתו"": 1, ""הכתובה"": 1, ""יתנו"": 1, ""קינטרי"": 1, ""אבשלום"": 1, ""יתננהו"": 1, ""יתננו"": 1, ""דאוד"": 1, ""עשויה"": 1, ""שקליי"": 1, ""מהוון"": 1, ""רביי"": 1, ""דכתיבא"": 1, ""אבאנו"": 1, ""קינטריון"": 1, ""דאודו"": 1, ""עשויהו"": 1, ""יתננוו"": 1, ""דאודוון"": 1, ""שקלייון"": 1, ""רבייון"": 1, ""דכתיבאון"": 1, ""יתננווון"": 1, ""עשויהוהתרגום"": 1, ""עשויהוהאם"": 1}","{""זה"": [""זה""], ""ש"": [""ש""], ""כך"": [""כך""], ""ר"": [""ר""], ""מה"": [""מה""], ""משה"": [""משה""], ""דכת"": [""דכת""], ""עפר"": [""עפר""], ""עפרון"": [""עפרון""], ""הכסף"": [""הכסף""], ""דא"": [""דא""], ""רבי"": [""רבי""], ""שקלי"": [""שקלי""], ""קינטרין"": [""קינטרין""], ""חטאת"": [""חטאת""], ""חכמים"": [""חכמים""], ""יד"": [""יד""], ""עשו"": [""עשו""], ""אבא"": [""אבא""], ""הכת"": [""הכת""], ""אב"": [""אב""], ""קוצר"": [""קוצר""], ""יתננה"": [""יתננה""], ""דכתיב"": [""דכתיב""], ""מהו"": [""מהו""], ""חטאתו"": [""חטאתו""], ""הכתובה"": [""הכתובה""], ""יתנו"": [""יתנו""], ""קינטרי"": [""קינטרי""], ""אבשלום"": [""אבשלום""], ""יתננהו"": [""יתננהו""], ""יתננו"": [""יתננו""], ""דאוד"": [""דאוד""], ""עשויה"": [""עשויה""], ""שקליי"": [""שקליי""], ""מהוון"": [""מהוון""], ""רביי"": [""רביי""], ""דכתיבא"": [""דכתיבא""], ""אבאנו"": [""אבאנו""], ""קינטריון"": [""קינטריון""], ""דאודו"": [""דאודו""], ""עשויהו"": [""עשויהו""], ""יתננוו"": [""יתננוו""], ""דאודוון"": [""דאודוון""], ""שקלייון"": [""שקלייון""], ""רבייון"": [""רבייון""], ""דכתיבאון"": [""דכתיבאון""], ""יתננווון"": [""יתננווון""], ""עשויהוהתרגום"": [""עשויהוהתרגום""], ""עשויהוהאם"": [""עשויהוהאם""]}",זה,0.067082,ש,0.04539,כך,0.023183,ר,0.018921,מה,0.018628,משה,0.017228,דכת,0.013121,עפר,0.011028,עפרון,0.009237,הכסף,0.008643,דא,0.006198,רבי,0.004674,שקלי,0.003317,קינטרין,0.003228,חטאת,0.00275,חכמים,0.002537,יד,0.002277,עשו,0.002206,אבא,0.002173,הכת,0.001704,אב,0.001666,קוצר,0.000805,יתננה,0.000548,דכתיב,0.000506,מהו,0.000472,חטאתו,0.00042,הכתובה,0.000382,יתנו,0.000379,קינטרי,0.000291,אבשלום,0.000193,יתננהו,9.1e-05,יתננו,8e-05,דאוד,4.1e-05,עשויה,2.9e-05,שקליי,1.5e-05,מהוון,1.3e-05,רביי,8e-06,דכתיבא,6e-06,אבאנו,4e-06,קינטריון,3e-06,דאודו,3e-06,עשויהו,0.0,יתננוו,0.0,דאודוון,0.0,שקלייון,0.0,רבייון,0.0,דכתיבאון,0.0,יתננווון,0.0,עשויהוהתרגום,0.0,עשויהוהאם,0.0,SYM,True,שהכניס,הכניס,False,False,False,True,True,True,False,,,,False,False
Midrash_Aggadic_Midrash_Pesikta_DRav_Kahanna__10_1,pesikta_drk,48,עין,9.7909,0.8638,0.4539,0.2858,50,-1,False,"{""את"": 1, ""לו"": 1, ""כל"": 1, ""לי"": 1, ""ר"": 1, ""כסף"": 1, ""ידו"": 1, ""עפר"": 1, ""עפרון"": 1, ""יתננה"": 1, ""הקדוש"": 1, ""רבי"": 1, ""יתנו"": 1, ""סלע"": 1, ""הכסף"": 1, ""הקב"": 1, ""סלעים"": 1, ""אתו"": 1, ""בידו"": 1, ""שכר"": 1, ""הכהן"": 1, ""עיניו"": 1, ""בלב"": 1, ""שמן"": 1, ""חוץ"": 1, ""אבא"": 1, ""בלבו"": 1, ""סם"": 1, ""חנינה"": 1, ""הקבה"": 1, ""הקדושה"": 1, ""יתננו"": 1, ""יתננהו"": 1, ""כלום"": 1, ""חנינא"": 1, ""שכרו"": 1, ""ליוד"": 1, ""לוון"": 1, ""רביי"": 1, ""סלעון"": 1, ""ליודין"": 1, ""חניניה"": 1, ""יתננוו"": 1, ""חניניהו"": 1, ""רבייון"": 1, ""עיניוהתרגום"": 1, ""שכרוהתרגום"": 1, ""יתננווון"": 1, ""עיניוהאם"": 1, ""שכרוהאם"": 1}","{""את"": [""את""], ""לו"": [""לו""], ""כל"": [""כל""], ""לי"": [""לי""], ""ר"": [""ר""], ""כסף"": [""כסף""], ""ידו"": [""ידו""], ""עפר"": [""עפר""], ""עפרון"": [""עפרון""], ""יתננה"": [""יתננה""], ""הקדוש"": [""הקדוש""], ""רבי"": [""רבי""], ""יתנו"": [""יתנו""], ""סלע"": [""סלע""], ""הכסף"": [""הכסף""], ""הקב"": [""הקב""], ""סלעים"": [""סלעים""], ""אתו"": [""אתו""], ""בידו"": [""בידו""], ""שכר"": [""שכר""], ""הכהן"": [""הכהן""], ""עיניו"": [""עיניו""], ""בלב"": [""בלב""], ""שמן"": [""שמן""], ""חוץ"": [""חוץ""], ""אבא"": [""אבא""], ""בלבו"": [""בלבו""], ""סם"": [""סם""], ""חנינה"": [""חנינה""], ""הקבה"": [""הקבה""], ""הקדושה"": [""הקדושה""], ""יתננו"": [""יתננו""], ""יתננהו"": [""יתננהו""], ""כלום"": [""כלום""], ""חנינא"": [""חנינא""], ""שכרו"": [""שכרו""], ""ליוד"": [""ליוד""], ""לוון"": [""לוון""], ""רביי"": [""רביי""], ""סלעון"": [""סלעון""], ""ליודין"": [""ליודין""], ""חניניה"": [""חניניה""], ""יתננוו"": [""יתננוו""], ""חניניהו"": [""חניניהו""], ""רבייון"": [""רבייון""], ""עיניוהתרגום"": [""עיניוהתרגום""], ""שכרוהתרגום"": [""שכרוהתרגום""], ""יתננווון"": [""יתננווון""], ""עיניוהאם"": [""עיניוהאם""], ""שכרוהאם"": [""שכרוהאם""]}",את,0.055854,לו,0.044184,כל,0.037793,לי,0.02365,ר,0.022567,כסף,0.0148,ידו,0.011152,עפר,0.009601,עפרון,0.00786,יתננה,0.007345,הקדוש,0.006925,רבי,0.006358,יתנו,0.004473,סלע,0.002933,הכסף,0.002593,הקב,0.002293,סלעים,0.002112,אתו,0.002082,בידו,0.002051,שכר,0.00205,הכהן,0.002049,עיניו,0.001907,בלב,0.001897,שמן,0.001896,חוץ,0.001719,אבא,0.001109,בלבו,0.001042,סם,0.000974,חנינה,0.000809,הקבה,0.000745,הקדושה,0.000564,יתננו,0.000532,יתננהו,0.000508,כלום,0.00044,חנינא,0.000422,שכרו,0.000214,ליוד,0.000124,לוון,8.5e-05,רביי,4.2e-05,סלעון,2.9e-05,ליודין,1.8e-05,חניניה,1.7e-05,יתננוו,2e-06,חניניהו,1e-06,רבייון,0.0,עיניוהתרגום,0.0,שכרוהתרגום,0.0,יתננווון,0.0,עיניוהאם,0.0,שכרוהאם,0.0,VERB,True,עין,עין,True,False,True,True,True,True,True,45.0,22.0,23.0,False,True
Midrash_Aggadic_Midrash_Pesikta_DRav_Kahanna__10_1,pesikta_drk,49,צרה,5.9426,0.8019,0.0,0.6258,50,5,True,"{""רעה"": 1, ""רע"": 1, ""הרע"": 1, ""צר"": 1, ""צרה"": 1, ""לרעה"": 1, ""לרע"": 1, ""בכסף"": 1, ""רעהו"": 1, ""רשע"": 1, ""יפה"": 1, ""לרעהו"": 1, ""הרעה"": 1, ""לכסף"": 1, ""בלב"": 1, ""רשעים"": 1, ""פתי"": 1, ""פקוח"": 1, ""בלבו"": 1, ""פקוחה"": 1, ""רען"": 1, ""פקח"": 1, ""לרעיו"": 1, ""לרב"": 1, ""לכספו"": 1, ""הרען"": 1, ""יתירה"": 1, ""יתננה"": 1, ""הרעהו"": 1, ""רעהוון"": 1, ""רשענו"": 1, ""פקחתי"": 1, ""צרההתרגום"": 1, ""יתננהו"": 1, ""לרעהוהתרגום"": 1, ""יתננו"": 1, ""לרעיוו"": 1, ""פקחתיו"": 1, ""פקוחההתרגום"": 1, ""בלבוהתרגום"": 1, ""רשענוו"": 1, ""הרעהוון"": 1, ""לכספוהתרגום"": 1, ""צרההאם"": 1, ""יתננוו"": 1, ""לרעהוהאם"": 1, ""רשענווין"": 1, ""בלבוהאם"": 1, ""יתננווון"": 1, ""לכספוהאם"": 1}","{""רעה"": [""רעה""], ""רע"": [""רע""], ""הרע"": [""הרע""], ""צר"": [""צר""], ""צרה"": [""צרה""], ""לרעה"": [""לרעה""], ""לרע"": [""לרע""], ""בכסף"": [""בכסף""], ""רעהו"": [""רעהו""], ""רשע"": [""רשע""], ""יפה"": [""יפה""], ""לרעהו"": [""לרעהו""], ""הרעה"": [""הרעה""], ""לכסף"": [""לכסף""], ""בלב"": [""בלב""], ""רשעים"": [""רשעים""], ""פתי"": [""פתי""], ""פקוח"": [""פקוח""], ""בלבו"": [""בלבו""], ""פקוחה"": [""פקוחה""], ""רען"": [""רען""], ""פקח"": [""פקח""], ""לרעיו"": [""לרעיו""], ""לרב"": [""לרב""], ""לכספו"": [""לכספו""], ""הרען"": [""הרען""], ""יתירה"": [""יתירה""], ""יתננה"": [""יתננה""], ""הרעהו"": [""הרעהו""], ""רעהוון"": [""רעהוון""], ""רשענו"": [""רשענו""], ""פקחתי"": [""פקחתי""], ""צרההתרגום"": [""צרההתרגום""], ""יתננהו"": [""יתננהו""], ""לרעהוהתרגום"": [""לרעהוהתרגום""], ""יתננו"": [""יתננו""], ""לרעיוו"": [""לרעיוו""], ""פקחתיו"": [""פקחתיו""], ""פקוחההתרגום"": [""פקוחההתרגום""], ""בלבוהתרגום"": [""בלבוהתרגום""], ""רשענוו"": [""רשענוו""], ""הרעהוון"": [""הרעהוון""], ""לכספוהתרגום"": [""לכספוהתרגום""], ""צרההאם"": [""צרההאם""], ""יתננוו"": [""יתננוו""], ""לרעהוהאם"": [""לרעהוהאם""], ""רשענווין"": [""רשענווין""], ""בלבוהאם"": [""בלבוהאם""], ""יתננווון"": [""יתננווון""], ""לכספוהאם"": [""לכספוהאם""]}",רעה,0.333301,רע,0.089707,הרע,0.071492,צר,0.020004,צרה,0.016259,לרעה,0.01525,לרע,0.011693,בכסף,0.010324,רעהו,0.009088,רשע,0.008257,יפה,0.007492,לרעהו,0.007039,הרעה,0.005868,לכסף,0.003542,בלב,0.003509,רשעים,0.003442,פתי,0.002594,פקוח,0.00137,בלבו,0.001194,פקוחה,0.001115,רען,0.00111,פקח,0.000512,לרעיו,0.000469,לרב,0.000435,לכספו,0.000226,הרען,0.000177,יתירה,0.000143,יתננה,5.3e-05,הרעהו,3.8e-05,רעהוון,3.7e-05,רשענו,3.7e-05,פקחתי,3.4e-05,צרההתרגום,9e-06,יתננהו,6e-06,לרעהוהתרגום,5e-06,יתננו,4e-06,לרעיוו,4e-06,פקחתיו,2e-06,פקוחההתרגום,1e-06,בלבוהתרגום,1e-06,רשענוו,0.0,הרעהוון,0.0,לכספוהתרגום,0.0,צרההאם,0.0,יתננוו,0.0,לרעהוהאם,0.0,רשענווין,0.0,בלבוהאם,0.0,יתננווון,0.0,לכספוהאם,0.0,VERB,False,צרה,צר,True,False,True,True,True,True,True,56.0,51.0,5.0,False,True
Midrash_Aggadic_Midrash_Pesikta_DRav_Kahanna__10_1,pesikta_drk,50,בממונו,12.6608,0.8477,0.5586,0.1829,50,-1,False,"{""על"": 1, ""לא"": 1, ""בא"": 1, ""את"": 1, ""בהן"": 1, ""בכסף"": 1, ""לכסף"": 1, ""לכת"": 1, ""בשקל"": 1, ""לעני"": 1, ""לאיש"": 1, ""לעצמו"": 1, ""באיש"": 1, ""בעפר"": 1, ""בהון"": 1, ""בעין"": 1, ""בשקלים"": 1, ""בחבירו"": 1, ""בעפרון"": 1, ""במקח"": 1, ""בחנם"": 1, ""בשני"": 1, ""עליהן"": 1, ""יבא"": 1, ""אתו"": 1, ""יבאנו"": 1, ""לעניי"": 1, ""לכתובה"": 1, ""בחביריו"": 1, ""ועיניו"": 1, ""במקחן"": 1, ""באישות"": 1, ""ותפיסה"": 1, ""בשנייה"": 1, ""לאישתא"": 1, ""לאישתכח"": 1, ""אתוון"": 1, ""בשנייהו"": 1, ""לעצמוהתרגום"": 1, ""באישותן"": 1, ""לכתובהו"": 1, ""לאישתאוי"": 1, ""לאישתכחא"": 1, ""בחביריוהתרגום"": 1, ""ותפיסהו"": 1, ""לאישתאויי"": 1, ""לעצמוהאם"": 1, ""לאישתכחאון"": 1, ""בחביריוהאם"": 1, ""לאישתאוייון"": 1}","{""על"": [""על""], ""לא"": [""לא""], ""בא"": [""בא""], ""את"": [""את""], ""בהן"": [""בהן""], ""בכסף"": [""בכסף""], ""לכסף"": [""לכסף""], ""לכת"": [""לכת""], ""בשקל"": [""בשקל""], ""לעני"": [""לעני""], ""לאיש"": [""לאיש""], ""לעצמו"": [""לעצמו""], ""באיש"": [""באיש""], ""בעפר"": [""בעפר""], ""בהון"": [""בהון""], ""בעין"": [""בעין""], ""בשקלים"": [""בשקלים""], ""בחבירו"": [""בחבירו""], ""בעפרון"": [""בעפרון""], ""במקח"": [""במקח""], ""בחנם"": [""בחנם""], ""בשני"": [""בשני""], ""עליהן"": [""עליהן""], ""יבא"": [""יבא""], ""אתו"": [""אתו""], ""יבאנו"": [""יבאנו""], ""לעניי"": [""לעניי""], ""לכתובה"": [""לכתובה""], ""בחביריו"": [""בחביריו""], ""ועיניו"": [""ועיניו""], ""במקחן"": [""במקחן""], ""באישות"": [""באישות""], ""ותפיסה"": [""ותפיסה""], ""בשנייה"": [""בשנייה""], ""לאישתא"": [""לאישתא""], ""לאישתכח"": [""לאישתכח""], ""אתוון"": [""אתוון""], ""בשנייהו"": [""בשנייהו""], ""לעצמוהתרגום"": [""לעצמוהתרגום""], ""באישותן"": [""באישותן""], ""לכתובהו"": [""לכתובהו""], ""לאישתאוי"": [""לאישתאוי""], ""לאישתכחא"": [""לאישתכחא""], ""בחביריוהתרגום"": [""בחביריוהתרגום""], ""ותפיסהו"": [""ותפיסהו""], ""לאישתאויי"": [""לאישתאויי""], ""לעצמוהאם"": [""לעצמוהאם""], ""לאישתכחאון"": [""לאישתכחאון""], ""בחביריוהאם"": [""בחביריוהאם""], ""לאישתאוייון"": [""לאישתאוייון""]}",על,0.069321,לא,0.021813,בא,0.020814,את,0.015228,בהן,0.007512,בכסף,0.007306,לכסף,0.003687,לכת,0.003349,בשקל,0.003223,לעני,0.003216,לאיש,0.002707,לעצמו,0.002674,באיש,0.002636,בעפר,0.00206,בהון,0.00196,בעין,0.001876,בשקלים,0.001796,בחבירו,0.001572,בעפרון,0.001512,במקח,0.001401,בחנם,0.001351,בשני,0.001323,עליהן,0.000952,יבא,0.000939,אתו,0.000764,יבאנו,0.000567,לעניי,0.00054,לכתובה,0.000328,בחביריו,0.000273,ועיניו,7.9e-05,במקחן,4.6e-05,באישות,3.9e-05,ותפיסה,2.3e-05,בשנייה,1.4e-05,לאישתא,1.3e-05,לאישתכח,7e-06,אתוון,2e-06,בשנייהו,2e-06,לעצמוהתרגום,2e-06,באישותן,1e-06,לכתובהו,1e-06,לאישתאוי,0.0,לאישתכחא,0.0,בחביריוהתרגום,0.0,ותפיסהו,0.0,לאישתאויי,0.0,לעצמוהאם,0.0,לאישתכחאון,0.0,בחביריוהאם,0.0,לאישתאוייון,0.0,VERB,True,בממונו,ממון,True,False,True,True,True,True,True,34.0,34.0,0.0,False,False
Midrash_Aggadic_Midrash_Pesikta_DRav_Kahanna__10_1,pesikta_drk,51,של,1.6091,0.1675,0.0,0.4139,50,1,True,"{""של"": 1, ""לא"": 1, ""שלח"": 1, ""נתן"": 1, ""הכניס"": 1, ""קבל"": 1, ""חסר"": 1, ""עשה"": 1, ""עשו"": 1, ""והיה"": 1, ""הוציא"": 1, ""נתמלא"": 1, ""יבא"": 1, ""נאבד"": 1, ""נתחסר"": 1, ""והוציא"": 1, ""נאבדו"": 1, ""חטאו"": 1, ""ונתן"": 1, ""הוציאו"": 1, ""הכניסו"": 1, ""יתננה"": 1, ""קבלו"": 1, ""והוציאו"": 1, ""באת"": 1, ""יבאנו"": 1, ""נתמלאו"": 1, ""שלחוה"": 1, ""חטאה"": 1, ""יתננו"": 1, ""שלחוהו"": 1, ""קנה"": 1, ""יתננהו"": 1, ""בזבז"": 1, ""נתחסרה"": 1, ""חטאהו"": 1, ""ועמד"": 1, ""באתו"": 1, ""נתחסרהו"": 1, ""בזבזו"": 1, ""קנהו"": 1, ""עשויה"": 1, ""בזבזנו"": 1, ""יתננוו"": 1, ""ועמדת"": 1, ""בזבזנוו"": 1, ""עשויהו"": 1, ""יתננווון"": 1, ""ועמדתך"": 1, ""בזבזנווון"": 1}","{""של"": [""של""], ""לא"": [""לא""], ""שלח"": [""שלח""], ""נתן"": [""נתן""], ""הכניס"": [""הכניס""], ""קבל"": [""קבל""], ""חסר"": [""חסר""], ""עשה"": [""עשה""], ""עשו"": [""עשו""], ""והיה"": [""והיה""], ""הוציא"": [""הוציא""], ""נתמלא"": [""נתמלא""], ""יבא"": [""יבא""], ""נאבד"": [""נאבד""], ""נתחסר"": [""נתחסר""], ""והוציא"": [""והוציא""], ""נאבדו"": [""נאבדו""], ""חטאו"": [""חטאו""], ""ונתן"": [""ונתן""], ""הוציאו"": [""הוציאו""], ""הכניסו"": [""הכניסו""], ""יתננה"": [""יתננה""], ""קבלו"": [""קבלו""], ""והוציאו"": [""והוציאו""], ""באת"": [""באת""], ""יבאנו"": [""יבאנו""], ""נתמלאו"": [""נתמלאו""], ""שלחוה"": [""שלחוה""], ""חטאה"": [""חטאה""], ""יתננו"": [""יתננו""], ""שלחוהו"": [""שלחוהו""], ""קנה"": [""קנה""], ""יתננהו"": [""יתננהו""], ""בזבז"": [""בזבז""], ""נתחסרה"": [""נתחסרה""], ""חטאהו"": [""חטאהו""], ""ועמד"": [""ועמד""], ""באתו"": [""באתו""], ""נתחסרהו"": [""נתחסרהו""], ""בזבזו"": [""בזבזו""], ""קנהו"": [""קנהו""], ""עשויה"": [""עשויה""], ""בזבזנו"": [""בזבזנו""], ""יתננוו"": [""יתננוו""], ""ועמדת"": [""ועמדת""], ""בזבזנוו"": [""בזבזנוו""], ""עשויהו"": [""עשויהו""], ""יתננווון"": [""יתננווון""], ""ועמדתך"": [""ועמדתך""], ""בזבזנווון"": [""בזבזנווון""]}",של,0.3278,לא,0.014629,שלח,0.012403,נתן,0.01004,הכניס,0.007123,קבל,0.004412,חסר,0.004345,עשה,0.003779,עשו,0.003721,והיה,0.002692,הוציא,0.002386,נתמלא,0.002138,יבא,0.001832,נאבד,0.001718,נתחסר,0.001489,והוציא,0.001419,נאבדו,0.001075,חטאו,0.000948,ונתן,0.000912,הוציאו,0.000883,הכניסו,0.000872,יתננה,0.000868,קבלו,0.000862,והוציאו,0.000743,באת,0.000649,יבאנו,0.000584,נתמלאו,0.000528,שלחוה,0.000444,חטאה,0.000395,יתננו,0.000373,שלחוהו,0.000347,קנה,0.000346,יתננהו,0.000234,בזבז,0.000192,נתחסרה,0.000185,חטאהו,0.000113,ועמד,0.00011,באתו,8.7e-05,נתחסרהו,7.3e-05,בזבזו,5.2e-05,קנהו,2.8e-05,עשויה,2.6e-05,בזבזנו,1.8e-05,יתננוו,2e-06,ועמדת,1e-06,בזבזנוו,0.0,עשויהו,0.0,יתננווון,0.0,ועמדתך,0.0,בזבזנווון,0.0,VERB,False,של,של,True,True,False,True,True,True,False,,,,False,False
Midrash_Aggadic_Midrash_Pesikta_DRav_Kahanna__10_1,pesikta_drk,52,אבינו,11.9844,0.8459,0.4296,0.6589,29,-1,False,"{""עפר"": 1, ""עפרון"": 1, ""חבירו"": 1, ""אדם"": 1, ""רבי"": 1, ""ישראל"": 1, ""עשו"": 1, ""בן"": 1, ""אב"": 1, ""בית"": 1, ""אביו"": 1, ""שמעון"": 1, ""חנניה"": 1, ""אבא"": 1, ""ירמ"": 1, ""ירמיה"": 1, ""רע"": 1, ""יוחנן"": 1, ""ירמיהו"": 1, ""שמעיה"": 1, ""חנניהו"": 1, ""רעב"": 1, ""שמעיהו"": 1, ""שילה"": 1, ""רעבון"": 1, ""רביי"": 1, ""אבאוס"": 1, ""רבייון"": 1, ""שמעיהוון"": 1}","{""עפר"": [""עפר""], ""עפרון"": [""עפרון""], ""חבירו"": [""חבירו""], ""אדם"": [""אדם""], ""רבי"": [""רבי""], ""ישראל"": [""ישראל""], ""עשו"": [""עשו""], ""בן"": [""בן""], ""אב"": [""אב""], ""בית"": [""בית""], ""אביו"": [""אביו""], ""שמעון"": [""שמעון""], ""חנניה"": [""חנניה""], ""אבא"": [""אבא""], ""ירמ"": [""ירמ""], ""ירמיה"": [""ירמיה""], ""רע"": [""רע""], ""יוחנן"": [""יוחנן""], ""ירמיהו"": [""ירמיהו""], ""שמעיה"": [""שמעיה""], ""חנניהו"": [""חנניהו""], ""רעב"": [""רעב""], ""שמעיהו"": [""שמעיהו""], ""שילה"": [""שילה""], ""רעבון"": [""רעבון""], ""רביי"": [""רביי""], ""אבאוס"": [""אבאוס""], ""רבייון"": [""רבייון""], ""שמעיהוון"": [""שמעיהוון""]}",עפר,0.215271,עפרון,0.198452,חבירו,0.038398,אדם,0.035261,רבי,0.026651,ישראל,0.026204,עשו,0.026115,בן,0.016144,אב,0.012658,בית,0.011095,אביו,0.009658,שמעון,0.009651,חנניה,0.006431,אבא,0.004657,ירמ,0.004348,ירמיה,0.004342,רע,0.004151,יוחנן,0.002937,ירמיהו,0.002863,שמעיה,0.00193,חנניהו,0.001084,רעב,0.000232,שמעיהו,0.000114,שילה,0.000111,רעבון,9.3e-05,רביי,7.4e-05,אבאוס,5e-06,רבייון,1e-06,שמעיהוון,1e-06,,,,,,,,,,,,,,,,,,,,,,,,,,,,,,,,,,,,,,,,,,,NUM,True,אבינו,אב,False,False,False,True,True,True,False,,,,False,False
Midrash_Aggadic_Midrash_Pesikta_DRav_Kahanna__10_1,pesikta_drk,53,אברהם,4.089,0.6993,0.0,0.3488,50,2,True,"{""יעקב"": 1, ""אברהם"": 1, ""הקד"": 1, ""הקדוש"": 1, ""שבשמים"": 1, ""רחמן"": 1, ""ר"": 1, ""ית"": 1, ""הקב"": 1, ""שנאמר"": 1, ""עינו"": 1, ""שנא"": 1, ""הקבה"": 1, ""שבשמיים"": 1, ""שמע"": 1, ""עילא"": 1, ""שמעון"": 1, ""עילאה"": 1, ""שמח"": 1, ""רחמנא"": 1, ""ירמיה"": 1, ""הכניס"": 1, ""נגזר"": 1, ""יתננה"": 1, ""ירמיהו"": 1, ""ונתן"": 1, ""רחמנן"": 1, ""שנאמרו"": 1, ""עילאוי"": 1, ""שמחה"": 1, ""נתחסר"": 1, ""יתננהו"": 1, ""הקדושה"": 1, ""נגזרה"": 1, ""יעקבו"": 1, ""ועמד"": 1, ""נתחסרה"": 1, ""עילאויי"": 1, ""נתחסרהו"": 1, ""הקדושהו"": 1, ""ועמדנו"": 1, ""הקבההתרגום"": 1, ""יעקבויל"": 1, ""עילאוייון"": 1, ""יעקבוילא"": 1, ""הקבההאם"": 1, ""יעקבוילאכל"": 1, ""יעקבוילאכלו"": 1, ""יעקבוילאכלוומלא"": 1, ""יעקבוילאכלוומת"": 1}","{""יעקב"": [""יעקב""], ""אברהם"": [""אברהם""], ""הקד"": [""הקד""], ""הקדוש"": [""הקדוש""], ""שבשמים"": [""שבשמים""], ""רחמן"": [""רחמן""], ""ר"": [""ר""], ""ית"": [""ית""], ""הקב"": [""הקב""], ""שנאמר"": [""שנאמר""], ""עינו"": [""עינו""], ""שנא"": [""שנא""], ""הקבה"": [""הקבה""], ""שבשמיים"": [""שבשמיים""], ""שמע"": [""שמע""], ""עילא"": [""עילא""], ""שמעון"": [""שמעון""], ""עילאה"": [""עילאה""], ""שמח"": [""שמח""], ""רחמנא"": [""רחמנא""], ""ירמיה"": [""ירמיה""], ""הכניס"": [""הכניס""], ""נגזר"": [""נגזר""], ""יתננה"": [""יתננה""], ""ירמיהו"": [""ירמיהו""], ""ונתן"": [""ונתן""], ""רחמנן"": [""רחמנן""], ""שנאמרו"": [""שנאמרו""], ""עילאוי"": [""עילאוי""], ""שמחה"": [""שמחה""], ""נתחסר"": [""נתחסר""], ""יתננהו"": [""יתננהו""], ""הקדושה"": [""הקדושה""], ""נגזרה"": [""נגזרה""], ""יעקבו"": [""יעקבו""], ""ועמד"": [""ועמד""], ""נתחסרה"": [""נתחסרה""], ""עילאויי"": [""עילאויי""], ""נתחסרהו"": [""נתחסרהו""], ""הקדושהו"": [""הקדושהו""], ""ועמדנו"": [""ועמדנו""], ""הקבההתרגום"": [""הקבההתרגום""], ""יעקבויל"": [""יעקבויל""], ""עילאוייון"": [""עילאוייון""], ""יעקבוילא"": [""יעקבוילא""], ""הקבההאם"": [""הקבההאם""], ""יעקבוילאכל"": [""יעקבוילאכל""], ""יעקבוילאכלו"": [""יעקבוילאכלו""], ""יעקבוילאכלוומלא"": [""יעקבוילאכלוומלא""], ""יעקבוילאכלוומת"": [""יעקבוילאכלוומת""]}",יעקב,0.0687,אברהם,0.058762,הקד,0.048034,הקדוש,0.046294,שבשמים,0.032802,רחמן,0.01304,ר,0.012275,ית,0.010731,הקב,0.009025,שנאמר,0.007016,עינו,0.004969,שנא,0.004747,הקבה,0.004354,שבשמיים,0.003933,שמע,0.003303,עילא,0.002866,שמעון,0.002036,עילאה,0.002001,שמח,0.001972,רחמנא,0.001825,ירמיה,0.001357,הכניס,0.001005,נגזר,0.000931,יתננה,0.000893,ירמיהו,0.000834,ונתן,0.000644,רחמנן,0.000621,שנאמרו,0.000603,עילאוי,0.00059,שמחה,0.000533,נתחסר,0.000438,יתננהו,0.00039,הקדושה,0.000384,נגזרה,0.000335,יעקבו,0.000235,ועמד,0.000117,נתחסרה,7.1e-05,עילאויי,5.2e-05,נתחסרהו,2e-05,הקדושהו,7e-06,ועמדנו,3e-06,הקבההתרגום,2e-06,יעקבויל,1e-06,עילאוייון,1e-06,יעקבוילא,0.0,הקבההאם,0.0,יעקבוילאכל,0.0,יעקבוילאכלו,0.0,יעקבוילאכלוומלא,0.0,יעקבוילאכלוומת,0.0,ADP,False,אברהם,אברהם,False,False,False,True,True,True,False,,,,False,False
Midrash_Aggadic_Midrash_Pesikta_DRav_Kahanna__10_1,pesikta_drk,54,חיסרו,16.1825,0.84,0.5942,0.1419,50,-1,False,"{""אמר"": 1, ""שנאמר"": 1, ""זכה"": 1, ""אבינו"": 1, ""אמרו"": 1, ""עשה"": 1, ""עלה"": 1, ""נתן"": 1, ""והיה"": 1, ""שנא"": 1, ""הוצר"": 1, ""הוצרך"": 1, ""נגזר"": 1, ""הוציא"": 1, ""חזר"": 1, ""ונתן"": 1, ""נתחסר"": 1, ""בנה"": 1, ""בנו"": 1, ""נגזרה"": 1, ""והוציא"": 1, ""אב"": 1, ""חטאו"": 1, ""שכר"": 1, ""זכת"": 1, ""שאל"": 1, ""חזרו"": 1, ""הוציאו"": 1, ""שנאמרו"": 1, ""עלהו"": 1, ""והוציאו"": 1, ""נתבטל"": 1, ""נתבטלה"": 1, ""ועמד"": 1, ""אביו"": 1, ""נתחסרה"": 1, ""שכרו"": 1, ""זכתה"": 1, ""בנהו"": 1, ""שאלת"": 1, ""נתחסרהו"": 1, ""והיהוד"": 1, ""ועמדנו"": 1, ""והיהודים"": 1, ""בנויה"": 1, ""שאלתא"": 1, ""נתבטלנו"": 1, ""עלהוון"": 1, ""בנויהו"": 1, ""בנהוון"": 1}","{""אמר"": [""אמר""], ""שנאמר"": [""שנאמר""], ""זכה"": [""זכה""], ""אבינו"": [""אבינו""], ""אמרו"": [""אמרו""], ""עשה"": [""עשה""], ""עלה"": [""עלה""], ""נתן"": [""נתן""], ""והיה"": [""והיה""], ""שנא"": [""שנא""], ""הוצר"": [""הוצר""], ""הוצרך"": [""הוצרך""], ""נגזר"": [""נגזר""], ""הוציא"": [""הוציא""], ""חזר"": [""חזר""], ""ונתן"": [""ונתן""], ""נתחסר"": [""נתחסר""], ""בנה"": [""בנה""], ""בנו"": [""בנו""], ""נגזרה"": [""נגזרה""], ""והוציא"": [""והוציא""], ""אב"": [""אב""], ""חטאו"": [""חטאו""], ""שכר"": [""שכר""], ""זכת"": [""זכת""], ""שאל"": [""שאל""], ""חזרו"": [""חזרו""], ""הוציאו"": [""הוציאו""], ""שנאמרו"": [""שנאמרו""], ""עלהו"": [""עלהו""], ""והוציאו"": [""והוציאו""], ""נתבטל"": [""נתבטל""], ""נתבטלה"": [""נתבטלה""], ""ועמד"": [""ועמד""], ""אביו"": [""אביו""], ""נתחסרה"": [""נתחסרה""], ""שכרו"": [""שכרו""], ""זכתה"": [""זכתה""], ""בנהו"": [""בנהו""], ""שאלת"": [""שאלת""], ""נתחסרהו"": [""נתחסרהו""], ""והיהוד"": [""והיהוד""], ""ועמדנו"": [""ועמדנו""], ""והיהודים"": [""והיהודים""], ""בנויה"": [""בנויה""], ""שאלתא"": [""שאלתא""], ""נתבטלנו"": [""נתבטלנו""], ""עלהוון"": [""עלהוון""], ""בנויהו"": [""בנויהו""], ""בנהוון"": [""בנהוון""]}",אמר,0.020579,שנאמר,0.017811,זכה,0.0128,אבינו,0.011457,אמרו,0.01073,עשה,0.0067,עלה,0.006494,נתן,0.005026,והיה,0.004945,שנא,0.004869,הוצר,0.004309,הוצרך,0.004223,נגזר,0.003959,הוציא,0.003743,חזר,0.002582,ונתן,0.002545,נתחסר,0.001788,בנה,0.001573,בנו,0.001548,נגזרה,0.001442,והוציא,0.00129,אב,0.00117,חטאו,0.001071,שכר,0.000909,זכת,0.000899,שאל,0.000895,חזרו,0.000885,הוציאו,0.00085,שנאמרו,0.000783,עלהו,0.000591,והוציאו,0.000568,נתבטל,0.000521,נתבטלה,0.000453,ועמד,0.000432,אביו,0.000381,נתחסרה,0.000342,שכרו,0.000203,זכתה,0.000195,בנהו,9.9e-05,שאלת,7.6e-05,נתחסרהו,6.9e-05,והיהוד,1.7e-05,ועמדנו,1.3e-05,והיהודים,1.3e-05,בנויה,1e-05,שאלתא,1e-05,נתבטלנו,6e-06,עלהוון,4e-06,בנויהו,1e-06,בנהוון,1e-06,SYM,True,חיסרו,החסיר,False,False,False,True,True,True,False,,,,False,False
Midrash_Aggadic_Midrash_Pesikta_DRav_Kahanna__10_1,pesikta_drk,55,הכת',11.6667,0.8774,0.2171,0.3257,50,-1,False,"{""ממנו"": 1, ""כל"": 1, ""לו"": 1, ""ממונו"": 1, ""את"": 1, ""ממון"": 1, ""מאה"": 1, ""חמש"": 1, ""עשרה"": 1, ""שכר"": 1, ""מאתים"": 1, ""מאתו"": 1, ""חמשה"": 1, ""עשר"": 1, ""יבא"": 1, ""חצי"": 1, ""יבאנו"": 1, ""שלשים"": 1, ""שלשה"": 1, ""רוח"": 1, ""וגו"": 1, ""שכרו"": 1, ""נפש"": 1, ""רבי"": 1, ""שבעה"": 1, ""ממנה"": 1, ""מאב"": 1, ""נביא"": 1, ""ברכה"": 1, ""כלום"": 1, ""מאביו"": 1, ""עשרו"": 1, ""בנים"": 1, ""וכת"": 1, ""אתו"": 1, ""מזון"": 1, ""יתנו"": 1, ""מזונות"": 1, ""נפשי"": 1, ""מזונותיו"": 1, ""רוחי"": 1, ""וכתיב"": 1, ""כד"": 1, ""נביאים"": 1, ""כב"": 1, ""רביי"": 1, ""רוחיון"": 1, ""ברכההתרגום"": 1, ""רבייון"": 1, ""ברכההאם"": 1}","{""ממנו"": [""ממנו""], ""כל"": [""כל""], ""לו"": [""לו""], ""ממונו"": [""ממונו""], ""את"": [""את""], ""ממון"": [""ממון""], ""מאה"": [""מאה""], ""חמש"": [""חמש""], ""עשרה"": [""עשרה""], ""שכר"": [""שכר""], ""מאתים"": [""מאתים""], ""מאתו"": [""מאתו""], ""חמשה"": [""חמשה""], ""עשר"": [""עשר""], ""יבא"": [""יבא""], ""חצי"": [""חצי""], ""יבאנו"": [""יבאנו""], ""שלשים"": [""שלשים""], ""שלשה"": [""שלשה""], ""רוח"": [""רוח""], ""וגו"": [""וגו""], ""שכרו"": [""שכרו""], ""נפש"": [""נפש""], ""רבי"": [""רבי""], ""שבעה"": [""שבעה""], ""ממנה"": [""ממנה""], ""מאב"": [""מאב""], ""נביא"": [""נביא""], ""ברכה"": [""ברכה""], ""כלום"": [""כלום""], ""מאביו"": [""מאביו""], ""עשרו"": [""עשרו""], ""בנים"": [""בנים""], ""וכת"": [""וכת""], ""אתו"": [""אתו""], ""מזון"": [""מזון""], ""יתנו"": [""יתנו""], ""מזונות"": [""מזונות""], ""נפשי"": [""נפשי""], ""מזונותיו"": [""מזונותיו""], ""רוחי"": [""רוחי""], ""וכתיב"": [""וכתיב""], ""כד"": [""כד""], ""נביאים"": [""נביאים""], ""כב"": [""כב""], ""רביי"": [""רביי""], ""רוחיון"": [""רוחיון""], ""ברכההתרגום"": [""ברכההתרגום""], ""רבייון"": [""רבייון""], ""ברכההאם"": [""ברכההאם""]}",ממנו,0.044549,כל,0.043858,לו,0.027446,ממונו,0.025863,את,0.023475,ממון,0.019522,מאה,0.018974,חמש,0.016625,עשרה,0.012807,שכר,0.008272,מאתים,0.007375,מאתו,0.007261,חמשה,0.006518,עשר,0.006145,יבא,0.005568,חצי,0.005482,יבאנו,0.005269,שלשים,0.00396,שלשה,0.003494,רוח,0.003185,וגו,0.002404,שכרו,0.002363,נפש,0.002343,רבי,0.002294,שבעה,0.00213,ממנה,0.002029,מאב,0.001938,נביא,0.001824,ברכה,0.001582,כלום,0.001481,מאביו,0.001298,עשרו,0.001023,בנים,0.000959,וכת,0.000898,אתו,0.00084,מזון,0.000686,יתנו,0.000683,מזונות,0.000655,נפשי,0.000545,מזונותיו,0.000497,רוחי,0.000491,וכתיב,0.000434,כד,0.000268,נביאים,0.00021,כב,0.000181,רביי,1.2e-05,רוחיון,4e-06,ברכההתרגום,4e-06,רבייון,0.0,ברכההאם,0.0,NUM,True,הכת,כת,False,False,False,True,True,True,False,,,,False,False
Midrash_Aggadic_Midrash_Pesikta_DRav_Kahanna__10_1,pesikta_drk,56,"וא""ו",11.7038,0.8393,0.2803,0.1731,50,-1,False,"{""את"": 1, ""כל"": 1, ""של"": 1, ""יתננה"": 1, ""בכסף"": 1, ""חסר"": 1, ""דכת"": 1, ""עשרה"": 1, ""וגו"": 1, ""ביד"": 1, ""אתו"": 1, ""וכת"": 1, ""שבע"": 1, ""חמש"": 1, ""רוח"": 1, ""יתנו"": 1, ""עשר"": 1, ""שלשה"": 1, ""והיה"": 1, ""רעה"": 1, ""והכת"": 1, ""שכר"": 1, ""דא"": 1, ""יתננהו"": 1, ""חסרה"": 1, ""וכתיב"": 1, ""שבעים"": 1, ""יתננו"": 1, ""חמשה"": 1, ""יאמר"": 1, ""מכסף"": 1, ""בידך"": 1, ""עשרון"": 1, ""דכתיב"": 1, ""מזון"": 1, ""רוחו"": 1, ""שכרו"": 1, ""כליל"": 1, ""והכתה"": 1, ""והכתהו"": 1, ""רעהו"": 1, ""חסרהו"": 1, ""כלילא"": 1, ""והיהו"": 1, ""וכתיבת"": 1, ""דאף"": 1, ""יתננוו"": 1, ""דכתיבו"": 1, ""וכתיבתא"": 1, ""והיהוון"": 1}","{""את"": [""את""], ""כל"": [""כל""], ""של"": [""של""], ""יתננה"": [""יתננה""], ""בכסף"": [""בכסף""], ""חסר"": [""חסר""], ""דכת"": [""דכת""], ""עשרה"": [""עשרה""], ""וגו"": [""וגו""], ""ביד"": [""ביד""], ""אתו"": [""אתו""], ""וכת"": [""וכת""], ""שבע"": [""שבע""], ""חמש"": [""חמש""], ""רוח"": [""רוח""], ""יתנו"": [""יתנו""], ""עשר"": [""עשר""], ""שלשה"": [""שלשה""], ""והיה"": [""והיה""], ""רעה"": [""רעה""], ""והכת"": [""והכת""], ""שכר"": [""שכר""], ""דא"": [""דא""], ""יתננהו"": [""יתננהו""], ""חסרה"": [""חסרה""], ""וכתיב"": [""וכתיב""], ""שבעים"": [""שבעים""], ""יתננו"": [""יתננו""], ""חמשה"": [""חמשה""], ""יאמר"": [""יאמר""], ""מכסף"": [""מכסף""], ""בידך"": [""בידך""], ""עשרון"": [""עשרון""], ""דכתיב"": [""דכתיב""], ""מזון"": [""מזון""], ""רוחו"": [""רוחו""], ""שכרו"": [""שכרו""], ""כליל"": [""כליל""], ""והכתה"": [""והכתה""], ""והכתהו"": [""והכתהו""], ""רעהו"": [""רעהו""], ""חסרהו"": [""חסרהו""], ""כלילא"": [""כלילא""], ""והיהו"": [""והיהו""], ""וכתיבת"": [""וכתיבת""], ""דאף"": [""דאף""], ""יתננוו"": [""יתננוו""], ""דכתיבו"": [""דכתיבו""], ""וכתיבתא"": [""וכתיבתא""], ""והיהוון"": [""והיהוון""]}",את,0.030267,כל,0.025487,של,0.017517,יתננה,0.013331,בכסף,0.012583,חסר,0.009008,דכת,0.00694,עשרה,0.005988,וגו,0.005276,ביד,0.003528,אתו,0.003519,וכת,0.003302,שבע,0.002881,חמש,0.002879,רוח,0.002796,יתנו,0.002693,עשר,0.002657,שלשה,0.002174,והיה,0.002135,רעה,0.001952,והכת,0.001884,שכר,0.001775,דא,0.001098,יתננהו,0.001094,חסרה,0.00105,וכתיב,0.000998,שבעים,0.000993,יתננו,0.000951,חמשה,0.000886,יאמר,0.000879,מכסף,0.000784,בידך,0.000531,עשרון,0.000479,דכתיב,0.000448,מזון,0.000418,רוחו,0.000414,שכרו,0.000397,כליל,0.000375,והכתה,0.000291,והכתהו,0.000169,רעהו,0.000168,חסרהו,5e-05,כלילא,2.7e-05,והיהו,1.2e-05,וכתיבת,1e-05,דאף,9e-06,יתננוו,3e-06,דכתיבו,3e-06,וכתיבתא,0.0,והיהוון,0.0,PRON,False,ואו,ואו,False,False,False,True,True,True,False,,,,False,False
Midrash_Aggadic_Midrash_Pesikta_DRav_Kahanna__10_1,pesikta_drk,57,"הד""ה",14.7191,0.8288,0.5665,0.1548,50,-1,False,"{""ר"": 1, ""חסר"": 1, ""ואו"": 1, ""הכת"": 1, ""דכת"": 1, ""דא"": 1, ""יבא"": 1, ""יבאנו"": 1, ""וכת"": 1, ""וגו"": 1, ""עין"": 1, ""חיסרו"": 1, ""יתננה"": 1, ""והכת"": 1, ""בכסף"": 1, ""והיה"": 1, ""אב"": 1, ""חסרה"": 1, ""עפר"": 1, ""ואמר"": 1, ""הכתוב"": 1, ""רחמנא"": 1, ""רחמים"": 1, ""עפרון"": 1, ""אבינו"": 1, ""וכתיב"": 1, ""בכת"": 1, ""חסרהו"": 1, ""אביו"": 1, ""יתננהו"": 1, ""יתננו"": 1, ""הכתובת"": 1, ""דכתיב"": 1, ""הכתו"": 1, ""ואמרנו"": 1, ""רחמנן"": 1, ""בכתובה"": 1, ""דאינו"": 1, ""והכתו"": 1, ""והיהל"": 1, ""וכתיבת"": 1, ""הכתוון"": 1, ""והיהלך"": 1, ""רחמנאהתרגום"": 1, ""והכתוון"": 1, ""דכתיבו"": 1, ""וכתיבתא"": 1, ""דאינוהתרגום"": 1, ""רחמנאהאם"": 1, ""דאינוהאם"": 1}","{""ר"": [""ר""], ""חסר"": [""חסר""], ""ואו"": [""ואו""], ""הכת"": [""הכת""], ""דכת"": [""דכת""], ""דא"": [""דא""], ""יבא"": [""יבא""], ""יבאנו"": [""יבאנו""], ""וכת"": [""וכת""], ""וגו"": [""וגו""], ""עין"": [""עין""], ""חיסרו"": [""חיסרו""], ""יתננה"": [""יתננה""], ""והכת"": [""והכת""], ""בכסף"": [""בכסף""], ""והיה"": [""והיה""], ""אב"": [""אב""], ""חסרה"": [""חסרה""], ""עפר"": [""עפר""], ""ואמר"": [""ואמר""], ""הכתוב"": [""הכתוב""], ""רחמנא"": [""רחמנא""], ""רחמים"": [""רחמים""], ""עפרון"": [""עפרון""], ""אבינו"": [""אבינו""], ""וכתיב"": [""וכתיב""], ""בכת"": [""בכת""], ""חסרהו"": [""חסרהו""], ""אביו"": [""אביו""], ""יתננהו"": [""יתננהו""], ""יתננו"": [""יתננו""], ""הכתובת"": [""הכתובת""], ""דכתיב"": [""דכתיב""], ""הכתו"": [""הכתו""], ""ואמרנו"": [""ואמרנו""], ""רחמנן"": [""רחמנן""], ""בכתובה"": [""בכתובה""], ""דאינו"": [""דאינו""], ""והכתו"": [""והכתו""], ""והיהל"": [""והיהל""], ""וכתיבת"": [""וכתיבת""], ""הכתוון"": [""הכתוון""], ""והיהלך"": [""והיהלך""], ""רחמנאהתרגום"": [""רחמנאהתרגום""], ""והכתוון"": [""והכתוון""], ""דכתיבו"": [""דכתיבו""], ""וכתיבתא"": [""וכתיבתא""], ""דאינוהתרגום"": [""דאינוהתרגום""], ""רחמנאהאם"": [""רחמנאהאם""], ""דאינוהאם"": [""דאינוהאם""]}",ר,0.041103,חסר,0.015131,ואו,0.013599,הכת,0.010442,דכת,0.010388,דא,0.0064,יבא,0.005226,יבאנו,0.004906,וכת,0.004802,וגו,0.004441,עין,0.003996,חיסרו,0.00358,יתננה,0.003572,והכת,0.003258,בכסף,0.00286,והיה,0.002459,אב,0.002353,חסרה,0.001959,עפר,0.001666,ואמר,0.001624,הכתוב,0.001458,רחמנא,0.00132,רחמים,0.001274,עפרון,0.001262,אבינו,0.001202,וכתיב,0.000995,בכת,0.000882,חסרהו,0.000868,אביו,0.000501,יתננהו,0.000358,יתננו,0.000289,הכתובת,0.000162,דכתיב,0.000119,הכתו,0.000105,ואמרנו,7.3e-05,רחמנן,4.4e-05,בכתובה,4e-05,דאינו,3.4e-05,והכתו,2.7e-05,והיהל,1.4e-05,וכתיבת,7e-06,הכתוון,5e-06,והיהלך,4e-06,רחמנאהתרגום,1e-06,והכתוון,1e-06,דכתיבו,1e-06,וכתיבתא,0.0,דאינוהתרגום,0.0,רחמנאהאם,0.0,דאינוהאם,0.0,AUX,True,הדה,דה,False,False,False,True,True,True,False,,,,False,False
Midrash_Aggadic_Midrash_Pesikta_DRav_Kahanna__10_1,pesikta_drk,58,דכת',3.8471,0.5364,0.0,0.2408,50,1,True,"{""דכת"": 1, ""כת"": 1, ""כי"": 1, ""אמר"": 1, ""על"": 1, ""כתיב"": 1, ""חסר"": 1, ""הכת"": 1, ""דא"": 1, ""והיה"": 1, ""אמרו"": 1, ""ויאמר"": 1, ""עין"": 1, ""הוי"": 1, ""והכת"": 1, ""חסרה"": 1, ""ונתן"": 1, ""חסרו"": 1, ""עשו"": 1, ""מאי"": 1, ""כיון"": 1, ""דכתיב"": 1, ""כתיבת"": 1, ""מיכן"": 1, ""חסרהו"": 1, ""מיכאן"": 1, ""הכתה"": 1, ""עלות"": 1, ""הויי"": 1, ""והכתה"": 1, ""כתיבתא"": 1, ""הכתהו"": 1, ""דאשת"": 1, ""עשויה"": 1, ""והכתהו"": 1, ""ויאמרנו"": 1, ""דכתיבו"": 1, ""דאשתכח"": 1, ""והיהלך"": 1, ""חסרוהתרגום"": 1, ""הוייי"": 1, ""עשויהו"": 1, ""ויאמרנוו"": 1, ""דאשתכחא"": 1, ""הויייי"": 1, ""ויאמרנוויה"": 1, ""ויאמרנוויהו"": 1, ""עשויהוהתרגום"": 1, ""ויאמרנוויהוים"": 1, ""עשויהוהאם"": 1}","{""דכת"": [""דכת""], ""כת"": [""כת""], ""כי"": [""כי""], ""אמר"": [""אמר""], ""על"": [""על""], ""כתיב"": [""כתיב""], ""חסר"": [""חסר""], ""הכת"": [""הכת""], ""דא"": [""דא""], ""והיה"": [""והיה""], ""אמרו"": [""אמרו""], ""ויאמר"": [""ויאמר""], ""עין"": [""עין""], ""הוי"": [""הוי""], ""והכת"": [""והכת""], ""חסרה"": [""חסרה""], ""ונתן"": [""ונתן""], ""חסרו"": [""חסרו""], ""עשו"": [""עשו""], ""מאי"": [""מאי""], ""כיון"": [""כיון""], ""דכתיב"": [""דכתיב""], ""כתיבת"": [""כתיבת""], ""מיכן"": [""מיכן""], ""חסרהו"": [""חסרהו""], ""מיכאן"": [""מיכאן""], ""הכתה"": [""הכתה""], ""עלות"": [""עלות""], ""הויי"": [""הויי""], ""והכתה"": [""והכתה""], ""כתיבתא"": [""כתיבתא""], ""הכתהו"": [""הכתהו""], ""דאשת"": [""דאשת""], ""עשויה"": [""עשויה""], ""והכתהו"": [""והכתהו""], ""ויאמרנו"": [""ויאמרנו""], ""דכתיבו"": [""דכתיבו""], ""דאשתכח"": [""דאשתכח""], ""והיהלך"": [""והיהלך""], ""חסרוהתרגום"": [""חסרוהתרגום""], ""הוייי"": [""הוייי""], ""עשויהו"": [""עשויהו""], ""ויאמרנוו"": [""ויאמרנוו""], ""דאשתכחא"": [""דאשתכחא""], ""הויייי"": [""הויייי""], ""ויאמרנוויה"": [""ויאמרנוויה""], ""ויאמרנוויהו"": [""ויאמרנוויהו""], ""עשויהוהתרגום"": [""עשויהוהתרגום""], ""ויאמרנוויהוים"": [""ויאמרנוויהוים""], ""עשויהוהאם"": [""עשויהוהאם""]}",דכת,0.069488,כת,0.043004,כי,0.028203,אמר,0.017649,על,0.016322,כתיב,0.014086,חסר,0.010458,הכת,0.007212,דא,0.004956,והיה,0.004639,אמרו,0.003543,ויאמר,0.003045,עין,0.002735,הוי,0.002572,והכת,0.001734,חסרה,0.001587,ונתן,0.001507,חסרו,0.001304,עשו,0.001233,מאי,0.001167,כיון,0.001165,דכתיב,0.000931,כתיבת,0.000656,מיכן,0.000502,חסרהו,0.000277,מיכאן,0.000261,הכתה,0.000151,עלות,0.000122,הויי,5.5e-05,והכתה,5e-05,כתיבתא,4.4e-05,הכתהו,2.3e-05,דאשת,2.3e-05,עשויה,2e-05,והכתהו,1.7e-05,ויאמרנו,1e-05,דכתיבו,9e-06,דאשתכח,5e-06,והיהלך,5e-06,חסרוהתרגום,2e-06,הוייי,1e-06,עשויהו,0.0,ויאמרנוו,0.0,דאשתכחא,0.0,הויייי,0.0,ויאמרנוויה,0.0,ויאמרנוויהו,0.0,עשויהוהתרגום,0.0,ויאמרנוויהוים,0.0,עשויהוהאם,0.0,PRON,False,דכת,דכ,False,False,False,True,True,True,False,,,,False,False
Midrash_Aggadic_Midrash_Pesikta_DRav_Kahanna__10_1,pesikta_drk,59,אדני,13.224,0.8376,0.6511,0.1853,50,-1,False,"{""בכסף"": 1, ""כי"": 1, ""על"": 1, ""לא"": 1, ""ואו"": 1, ""בתורה"": 1, ""והיה"": 1, ""ביד"": 1, ""ויהי"": 1, ""בעפר"": 1, ""בעפרון"": 1, ""באברה"": 1, ""באברהם"": 1, ""בידך"": 1, ""ואמר"": 1, ""הכת"": 1, ""והיו"": 1, ""יתננה"": 1, ""באדם"": 1, ""הוי"": 1, ""ויהיו"": 1, ""בממון"": 1, ""בעשר"": 1, ""ובכסף"": 1, ""יתן"": 1, ""לאמר"": 1, ""בתורת"": 1, ""ובנביאים"": 1, ""בעשרו"": 1, ""יתנו"": 1, ""כיון"": 1, ""יתננהו"": 1, ""יתננו"": 1, ""הכתיב"": 1, ""ואמרנו"": 1, ""בתורתך"": 1, ""עלינו"": 1, ""ובנביאי"": 1, ""הויי"": 1, ""ואויבי"": 1, ""ואויביו"": 1, ""והיוו"": 1, ""הכתיבת"": 1, ""יתננוו"": 1, ""הכתיבתים"": 1, ""הוייון"": 1, ""יתננוויכל"": 1, ""יתננוויכת"": 1, ""יתננוויכתב"": 1, ""יתננוויכלכל"": 1}","{""בכסף"": [""בכסף""], ""כי"": [""כי""], ""על"": [""על""], ""לא"": [""לא""], ""ואו"": [""ואו""], ""בתורה"": [""בתורה""], ""והיה"": [""והיה""], ""ביד"": [""ביד""], ""ויהי"": [""ויהי""], ""בעפר"": [""בעפר""], ""בעפרון"": [""בעפרון""], ""באברה"": [""באברה""], ""באברהם"": [""באברהם""], ""בידך"": [""בידך""], ""ואמר"": [""ואמר""], ""הכת"": [""הכת""], ""והיו"": [""והיו""], ""יתננה"": [""יתננה""], ""באדם"": [""באדם""], ""הוי"": [""הוי""], ""ויהיו"": [""ויהיו""], ""בממון"": [""בממון""], ""בעשר"": [""בעשר""], ""ובכסף"": [""ובכסף""], ""יתן"": [""יתן""], ""לאמר"": [""לאמר""], ""בתורת"": [""בתורת""], ""ובנביאים"": [""ובנביאים""], ""בעשרו"": [""בעשרו""], ""יתנו"": [""יתנו""], ""כיון"": [""כיון""], ""יתננהו"": [""יתננהו""], ""יתננו"": [""יתננו""], ""הכתיב"": [""הכתיב""], ""ואמרנו"": [""ואמרנו""], ""בתורתך"": [""בתורתך""], ""עלינו"": [""עלינו""], ""ובנביאי"": [""ובנביאי""], ""הויי"": [""הויי""], ""ואויבי"": [""ואויבי""], ""ואויביו"": [""ואויביו""], ""והיוו"": [""והיוו""], ""הכתיבת"": [""הכתיבת""], ""יתננוו"": [""יתננוו""], ""הכתיבתים"": [""הכתיבתים""], ""הוייון"": [""הוייון""], ""יתננוויכל"": [""יתננוויכל""], ""יתננוויכת"": [""יתננוויכת""], ""יתננוויכתב"": [""יתננוויכתב""], ""יתננוויכלכל"": [""יתננוויכלכל""]}",בכסף,0.071162,כי,0.015658,על,0.015177,לא,0.012006,ואו,0.007911,בתורה,0.007706,והיה,0.007497,ביד,0.007086,ויהי,0.005506,בעפר,0.004494,בעפרון,0.003485,באברה,0.0033,באברהם,0.003277,בידך,0.002593,ואמר,0.002375,הכת,0.001693,והיו,0.001547,יתננה,0.001482,באדם,0.001376,הוי,0.001258,ויהיו,0.001172,בממון,0.001105,בעשר,0.001068,ובכסף,0.001039,יתן,0.000909,לאמר,0.000675,בתורת,0.000623,ובנביאים,0.000551,בעשרו,0.000361,יתנו,0.000243,כיון,0.000238,יתננהו,0.000172,יתננו,0.000156,הכתיב,0.000145,ואמרנו,8.8e-05,בתורתך,4.4e-05,עלינו,3.1e-05,ובנביאי,2.5e-05,הויי,1.2e-05,ואויבי,1.1e-05,ואויביו,9e-06,והיוו,3e-06,הכתיבת,3e-06,יתננוו,0.0,הכתיבתים,0.0,הוייון,0.0,יתננוויכל,0.0,יתננוויכת,0.0,יתננוויכתב,0.0,יתננוויכלכל,0.0,PRON,False,אדני,אדני,False,False,False,True,True,True,False,,,,False,False
Midrash_Aggadic_Midrash_Pesikta_DRav_Kahanna__10_1,pesikta_drk,60,שמעני,13.0693,0.83,0.4317,0.2299,50,-1,False,"{""אל"": 1, ""לא"": 1, ""אברהם"": 1, ""אדני"": 1, ""יהוה"": 1, ""הוי"": 1, ""חנון"": 1, ""יי"": 1, ""הכה"": 1, ""עתה"": 1, ""עפר"": 1, ""עפרון"": 1, ""חנני"": 1, ""אלקים"": 1, ""יהו"": 1, ""לאמר"": 1, ""יתננה"": 1, ""אדוני"": 1, ""הכהני"": 1, ""יתנו"": 1, ""יתננו"": 1, ""יתננהו"": 1, ""יהוידע"": 1, ""הויי"": 1, ""חננ"": 1, ""אדניי"": 1, ""חננני"": 1, ""אדוניי"": 1, ""חנניי"": 1, ""הכהניי"": 1, ""לאמרנו"": 1, ""יהוידעו"": 1, ""הוייון"": 1, ""יתננוו"": 1, ""אדנייי"": 1, ""הכהנייי"": 1, ""אדונייי"": 1, ""לאמרנוו"": 1, ""אדניייי"": 1, ""יהוידעויכל"": 1, ""הכהניייי"": 1, ""לאמרנוויה"": 1, ""אדוניייי"": 1, ""אדנייייי"": 1, ""לאמרנוויהי"": 1, ""הכהנייייי"": 1, ""אדונייייי"": 1, ""אדניייייי"": 1, ""הכהניייייי"": 1, ""אדוניייייי"": 1}","{""אל"": [""אל""], ""לא"": [""לא""], ""אברהם"": [""אברהם""], ""אדני"": [""אדני""], ""יהוה"": [""יהוה""], ""הוי"": [""הוי""], ""חנון"": [""חנון""], ""יי"": [""יי""], ""הכה"": [""הכה""], ""עתה"": [""עתה""], ""עפר"": [""עפר""], ""עפרון"": [""עפרון""], ""חנני"": [""חנני""], ""אלקים"": [""אלקים""], ""יהו"": [""יהו""], ""לאמר"": [""לאמר""], ""יתננה"": [""יתננה""], ""אדוני"": [""אדוני""], ""הכהני"": [""הכהני""], ""יתנו"": [""יתנו""], ""יתננו"": [""יתננו""], ""יתננהו"": [""יתננהו""], ""יהוידע"": [""יהוידע""], ""הויי"": [""הויי""], ""חננ"": [""חננ""], ""אדניי"": [""אדניי""], ""חננני"": [""חננני""], ""אדוניי"": [""אדוניי""], ""חנניי"": [""חנניי""], ""הכהניי"": [""הכהניי""], ""לאמרנו"": [""לאמרנו""], ""יהוידעו"": [""יהוידעו""], ""הוייון"": [""הוייון""], ""יתננוו"": [""יתננוו""], ""אדנייי"": [""אדנייי""], ""הכהנייי"": [""הכהנייי""], ""אדונייי"": [""אדונייי""], ""לאמרנוו"": [""לאמרנוו""], ""אדניייי"": [""אדניייי""], ""יהוידעויכל"": [""יהוידעויכל""], ""הכהניייי"": [""הכהניייי""], ""לאמרנוויה"": [""לאמרנוויה""], ""אדוניייי"": [""אדוניייי""], ""אדנייייי"": [""אדנייייי""], ""לאמרנוויהי"": [""לאמרנוויהי""], ""הכהנייייי"": [""הכהנייייי""], ""אדונייייי"": [""אדונייייי""], ""אדניייייי"": [""אדניייייי""], ""הכהניייייי"": [""הכהניייייי""], ""אדוניייייי"": [""אדוניייייי""]}",אל,0.064512,לא,0.045037,אברהם,0.025661,אדני,0.02421,יהוה,0.016938,הוי,0.012869,חנון,0.010216,יי,0.006122,הכה,0.004113,עתה,0.003319,עפר,0.003319,עפרון,0.00284,חנני,0.002483,אלקים,0.001451,יהו,0.00139,לאמר,0.001278,יתננה,0.001048,אדוני,0.000999,הכהני,0.000691,יתנו,0.000474,יתננו,0.000216,יתננהו,0.000184,יהוידע,0.000181,הויי,0.000159,חננ,9.8e-05,אדניי,2.6e-05,חננני,1.6e-05,אדוניי,9e-06,חנניי,4e-06,הכהניי,3e-06,לאמרנו,3e-06,יהוידעו,2e-06,הוייון,1e-06,יתננוו,1e-06,אדנייי,0.0,הכהנייי,0.0,אדונייי,0.0,לאמרנוו,0.0,אדניייי,0.0,יהוידעויכל,0.0,הכהניייי,0.0,לאמרנוויה,0.0,אדוניייי,0.0,אדנייייי,0.0,לאמרנוויהי,0.0,הכהנייייי,0.0,אדונייייי,0.0,אדניייייי,0.0,הכהניייייי,0.0,אדוניייייי,0.0,SYM,True,שמעני,שמע,False,False,False,True,True,True,False,,,,False,False
Midrash_Aggadic_Midrash_Pesikta_DRav_Kahanna__10_1,pesikta_drk,61,ארץ,13.8871,0.8726,0.7912,0.283,50,-1,False,"{""וגו"": 1, ""כי"": 1, ""אל"": 1, ""אדני"": 1, ""בצר"": 1, ""על"": 1, ""מצר"": 1, ""בצרתי"": 1, ""קול"": 1, ""עתה"": 1, ""מרחוק"": 1, ""צעקתי"": 1, ""מצרה"": 1, ""אב"": 1, ""בקולי"": 1, ""ואדני"": 1, ""עני"": 1, ""הכת"": 1, ""ואל"": 1, ""הוי"": 1, ""עניי"": 1, ""והיה"": 1, ""והנה"": 1, ""צעקת"": 1, ""קרא"": 1, ""אדוני"": 1, ""קולני"": 1, ""ונתן"": 1, ""כיון"": 1, ""קראני"": 1, ""צעקתך"": 1, ""אלמלא"": 1, ""עלות"": 1, ""ואדוני"": 1, ""בצרתיו"": 1, ""צעקתיו"": 1, ""עלותי"": 1, ""הכתה"": 1, ""הויי"": 1, ""והנהו"": 1, ""אדוניי"": 1, ""ואדניי"": 1, ""הכתהו"": 1, ""קולניי"": 1, ""ואדוניי"": 1, ""אלמלאו"": 1, ""הוייי"": 1, ""והנהוון"": 1, ""ואדנייון"": 1, ""הויייי"": 1}","{""וגו"": [""וגו""], ""כי"": [""כי""], ""אל"": [""אל""], ""אדני"": [""אדני""], ""בצר"": [""בצר""], ""על"": [""על""], ""מצר"": [""מצר""], ""בצרתי"": [""בצרתי""], ""קול"": [""קול""], ""עתה"": [""עתה""], ""מרחוק"": [""מרחוק""], ""צעקתי"": [""צעקתי""], ""מצרה"": [""מצרה""], ""אב"": [""אב""], ""בקולי"": [""בקולי""], ""ואדני"": [""ואדני""], ""עני"": [""עני""], ""הכת"": [""הכת""], ""ואל"": [""ואל""], ""הוי"": [""הוי""], ""עניי"": [""עניי""], ""והיה"": [""והיה""], ""והנה"": [""והנה""], ""צעקת"": [""צעקת""], ""קרא"": [""קרא""], ""אדוני"": [""אדוני""], ""קולני"": [""קולני""], ""ונתן"": [""ונתן""], ""כיון"": [""כיון""], ""קראני"": [""קראני""], ""צעקתך"": [""צעקתך""], ""אלמלא"": [""אלמלא""], ""עלות"": [""עלות""], ""ואדוני"": [""ואדוני""], ""בצרתיו"": [""בצרתיו""], ""צעקתיו"": [""צעקתיו""], ""עלותי"": [""עלותי""], ""הכתה"": [""הכתה""], ""הויי"": [""הויי""], ""והנהו"": [""והנהו""], ""אדוניי"": [""אדוניי""], ""ואדניי"": [""ואדניי""], ""הכתהו"": [""הכתהו""], ""קולניי"": [""קולניי""], ""ואדוניי"": [""ואדוניי""], ""אלמלאו"": [""אלמלאו""], ""הוייי"": [""הוייי""], ""והנהוון"": [""והנהוון""], ""ואדנייון"": [""ואדנייון""], ""הויייי"": [""הויייי""]}",וגו,0.066951,כי,0.051169,אל,0.03202,אדני,0.020552,בצר,0.020361,על,0.013772,מצר,0.010051,בצרתי,0.008708,קול,0.008104,עתה,0.005812,מרחוק,0.005759,צעקתי,0.005187,מצרה,0.005174,אב,0.00423,בקולי,0.003955,ואדני,0.003133,עני,0.002661,הכת,0.002354,ואל,0.001796,הוי,0.00152,עניי,0.001351,והיה,0.0012,והנה,0.001163,צעקת,0.001021,קרא,0.000938,אדוני,0.000903,קולני,0.000684,ונתן,0.000501,כיון,0.000435,קראני,0.000421,צעקתך,0.000242,אלמלא,0.00023,עלות,0.000144,ואדוני,0.000121,בצרתיו,0.000121,צעקתיו,0.00012,עלותי,4.8e-05,הכתה,3.1e-05,הויי,1.6e-05,והנהו,1.2e-05,אדוניי,6e-06,ואדניי,2e-06,הכתהו,2e-06,קולניי,1e-06,ואדוניי,1e-06,אלמלאו,1e-06,הוייי,0.0,והנהוון,0.0,ואדנייון,0.0,הויייי,0.0,VERB,True,ארץ,ארץ,True,False,True,True,True,True,True,28.0,17.0,11.0,False,True
Midrash_Aggadic_Midrash_Pesikta_DRav_Kahanna__10_1,pesikta_drk,62,ארבע,7.9563,0.8281,0.0,0.2111,50,17,True,"{""צר"": 1, ""קטנה"": 1, ""מצרים"": 1, ""חמדה"": 1, ""חטה"": 1, ""זבת"": 1, ""צרה"": 1, ""ארץ"": 1, ""אדום"": 1, ""אבות"": 1, ""ושמים"": 1, ""מצר"": 1, ""אבותי"": 1, ""ומלואה"": 1, ""מדבר"": 1, ""עפר"": 1, ""ארבע"": 1, ""עשו"": 1, ""זרה"": 1, ""שמע"": 1, ""מצרימה"": 1, ""שבע"": 1, ""עפרון"": 1, ""נכרתה"": 1, ""נכרת"": 1, ""שמעני"": 1, ""מצרי"": 1, ""ארבעה"": 1, ""שבעה"": 1, ""מצריים"": 1, ""זבתה"": 1, ""מדברי"": 1, ""עשויה"": 1, ""חטהר"": 1, ""נכרתת"": 1, ""ומלכות"": 1, ""חטהרני"": 1, ""נכרתהו"": 1, ""ומלואההתרגום"": 1, ""שמעניי"": 1, ""ומלכותי"": 1, ""מצרימההתרגום"": 1, ""זבתהו"": 1, ""נכרתתני"": 1, ""מדבריון"": 1, ""ומלואההאם"": 1, ""חטהרניהתרגום"": 1, ""זבתהוון"": 1, ""מצרימההאם"": 1, ""חטהרניהאם"": 1}","{""צר"": [""צר""], ""קטנה"": [""קטנה""], ""מצרים"": [""מצרים""], ""חמדה"": [""חמדה""], ""חטה"": [""חטה""], ""זבת"": [""זבת""], ""צרה"": [""צרה""], ""ארץ"": [""ארץ""], ""אדום"": [""אדום""], ""אבות"": [""אבות""], ""ושמים"": [""ושמים""], ""מצר"": [""מצר""], ""אבותי"": [""אבותי""], ""ומלואה"": [""ומלואה""], ""מדבר"": [""מדבר""], ""עפר"": [""עפר""], ""ארבע"": [""ארבע""], ""עשו"": [""עשו""], ""זרה"": [""זרה""], ""שמע"": [""שמע""], ""מצרימה"": [""מצרימה""], ""שבע"": [""שבע""], ""עפרון"": [""עפרון""], ""נכרתה"": [""נכרתה""], ""נכרת"": [""נכרת""], ""שמעני"": [""שמעני""], ""מצרי"": [""מצרי""], ""ארבעה"": [""ארבעה""], ""שבעה"": [""שבעה""], ""מצריים"": [""מצריים""], ""זבתה"": [""זבתה""], ""מדברי"": [""מדברי""], ""עשויה"": [""עשויה""], ""חטהר"": [""חטהר""], ""נכרתת"": [""נכרתת""], ""ומלכות"": [""ומלכות""], ""חטהרני"": [""חטהרני""], ""נכרתהו"": [""נכרתהו""], ""ומלואההתרגום"": [""ומלואההתרגום""], ""שמעניי"": [""שמעניי""], ""ומלכותי"": [""ומלכותי""], ""מצרימההתרגום"": [""מצרימההתרגום""], ""זבתהו"": [""זבתהו""], ""נכרתתני"": [""נכרתתני""], ""מדבריון"": [""מדבריון""], ""ומלואההאם"": [""ומלואההאם""], ""חטהרניהתרגום"": [""חטהרניהתרגום""], ""זבתהוון"": [""זבתהוון""], ""מצרימההאם"": [""מצרימההאם""], ""חטהרניהאם"": [""חטהרניהאם""]}",צר,0.020669,קטנה,0.020033,מצרים,0.019548,חמדה,0.018598,חטה,0.014484,זבת,0.013346,צרה,0.012472,ארץ,0.009811,אדום,0.008481,אבות,0.007973,ושמים,0.00793,מצר,0.007252,אבותי,0.006414,ומלואה,0.004822,מדבר,0.004398,עפר,0.004388,ארבע,0.004026,עשו,0.003933,זרה,0.003482,שמע,0.003302,מצרימה,0.002731,שבע,0.002572,עפרון,0.002362,נכרתה,0.002058,נכרת,0.001268,שמעני,0.001259,מצרי,0.000832,ארבעה,0.000694,שבעה,0.000574,מצריים,0.00025,זבתה,0.000244,מדברי,0.000239,עשויה,0.000229,חטהר,0.000211,נכרתת,5.9e-05,ומלכות,5.7e-05,חטהרני,2.5e-05,נכרתהו,9e-06,ומלואההתרגום,7e-06,שמעניי,5e-06,ומלכותי,4e-06,מצרימההתרגום,2e-06,זבתהו,2e-06,נכרתתני,1e-06,מדבריון,0.0,ומלואההאם,0.0,חטהרניהתרגום,0.0,זבתהוון,0.0,מצרימההאם,0.0,חטהרניהאם,0.0,ADP,True,ארבע,ארבעה,False,False,False,True,True,True,False,,,,False,False
Midrash_Aggadic_Midrash_Pesikta_DRav_Kahanna__10_1,pesikta_drk,63,מאות,3.2861,0.6425,0.0,0.3529,50,1,True,"{""מאות"": 1, ""אמות"": 1, ""עשרה"": 1, ""שנים"": 1, ""ארצות"": 1, ""חמש"": 1, ""ימים"": 1, ""עשר"": 1, ""וגו"": 1, ""מיל"": 1, ""מילין"": 1, ""מלי"": 1, ""חסר"": 1, ""ועשר"": 1, ""מליון"": 1, ""דכת"": 1, ""ככר"": 1, ""חמשה"": 1, ""קבין"": 1, ""ככרות"": 1, ""דורות"": 1, ""לארבע"": 1, ""לילות"": 1, ""קול"": 1, ""כרמים"": 1, ""קולות"": 1, ""נבות"": 1, ""חסרה"": 1, ""ירחי"": 1, ""ירדה"": 1, ""ארצך"": 1, ""לארבעה"": 1, ""ועשרים"": 1, ""עשרו"": 1, ""דכתיב"": 1, ""קולותי"": 1, ""ארצותי"": 1, ""חסרהו"": 1, ""ככרותי"": 1, ""ירדהו"": 1, ""דורותי"": 1, ""לילותי"": 1, ""דכתיבא"": 1, ""ירחיים"": 1, ""קולותיון"": 1, ""ארצותיון"": 1, ""ככרותיון"": 1, ""דורותיון"": 1, ""לילותיון"": 1, ""דכתיבאון"": 1}","{""מאות"": [""מאות""], ""אמות"": [""אמות""], ""עשרה"": [""עשרה""], ""שנים"": [""שנים""], ""ארצות"": [""ארצות""], ""חמש"": [""חמש""], ""ימים"": [""ימים""], ""עשר"": [""עשר""], ""וגו"": [""וגו""], ""מיל"": [""מיל""], ""מילין"": [""מילין""], ""מלי"": [""מלי""], ""חסר"": [""חסר""], ""ועשר"": [""ועשר""], ""מליון"": [""מליון""], ""דכת"": [""דכת""], ""ככר"": [""ככר""], ""חמשה"": [""חמשה""], ""קבין"": [""קבין""], ""ככרות"": [""ככרות""], ""דורות"": [""דורות""], ""לארבע"": [""לארבע""], ""לילות"": [""לילות""], ""קול"": [""קול""], ""כרמים"": [""כרמים""], ""קולות"": [""קולות""], ""נבות"": [""נבות""], ""חסרה"": [""חסרה""], ""ירחי"": [""ירחי""], ""ירדה"": [""ירדה""], ""ארצך"": [""ארצך""], ""לארבעה"": [""לארבעה""], ""ועשרים"": [""ועשרים""], ""עשרו"": [""עשרו""], ""דכתיב"": [""דכתיב""], ""קולותי"": [""קולותי""], ""ארצותי"": [""ארצותי""], ""חסרהו"": [""חסרהו""], ""ככרותי"": [""ככרותי""], ""ירדהו"": [""ירדהו""], ""דורותי"": [""דורותי""], ""לילותי"": [""לילותי""], ""דכתיבא"": [""דכתיבא""], ""ירחיים"": [""ירחיים""], ""קולותיון"": [""קולותיון""], ""ארצותיון"": [""ארצותיון""], ""ככרותיון"": [""ככרותיון""], ""דורותיון"": [""דורותיון""], ""לילותיון"": [""לילותיון""], ""דכתיבאון"": [""דכתיבאון""]}",מאות,0.102518,אמות,0.058868,עשרה,0.042315,שנים,0.029834,ארצות,0.016901,חמש,0.016723,ימים,0.012144,עשר,0.011751,וגו,0.007776,מיל,0.005534,מילין,0.004855,מלי,0.004733,חסר,0.004644,ועשר,0.0045,מליון,0.004362,דכת,0.004042,ככר,0.002647,חמשה,0.002378,קבין,0.002211,ככרות,0.001834,דורות,0.001659,לארבע,0.001561,לילות,0.00149,קול,0.001362,כרמים,0.001298,קולות,0.000939,נבות,0.000878,חסרה,0.000818,ירחי,0.000696,ירדה,0.000403,ארצך,0.000391,לארבעה,0.000201,ועשרים,0.00018,עשרו,0.00011,דכתיב,9.6e-05,קולותי,8e-05,ארצותי,7.9e-05,חסרהו,2.9e-05,ככרותי,1.8e-05,ירדהו,1e-05,דורותי,7e-06,לילותי,5e-06,דכתיבא,2e-06,ירחיים,1e-06,קולותיון,0.0,ארצותיון,0.0,ככרותיון,0.0,דורותיון,0.0,לילותיון,0.0,דכתיבאון,0.0,NUM,False,מאות,מאה,False,False,False,True,True,True,False,,,,False,False
Midrash_Aggadic_Midrash_Pesikta_DRav_Kahanna__10_1,pesikta_drk,64,שקל,4.8299,0.7941,-0.0,0.471,50,4,True,"{""שנה"": 1, ""אלף"": 1, ""אמה"": 1, ""שקל"": 1, ""כסף"": 1, ""ועשר"": 1, ""שנים"": 1, ""וששים"": 1, ""וגו"": 1, ""ומאת"": 1, ""מיל"": 1, ""שערים"": 1, ""שמה"": 1, ""פרסה"": 1, ""ומאתים"": 1, ""ועשרים"": 1, ""ומאה"": 1, ""ככר"": 1, ""פרעה"": 1, ""מילין"": 1, ""ליטר"": 1, ""ליטרין"": 1, ""ליטרא"": 1, ""ושבע"": 1, ""לילה"": 1, ""מטר"": 1, ""דונם"": 1, ""דינר"": 1, ""קמ"": 1, ""פטר"": 1, ""ושבעים"": 1, ""קבין"": 1, ""פלשת"": 1, ""פלשתים"": 1, ""אמות"": 1, ""שקלין"": 1, ""פרעהו"": 1, ""דינרין"": 1, ""פלטין"": 1, ""שמהו"": 1, ""קמץ"": 1, ""מטרים"": 1, ""ליטראים"": 1, ""פרסההתרגום"": 1, ""שמהוון"": 1, ""אמותו"": 1, ""וגוהתרגום"": 1, ""פרסההאם"": 1, ""אמותוון"": 1, ""וגוהאם"": 1}","{""שנה"": [""שנה""], ""אלף"": [""אלף""], ""אמה"": [""אמה""], ""שקל"": [""שקל""], ""כסף"": [""כסף""], ""ועשר"": [""ועשר""], ""שנים"": [""שנים""], ""וששים"": [""וששים""], ""וגו"": [""וגו""], ""ומאת"": [""ומאת""], ""מיל"": [""מיל""], ""שערים"": [""שערים""], ""שמה"": [""שמה""], ""פרסה"": [""פרסה""], ""ומאתים"": [""ומאתים""], ""ועשרים"": [""ועשרים""], ""ומאה"": [""ומאה""], ""ככר"": [""ככר""], ""פרעה"": [""פרעה""], ""מילין"": [""מילין""], ""ליטר"": [""ליטר""], ""ליטרין"": [""ליטרין""], ""ליטרא"": [""ליטרא""], ""ושבע"": [""ושבע""], ""לילה"": [""לילה""], ""מטר"": [""מטר""], ""דונם"": [""דונם""], ""דינר"": [""דינר""], ""קמ"": [""קמ""], ""פטר"": [""פטר""], ""ושבעים"": [""ושבעים""], ""קבין"": [""קבין""], ""פלשת"": [""פלשת""], ""פלשתים"": [""פלשתים""], ""אמות"": [""אמות""], ""שקלין"": [""שקלין""], ""פרעהו"": [""פרעהו""], ""דינרין"": [""דינרין""], ""פלטין"": [""פלטין""], ""שמהו"": [""שמהו""], ""קמץ"": [""קמץ""], ""מטרים"": [""מטרים""], ""ליטראים"": [""ליטראים""], ""פרסההתרגום"": [""פרסההתרגום""], ""שמהוון"": [""שמהוון""], ""אמותו"": [""אמותו""], ""וגוהתרגום"": [""וגוהתרגום""], ""פרסההאם"": [""פרסההאם""], ""אמותוון"": [""אמותוון""], ""וגוהאם"": [""וגוהאם""]}",שנה,0.148029,אלף,0.053613,אמה,0.045371,שקל,0.03516,כסף,0.030548,ועשר,0.02366,שנים,0.018528,וששים,0.011407,וגו,0.011352,ומאת,0.010359,מיל,0.009866,שערים,0.007595,שמה,0.007361,פרסה,0.007108,ומאתים,0.005879,ועשרים,0.004358,ומאה,0.00412,ככר,0.003824,פרעה,0.00341,מילין,0.002853,ליטר,0.002181,ליטרין,0.002029,ליטרא,0.002017,ושבע,0.001891,לילה,0.001856,מטר,0.001825,דונם,0.001774,דינר,0.001771,קמ,0.00153,פטר,0.001507,ושבעים,0.001442,קבין,0.001351,פלשת,0.001169,פלשתים,0.001122,אמות,0.000769,שקלין,0.000656,פרעהו,0.000507,דינרין,0.000344,פלטין,0.00034,שמהו,0.000281,קמץ,0.000137,מטרים,2.4e-05,ליטראים,2e-05,פרסההתרגום,1.1e-05,שמהוון,9e-06,אמותו,3e-06,וגוהתרגום,1e-06,פרסההאם,0.0,אמותוון,0.0,וגוהאם,0.0,AUX,True,שקל,שקל,False,False,False,True,True,True,False,,,,False,False
Midrash_Aggadic_Midrash_Pesikta_DRav_Kahanna__10_1,pesikta_drk,65,כסף,3.6221,0.5911,0.0,0.2308,50,1,True,"{""כסף"": 1, ""וגו"": 1, ""שקל"": 1, ""אדני"": 1, ""ואו"": 1, ""חסר"": 1, ""עשר"": 1, ""הכת"": 1, ""וכת"": 1, ""דכת"": 1, ""שמע"": 1, ""יתן"": 1, ""שמן"": 1, ""שמעני"": 1, ""חמש"": 1, ""דהו"": 1, ""עשרה"": 1, ""דהוון"": 1, ""מכסף"": 1, ""הוי"": 1, ""נא"": 1, ""נבהל"": 1, ""שקלת"": 1, ""אבן"": 1, ""ואמר"": 1, ""יתנו"": 1, ""מזון"": 1, ""יתננה"": 1, ""אדנ"": 1, ""וכתיב"": 1, ""נאום"": 1, ""חסרה"": 1, ""עשרים"": 1, ""יתנני"": 1, ""דכתיב"": 1, ""שקלתני"": 1, ""הכתה"": 1, ""יתננהו"": 1, ""ואמרנו"": 1, ""אדניך"": 1, ""נבהלתי"": 1, ""הכתהו"": 1, ""הויי"": 1, ""שמעניי"": 1, ""דכתיבא"": 1, ""שקלתניי"": 1, ""נבהלתיו"": 1, ""הוייון"": 1, ""שקלתנייון"": 1, ""דכתיבאון"": 1}","{""כסף"": [""כסף""], ""וגו"": [""וגו""], ""שקל"": [""שקל""], ""אדני"": [""אדני""], ""ואו"": [""ואו""], ""חסר"": [""חסר""], ""עשר"": [""עשר""], ""הכת"": [""הכת""], ""וכת"": [""וכת""], ""דכת"": [""דכת""], ""שמע"": [""שמע""], ""יתן"": [""יתן""], ""שמן"": [""שמן""], ""שמעני"": [""שמעני""], ""חמש"": [""חמש""], ""דהו"": [""דהו""], ""עשרה"": [""עשרה""], ""דהוון"": [""דהוון""], ""מכסף"": [""מכסף""], ""הוי"": [""הוי""], ""נא"": [""נא""], ""נבהל"": [""נבהל""], ""שקלת"": [""שקלת""], ""אבן"": [""אבן""], ""ואמר"": [""ואמר""], ""יתנו"": [""יתנו""], ""מזון"": [""מזון""], ""יתננה"": [""יתננה""], ""אדנ"": [""אדנ""], ""וכתיב"": [""וכתיב""], ""נאום"": [""נאום""], ""חסרה"": [""חסרה""], ""עשרים"": [""עשרים""], ""יתנני"": [""יתנני""], ""דכתיב"": [""דכתיב""], ""שקלתני"": [""שקלתני""], ""הכתה"": [""הכתה""], ""יתננהו"": [""יתננהו""], ""ואמרנו"": [""ואמרנו""], ""אדניך"": [""אדניך""], ""נבהלתי"": [""נבהלתי""], ""הכתהו"": [""הכתהו""], ""הויי"": [""הויי""], ""שמעניי"": [""שמעניי""], ""דכתיבא"": [""דכתיבא""], ""שקלתניי"": [""שקלתניי""], ""נבהלתיו"": [""נבהלתיו""], ""הוייון"": [""הוייון""], ""שקלתנייון"": [""שקלתנייון""], ""דכתיבאון"": [""דכתיבאון""]}",כסף,0.081213,וגו,0.052904,שקל,0.015744,אדני,0.007695,ואו,0.007547,חסר,0.006573,עשר,0.006355,הכת,0.006263,וכת,0.006029,דכת,0.005899,שמע,0.005648,יתן,0.005116,שמן,0.00293,שמעני,0.001873,חמש,0.001854,דהו,0.001777,עשרה,0.001658,דהוון,0.001567,מכסף,0.001481,הוי,0.001253,נא,0.001182,נבהל,0.001162,שקלת,0.000994,אבן,0.000888,ואמר,0.000821,יתנו,0.00062,מזון,0.000523,יתננה,0.000481,אדנ,0.000414,וכתיב,0.000354,נאום,0.000352,חסרה,0.000337,עשרים,0.000292,יתנני,0.000242,דכתיב,0.000198,שקלתני,0.000188,הכתה,0.000131,יתננהו,5.6e-05,ואמרנו,4.4e-05,אדניך,4.4e-05,נבהלתי,3.6e-05,הכתהו,1.7e-05,הויי,1.1e-05,שמעניי,8e-06,דכתיבא,3e-06,שקלתניי,3e-06,נבהלתיו,1e-06,הוייון,0.0,שקלתנייון,0.0,דכתיבאון,0.0,NUM,True,כסף,כסף,False,False,False,True,True,True,False,,,,False,False
Midrash_Aggadic_Midrash_Pesikta_DRav_Kahanna__10_1,pesikta_drk,66,ביני,16.2296,0.8576,0.7049,0.2019,50,-1,False,"{""וגו"": 1, ""על"": 1, ""ואו"": 1, ""דכת"": 1, ""יתן"": 1, ""וכת"": 1, ""שמע"": 1, ""ארבע"": 1, ""עשר"": 1, ""אדני"": 1, ""נתת"": 1, ""ארץ"": 1, ""נתתי"": 1, ""שבע"": 1, ""שמעני"": 1, ""עשרה"": 1, ""דהו"": 1, ""דהוון"": 1, ""שבעים"": 1, ""והיה"": 1, ""ואמר"": 1, ""והיו"": 1, ""נתתני"": 1, ""מכסף"": 1, ""אב"": 1, ""יתננה"": 1, ""וכתיב"": 1, ""יתנו"": 1, ""עלות"": 1, ""אדנ"": 1, ""יתנני"": 1, ""נתתיו"": 1, ""דכתיב"": 1, ""עשרים"": 1, ""מזבחי"": 1, ""ואמרנו"": 1, ""עלותי"": 1, ""יתננהו"": 1, ""אדניך"": 1, ""שמעניי"": 1, ""מזבוני"": 1, ""והיוו"": 1, ""דכתיבא"": 1, ""מזבחיי"": 1, ""והיהו"": 1, ""מזבוניי"": 1, ""והיווים"": 1, ""והיהוון"": 1, ""מזבונייהתרגום"": 1, ""מזבונייהאם"": 1}","{""וגו"": [""וגו""], ""על"": [""על""], ""ואו"": [""ואו""], ""דכת"": [""דכת""], ""יתן"": [""יתן""], ""וכת"": [""וכת""], ""שמע"": [""שמע""], ""ארבע"": [""ארבע""], ""עשר"": [""עשר""], ""אדני"": [""אדני""], ""נתת"": [""נתת""], ""ארץ"": [""ארץ""], ""נתתי"": [""נתתי""], ""שבע"": [""שבע""], ""שמעני"": [""שמעני""], ""עשרה"": [""עשרה""], ""דהו"": [""דהו""], ""דהוון"": [""דהוון""], ""שבעים"": [""שבעים""], ""והיה"": [""והיה""], ""ואמר"": [""ואמר""], ""והיו"": [""והיו""], ""נתתני"": [""נתתני""], ""מכסף"": [""מכסף""], ""אב"": [""אב""], ""יתננה"": [""יתננה""], ""וכתיב"": [""וכתיב""], ""יתנו"": [""יתנו""], ""עלות"": [""עלות""], ""אדנ"": [""אדנ""], ""יתנני"": [""יתנני""], ""נתתיו"": [""נתתיו""], ""דכתיב"": [""דכתיב""], ""עשרים"": [""עשרים""], ""מזבחי"": [""מזבחי""], ""ואמרנו"": [""ואמרנו""], ""עלותי"": [""עלותי""], ""יתננהו"": [""יתננהו""], ""אדניך"": [""אדניך""], ""שמעניי"": [""שמעניי""], ""מזבוני"": [""מזבוני""], ""והיוו"": [""והיוו""], ""דכתיבא"": [""דכתיבא""], ""מזבחיי"": [""מזבחיי""], ""והיהו"": [""והיהו""], ""מזבוניי"": [""מזבוניי""], ""והיווים"": [""והיווים""], ""והיהוון"": [""והיהוון""], ""מזבונייהתרגום"": [""מזבונייהתרגום""], ""מזבונייהאם"": [""מזבונייהאם""]}",וגו,0.078262,על,0.018533,ואו,0.0101,דכת,0.008886,יתן,0.008848,וכת,0.008645,שמע,0.007947,ארבע,0.00752,עשר,0.007232,אדני,0.006518,נתת,0.005076,ארץ,0.00501,נתתי,0.00455,שבע,0.003696,שמעני,0.002829,עשרה,0.002348,דהו,0.002031,דהוון,0.001811,שבעים,0.001638,והיה,0.001617,ואמר,0.001346,והיו,0.000981,נתתני,0.000941,מכסף,0.000733,אב,0.000643,יתננה,0.000634,וכתיב,0.000505,יתנו,0.00048,עלות,0.000445,אדנ,0.000398,יתנני,0.00034,נתתיו,0.000307,דכתיב,0.000289,עשרים,0.000258,מזבחי,0.000194,ואמרנו,7.2e-05,עלותי,6.5e-05,יתננהו,6.4e-05,אדניך,4.6e-05,שמעניי,1.5e-05,מזבוני,1e-05,והיוו,5e-06,דכתיבא,5e-06,מזבחיי,4e-06,והיהו,3e-06,מזבוניי,0.0,והיווים,0.0,והיהוון,0.0,מזבונייהתרגום,0.0,מזבונייהאם,0.0,VERB,False,ביני,ביני,True,False,True,True,True,True,True,19.0,27.0,-8.0,True,False
Midrash_Aggadic_Midrash_Pesikta_DRav_Kahanna__10_1,pesikta_drk,67,ובינך,2.6913,0.3266,0.0,0.6588,7,2,True,"{""ובין"": 1, ""ובינך"": 1, ""וביניך"": 1, ""לבינך"": 1, ""לביניך"": 1, ""וגו"": 1, ""לבינו"": 1}","{""ובין"": [""ובין""], ""ובינך"": [""ובינך""], ""וביניך"": [""וביניך""], ""לבינך"": [""לבינך""], ""לביניך"": [""לביניך""], ""וגו"": [""וגו""], ""לבינו"": [""לבינו""]}",ובין,0.267916,ובינך,0.154827,וביניך,0.108087,לבינך,0.076905,לביניך,0.026578,וגו,0.015577,לבינו,0.008946,,,,,,,,,,,,,,,,,,,,,,,,,,,,,,,,,,,,,,,,,,,,,,,,,,,,,,,,,,,,,,,,,,,,,,,,,,,,,,,,,,,,,,,VERB,False,ובינך,בינה,True,False,True,True,True,True,True,64.0,68.0,-4.0,True,False
Midrash_Aggadic_Midrash_Pesikta_DRav_Kahanna__10_1,pesikta_drk,68,מה,7.1922,0.8801,0.8188,0.2377,50,-1,False,"{""וגו"": 1, ""על"": 1, ""ארבע"": 1, ""וכת"": 1, ""ובין"": 1, ""דכת"": 1, ""אדני"": 1, ""ארץ"": 1, ""ואו"": 1, ""שמע"": 1, ""הכת"": 1, ""ואמר"": 1, ""חסר"": 1, ""דהו"": 1, ""שמעני"": 1, ""והיה"": 1, ""עשר"": 1, ""דהוון"": 1, ""וביני"": 1, ""והכת"": 1, ""ארבעה"": 1, ""שבע"": 1, ""וכתיב"": 1, ""עשו"": 1, ""חמש"": 1, ""אמור"": 1, ""הוי"": 1, ""אדוני"": 1, ""עלות"": 1, ""חסרה"": 1, ""דכתיב"": 1, ""שבעה"": 1, ""חמשה"": 1, ""ואמרתי"": 1, ""עשרו"": 1, ""עלותי"": 1, ""חסרהו"": 1, ""והכתה"": 1, ""אדניהתרגום"": 1, ""ואמרתיו"": 1, ""עשוים"": 1, ""שמעניי"": 1, ""והכתהו"": 1, ""אדוניי"": 1, ""דכתיבא"": 1, ""אדניהאם"": 1, ""דכתיבאנו"": 1, ""דכתיבאנוו"": 1, ""דכתיבאנווירא"": 1, ""דכתיבאנווירח"": 1}","{""וגו"": [""וגו""], ""על"": [""על""], ""ארבע"": [""ארבע""], ""וכת"": [""וכת""], ""ובין"": [""ובין""], ""דכת"": [""דכת""], ""אדני"": [""אדני""], ""ארץ"": [""ארץ""], ""ואו"": [""ואו""], ""שמע"": [""שמע""], ""הכת"": [""הכת""], ""ואמר"": [""ואמר""], ""חסר"": [""חסר""], ""דהו"": [""דהו""], ""שמעני"": [""שמעני""], ""והיה"": [""והיה""], ""עשר"": [""עשר""], ""דהוון"": [""דהוון""], ""וביני"": [""וביני""], ""והכת"": [""והכת""], ""ארבעה"": [""ארבעה""], ""שבע"": [""שבע""], ""וכתיב"": [""וכתיב""], ""עשו"": [""עשו""], ""חמש"": [""חמש""], ""אמור"": [""אמור""], ""הוי"": [""הוי""], ""אדוני"": [""אדוני""], ""עלות"": [""עלות""], ""חסרה"": [""חסרה""], ""דכתיב"": [""דכתיב""], ""שבעה"": [""שבעה""], ""חמשה"": [""חמשה""], ""ואמרתי"": [""ואמרתי""], ""עשרו"": [""עשרו""], ""עלותי"": [""עלותי""], ""חסרהו"": [""חסרהו""], ""והכתה"": [""והכתה""], ""אדניהתרגום"": [""אדניהתרגום""], ""ואמרתיו"": [""ואמרתיו""], ""עשוים"": [""עשוים""], ""שמעניי"": [""שמעניי""], ""והכתהו"": [""והכתהו""], ""אדוניי"": [""אדוניי""], ""דכתיבא"": [""דכתיבא""], ""אדניהאם"": [""אדניהאם""], ""דכתיבאנו"": [""דכתיבאנו""], ""דכתיבאנוו"": [""דכתיבאנוו""], ""דכתיבאנווירא"": [""דכתיבאנווירא""], ""דכתיבאנווירח"": [""דכתיבאנווירח""]}",וגו,0.068011,על,0.026626,ארבע,0.024984,וכת,0.016667,ובין,0.014146,דכת,0.01045,אדני,0.010196,ארץ,0.008908,ואו,0.00763,שמע,0.007319,הכת,0.005902,ואמר,0.003897,חסר,0.003697,דהו,0.002667,שמעני,0.002658,והיה,0.002601,עשר,0.002583,דהוון,0.002346,וביני,0.002309,והכת,0.002123,ארבעה,0.001791,שבע,0.001659,וכתיב,0.001629,עשו,0.001449,חמש,0.0012,אמור,0.000899,הוי,0.000799,אדוני,0.000414,עלות,0.000414,חסרה,0.000379,דכתיב,0.000321,שבעה,0.000273,חמשה,0.000227,ואמרתי,0.000172,עשרו,0.000128,עלותי,7.5e-05,חסרהו,4.7e-05,והכתה,4.1e-05,אדניהתרגום,2e-05,ואמרתיו,2e-05,עשוים,1.6e-05,שמעניי,8e-06,והכתהו,6e-06,אדוניי,4e-06,דכתיבא,3e-06,אדניהאם,0.0,דכתיבאנו,0.0,דכתיבאנוו,0.0,דכתיבאנווירא,0.0,דכתיבאנווירח,0.0,VERB,True,מה,מה,True,True,False,True,True,True,False,,,,False,False
Midrash_Aggadic_Midrash_Pesikta_DRav_Kahanna__10_1,pesikta_drk,69,היא,9.3342,0.8901,0.7396,0.3625,50,-1,False,"{""כסף"": 1, ""ביני"": 1, ""שקל"": 1, ""כת"": 1, ""הכסף"": 1, ""בין"": 1, ""שמע"": 1, ""אני"": 1, ""ארץ"": 1, ""ארבע"": 1, ""דכת"": 1, ""כתיב"": 1, ""אדני"": 1, ""עשר"": 1, ""עפר"": 1, ""שמעני"": 1, ""הכת"": 1, ""תתן"": 1, ""עפרון"": 1, ""נא"": 1, ""תעשה"": 1, ""יעשה"": 1, ""ידעת"": 1, ""שכר"": 1, ""נפש"": 1, ""עשרון"": 1, ""בינו"": 1, ""שקלין"": 1, ""נפשך"": 1, ""ידך"": 1, ""ארבעה"": 1, ""נאכל"": 1, ""הכתה"": 1, ""אדנ"": 1, ""אדניך"": 1, ""כתיבת"": 1, ""שכרת"": 1, ""ידעתה"": 1, ""נאכלנו"": 1, ""תעשההתרגום"": 1, ""כתיבתא"": 1, ""שמעניי"": 1, ""שכרתנו"": 1, ""הכתהו"": 1, ""ידעתהון"": 1, ""אדניי"": 1, ""תעשההאם"": 1, ""שמענייון"": 1, ""אדנייון"": 1, ""הכתהוון"": 1}","{""כסף"": [""כסף""], ""ביני"": [""ביני""], ""שקל"": [""שקל""], ""כת"": [""כת""], ""הכסף"": [""הכסף""], ""בין"": [""בין""], ""שמע"": [""שמע""], ""אני"": [""אני""], ""ארץ"": [""ארץ""], ""ארבע"": [""ארבע""], ""דכת"": [""דכת""], ""כתיב"": [""כתיב""], ""אדני"": [""אדני""], ""עשר"": [""עשר""], ""עפר"": [""עפר""], ""שמעני"": [""שמעני""], ""הכת"": [""הכת""], ""תתן"": [""תתן""], ""עפרון"": [""עפרון""], ""נא"": [""נא""], ""תעשה"": [""תעשה""], ""יעשה"": [""יעשה""], ""ידעת"": [""ידעת""], ""שכר"": [""שכר""], ""נפש"": [""נפש""], ""עשרון"": [""עשרון""], ""בינו"": [""בינו""], ""שקלין"": [""שקלין""], ""נפשך"": [""נפשך""], ""ידך"": [""ידך""], ""ארבעה"": [""ארבעה""], ""נאכל"": [""נאכל""], ""הכתה"": [""הכתה""], ""אדנ"": [""אדנ""], ""אדניך"": [""אדניך""], ""כתיבת"": [""כתיבת""], ""שכרת"": [""שכרת""], ""ידעתה"": [""ידעתה""], ""נאכלנו"": [""נאכלנו""], ""תעשההתרגום"": [""תעשההתרגום""], ""כתיבתא"": [""כתיבתא""], ""שמעניי"": [""שמעניי""], ""שכרתנו"": [""שכרתנו""], ""הכתהו"": [""הכתהו""], ""ידעתהון"": [""ידעתהון""], ""אדניי"": [""אדניי""], ""תעשההאם"": [""תעשההאם""], ""שמענייון"": [""שמענייון""], ""אדנייון"": [""אדנייון""], ""הכתהוון"": [""הכתהוון""]}",כסף,0.119283,ביני,0.035358,שקל,0.024615,כת,0.019779,הכסף,0.017338,בין,0.016656,שמע,0.016447,אני,0.015165,ארץ,0.013536,ארבע,0.011399,דכת,0.009737,כתיב,0.007124,אדני,0.006508,עשר,0.005737,עפר,0.00556,שמעני,0.005124,הכת,0.004394,תתן,0.004304,עפרון,0.00359,נא,0.003258,תעשה,0.003249,יעשה,0.002754,ידעת,0.00172,שכר,0.00168,נפש,0.001664,עשרון,0.001312,בינו,0.001268,שקלין,0.000804,נפשך,0.000547,ידך,0.000541,ארבעה,0.000504,נאכל,0.000483,הכתה,0.000355,אדנ,0.000248,אדניך,0.000139,כתיבת,0.000104,שכרת,0.000104,ידעתה,7.5e-05,נאכלנו,1.3e-05,תעשההתרגום,1.1e-05,כתיבתא,7e-06,שמעניי,6e-06,שכרתנו,5e-06,הכתהו,5e-06,ידעתהון,3e-06,אדניי,2e-06,תעשההאם,0.0,שמענייון,0.0,אדנייון,0.0,הכתהוון,0.0,ADJ,False,היא,הוא,True,True,False,True,True,True,False,,,,False,False
Midrash_Aggadic_Midrash_Pesikta_DRav_Kahanna__10_1,pesikta_drk,70,אין,8.6098,0.8833,0.8329,0.1845,50,-1,False,"{""ארץ"": 1, ""ארבע"": 1, ""דכת"": 1, ""ביני"": 1, ""שבע"": 1, ""עין"": 1, ""חמש"": 1, ""תתן"": 1, ""עשו"": 1, ""שמע"": 1, ""חסר"": 1, ""אדני"": 1, ""אשה"": 1, ""חסרה"": 1, ""עשויה"": 1, ""שבעת"": 1, ""תחת"": 1, ""שמעני"": 1, ""ארבעה"": 1, ""מנה"": 1, ""בינת"": 1, ""חמשה"": 1, ""מכרת"": 1, ""דומה"": 1, ""בינתך"": 1, ""דכתיב"": 1, ""אדנ"": 1, ""מכרתני"": 1, ""אדניך"": 1, ""תחתון"": 1, ""מכרתי"": 1, ""שבעתים"": 1, ""חסרהו"": 1, ""מכרתיו"": 1, ""דכתיבא"": 1, ""שמעניי"": 1, ""אדניי"": 1, ""עשויההתרגום"": 1, ""דומההתרגום"": 1, ""דכתיבאנו"": 1, ""אדנייי"": 1, ""עשויההאם"": 1, ""שמענייהתרגום"": 1, ""אדניייי"": 1, ""דכתיבאנוו"": 1, ""שמענייהאם"": 1, ""אדנייייי"": 1, ""אדניייייי"": 1, ""דכתיבאנווירא"": 1, ""דכתיבאנווירח"": 1}","{""ארץ"": [""ארץ""], ""ארבע"": [""ארבע""], ""דכת"": [""דכת""], ""ביני"": [""ביני""], ""שבע"": [""שבע""], ""עין"": [""עין""], ""חמש"": [""חמש""], ""תתן"": [""תתן""], ""עשו"": [""עשו""], ""שמע"": [""שמע""], ""חסר"": [""חסר""], ""אדני"": [""אדני""], ""אשה"": [""אשה""], ""חסרה"": [""חסרה""], ""עשויה"": [""עשויה""], ""שבעת"": [""שבעת""], ""תחת"": [""תחת""], ""שמעני"": [""שמעני""], ""ארבעה"": [""ארבעה""], ""מנה"": [""מנה""], ""בינת"": [""בינת""], ""חמשה"": [""חמשה""], ""מכרת"": [""מכרת""], ""דומה"": [""דומה""], ""בינתך"": [""בינתך""], ""דכתיב"": [""דכתיב""], ""אדנ"": [""אדנ""], ""מכרתני"": [""מכרתני""], ""אדניך"": [""אדניך""], ""תחתון"": [""תחתון""], ""מכרתי"": [""מכרתי""], ""שבעתים"": [""שבעתים""], ""חסרהו"": [""חסרהו""], ""מכרתיו"": [""מכרתיו""], ""דכתיבא"": [""דכתיבא""], ""שמעניי"": [""שמעניי""], ""אדניי"": [""אדניי""], ""עשויההתרגום"": [""עשויההתרגום""], ""דומההתרגום"": [""דומההתרגום""], ""דכתיבאנו"": [""דכתיבאנו""], ""אדנייי"": [""אדנייי""], ""עשויההאם"": [""עשויההאם""], ""שמענייהתרגום"": [""שמענייהתרגום""], ""אדניייי"": [""אדניייי""], ""דכתיבאנוו"": [""דכתיבאנוו""], ""שמענייהאם"": [""שמענייהאם""], ""אדנייייי"": [""אדנייייי""], ""אדניייייי"": [""אדניייייי""], ""דכתיבאנווירא"": [""דכתיבאנווירא""], ""דכתיבאנווירח"": [""דכתיבאנווירח""]}",ארץ,0.092758,ארבע,0.023453,דכת,0.015842,ביני,0.007485,שבע,0.00538,עין,0.0051,חמש,0.004341,תתן,0.004042,עשו,0.00385,שמע,0.003315,חסר,0.003276,אדני,0.003012,אשה,0.001642,חסרה,0.001272,עשויה,0.001239,שבעת,0.001156,תחת,0.001105,שמעני,0.001104,ארבעה,0.000986,מנה,0.000917,בינת,0.000718,חמשה,0.000561,מכרת,0.000378,דומה,0.000329,בינתך,0.000326,דכתיב,0.000307,אדנ,0.000208,מכרתני,0.000126,אדניך,0.000102,תחתון,8.5e-05,מכרתי,8e-05,שבעתים,1.1e-05,חסרהו,5e-06,מכרתיו,3e-06,דכתיבא,3e-06,שמעניי,2e-06,אדניי,2e-06,עשויההתרגום,0.0,דומההתרגום,0.0,דכתיבאנו,0.0,אדנייי,0.0,עשויההאם,0.0,שמענייהתרגום,0.0,אדניייי,0.0,דכתיבאנוו,0.0,שמענייהאם,0.0,אדנייייי,0.0,אדניייייי,0.0,דכתיבאנווירא,0.0,דכתיבאנווירח,0.0,VERB,True,אין,אין,True,True,False,True,True,True,False,,,,False,False
Midrash_Aggadic_Midrash_Pesikta_DRav_Kahanna__10_1,pesikta_drk,71,את,8.2423,0.8835,0.8152,0.4233,50,-1,False,"{""לי"": 1, ""לה"": 1, ""לך"": 1, ""אתה"": 1, ""אני"": 1, ""ביני"": 1, ""כסף"": 1, ""בה"": 1, ""לו"": 1, ""להון"": 1, ""שמע"": 1, ""עין"": 1, ""עשו"": 1, ""ידעת"": 1, ""ידוע"": 1, ""קונה"": 1, ""בך"": 1, ""קול"": 1, ""עשויה"": 1, ""נביא"": 1, ""נא"": 1, ""יפה"": 1, ""שומעין"": 1, ""שמעתי"": 1, ""בהן"": 1, ""ליון"": 1, ""ידועה"": 1, ""מועיל"": 1, ""מזומן"": 1, ""ידעתם"": 1, ""נביאה"": 1, ""לוון"": 1, ""ביניי"": 1, ""קולך"": 1, ""קונהו"": 1, ""מזומנת"": 1, ""נאכל"": 1, ""נאכלת"": 1, ""שמעתיו"": 1, ""ידועהו"": 1, ""עשויההתרגום"": 1, ""נאכלתנו"": 1, ""מזומנתך"": 1, ""נביאההתרגום"": 1, ""קונהוהתרגום"": 1, ""שמעתיוהתרגום"": 1, ""עשויההאם"": 1, ""נאכלתנוהתרגום"": 1, ""שמעתיוהאם"": 1, ""נאכלתנוהאם"": 1}","{""לי"": [""לי""], ""לה"": [""לה""], ""לך"": [""לך""], ""אתה"": [""אתה""], ""אני"": [""אני""], ""ביני"": [""ביני""], ""כסף"": [""כסף""], ""בה"": [""בה""], ""לו"": [""לו""], ""להון"": [""להון""], ""שמע"": [""שמע""], ""עין"": [""עין""], ""עשו"": [""עשו""], ""ידעת"": [""ידעת""], ""ידוע"": [""ידוע""], ""קונה"": [""קונה""], ""בך"": [""בך""], ""קול"": [""קול""], ""עשויה"": [""עשויה""], ""נביא"": [""נביא""], ""נא"": [""נא""], ""יפה"": [""יפה""], ""שומעין"": [""שומעין""], ""שמעתי"": [""שמעתי""], ""בהן"": [""בהן""], ""ליון"": [""ליון""], ""ידועה"": [""ידועה""], ""מועיל"": [""מועיל""], ""מזומן"": [""מזומן""], ""ידעתם"": [""ידעתם""], ""נביאה"": [""נביאה""], ""לוון"": [""לוון""], ""ביניי"": [""ביניי""], ""קולך"": [""קולך""], ""קונהו"": [""קונהו""], ""מזומנת"": [""מזומנת""], ""נאכל"": [""נאכל""], ""נאכלת"": [""נאכלת""], ""שמעתיו"": [""שמעתיו""], ""ידועהו"": [""ידועהו""], ""עשויההתרגום"": [""עשויההתרגום""], ""נאכלתנו"": [""נאכלתנו""], ""מזומנתך"": [""מזומנתך""], ""נביאההתרגום"": [""נביאההתרגום""], ""קונהוהתרגום"": [""קונהוהתרגום""], ""שמעתיוהתרגום"": [""שמעתיוהתרגום""], ""עשויההאם"": [""עשויההאם""], ""נאכלתנוהתרגום"": [""נאכלתנוהתרגום""], ""שמעתיוהאם"": [""שמעתיוהאם""], ""נאכלתנוהאם"": [""נאכלתנוהאם""]}",לי,0.096506,לה,0.078766,לך,0.059456,אתה,0.029896,אני,0.028976,ביני,0.024361,כסף,0.02365,בה,0.020547,לו,0.016002,להון,0.01244,שמע,0.005117,עין,0.003708,עשו,0.002979,ידעת,0.002791,ידוע,0.002663,קונה,0.002519,בך,0.002231,קול,0.002088,עשויה,0.001352,נביא,0.001315,נא,0.000932,יפה,0.000807,שומעין,0.000759,שמעתי,0.000673,בהן,0.000471,ליון,0.000436,ידועה,0.000381,מועיל,0.000358,מזומן,0.000304,ידעתם,0.000264,נביאה,0.000146,לוון,7.2e-05,ביניי,6.8e-05,קולך,6.7e-05,קונהו,5.4e-05,מזומנת,4.3e-05,נאכל,3.7e-05,נאכלת,2e-05,שמעתיו,9e-06,ידועהו,3e-06,עשויההתרגום,1e-06,נאכלתנו,0.0,מזומנתך,0.0,נביאההתרגום,0.0,קונהוהתרגום,0.0,שמעתיוהתרגום,0.0,עשויההאם,0.0,נאכלתנוהתרגום,0.0,שמעתיוהאם,0.0,נאכלתנוהאם,0.0,VERB,False,את,את,True,True,False,True,True,True,False,,,,False,False
Midrash_Aggadic_Midrash_Pesikta_DRav_Kahanna__10_1,pesikta_drk,72,בעית,16.6332,0.8911,0.7597,0.2216,50,-1,False,"{""יכול"": 1, ""יודע"": 1, ""שמע"": 1, ""מוצא"": 1, ""שומע"": 1, ""שמעני"": 1, ""ידך"": 1, ""ביני"": 1, ""עמי"": 1, ""משלם"": 1, ""תתן"": 1, ""באה"": 1, ""עיני"": 1, ""ידע"": 1, ""נא"": 1, ""יכולת"": 1, ""נפש"": 1, ""נפשי"": 1, ""מוצאנה"": 1, ""ידעת"": 1, ""באהל"": 1, ""שומעני"": 1, ""תחיה"": 1, ""יודענו"": 1, ""תחטא"": 1, ""יכולתך"": 1, ""נאחז"": 1, ""באהלך"": 1, ""עיניי"": 1, ""ידעתה"": 1, ""נאחזת"": 1, ""שמעניי"": 1, ""ביניי"": 1, ""עמיי"": 1, ""תחיהו"": 1, ""מוצאנהו"": 1, ""תחטאון"": 1, ""שומעניהתרגום"": 1, ""ידעתההתרגום"": 1, ""נפשיהתרגום"": 1, ""בינייון"": 1, ""עינייי"": 1, ""תחיהוהתרגום"": 1, ""מוצאנהוהתרגום"": 1, ""עמייהתרגום"": 1, ""שומעניהאם"": 1, ""ידעתההאם"": 1, ""נפשיהאם"": 1, ""תחיהוהאם"": 1, ""מוצאנהוהאם"": 1}","{""יכול"": [""יכול""], ""יודע"": [""יודע""], ""שמע"": [""שמע""], ""מוצא"": [""מוצא""], ""שומע"": [""שומע""], ""שמעני"": [""שמעני""], ""ידך"": [""ידך""], ""ביני"": [""ביני""], ""עמי"": [""עמי""], ""משלם"": [""משלם""], ""תתן"": [""תתן""], ""באה"": [""באה""], ""עיני"": [""עיני""], ""ידע"": [""ידע""], ""נא"": [""נא""], ""יכולת"": [""יכולת""], ""נפש"": [""נפש""], ""נפשי"": [""נפשי""], ""מוצאנה"": [""מוצאנה""], ""ידעת"": [""ידעת""], ""באהל"": [""באהל""], ""שומעני"": [""שומעני""], ""תחיה"": [""תחיה""], ""יודענו"": [""יודענו""], ""תחטא"": [""תחטא""], ""יכולתך"": [""יכולתך""], ""נאחז"": [""נאחז""], ""באהלך"": [""באהלך""], ""עיניי"": [""עיניי""], ""ידעתה"": [""ידעתה""], ""נאחזת"": [""נאחזת""], ""שמעניי"": [""שמעניי""], ""ביניי"": [""ביניי""], ""עמיי"": [""עמיי""], ""תחיהו"": [""תחיהו""], ""מוצאנהו"": [""מוצאנהו""], ""תחטאון"": [""תחטאון""], ""שומעניהתרגום"": [""שומעניהתרגום""], ""ידעתההתרגום"": [""ידעתההתרגום""], ""נפשיהתרגום"": [""נפשיהתרגום""], ""בינייון"": [""בינייון""], ""עינייי"": [""עינייי""], ""תחיהוהתרגום"": [""תחיהוהתרגום""], ""מוצאנהוהתרגום"": [""מוצאנהוהתרגום""], ""עמייהתרגום"": [""עמייהתרגום""], ""שומעניהאם"": [""שומעניהאם""], ""ידעתההאם"": [""ידעתההאם""], ""נפשיהאם"": [""נפשיהאם""], ""תחיהוהאם"": [""תחיהוהאם""], ""מוצאנהוהאם"": [""מוצאנהוהאם""]}",יכול,0.067757,יודע,0.052769,שמע,0.024119,מוצא,0.016631,שומע,0.010578,שמעני,0.010284,ידך,0.006907,ביני,0.004804,עמי,0.003903,משלם,0.003327,תתן,0.003315,באה,0.002531,עיני,0.002224,ידע,0.002093,נא,0.001589,יכולת,0.001503,נפש,0.001403,נפשי,0.001031,מוצאנה,0.001012,ידעת,0.000838,באהל,0.000617,שומעני,0.000613,תחיה,0.000439,יודענו,0.000411,תחטא,0.000326,יכולתך,0.000149,נאחז,0.000105,באהלך,9.7e-05,עיניי,5.7e-05,ידעתה,5.7e-05,נאחזת,4.6e-05,שמעניי,3.3e-05,ביניי,2.3e-05,עמיי,1.3e-05,תחיהו,1.3e-05,מוצאנהו,1.2e-05,תחטאון,3e-06,שומעניהתרגום,0.0,ידעתההתרגום,0.0,נפשיהתרגום,0.0,בינייון,0.0,עינייי,0.0,תחיהוהתרגום,0.0,מוצאנהוהתרגום,0.0,עמייהתרגום,0.0,שומעניהאם,0.0,ידעתההאם,0.0,נפשיהאם,0.0,תחיהוהאם,0.0,מוצאנהוהאם,0.0,DET,True,בעית,בעיה,False,False,False,True,True,True,False,,,,False,False
Midrash_Aggadic_Midrash_Pesikta_DRav_Kahanna__10_1,pesikta_drk,73,למיתן,13.9946,0.8635,0.1382,0.2858,50,-1,False,"{""לי"": 1, ""אלא"": 1, ""על"": 1, ""לה"": 1, ""את"": 1, ""וגו"": 1, ""לא"": 1, ""ארץ"": 1, ""ארבע"": 1, ""ביני"": 1, ""אדני"": 1, ""להון"": 1, ""עין"": 1, ""אב"": 1, ""עפר"": 1, ""ליה"": 1, ""עליה"": 1, ""בכסף"": 1, ""לאו"": 1, ""וכת"": 1, ""עפרון"": 1, ""לית"": 1, ""ליי"": 1, ""אתו"": 1, ""מאי"": 1, ""ארבעה"": 1, ""אדוני"": 1, ""ליתן"": 1, ""ליהון"": 1, ""אלאו"": 1, ""מימיני"": 1, ""וכתיב"": 1, ""מימר"": 1, ""עליהו"": 1, ""אתוון"": 1, ""ביניי"": 1, ""לאוין"": 1, ""אדוניי"": 1, ""אדניהתרגום"": 1, ""מימרין"": 1, ""אלאוותא"": 1, ""אלאוותי"": 1, ""לייי"": 1, ""עליהוהתרגום"": 1, ""בינייהתרגום"": 1, ""אדניהאם"": 1, ""ליייי"": 1, ""לייייי"": 1, ""עליהוהאם"": 1, ""בינייהאם"": 1}","{""לי"": [""לי""], ""אלא"": [""אלא""], ""על"": [""על""], ""לה"": [""לה""], ""את"": [""את""], ""וגו"": [""וגו""], ""לא"": [""לא""], ""ארץ"": [""ארץ""], ""ארבע"": [""ארבע""], ""ביני"": [""ביני""], ""אדני"": [""אדני""], ""להון"": [""להון""], ""עין"": [""עין""], ""אב"": [""אב""], ""עפר"": [""עפר""], ""ליה"": [""ליה""], ""עליה"": [""עליה""], ""בכסף"": [""בכסף""], ""לאו"": [""לאו""], ""וכת"": [""וכת""], ""עפרון"": [""עפרון""], ""לית"": [""לית""], ""ליי"": [""ליי""], ""אתו"": [""אתו""], ""מאי"": [""מאי""], ""ארבעה"": [""ארבעה""], ""אדוני"": [""אדוני""], ""ליתן"": [""ליתן""], ""ליהון"": [""ליהון""], ""אלאו"": [""אלאו""], ""מימיני"": [""מימיני""], ""וכתיב"": [""וכתיב""], ""מימר"": [""מימר""], ""עליהו"": [""עליהו""], ""אתוון"": [""אתוון""], ""ביניי"": [""ביניי""], ""לאוין"": [""לאוין""], ""אדוניי"": [""אדוניי""], ""אדניהתרגום"": [""אדניהתרגום""], ""מימרין"": [""מימרין""], ""אלאוותא"": [""אלאוותא""], ""אלאוותי"": [""אלאוותי""], ""לייי"": [""לייי""], ""עליהוהתרגום"": [""עליהוהתרגום""], ""בינייהתרגום"": [""בינייהתרגום""], ""אדניהאם"": [""אדניהאם""], ""ליייי"": [""ליייי""], ""לייייי"": [""לייייי""], ""עליהוהאם"": [""עליהוהאם""], ""בינייהאם"": [""בינייהאם""]}",לי,0.083997,אלא,0.036696,על,0.021912,לה,0.021572,את,0.01654,וגו,0.016269,לא,0.015783,ארץ,0.015002,ארבע,0.013239,ביני,0.011744,אדני,0.009677,להון,0.003226,עין,0.002039,אב,0.00202,עפר,0.001976,ליה,0.001903,עליה,0.001532,בכסף,0.00126,לאו,0.00124,וכת,0.001107,עפרון,0.000985,לית,0.000844,ליי,0.000737,אתו,0.000736,מאי,0.000735,ארבעה,0.000733,אדוני,0.000701,ליתן,0.000486,ליהון,0.000245,אלאו,0.000218,מימיני,0.000178,וכתיב,0.000152,מימר,0.000117,עליהו,4.5e-05,אתוון,4.2e-05,ביניי,3.6e-05,לאוין,2.1e-05,אדוניי,1.1e-05,אדניהתרגום,4e-06,מימרין,2e-06,אלאוותא,1e-06,אלאוותי,1e-06,לייי,0.0,עליהוהתרגום,0.0,בינייהתרגום,0.0,אדניהאם,0.0,ליייי,0.0,לייייי,0.0,עליהוהאם,0.0,בינייהאם,0.0,VERB,True,למיתן,המית,True,False,True,True,True,True,True,26.0,24.0,2.0,False,True
Midrash_Aggadic_Midrash_Pesikta_DRav_Kahanna__10_1,pesikta_drk,74,לי,1.5797,0.3025,0.0,0.5388,50,1,True,"{""לי"": 1, ""לך"": 1, ""ביני"": 1, ""לו"": 1, ""את"": 1, ""להון"": 1, ""לא"": 1, ""ארבע"": 1, ""להו"": 1, ""ליה"": 1, ""עמי"": 1, ""עלי"": 1, ""אדני"": 1, ""ממון"": 1, ""אתו"": 1, ""לאברה"": 1, ""לאברהם"": 1, ""ממונך"": 1, ""ארץ"": 1, ""מידי"": 1, ""ממונא"": 1, ""אצלי"": 1, ""ביתי"": 1, ""מנה"": 1, ""ארבעה"": 1, ""עליון"": 1, ""ליהתרגום"": 1, ""לארץ"": 1, ""ליהון"": 1, ""ביניי"": 1, ""מנהל"": 1, ""מידיי"": 1, ""לוהתרגום"": 1, ""להוהתרגום"": 1, ""עמיהתרגום"": 1, ""אדניי"": 1, ""מנהלך"": 1, ""אתוהתרגום"": 1, ""ליהאם"": 1, ""ביתיים"": 1, ""אצליהתרגום"": 1, ""ממונאהתרגום"": 1, ""בינייון"": 1, ""לוהאם"": 1, ""להוהאם"": 1, ""מידייון"": 1, ""עמיהאם"": 1, ""אתוהאם"": 1, ""אצליהאם"": 1, ""ממונאהאם"": 1}","{""לי"": [""לי""], ""לך"": [""לך""], ""ביני"": [""ביני""], ""לו"": [""לו""], ""את"": [""את""], ""להון"": [""להון""], ""לא"": [""לא""], ""ארבע"": [""ארבע""], ""להו"": [""להו""], ""ליה"": [""ליה""], ""עמי"": [""עמי""], ""עלי"": [""עלי""], ""אדני"": [""אדני""], ""ממון"": [""ממון""], ""אתו"": [""אתו""], ""לאברה"": [""לאברה""], ""לאברהם"": [""לאברהם""], ""ממונך"": [""ממונך""], ""ארץ"": [""ארץ""], ""מידי"": [""מידי""], ""ממונא"": [""ממונא""], ""אצלי"": [""אצלי""], ""ביתי"": [""ביתי""], ""מנה"": [""מנה""], ""ארבעה"": [""ארבעה""], ""עליון"": [""עליון""], ""ליהתרגום"": [""ליהתרגום""], ""לארץ"": [""לארץ""], ""ליהון"": [""ליהון""], ""ביניי"": [""ביניי""], ""מנהל"": [""מנהל""], ""מידיי"": [""מידיי""], ""לוהתרגום"": [""לוהתרגום""], ""להוהתרגום"": [""להוהתרגום""], ""עמיהתרגום"": [""עמיהתרגום""], ""אדניי"": [""אדניי""], ""מנהלך"": [""מנהלך""], ""אתוהתרגום"": [""אתוהתרגום""], ""ליהאם"": [""ליהאם""], ""ביתיים"": [""ביתיים""], ""אצליהתרגום"": [""אצליהתרגום""], ""ממונאהתרגום"": [""ממונאהתרגום""], ""בינייון"": [""בינייון""], ""לוהאם"": [""לוהאם""], ""להוהאם"": [""להוהאם""], ""מידייון"": [""מידייון""], ""עמיהאם"": [""עמיהאם""], ""אתוהאם"": [""אתוהאם""], ""אצליהאם"": [""אצליהאם""], ""ממונאהאם"": [""ממונאהאם""]}",לי,0.334547,לך,0.037535,ביני,0.030135,לו,0.026204,את,0.021387,להון,0.01904,לא,0.010923,ארבע,0.009489,להו,0.008717,ליה,0.007685,עמי,0.006817,עלי,0.004987,אדני,0.004089,ממון,0.002724,אתו,0.001937,לאברה,0.001729,לאברהם,0.00171,ממונך,0.001592,ארץ,0.001389,מידי,0.001233,ממונא,0.001112,אצלי,0.000802,ביתי,0.000791,מנה,0.000725,ארבעה,0.00048,עליון,0.000344,ליהתרגום,0.00026,לארץ,0.000207,ליהון,4.9e-05,ביניי,4.7e-05,מנהל,3.1e-05,מידיי,2.8e-05,לוהתרגום,2.3e-05,להוהתרגום,1e-05,עמיהתרגום,5e-06,אדניי,5e-06,מנהלך,3e-06,אתוהתרגום,2e-06,ליהאם,1e-06,ביתיים,1e-06,אצליהתרגום,1e-06,ממונאהתרגום,1e-06,בינייון,0.0,לוהאם,0.0,להוהאם,0.0,מידייון,0.0,עמיהאם,0.0,אתוהאם,0.0,אצליהאם,0.0,ממונאהאם,0.0,PROPN,False,לי,לי,False,True,False,True,True,True,False,,,,False,False
Midrash_Aggadic_Midrash_Pesikta_DRav_Kahanna__10_1,pesikta_drk,75,ארבע,4.76,0.7492,0.0,0.2693,50,1,True,"{""ארבע"": 1, ""כסף"": 1, ""וגו"": 1, ""כל"": 1, ""אלא"": 1, ""מה"": 1, ""את"": 1, ""ביני"": 1, ""ארץ"": 1, ""אדני"": 1, ""עשר"": 1, ""חמש"": 1, ""עשרה"": 1, ""כלום"": 1, ""חסר"": 1, ""ארבעה"": 1, ""בכסף"": 1, ""מידי"": 1, ""וכת"": 1, ""חמשה"": 1, ""מהו"": 1, ""מכסף"": 1, ""אתו"": 1, ""אדוני"": 1, ""עשרון"": 1, ""אב"": 1, ""חסרה"": 1, ""וכתיב"": 1, ""אלאו"": 1, ""מכספך"": 1, ""חסרהו"": 1, ""בכספא"": 1, ""אדניהתרגום"": 1, ""אתוון"": 1, ""מהוות"": 1, ""אדוניי"": 1, ""עשרההתרגום"": 1, ""אלאוותא"": 1, ""אלאוותי"": 1, ""מהוותא"": 1, ""חמשההתרגום"": 1, ""אדניהאם"": 1, ""בכספאהתרגום"": 1, ""עשרההאם"": 1, ""מהוותאתי"": 1, ""אלאוותיהתרגום"": 1, ""בכספאהאם"": 1, ""מהוותאתיו"": 1, ""אלאוותיהאם"": 1, ""מהוותאתיוון"": 1}","{""ארבע"": [""ארבע""], ""כסף"": [""כסף""], ""וגו"": [""וגו""], ""כל"": [""כל""], ""אלא"": [""אלא""], ""מה"": [""מה""], ""את"": [""את""], ""ביני"": [""ביני""], ""ארץ"": [""ארץ""], ""אדני"": [""אדני""], ""עשר"": [""עשר""], ""חמש"": [""חמש""], ""עשרה"": [""עשרה""], ""כלום"": [""כלום""], ""חסר"": [""חסר""], ""ארבעה"": [""ארבעה""], ""בכסף"": [""בכסף""], ""מידי"": [""מידי""], ""וכת"": [""וכת""], ""חמשה"": [""חמשה""], ""מהו"": [""מהו""], ""מכסף"": [""מכסף""], ""אתו"": [""אתו""], ""אדוני"": [""אדוני""], ""עשרון"": [""עשרון""], ""אב"": [""אב""], ""חסרה"": [""חסרה""], ""וכתיב"": [""וכתיב""], ""אלאו"": [""אלאו""], ""מכספך"": [""מכספך""], ""חסרהו"": [""חסרהו""], ""בכספא"": [""בכספא""], ""אדניהתרגום"": [""אדניהתרגום""], ""אתוון"": [""אתוון""], ""מהוות"": [""מהוות""], ""אדוניי"": [""אדוניי""], ""עשרההתרגום"": [""עשרההתרגום""], ""אלאוותא"": [""אלאוותא""], ""אלאוותי"": [""אלאוותי""], ""מהוותא"": [""מהוותא""], ""חמשההתרגום"": [""חמשההתרגום""], ""אדניהאם"": [""אדניהאם""], ""בכספאהתרגום"": [""בכספאהתרגום""], ""עשרההאם"": [""עשרההאם""], ""מהוותאתי"": [""מהוותאתי""], ""אלאוותיהתרגום"": [""אלאוותיהתרגום""], ""בכספאהאם"": [""בכספאהאם""], ""מהוותאתיו"": [""מהוותאתיו""], ""אלאוותיהאם"": [""אלאוותיהאם""], ""מהוותאתיוון"": [""מהוותאתיוון""]}",ארבע,0.036907,כסף,0.030613,וגו,0.029794,כל,0.028312,אלא,0.027016,מה,0.026185,את,0.023472,ביני,0.013605,ארץ,0.012755,אדני,0.008974,עשר,0.007186,חמש,0.004439,עשרה,0.002771,כלום,0.002684,חסר,0.00249,ארבעה,0.002057,בכסף,0.001886,מידי,0.001769,וכת,0.001269,חמשה,0.000867,מהו,0.000693,מכסף,0.00069,אתו,0.000671,אדוני,0.000671,עשרון,0.000438,אב,0.000338,חסרה,0.000295,וכתיב,0.000193,אלאו,8.2e-05,מכספך,8.1e-05,חסרהו,5.2e-05,בכספא,1.1e-05,אדניהתרגום,5e-06,אתוון,5e-06,מהוות,2e-06,אדוניי,2e-06,עשרההתרגום,1e-06,אלאוותא,0.0,אלאוותי,0.0,מהוותא,0.0,חמשההתרגום,0.0,אדניהאם,0.0,בכספאהתרגום,0.0,עשרההאם,0.0,מהוותאתי,0.0,אלאוותיהתרגום,0.0,בכספאהאם,0.0,מהוותאתיו,0.0,אלאוותיהאם,0.0,מהוותאתיוון,0.0,ADP,True,ארבע,ארבעה,False,False,False,True,True,True,False,,,,False,False
Midrash_Aggadic_Midrash_Pesikta_DRav_Kahanna__10_1,pesikta_drk,76,מאוון,25.7677,0.8699,0.8113,0.8907,5,-1,False,"{""מאות"": 1, ""מנה"": 1, ""מיל"": 1, ""מילין"": 1, ""מנהו"": 1}","{""מאות"": [""מאות""], ""מנה"": [""מנה""], ""מיל"": [""מיל""], ""מילין"": [""מילין""], ""מנהו"": [""מנהו""]}",מאות,0.87871,מנה,0.004748,מיל,0.003641,מילין,0.003397,מנהו,0.000194,,,,,,,,,,,,,,,,,,,,,,,,,,,,,,,,,,,,,,,,,,,,,,,,,,,,,,,,,,,,,,,,,,,,,,,,,,,,,,,,,,,,,,,,,,,VERB,True,מאוון,מאו,True,False,True,True,True,True,True,4.0,21.0,-17.0,True,False
Midrash_Aggadic_Midrash_Pesikta_DRav_Kahanna__10_1,pesikta_drk,77,קינטרין,12.797,0.8727,0.3613,0.4562,50,-1,False,"{""שקל"": 1, ""כסף"": 1, ""של"": 1, ""שקלין"": 1, ""דכת"": 1, ""ביני"": 1, ""וגו"": 1, ""חסר"": 1, ""שקלי"": 1, ""אדני"": 1, ""דהו"": 1, ""חמש"": 1, ""דהוון"": 1, ""שמע"": 1, ""שלש"": 1, ""וכת"": 1, ""אב"": 1, ""בכסף"": 1, ""מאי"": 1, ""מיל"": 1, ""חסרה"": 1, ""חמשת"": 1, ""מילין"": 1, ""אדוני"": 1, ""שמעני"": 1, ""וכתיב"": 1, ""וגוון"": 1, ""דכתיב"": 1, ""חסרהו"": 1, ""שקליי"": 1, ""מאיו"": 1, ""אדוניי"": 1, ""מאיוון"": 1, ""חמשתון"": 1, ""אדניהתרגום"": 1, ""בכספו"": 1, ""וכתיבת"": 1, ""דכתיבא"": 1, ""שמעניי"": 1, ""שקלייון"": 1, ""וכתיבתא"": 1, ""חסרהוהתרגום"": 1, ""בכספוון"": 1, ""אדניהאם"": 1, ""שמענייון"": 1, ""דכתיבאנו"": 1, ""חסרהוהאם"": 1, ""דכתיבאנוו"": 1, ""דכתיבאנוויה"": 1, ""דכתיבאנוויהו"": 1}","{""שקל"": [""שקל""], ""כסף"": [""כסף""], ""של"": [""של""], ""שקלין"": [""שקלין""], ""דכת"": [""דכת""], ""ביני"": [""ביני""], ""וגו"": [""וגו""], ""חסר"": [""חסר""], ""שקלי"": [""שקלי""], ""אדני"": [""אדני""], ""דהו"": [""דהו""], ""חמש"": [""חמש""], ""דהוון"": [""דהוון""], ""שמע"": [""שמע""], ""שלש"": [""שלש""], ""וכת"": [""וכת""], ""אב"": [""אב""], ""בכסף"": [""בכסף""], ""מאי"": [""מאי""], ""מיל"": [""מיל""], ""חסרה"": [""חסרה""], ""חמשת"": [""חמשת""], ""מילין"": [""מילין""], ""אדוני"": [""אדוני""], ""שמעני"": [""שמעני""], ""וכתיב"": [""וכתיב""], ""וגוון"": [""וגוון""], ""דכתיב"": [""דכתיב""], ""חסרהו"": [""חסרהו""], ""שקליי"": [""שקליי""], ""מאיו"": [""מאיו""], ""אדוניי"": [""אדוניי""], ""מאיוון"": [""מאיוון""], ""חמשתון"": [""חמשתון""], ""אדניהתרגום"": [""אדניהתרגום""], ""בכספו"": [""בכספו""], ""וכתיבת"": [""וכתיבת""], ""דכתיבא"": [""דכתיבא""], ""שמעניי"": [""שמעניי""], ""שקלייון"": [""שקלייון""], ""וכתיבתא"": [""וכתיבתא""], ""חסרהוהתרגום"": [""חסרהוהתרגום""], ""בכספוון"": [""בכספוון""], ""אדניהאם"": [""אדניהאם""], ""שמענייון"": [""שמענייון""], ""דכתיבאנו"": [""דכתיבאנו""], ""חסרהוהאם"": [""חסרהוהאם""], ""דכתיבאנוו"": [""דכתיבאנוו""], ""דכתיבאנוויה"": [""דכתיבאנוויה""], ""דכתיבאנוויהו"": [""דכתיבאנוויהו""]}",שקל,0.325214,כסף,0.042659,של,0.018063,שקלין,0.011298,דכת,0.009463,ביני,0.008348,וגו,0.008042,חסר,0.005323,שקלי,0.004698,אדני,0.003285,דהו,0.00299,חמש,0.00294,דהוון,0.002568,שמע,0.00184,שלש,0.001598,וכת,0.001159,אב,0.000978,בכסף,0.000894,מאי,0.000889,מיל,0.000889,חסרה,0.000669,חמשת,0.000515,מילין,0.000478,אדוני,0.000411,שמעני,0.000339,וכתיב,0.000211,וגוון,0.000166,דכתיב,0.000139,חסרהו,5.5e-05,שקליי,4.3e-05,מאיו,1.5e-05,אדוניי,8e-06,מאיוון,6e-06,חמשתון,5e-06,אדניהתרגום,5e-06,בכספו,4e-06,וכתיבת,3e-06,דכתיבא,1e-06,שמעניי,1e-06,שקלייון,1e-06,וכתיבתא,0.0,חסרהוהתרגום,0.0,בכספוון,0.0,אדניהאם,0.0,שמענייון,0.0,דכתיבאנו,0.0,חסרהוהאם,0.0,דכתיבאנוו,0.0,דכתיבאנוויה,0.0,דכתיבאנוויהו,0.0,VERB,True,קינטרין,קנטקי,True,False,True,True,True,True,True,32.0,16.0,16.0,False,True
Midrash_Aggadic_Midrash_Pesikta_DRav_Kahanna__10_1,pesikta_drk,78,דכסף,14.2296,0.8138,0.1387,0.3537,50,-1,False,"{""הד"": 1, ""אר"": 1, ""ארבע"": 1, ""על"": 1, ""הכת"": 1, ""מה"": 1, ""דכת"": 1, ""וגו"": 1, ""דהו"": 1, ""דהוון"": 1, ""והכת"": 1, ""ביני"": 1, ""ארבעה"": 1, ""אדני"": 1, ""וכת"": 1, ""מאי"": 1, ""בכסף"": 1, ""הדה"": 1, ""הדא"": 1, ""אב"": 1, ""והו"": 1, ""והוון"": 1, ""וכתיב"": 1, ""אדוני"": 1, ""דהוו"": 1, ""וגוון"": 1, ""עלך"": 1, ""הכתו"": 1, ""והכתה"": 1, ""מזון"": 1, ""מזבחי"": 1, ""הכתוון"": 1, ""הדהו"": 1, ""בכספו"": 1, ""והכתהו"": 1, ""מזבוני"": 1, ""אדוניי"": 1, ""וכתיבת"": 1, ""אדניי"": 1, ""הדהוון"": 1, ""דהווון"": 1, ""וכתיבתא"": 1, ""מזבחיי"": 1, ""מזבוניי"": 1, ""בכספוון"": 1, ""והכתהוון"": 1, ""אדנייון"": 1, ""אדונייון"": 1, ""מזבונייון"": 1, ""מזבחייון"": 1}","{""הד"": [""הד""], ""אר"": [""אר""], ""ארבע"": [""ארבע""], ""על"": [""על""], ""הכת"": [""הכת""], ""מה"": [""מה""], ""דכת"": [""דכת""], ""וגו"": [""וגו""], ""דהו"": [""דהו""], ""דהוון"": [""דהוון""], ""והכת"": [""והכת""], ""ביני"": [""ביני""], ""ארבעה"": [""ארבעה""], ""אדני"": [""אדני""], ""וכת"": [""וכת""], ""מאי"": [""מאי""], ""בכסף"": [""בכסף""], ""הדה"": [""הדה""], ""הדא"": [""הדא""], ""אב"": [""אב""], ""והו"": [""והו""], ""והוון"": [""והוון""], ""וכתיב"": [""וכתיב""], ""אדוני"": [""אדוני""], ""דהוו"": [""דהוו""], ""וגוון"": [""וגוון""], ""עלך"": [""עלך""], ""הכתו"": [""הכתו""], ""והכתה"": [""והכתה""], ""מזון"": [""מזון""], ""מזבחי"": [""מזבחי""], ""הכתוון"": [""הכתוון""], ""הדהו"": [""הדהו""], ""בכספו"": [""בכספו""], ""והכתהו"": [""והכתהו""], ""מזבוני"": [""מזבוני""], ""אדוניי"": [""אדוניי""], ""וכתיבת"": [""וכתיבת""], ""אדניי"": [""אדניי""], ""הדהוון"": [""הדהוון""], ""דהווון"": [""דהווון""], ""וכתיבתא"": [""וכתיבתא""], ""מזבחיי"": [""מזבחיי""], ""מזבוניי"": [""מזבוניי""], ""בכספוון"": [""בכספוון""], ""והכתהוון"": [""והכתהוון""], ""אדנייון"": [""אדנייון""], ""אדונייון"": [""אדונייון""], ""מזבונייון"": [""מזבונייון""], ""מזבחייון"": [""מזבחייון""]}",הד,0.119208,אר,0.064812,ארבע,0.035818,על,0.026186,הכת,0.017795,מה,0.016645,דכת,0.011329,וגו,0.010054,דהו,0.007459,דהוון,0.006979,והכת,0.005974,ביני,0.005526,ארבעה,0.004073,אדני,0.003803,וכת,0.003316,מאי,0.002941,בכסף,0.002597,הדה,0.002028,הדא,0.001789,אב,0.001541,והו,0.000821,והוון,0.000672,וכתיב,0.000565,אדוני,0.000382,דהוו,0.000354,וגוון,0.000243,עלך,0.00022,הכתו,0.000209,והכתה,0.00011,מזון,7.8e-05,מזבחי,2.4e-05,הכתוון,2.1e-05,הדהו,1.9e-05,בכספו,1.8e-05,והכתהו,1.7e-05,מזבוני,1.2e-05,אדוניי,9e-06,וכתיבת,7e-06,אדניי,6e-06,הדהוון,3e-06,דהווון,2e-06,וכתיבתא,1e-06,מזבחיי,1e-06,מזבוניי,0.0,בכספוון,0.0,והכתהוון,0.0,אדנייון,0.0,אדונייון,0.0,מזבונייון,0.0,מזבחייון,0.0,SYM,True,דכסף,כסף,False,False,False,True,True,True,False,,,,False,False
Midrash_Aggadic_Midrash_Pesikta_DRav_Kahanna__10_1,pesikta_drk,79,מן,9.4607,0.8967,0.85,0.2812,50,-1,False,"{""מלא"": 1, ""דכת"": 1, ""ביני"": 1, ""ארבע"": 1, ""שנאמר"": 1, ""הכת"": 1, ""שנאמרו"": 1, ""וגו"": 1, ""עפר"": 1, ""שקלי"": 1, ""אדני"": 1, ""דהו"": 1, ""עפרון"": 1, ""דהוון"": 1, ""וכת"": 1, ""שמע"": 1, ""עשר"": 1, ""ארץ"": 1, ""מאי"": 1, ""מלאו"": 1, ""שנא"": 1, ""בכסף"": 1, ""הוי"": 1, ""ארבעה"": 1, ""אינון"": 1, ""וכתיב"": 1, ""עשרון"": 1, ""דהוי"": 1, ""מזומן"": 1, ""שמעתי"": 1, ""הכתה"": 1, ""מזבח"": 1, ""וגוון"": 1, ""מלאוון"": 1, ""הויין"": 1, ""שקליי"": 1, ""בכספו"": 1, ""דהויון"": 1, ""וכתיבת"": 1, ""מזבחו"": 1, ""שמעתיו"": 1, ""אדניי"": 1, ""בכספוון"": 1, ""שקלייון"": 1, ""שנאו"": 1, ""וכתיבתא"": 1, ""מזבחוון"": 1, ""אדנייון"": 1, ""שמעתיוהתרגום"": 1, ""שמעתיוהאם"": 1}","{""מלא"": [""מלא""], ""דכת"": [""דכת""], ""ביני"": [""ביני""], ""ארבע"": [""ארבע""], ""שנאמר"": [""שנאמר""], ""הכת"": [""הכת""], ""שנאמרו"": [""שנאמרו""], ""וגו"": [""וגו""], ""עפר"": [""עפר""], ""שקלי"": [""שקלי""], ""אדני"": [""אדני""], ""דהו"": [""דהו""], ""עפרון"": [""עפרון""], ""דהוון"": [""דהוון""], ""וכת"": [""וכת""], ""שמע"": [""שמע""], ""עשר"": [""עשר""], ""ארץ"": [""ארץ""], ""מאי"": [""מאי""], ""מלאו"": [""מלאו""], ""שנא"": [""שנא""], ""בכסף"": [""בכסף""], ""הוי"": [""הוי""], ""ארבעה"": [""ארבעה""], ""אינון"": [""אינון""], ""וכתיב"": [""וכתיב""], ""עשרון"": [""עשרון""], ""דהוי"": [""דהוי""], ""מזומן"": [""מזומן""], ""שמעתי"": [""שמעתי""], ""הכתה"": [""הכתה""], ""מזבח"": [""מזבח""], ""וגוון"": [""וגוון""], ""מלאוון"": [""מלאוון""], ""הויין"": [""הויין""], ""שקליי"": [""שקליי""], ""בכספו"": [""בכספו""], ""דהויון"": [""דהויון""], ""וכתיבת"": [""וכתיבת""], ""מזבחו"": [""מזבחו""], ""שמעתיו"": [""שמעתיו""], ""אדניי"": [""אדניי""], ""בכספוון"": [""בכספוון""], ""שקלייון"": [""שקלייון""], ""שנאו"": [""שנאו""], ""וכתיבתא"": [""וכתיבתא""], ""מזבחוון"": [""מזבחוון""], ""אדנייון"": [""אדנייון""], ""שמעתיוהתרגום"": [""שמעתיוהתרגום""], ""שמעתיוהאם"": [""שמעתיוהאם""]}",מלא,0.142522,דכת,0.019541,ביני,0.018749,ארבע,0.014677,שנאמר,0.011003,הכת,0.010657,שנאמרו,0.008031,וגו,0.00669,עפר,0.004611,שקלי,0.00459,אדני,0.004512,דהו,0.004236,עפרון,0.003876,דהוון,0.003822,וכת,0.002878,שמע,0.002699,עשר,0.002392,ארץ,0.002216,מאי,0.001995,מלאו,0.001819,שנא,0.001768,בכסף,0.00143,הוי,0.00142,ארבעה,0.00139,אינון,0.000786,וכתיב,0.000664,עשרון,0.000423,דהוי,0.000312,מזומן,0.000281,שמעתי,0.000257,הכתה,0.000242,מזבח,0.000239,וגוון,0.000221,מלאוון,0.000106,הויין,3.8e-05,שקליי,2.9e-05,בכספו,2.8e-05,דהויון,1.4e-05,וכתיבת,9e-06,מזבחו,9e-06,שמעתיו,8e-06,אדניי,5e-06,בכספוון,1e-06,שקלייון,1e-06,שנאו,1e-06,וכתיבתא,0.0,מזבחוון,0.0,אדנייון,0.0,שמעתיוהתרגום,0.0,שמעתיוהאם,0.0,VERB,False,מן,מן,True,True,False,True,True,True,False,,,,False,False
Midrash_Aggadic_Midrash_Pesikta_DRav_Kahanna__10_1,pesikta_drk,80,מזוותיה,30.9143,0.8288,0.6674,0.2061,50,-1,False,"{""עפר"": 1, ""הד"": 1, ""עפרון"": 1, ""הכת"": 1, ""דכת"": 1, ""ארבע"": 1, ""ארץ"": 1, ""ביני"": 1, ""קינטרין"": 1, ""יתננה"": 1, ""שמע"": 1, ""הכסף"": 1, ""אדני"": 1, ""הדא"": 1, ""שקלי"": 1, ""דהו"": 1, ""נביא"": 1, ""דהוון"": 1, ""קינטרי"": 1, ""עינא"": 1, ""שמעון"": 1, ""יתנו"": 1, ""יתננו"": 1, ""נח"": 1, ""יתננהו"": 1, ""ארבעה"": 1, ""נביאי"": 1, ""קוצר"": 1, ""אדנ"": 1, ""הכתו"": 1, ""ביתי"": 1, ""נחשת"": 1, ""דהוי"": 1, ""אדניך"": 1, ""קינטריון"": 1, ""הכתוון"": 1, ""אדניי"": 1, ""ביניי"": 1, ""שקליי"": 1, ""דהויון"": 1, ""יתננוו"": 1, ""עינאהתרגום"": 1, ""נחשתו"": 1, ""נביאיון"": 1, ""אדנייון"": 1, ""שקלייון"": 1, ""בינייון"": 1, ""יתננווון"": 1, ""עינאהאם"": 1, ""נחשתוון"": 1}","{""עפר"": [""עפר""], ""הד"": [""הד""], ""עפרון"": [""עפרון""], ""הכת"": [""הכת""], ""דכת"": [""דכת""], ""ארבע"": [""ארבע""], ""ארץ"": [""ארץ""], ""ביני"": [""ביני""], ""קינטרין"": [""קינטרין""], ""יתננה"": [""יתננה""], ""שמע"": [""שמע""], ""הכסף"": [""הכסף""], ""אדני"": [""אדני""], ""הדא"": [""הדא""], ""שקלי"": [""שקלי""], ""דהו"": [""דהו""], ""נביא"": [""נביא""], ""דהוון"": [""דהוון""], ""קינטרי"": [""קינטרי""], ""עינא"": [""עינא""], ""שמעון"": [""שמעון""], ""יתנו"": [""יתנו""], ""יתננו"": [""יתננו""], ""נח"": [""נח""], ""יתננהו"": [""יתננהו""], ""ארבעה"": [""ארבעה""], ""נביאי"": [""נביאי""], ""קוצר"": [""קוצר""], ""אדנ"": [""אדנ""], ""הכתו"": [""הכתו""], ""ביתי"": [""ביתי""], ""נחשת"": [""נחשת""], ""דהוי"": [""דהוי""], ""אדניך"": [""אדניך""], ""קינטריון"": [""קינטריון""], ""הכתוון"": [""הכתוון""], ""אדניי"": [""אדניי""], ""ביניי"": [""ביניי""], ""שקליי"": [""שקליי""], ""דהויון"": [""דהויון""], ""יתננוו"": [""יתננוו""], ""עינאהתרגום"": [""עינאהתרגום""], ""נחשתו"": [""נחשתו""], ""נביאיון"": [""נביאיון""], ""אדנייון"": [""אדנייון""], ""שקלייון"": [""שקלייון""], ""בינייון"": [""בינייון""], ""יתננווון"": [""יתננווון""], ""עינאהאם"": [""עינאהאם""], ""נחשתוון"": [""נחשתוון""]}",עפר,0.024837,הד,0.024208,עפרון,0.022641,הכת,0.021421,דכת,0.014353,ארבע,0.013858,ארץ,0.011669,ביני,0.010843,קינטרין,0.009865,יתננה,0.009226,שמע,0.007411,הכסף,0.006559,אדני,0.006001,הדא,0.003951,שקלי,0.002058,דהו,0.002001,נביא,0.001766,דהוון,0.001635,קינטרי,0.001444,עינא,0.00141,שמעון,0.001159,יתנו,0.001139,יתננו,0.001085,נח,0.000975,יתננהו,0.000932,ארבעה,0.00074,נביאי,0.00061,קוצר,0.000597,אדנ,0.000428,הכתו,0.000342,ביתי,0.000303,נחשת,0.000281,דהוי,0.000172,אדניך,0.000126,קינטריון,1.7e-05,הכתוון,1.6e-05,אדניי,1.1e-05,ביניי,1e-05,שקליי,7e-06,דהויון,3e-06,יתננוו,2e-06,עינאהתרגום,1e-06,נחשתו,1e-06,נביאיון,1e-06,אדנייון,0.0,שקלייון,0.0,בינייון,0.0,יתננווון,0.0,עינאהאם,0.0,נחשתוון,0.0,VERB,False,מזוותיה,[BLANK],True,False,True,True,True,True,True,2.0,43.0,-41.0,True,False
Midrash_Aggadic_Midrash_Pesikta_DRav_Kahanna__10_1,pesikta_drk,81,דבייתך,26.9875,0.8251,0.4575,0.2726,50,-1,False,"{""של"": 1, ""דא"": 1, ""לא"": 1, ""דכת"": 1, ""על"": 1, ""ארבע"": 1, ""וגו"": 1, ""קינטרין"": 1, ""ארץ"": 1, ""שמע"": 1, ""ביני"": 1, ""אדני"": 1, ""וכת"": 1, ""דאברה"": 1, ""דאברהם"": 1, ""מזוות"": 1, ""אב"": 1, ""ביד"": 1, ""לאו"": 1, ""קא"": 1, ""ארבעה"": 1, ""קינטריה"": 1, ""מזוותיה"": 1, ""וכתיב"": 1, ""מזוית"": 1, ""בידיה"": 1, ""דכתיב"": 1, ""אדנ"": 1, ""וגוון"": 1, ""עלך"": 1, ""שלקח"": 1, ""קינטריהו"": 1, ""אדניך"": 1, ""לאוין"": 1, ""בידיהון"": 1, ""שלקינטרין"": 1, ""מזוותיהון"": 1, ""וכתיבת"": 1, ""מזויתו"": 1, ""אדניהתרגום"": 1, ""שלקחתי"": 1, ""דכתיבא"": 1, ""קינטריהוון"": 1, ""וכתיבתא"": 1, ""שלקחתיו"": 1, ""מזויתוון"": 1, ""אדניהאם"": 1, ""דכתיבאון"": 1, ""שלקחתיוהתרגום"": 1, ""שלקחתיוהאם"": 1}","{""של"": [""של""], ""דא"": [""דא""], ""לא"": [""לא""], ""דכת"": [""דכת""], ""על"": [""על""], ""ארבע"": [""ארבע""], ""וגו"": [""וגו""], ""קינטרין"": [""קינטרין""], ""ארץ"": [""ארץ""], ""שמע"": [""שמע""], ""ביני"": [""ביני""], ""אדני"": [""אדני""], ""וכת"": [""וכת""], ""דאברה"": [""דאברה""], ""דאברהם"": [""דאברהם""], ""מזוות"": [""מזוות""], ""אב"": [""אב""], ""ביד"": [""ביד""], ""לאו"": [""לאו""], ""קא"": [""קא""], ""ארבעה"": [""ארבעה""], ""קינטריה"": [""קינטריה""], ""מזוותיה"": [""מזוותיה""], ""וכתיב"": [""וכתיב""], ""מזוית"": [""מזוית""], ""בידיה"": [""בידיה""], ""דכתיב"": [""דכתיב""], ""אדנ"": [""אדנ""], ""וגוון"": [""וגוון""], ""עלך"": [""עלך""], ""שלקח"": [""שלקח""], ""קינטריהו"": [""קינטריהו""], ""אדניך"": [""אדניך""], ""לאוין"": [""לאוין""], ""בידיהון"": [""בידיהון""], ""שלקינטרין"": [""שלקינטרין""], ""מזוותיהון"": [""מזוותיהון""], ""וכתיבת"": [""וכתיבת""], ""מזויתו"": [""מזויתו""], ""אדניהתרגום"": [""אדניהתרגום""], ""שלקחתי"": [""שלקחתי""], ""דכתיבא"": [""דכתיבא""], ""קינטריהוון"": [""קינטריהוון""], ""וכתיבתא"": [""וכתיבתא""], ""שלקחתיו"": [""שלקחתיו""], ""מזויתוון"": [""מזויתוון""], ""אדניהאם"": [""אדניהאם""], ""דכתיבאון"": [""דכתיבאון""], ""שלקחתיוהתרגום"": [""שלקחתיוהתרגום""], ""שלקחתיוהאם"": [""שלקחתיוהאם""]}",של,0.128439,דא,0.023203,לא,0.020322,דכת,0.018071,על,0.01441,ארבע,0.010171,וגו,0.009151,קינטרין,0.00883,ארץ,0.005979,שמע,0.005694,ביני,0.005424,אדני,0.004692,וכת,0.002971,דאברה,0.002546,דאברהם,0.002399,מזוות,0.00175,אב,0.001107,ביד,0.001035,לאו,0.000941,קא,0.000803,ארבעה,0.000794,קינטריה,0.00063,מזוותיה,0.00058,וכתיב,0.000517,מזוית,0.000397,בידיה,0.000361,דכתיב,0.000342,אדנ,0.000273,וגוון,0.000241,עלך,0.00014,שלקח,0.000132,קינטריהו,6.5e-05,אדניך,3.8e-05,לאוין,3.2e-05,בידיהון,2.7e-05,שלקינטרין,2.5e-05,מזוותיהון,1.9e-05,וכתיבת,5e-06,מזויתו,5e-06,אדניהתרגום,4e-06,שלקחתי,4e-06,דכתיבא,2e-06,קינטריהוון,2e-06,וכתיבתא,1e-06,שלקחתיו,1e-06,מזויתוון,0.0,אדניהאם,0.0,דכתיבאון,0.0,שלקחתיוהתרגום,0.0,שלקחתיוהאם,0.0,VERB,False,דבייתך,דבי,True,False,True,True,True,True,True,3.0,45.0,-42.0,True,False
Midrash_Aggadic_Midrash_Pesikta_DRav_Kahanna__10_1,pesikta_drk,82,את,6.478,0.8864,0.838,0.1968,50,-1,False,"{""אר"": 1, ""דכת"": 1, ""מה"": 1, ""ארבע"": 1, ""לא"": 1, ""וגו"": 1, ""קינטרין"": 1, ""אדני"": 1, ""דהו"": 1, ""דהוון"": 1, ""ואו"": 1, ""וכת"": 1, ""והכת"": 1, ""מזוות"": 1, ""ואמר"": 1, ""ארבעה"": 1, ""מהו"": 1, ""לאו"": 1, ""והא"": 1, ""אב"": 1, ""וכתיב"": 1, ""מזוותיה"": 1, ""קא"": 1, ""וגוון"": 1, ""קינטרי"": 1, ""דכתיב"": 1, ""אדוני"": 1, ""מזוית"": 1, ""והכתיב"": 1, ""מהוות"": 1, ""ואמרין"": 1, ""לאוון"": 1, ""ואוון"": 1, ""מזוותיהו"": 1, ""וכתיבת"": 1, ""מזויתך"": 1, ""קינטריון"": 1, ""אדוניי"": 1, ""מהוותיה"": 1, ""אדניהתרגום"": 1, ""וכתיבתך"": 1, ""דכתיבא"": 1, ""מהוותיהו"": 1, ""מזוותיהוון"": 1, ""אדניהאם"": 1, ""דכתיבאנו"": 1, ""מהוותיהוון"": 1, ""דכתיבאנוו"": 1, ""דכתיבאנוויה"": 1, ""דכתיבאנוויהו"": 1}","{""אר"": [""אר""], ""דכת"": [""דכת""], ""מה"": [""מה""], ""ארבע"": [""ארבע""], ""לא"": [""לא""], ""וגו"": [""וגו""], ""קינטרין"": [""קינטרין""], ""אדני"": [""אדני""], ""דהו"": [""דהו""], ""דהוון"": [""דהוון""], ""ואו"": [""ואו""], ""וכת"": [""וכת""], ""והכת"": [""והכת""], ""מזוות"": [""מזוות""], ""ואמר"": [""ואמר""], ""ארבעה"": [""ארבעה""], ""מהו"": [""מהו""], ""לאו"": [""לאו""], ""והא"": [""והא""], ""אב"": [""אב""], ""וכתיב"": [""וכתיב""], ""מזוותיה"": [""מזוותיה""], ""קא"": [""קא""], ""וגוון"": [""וגוון""], ""קינטרי"": [""קינטרי""], ""דכתיב"": [""דכתיב""], ""אדוני"": [""אדוני""], ""מזוית"": [""מזוית""], ""והכתיב"": [""והכתיב""], ""מהוות"": [""מהוות""], ""ואמרין"": [""ואמרין""], ""לאוון"": [""לאוון""], ""ואוון"": [""ואוון""], ""מזוותיהו"": [""מזוותיהו""], ""וכתיבת"": [""וכתיבת""], ""מזויתך"": [""מזויתך""], ""קינטריון"": [""קינטריון""], ""אדוניי"": [""אדוניי""], ""מהוותיה"": [""מהוותיה""], ""אדניהתרגום"": [""אדניהתרגום""], ""וכתיבתך"": [""וכתיבתך""], ""דכתיבא"": [""דכתיבא""], ""מהוותיהו"": [""מהוותיהו""], ""מזוותיהוון"": [""מזוותיהוון""], ""אדניהאם"": [""אדניהאם""], ""דכתיבאנו"": [""דכתיבאנו""], ""מהוותיהוון"": [""מהוותיהוון""], ""דכתיבאנוו"": [""דכתיבאנוו""], ""דכתיבאנוויה"": [""דכתיבאנוויה""], ""דכתיבאנוויהו"": [""דכתיבאנוויהו""]}",אר,0.030494,דכת,0.025071,מה,0.023018,ארבע,0.020985,לא,0.019688,וגו,0.016867,קינטרין,0.00939,אדני,0.007472,דהו,0.00726,דהוון,0.006436,ואו,0.005347,וכת,0.004611,והכת,0.00328,מזוות,0.00271,ואמר,0.001877,ארבעה,0.001799,מהו,0.001621,לאו,0.001443,והא,0.001245,אב,0.001094,וכתיב,0.000918,מזוותיה,0.000867,קא,0.000765,וגוון,0.000532,קינטרי,0.000513,דכתיב,0.00049,אדוני,0.000396,מזוית,0.000329,והכתיב,0.0001,מהוות,5.3e-05,ואמרין,3e-05,לאוון,2.9e-05,ואוון,2.2e-05,מזוותיהו,1.4e-05,וכתיבת,1.1e-05,מזויתך,1e-05,קינטריון,9e-06,אדוניי,8e-06,מהוותיה,7e-06,אדניהתרגום,4e-06,וכתיבתך,3e-06,דכתיבא,3e-06,מהוותיהו,0.0,מזוותיהוון,0.0,אדניהאם,0.0,דכתיבאנו,0.0,מהוותיהוון,0.0,דכתיבאנוו,0.0,דכתיבאנוויה,0.0,דכתיבאנוויהו,0.0,VERB,False,את,את,True,True,False,True,True,True,False,,,,False,False
Midrash_Aggadic_Midrash_Pesikta_DRav_Kahanna__10_1,pesikta_drk,83,יכיל,13.1523,0.8325,0.6113,0.1353,50,-1,False,"{""בעית"": 1, ""הכת"": 1, ""דכת"": 1, ""ביני"": 1, ""אדני"": 1, ""קינטרין"": 1, ""שקלי"": 1, ""יתננה"": 1, ""ידך"": 1, ""הכסף"": 1, ""שמע"": 1, ""מזוות"": 1, ""עיניך"": 1, ""קינטרה"": 1, ""אביך"": 1, ""ביתי"": 1, ""נא"": 1, ""נפשך"": 1, ""דה"": 1, ""עינך"": 1, ""שמעני"": 1, ""בעי"": 1, ""מזוותיה"": 1, ""דהו"": 1, ""מזוית"": 1, ""דהוון"": 1, ""בעיתו"": 1, ""יתנני"": 1, ""יתננהו"": 1, ""קינטרהון"": 1, ""הכתה"": 1, ""דכתה"": 1, ""שקליי"": 1, ""בעיתוון"": 1, ""מזויתך"": 1, ""הכתהון"": 1, ""ביניי"": 1, ""בעיון"": 1, ""אדניי"": 1, ""מזוותיהו"": 1, ""דכתהון"": 1, ""שמעניי"": 1, ""ביתיי"": 1, ""יתנניו"": 1, ""שקלייון"": 1, ""בינייון"": 1, ""אדנייון"": 1, ""מזוותיהוון"": 1, ""ביתייון"": 1, ""שמענייון"": 1}","{""בעית"": [""בעית""], ""הכת"": [""הכת""], ""דכת"": [""דכת""], ""ביני"": [""ביני""], ""אדני"": [""אדני""], ""קינטרין"": [""קינטרין""], ""שקלי"": [""שקלי""], ""יתננה"": [""יתננה""], ""ידך"": [""ידך""], ""הכסף"": [""הכסף""], ""שמע"": [""שמע""], ""מזוות"": [""מזוות""], ""עיניך"": [""עיניך""], ""קינטרה"": [""קינטרה""], ""אביך"": [""אביך""], ""ביתי"": [""ביתי""], ""נא"": [""נא""], ""נפשך"": [""נפשך""], ""דה"": [""דה""], ""עינך"": [""עינך""], ""שמעני"": [""שמעני""], ""בעי"": [""בעי""], ""מזוותיה"": [""מזוותיה""], ""דהו"": [""דהו""], ""מזוית"": [""מזוית""], ""דהוון"": [""דהוון""], ""בעיתו"": [""בעיתו""], ""יתנני"": [""יתנני""], ""יתננהו"": [""יתננהו""], ""קינטרהון"": [""קינטרהון""], ""הכתה"": [""הכתה""], ""דכתה"": [""דכתה""], ""שקליי"": [""שקליי""], ""בעיתוון"": [""בעיתוון""], ""מזויתך"": [""מזויתך""], ""הכתהון"": [""הכתהון""], ""ביניי"": [""ביניי""], ""בעיון"": [""בעיון""], ""אדניי"": [""אדניי""], ""מזוותיהו"": [""מזוותיהו""], ""דכתהון"": [""דכתהון""], ""שמעניי"": [""שמעניי""], ""ביתיי"": [""ביתיי""], ""יתנניו"": [""יתנניו""], ""שקלייון"": [""שקלייון""], ""בינייון"": [""בינייון""], ""אדנייון"": [""אדנייון""], ""מזוותיהוון"": [""מזוותיהוון""], ""ביתייון"": [""ביתייון""], ""שמענייון"": [""שמענייון""]}",בעית,0.06066,הכת,0.014828,דכת,0.008805,ביני,0.005544,אדני,0.0052,קינטרין,0.004727,שקלי,0.00449,יתננה,0.003612,ידך,0.003145,הכסף,0.002917,שמע,0.002899,מזוות,0.002548,עיניך,0.001587,קינטרה,0.001419,אביך,0.001259,ביתי,0.001237,נא,0.001117,נפשך,0.001068,דה,0.001035,עינך,0.001025,שמעני,0.000853,בעי,0.000776,מזוותיה,0.000749,דהו,0.000569,מזוית,0.000542,דהוון,0.00047,בעיתו,0.000466,יתנני,0.000466,יתננהו,0.000442,קינטרהון,0.00027,הכתה,0.000261,דכתה,8.7e-05,שקליי,4e-05,בעיתוון,3.9e-05,מזויתך,3.2e-05,הכתהון,1.8e-05,ביניי,1.7e-05,בעיון,1.1e-05,אדניי,9e-06,מזוותיהו,8e-06,דכתהון,6e-06,שמעניי,5e-06,ביתיי,5e-06,יתנניו,3e-06,שקלייון,0.0,בינייון,0.0,אדנייון,0.0,מזוותיהוון,0.0,ביתייון,0.0,שמענייון,0.0,DET,True,יכיל,הכיל,False,False,False,True,True,True,False,,,,False,False
Midrash_Aggadic_Midrash_Pesikta_DRav_Kahanna__10_1,pesikta_drk,84,יהיב,13.4365,0.8776,0.4329,0.3378,50,-1,False,"{""לי"": 1, ""למיתן"": 1, ""לך"": 1, ""לא"": 1, ""להון"": 1, ""קינטר"": 1, ""ליתן"": 1, ""וגו"": 1, ""דכת"": 1, ""ליה"": 1, ""להו"": 1, ""יכיל"": 1, ""קינטרין"": 1, ""למיתנא"": 1, ""דא"": 1, ""יתננה"": 1, ""אדני"": 1, ""להוון"": 1, ""לאו"": 1, ""ליהון"": 1, ""מיתן"": 1, ""יתני"": 1, ""ליון"": 1, ""אינון"": 1, ""מזוני"": 1, ""יתננהו"": 1, ""יתנני"": 1, ""וגוון"": 1, ""קיימא"": 1, ""לאוון"": 1, ""דכתיב"": 1, ""דאתי"": 1, ""קיימין"": 1, ""ותתני"": 1, ""למיתנאו"": 1, ""מזוניון"": 1, ""ותתננה"": 1, ""יתנניו"": 1, ""ותתנני"": 1, ""ותתננהו"": 1, ""דאתיין"": 1, ""למיתנאוון"": 1, ""דכתיבא"": 1, ""קיימאהתרגום"": 1, ""ותתנניו"": 1, ""קיימאהאם"": 1, ""דכתיבאנו"": 1, ""דכתיבאנוו"": 1, ""דכתיבאנוויה"": 1, ""דכתיבאנוויהו"": 1}","{""לי"": [""לי""], ""למיתן"": [""למיתן""], ""לך"": [""לך""], ""לא"": [""לא""], ""להון"": [""להון""], ""קינטר"": [""קינטר""], ""ליתן"": [""ליתן""], ""וגו"": [""וגו""], ""דכת"": [""דכת""], ""ליה"": [""ליה""], ""להו"": [""להו""], ""יכיל"": [""יכיל""], ""קינטרין"": [""קינטרין""], ""למיתנא"": [""למיתנא""], ""דא"": [""דא""], ""יתננה"": [""יתננה""], ""אדני"": [""אדני""], ""להוון"": [""להוון""], ""לאו"": [""לאו""], ""ליהון"": [""ליהון""], ""מיתן"": [""מיתן""], ""יתני"": [""יתני""], ""ליון"": [""ליון""], ""אינון"": [""אינון""], ""מזוני"": [""מזוני""], ""יתננהו"": [""יתננהו""], ""יתנני"": [""יתנני""], ""וגוון"": [""וגוון""], ""קיימא"": [""קיימא""], ""לאוון"": [""לאוון""], ""דכתיב"": [""דכתיב""], ""דאתי"": [""דאתי""], ""קיימין"": [""קיימין""], ""ותתני"": [""ותתני""], ""למיתנאו"": [""למיתנאו""], ""מזוניון"": [""מזוניון""], ""ותתננה"": [""ותתננה""], ""יתנניו"": [""יתנניו""], ""ותתנני"": [""ותתנני""], ""ותתננהו"": [""ותתננהו""], ""דאתיין"": [""דאתיין""], ""למיתנאוון"": [""למיתנאוון""], ""דכתיבא"": [""דכתיבא""], ""קיימאהתרגום"": [""קיימאהתרגום""], ""ותתנניו"": [""ותתנניו""], ""קיימאהאם"": [""קיימאהאם""], ""דכתיבאנו"": [""דכתיבאנו""], ""דכתיבאנוו"": [""דכתיבאנוו""], ""דכתיבאנוויה"": [""דכתיבאנוויה""], ""דכתיבאנוויהו"": [""דכתיבאנוויהו""]}",לי,0.097762,למיתן,0.054552,לך,0.052328,לא,0.025904,להון,0.022854,קינטר,0.012619,ליתן,0.008962,וגו,0.008642,דכת,0.007993,ליה,0.007542,להו,0.00742,יכיל,0.004476,קינטרין,0.004001,למיתנא,0.003433,דא,0.00313,יתננה,0.002656,אדני,0.00239,להוון,0.002298,לאו,0.00193,ליהון,0.001626,מיתן,0.000969,יתני,0.000934,ליון,0.00081,אינון,0.000675,מזוני,0.000392,יתננהו,0.000329,יתנני,0.000327,וגוון,0.000279,קיימא,0.000213,לאוון,0.000116,דכתיב,0.000102,דאתי,5.6e-05,קיימין,4.4e-05,ותתני,1.7e-05,למיתנאו,1.3e-05,מזוניון,8e-06,ותתננה,5e-06,יתנניו,2e-06,ותתנני,2e-06,ותתננהו,1e-06,דאתיין,1e-06,למיתנאוון,1e-06,דכתיבא,1e-06,קיימאהתרגום,1e-06,ותתנניו,0.0,קיימאהאם,0.0,דכתיבאנו,0.0,דכתיבאנוו,0.0,דכתיבאנוויה,0.0,דכתיבאנוויהו,0.0,SYM,True,יהיב,הסב,False,False,False,True,True,True,False,,,,False,False
Midrash_Aggadic_Midrash_Pesikta_DRav_Kahanna__10_1,pesikta_drk,85,לי,1.2631,0.2905,0.0,0.6528,11,1,True,"{""לי"": 1, ""ליה"": 1, ""לך"": 1, ""אר"": 1, ""ארבע"": 1, ""להון"": 1, ""להו"": 1, ""לון"": 1, ""ליהון"": 1, ""ליון"": 1, ""להוון"": 1}","{""לי"": [""לי""], ""ליה"": [""ליה""], ""לך"": [""לך""], ""אר"": [""אר""], ""ארבע"": [""ארבע""], ""להון"": [""להון""], ""להו"": [""להו""], ""לון"": [""לון""], ""ליהון"": [""ליהון""], ""ליון"": [""ליון""], ""להוון"": [""להוון""]}",לי,0.416652,ליה,0.07802,לך,0.068017,אר,0.023876,ארבע,0.022486,להון,0.02098,להו,0.014195,לון,0.003482,ליהון,0.002564,ליון,0.002412,להוון,7.9e-05,,,,,,,,,,,,,,,,,,,,,,,,,,,,,,,,,,,,,,,,,,,,,,,,,,,,,,,,,,,,,,,,,,,,,,,,,,,,,,,VERB,False,לי,לי,True,True,False,True,True,True,False,,,,False,False
Midrash_Aggadic_Midrash_Pesikta_DRav_Kahanna__10_1,pesikta_drk,86,ועל,9.4882,0.9112,0.8385,0.3291,50,-1,False,"{""ארבע"": 1, ""וגו"": 1, ""דכת"": 1, ""קינטרין"": 1, ""הכת"": 1, ""אדני"": 1, ""ואו"": 1, ""ארבעה"": 1, ""ביני"": 1, ""חסר"": 1, ""חמש"": 1, ""מזוותיה"": 1, ""וכת"": 1, ""דהו"": 1, ""דהוון"": 1, ""ואמר"": 1, ""וגוון"": 1, ""מזוני"": 1, ""מזוותא"": 1, ""אדנ"": 1, ""בכסף"": 1, ""חמשה"": 1, ""ארם"": 1, ""קינטרי"": 1, ""וכתיב"": 1, ""הדה"": 1, ""אדניך"": 1, ""דהא"": 1, ""חסרת"": 1, ""הכתו"": 1, ""מזוותיהו"": 1, ""ואמרין"": 1, ""בכספא"": 1, ""ואוון"": 1, ""חסרתא"": 1, ""קינטריון"": 1, ""וכתיבת"": 1, ""הדהו"": 1, ""אדניהתרגום"": 1, ""חמשהון"": 1, ""וכתיבתא"": 1, ""מזוותיהוון"": 1, ""דהאוי"": 1, ""בכספאהתרגום"": 1, ""חסרתאהתרגום"": 1, ""אדניהאם"": 1, ""דהאויי"": 1, ""בכספאהאם"": 1, ""חסרתאהאם"": 1, ""דהאוייון"": 1}","{""ארבע"": [""ארבע""], ""וגו"": [""וגו""], ""דכת"": [""דכת""], ""קינטרין"": [""קינטרין""], ""הכת"": [""הכת""], ""אדני"": [""אדני""], ""ואו"": [""ואו""], ""ארבעה"": [""ארבעה""], ""ביני"": [""ביני""], ""חסר"": [""חסר""], ""חמש"": [""חמש""], ""מזוותיה"": [""מזוותיה""], ""וכת"": [""וכת""], ""דהו"": [""דהו""], ""דהוון"": [""דהוון""], ""ואמר"": [""ואמר""], ""וגוון"": [""וגוון""], ""מזוני"": [""מזוני""], ""מזוותא"": [""מזוותא""], ""אדנ"": [""אדנ""], ""בכסף"": [""בכסף""], ""חמשה"": [""חמשה""], ""ארם"": [""ארם""], ""קינטרי"": [""קינטרי""], ""וכתיב"": [""וכתיב""], ""הדה"": [""הדה""], ""אדניך"": [""אדניך""], ""דהא"": [""דהא""], ""חסרת"": [""חסרת""], ""הכתו"": [""הכתו""], ""מזוותיהו"": [""מזוותיהו""], ""ואמרין"": [""ואמרין""], ""בכספא"": [""בכספא""], ""ואוון"": [""ואוון""], ""חסרתא"": [""חסרתא""], ""קינטריון"": [""קינטריון""], ""וכתיבת"": [""וכתיבת""], ""הדהו"": [""הדהו""], ""אדניהתרגום"": [""אדניהתרגום""], ""חמשהון"": [""חמשהון""], ""וכתיבתא"": [""וכתיבתא""], ""מזוותיהוון"": [""מזוותיהוון""], ""דהאוי"": [""דהאוי""], ""בכספאהתרגום"": [""בכספאהתרגום""], ""חסרתאהתרגום"": [""חסרתאהתרגום""], ""אדניהאם"": [""אדניהאם""], ""דהאויי"": [""דהאויי""], ""בכספאהאם"": [""בכספאהאם""], ""חסרתאהאם"": [""חסרתאהאם""], ""דהאוייון"": [""דהאוייון""]}",ארבע,0.165099,וגו,0.060096,דכת,0.012681,קינטרין,0.012521,הכת,0.011809,אדני,0.011549,ואו,0.008977,ארבעה,0.008297,ביני,0.00789,חסר,0.003411,חמש,0.003411,מזוותיה,0.003232,וכת,0.002946,דהו,0.002935,דהוון,0.0026,ואמר,0.001882,וגוון,0.001625,מזוני,0.001189,מזוותא,0.001066,אדנ,0.000963,בכסף,0.000872,חמשה,0.000662,ארם,0.000624,קינטרי,0.000604,וכתיב,0.000579,הדה,0.000437,אדניך,0.000357,דהא,0.000269,חסרת,0.000184,הכתו,0.000107,מזוותיהו,6.2e-05,ואמרין,3.9e-05,בכספא,2.9e-05,ואוון,1.9e-05,חסרתא,1.8e-05,קינטריון,1.1e-05,וכתיבת,5e-06,הדהו,4e-06,אדניהתרגום,4e-06,חמשהון,1e-06,וכתיבתא,1e-06,מזוותיהוון,0.0,דהאוי,0.0,בכספאהתרגום,0.0,חסרתאהתרגום,0.0,אדניהאם,0.0,דהאויי,0.0,בכספאהאם,0.0,חסרתאהאם,0.0,דהאוייון,0.0,VERB,False,ועל,על,True,True,False,True,True,True,False,,,,False,False
Midrash_Aggadic_Midrash_Pesikta_DRav_Kahanna__10_1,pesikta_drk,87,ידי,0.3978,0.0312,0.0,0.7882,5,1,True,"{""ידי"": 1, ""יד"": 1, ""ידו"": 1, ""ידיה"": 1, ""ידיי"": 1}","{""ידי"": [""ידי""], ""יד"": [""יד""], ""ידו"": [""ידו""], ""ידיה"": [""ידיה""], ""ידיי"": [""ידיי""]}",ידי,0.759031,יד,0.017612,ידו,0.007457,ידיה,0.002946,ידיי,0.00117,,,,,,,,,,,,,,,,,,,,,,,,,,,,,,,,,,,,,,,,,,,,,,,,,,,,,,,,,,,,,,,,,,,,,,,,,,,,,,,,,,,,,,,,,,,NUM,False,ידי,יד,False,False,False,True,True,True,False,,,,False,False
Midrash_Aggadic_Midrash_Pesikta_DRav_Kahanna__10_1,pesikta_drk,88,שהכניס,1.3533,0.1313,0.0,0.4944,50,1,True,"{""שהכניס"": 1, ""שלא"": 1, ""שהוציא"": 1, ""שהכניסה"": 1, ""שאמר"": 1, ""שנכנס"": 1, ""שחיסר"": 1, ""דכת"": 1, ""שעשה"": 1, ""שראה"": 1, ""שחיסרו"": 1, ""חסרון"": 1, ""שעמד"": 1, ""שגלה"": 1, ""שתכניס"": 1, ""שהוציאו"": 1, ""שאו"": 1, ""דהו"": 1, ""דהוון"": 1, ""חטאת"": 1, ""שמחל"": 1, ""שנכנסו"": 1, ""שמיע"": 1, ""שתתן"": 1, ""שמיעט"": 1, ""שאמרנו"": 1, ""שגזר"": 1, ""שהכניסהו"": 1, ""שנתרחק"": 1, ""חטאתו"": 1, ""דהוה"": 1, ""שחיסרנו"": 1, ""שתכניסו"": 1, ""שעמדנו"": 1, ""שגלהו"": 1, ""שמחלו"": 1, ""שמיעטת"": 1, ""שגזרו"": 1, ""שאויר"": 1, ""שלאו"": 1, ""שנתרחקו"": 1, ""שאוירתי"": 1, ""שאמרנוו"": 1, ""שמיעטתנו"": 1, ""דהוהו"": 1, ""שחיסרנוו"": 1, ""שאוירתיו"": 1, ""שלאוון"": 1, ""שאמרנווין"": 1, ""שחיסרנווון"": 1}","{""שהכניס"": [""שהכניס""], ""שלא"": [""שלא""], ""שהוציא"": [""שהוציא""], ""שהכניסה"": [""שהכניסה""], ""שאמר"": [""שאמר""], ""שנכנס"": [""שנכנס""], ""שחיסר"": [""שחיסר""], ""דכת"": [""דכת""], ""שעשה"": [""שעשה""], ""שראה"": [""שראה""], ""שחיסרו"": [""שחיסרו""], ""חסרון"": [""חסרון""], ""שעמד"": [""שעמד""], ""שגלה"": [""שגלה""], ""שתכניס"": [""שתכניס""], ""שהוציאו"": [""שהוציאו""], ""שאו"": [""שאו""], ""דהו"": [""דהו""], ""דהוון"": [""דהוון""], ""חטאת"": [""חטאת""], ""שמחל"": [""שמחל""], ""שנכנסו"": [""שנכנסו""], ""שמיע"": [""שמיע""], ""שתתן"": [""שתתן""], ""שמיעט"": [""שמיעט""], ""שאמרנו"": [""שאמרנו""], ""שגזר"": [""שגזר""], ""שהכניסהו"": [""שהכניסהו""], ""שנתרחק"": [""שנתרחק""], ""חטאתו"": [""חטאתו""], ""דהוה"": [""דהוה""], ""שחיסרנו"": [""שחיסרנו""], ""שתכניסו"": [""שתכניסו""], ""שעמדנו"": [""שעמדנו""], ""שגלהו"": [""שגלהו""], ""שמחלו"": [""שמחלו""], ""שמיעטת"": [""שמיעטת""], ""שגזרו"": [""שגזרו""], ""שאויר"": [""שאויר""], ""שלאו"": [""שלאו""], ""שנתרחקו"": [""שנתרחקו""], ""שאוירתי"": [""שאוירתי""], ""שאמרנוו"": [""שאמרנוו""], ""שמיעטתנו"": [""שמיעטתנו""], ""דהוהו"": [""דהוהו""], ""שחיסרנוו"": [""שחיסרנוו""], ""שאוירתיו"": [""שאוירתיו""], ""שלאוון"": [""שלאוון""], ""שאמרנווין"": [""שאמרנווין""], ""שחיסרנווון"": [""שחיסרנווון""]}",שהכניס,0.391391,שלא,0.021533,שהוציא,0.015904,שהכניסה,0.015579,שאמר,0.0075,שנכנס,0.006888,שחיסר,0.005545,דכת,0.003379,שעשה,0.003314,שראה,0.002845,שחיסרו,0.002385,חסרון,0.001837,שעמד,0.001774,שגלה,0.001638,שתכניס,0.001536,שהוציאו,0.001535,שאו,0.001132,דהו,0.000988,דהוון,0.000913,חטאת,0.000816,שמחל,0.000815,שנכנסו,0.000739,שמיע,0.000697,שתתן,0.000565,שמיעט,0.000558,שאמרנו,0.000503,שגזר,0.000441,שהכניסהו,0.00042,שנתרחק,0.000338,חטאתו,0.000279,דהוה,0.00018,שחיסרנו,0.000144,שתכניסו,4.7e-05,שעמדנו,4.6e-05,שגלהו,4.2e-05,שמחלו,4e-05,שמיעטת,3.8e-05,שגזרו,3.2e-05,שאויר,2.7e-05,שלאו,2.7e-05,שנתרחקו,1.4e-05,שאוירתי,2e-06,שאמרנוו,0.0,שמיעטתנו,0.0,דהוהו,0.0,שחיסרנוו,0.0,שאוירתיו,0.0,שלאוון,0.0,שאמרנווין,0.0,שחיסרנווון,0.0,SYM,True,שהכניס,הכניס,False,False,False,True,True,True,False,,,,False,False
Midrash_Aggadic_Midrash_Pesikta_DRav_Kahanna__10_1,pesikta_drk,89,עין,0.2504,0.0086,0.0,0.8544,5,1,True,"{""עין"": 1, ""עינו"": 1, ""יד"": 1, ""ידו"": 1, ""ידך"": 1}","{""עין"": [""עין""], ""עינו"": [""עינו""], ""יד"": [""יד""], ""ידו"": [""ידו""], ""ידך"": [""ידך""]}",עין,0.840644,עינו,0.010749,יד,0.001555,ידו,0.00133,ידך,8.8e-05,,,,,,,,,,,,,,,,,,,,,,,,,,,,,,,,,,,,,,,,,,,,,,,,,,,,,,,,,,,,,,,,,,,,,,,,,,,,,,,,,,,,,,,,,,,VERB,True,עין,עין,True,False,True,True,True,True,True,79.0,79.0,0.0,False,False
Midrash_Aggadic_Midrash_Pesikta_DRav_Kahanna__10_1,pesikta_drk,90,צרה,0.0531,0.1514,0.0,1.9379,5,2,True,"{""צר"": 1, ""צרה"": 1, ""רעה"": 1, ""רע"": 1, ""רעהו"": 1}","{""צר"": [""צר""], ""צרה"": [""צרה""], ""רעה"": [""רעה""], ""רע"": [""רע""], ""רעהו"": [""רעהו""]}",צר,0.968885,צרה,0.963837,רעה,0.002811,רע,0.002331,רעהו,1e-05,,,,,,,,,,,,,,,,,,,,,,,,,,,,,,,,,,,,,,,,,,,,,,,,,,,,,,,,,,,,,,,,,,,,,,,,,,,,,,,,,,,,,,,,,,,PROPN,False,צרה,צר,False,False,False,True,True,True,False,,,,False,False
Midrash_Aggadic_Midrash_Pesikta_DRav_Kahanna__10_1,pesikta_drk,91,בממונו,0.5032,0.0325,0.0,0.7529,5,1,True,"{""בממונו"": 1, ""בממון"": 1, ""בכסף"": 1, ""בממונם"": 1, ""בממוניו"": 1}","{""בממונו"": [""בממונו""], ""בממון"": [""בממון""], ""בכסף"": [""בכסף""], ""בממונם"": [""בממונם""], ""בממוניו"": [""בממוניו""]}",בממונו,0.705523,בממון,0.038541,בכסף,0.004118,בממונם,0.00271,בממוניו,0.002046,,,,,,,,,,,,,,,,,,,,,,,,,,,,,,,,,,,,,,,,,,,,,,,,,,,,,,,,,,,,,,,,,,,,,,,,,,,,,,,,,,,,,,,,,,,VERB,True,בממונו,ממון,True,False,True,True,True,True,True,75.0,77.0,-2.0,True,False
Midrash_Aggadic_Midrash_Pesikta_DRav_Kahanna__10_1,pesikta_drk,92,של,0.0251,0.0042,0.0,0.9874,5,1,True,"{""של"": 1, ""חיסרו"": 1, ""חסר"": 1, ""חיסר"": 1, ""חיסרוה"": 1}","{""של"": [""של""], ""חיסרו"": [""חיסרו""], ""חסר"": [""חסר""], ""חיסר"": [""חיסר""], ""חיסרוה"": [""חיסרוה""]}",של,0.982729,חיסרו,0.004057,חסר,0.000372,חיסר,0.000248,חיסרוה,1.3e-05,,,,,,,,,,,,,,,,,,,,,,,,,,,,,,,,,,,,,,,,,,,,,,,,,,,,,,,,,,,,,,,,,,,,,,,,,,,,,,,,,,,,,,,,,,,VERB,False,של,של,True,True,False,True,True,True,False,,,,False,False
Midrash_Aggadic_Midrash_Pesikta_DRav_Kahanna__10_1,pesikta_drk,93,אבינו,0.3285,0.0098,-0.0,0.8117,5,1,True,"{""אבינו"": 1, ""אביו"": 1, ""אבימלך"": 1, ""אבימן"": 1, ""אבימלוכ"": 1}","{""אבינו"": [""אבינו""], ""אביו"": [""אביו""], ""אבימלך"": [""אבימלך""], ""אבימן"": [""אבימן""], ""אבימלוכ"": [""אבימלוכ""]}",אבינו,0.796355,אביו,0.014695,אבימלך,0.000632,אבימן,2e-06,אבימלוכ,1e-06,,,,,,,,,,,,,,,,,,,,,,,,,,,,,,,,,,,,,,,,,,,,,,,,,,,,,,,,,,,,,,,,,,,,,,,,,,,,,,,,,,,,,,,,,,,NUM,True,אבינו,אב,False,False,False,True,True,True,False,,,,False,False
Midrash_Aggadic_Midrash_Pesikta_DRav_Kahanna__10_1,pesikta_drk,94,אברהם,0.1425,0.0391,0.0,0.9666,5,1,True,"{""אברהם"": 1, ""יצחק"": 1, ""יעקב"": 1, ""אברם"": 1, ""אבימן"": 1}","{""אברהם"": [""אברהם""], ""יצחק"": [""יצחק""], ""יעקב"": [""יעקב""], ""אברם"": [""אברם""], ""אבימן"": [""אבימן""]}",אברהם,0.905931,יצחק,0.049537,יעקב,0.010547,אברם,0.000604,אבימן,0.0,,,,,,,,,,,,,,,,,,,,,,,,,,,,,,,,,,,,,,,,,,,,,,,,,,,,,,,,,,,,,,,,,,,,,,,,,,,,,,,,,,,,,,,,,,,ADP,False,אברהם,אברהם,False,False,False,True,True,True,False,,,,False,False
Midrash_Aggadic_Midrash_Pesikta_DRav_Kahanna__10_1,pesikta_drk,95,חיסרו,0.2729,0.0041,0.0,0.8385,5,1,True,"{""חיסרו"": 1, ""חסרו"": 1, ""נתחסר"": 1, ""נחסר"": 1, ""נתחסרו"": 1}","{""חיסרו"": [""חיסרו""], ""חסרו"": [""חסרו""], ""נתחסר"": [""נתחסר""], ""נחסר"": [""נחסר""], ""נתחסרו"": [""נתחסרו""]}",חיסרו,0.827667,חסרו,0.009437,נתחסר,0.000797,נחסר,0.000523,נתחסרו,0.000116,,,,,,,,,,,,,,,,,,,,,,,,,,,,,,,,,,,,,,,,,,,,,,,,,,,,,,,,,,,,,,,,,,,,,,,,,,,,,,,,,,,,,,,,,,,X,True,חיסרו,החסיר,False,False,False,True,True,True,False,,,,False,False
Midrash_Aggadic_Midrash_Pesikta_DRav_Kahanna__10_1,pesikta_drk,96,הכת',1.1347,0.2041,0.0,0.6211,50,1,True,"{""הכת"": 1, ""אר"": 1, ""ארבע"": 1, ""ר"": 1, ""על"": 1, ""הד"": 1, ""והכת"": 1, ""דכת"": 1, ""אד"": 1, ""אדני"": 1, ""רבי"": 1, ""וכת"": 1, ""דהו"": 1, ""וגו"": 1, ""דהוון"": 1, ""חסר"": 1, ""ארבעה"": 1, ""הכתוב"": 1, ""מזוות"": 1, ""חמש"": 1, ""הכתהתרגום"": 1, ""וכתיב"": 1, ""אב"": 1, ""מזוותיה"": 1, ""והיה"": 1, ""חמשה"": 1, ""מזון"": 1, ""הדא"": 1, ""דהוי"": 1, ""והכתה"": 1, ""חסרה"": 1, ""עלות"": 1, ""אביו"": 1, ""והכתהו"": 1, ""הכתובת"": 1, ""אדניי"": 1, ""מזוותיהו"": 1, ""רביי"": 1, ""הכתהאם"": 1, ""עלותה"": 1, ""דהויי"": 1, ""והיהל"": 1, ""והיהלום"": 1, ""עלותהון"": 1, ""רבייון"": 1, ""מזוותיהוון"": 1, ""אדנייי"": 1, ""אדניייי"": 1, ""אדנייייי"": 1, ""אדניייייי"": 1}","{""הכת"": [""הכת""], ""אר"": [""אר""], ""ארבע"": [""ארבע""], ""ר"": [""ר""], ""על"": [""על""], ""הד"": [""הד""], ""והכת"": [""והכת""], ""דכת"": [""דכת""], ""אד"": [""אד""], ""אדני"": [""אדני""], ""רבי"": [""רבי""], ""וכת"": [""וכת""], ""דהו"": [""דהו""], ""וגו"": [""וגו""], ""דהוון"": [""דהוון""], ""חסר"": [""חסר""], ""ארבעה"": [""ארבעה""], ""הכתוב"": [""הכתוב""], ""מזוות"": [""מזוות""], ""חמש"": [""חמש""], ""הכתהתרגום"": [""הכתהתרגום""], ""וכתיב"": [""וכתיב""], ""אב"": [""אב""], ""מזוותיה"": [""מזוותיה""], ""והיה"": [""והיה""], ""חמשה"": [""חמשה""], ""מזון"": [""מזון""], ""הדא"": [""הדא""], ""דהוי"": [""דהוי""], ""והכתה"": [""והכתה""], ""חסרה"": [""חסרה""], ""עלות"": [""עלות""], ""אביו"": [""אביו""], ""והכתהו"": [""והכתהו""], ""הכתובת"": [""הכתובת""], ""אדניי"": [""אדניי""], ""מזוותיהו"": [""מזוותיהו""], ""רביי"": [""רביי""], ""הכתהאם"": [""הכתהאם""], ""עלותה"": [""עלותה""], ""דהויי"": [""דהויי""], ""והיהל"": [""והיהל""], ""והיהלום"": [""והיהלום""], ""עלותהון"": [""עלותהון""], ""רבייון"": [""רבייון""], ""מזוותיהוון"": [""מזוותיהוון""], ""אדנייי"": [""אדנייי""], ""אדניייי"": [""אדניייי""], ""אדנייייי"": [""אדנייייי""], ""אדניייייי"": [""אדניייייי""]}",הכת,0.455441,אר,0.031973,ארבע,0.024703,ר,0.019092,על,0.012521,הד,0.01158,והכת,0.011076,דכת,0.008157,אד,0.007868,אדני,0.00663,רבי,0.005138,וכת,0.003181,דהו,0.002993,וגו,0.002942,דהוון,0.002847,חסר,0.002702,ארבעה,0.002482,הכתוב,0.00145,מזוות,0.001269,חמש,0.001199,הכתהתרגום,0.001044,וכתיב,0.000982,אב,0.000804,מזוותיה,0.000732,והיה,0.000518,חמשה,0.000293,מזון,0.000252,הדא,0.000244,דהוי,0.000224,והכתה,0.000208,חסרה,0.000199,עלות,9.6e-05,אביו,9.1e-05,והכתהו,6.3e-05,הכתובת,4.1e-05,אדניי,9e-06,מזוותיהו,9e-06,רביי,6e-06,הכתהאם,6e-06,עלותה,4e-06,דהויי,4e-06,והיהל,2e-06,והיהלום,0.0,עלותהון,0.0,רבייון,0.0,מזוותיהוון,0.0,אדנייי,0.0,אדניייי,0.0,אדנייייי,0.0,אדניייייי,0.0,NUM,True,הכת,כת,False,False,False,True,True,True,False,,,,False,False
Midrash_Aggadic_Midrash_Pesikta_DRav_Kahanna__10_1,pesikta_drk,97,"וא""ו",0.9321,0.2025,0.0,1.0653,5,2,True,"{""וא"": 1, ""ואו"": 1, ""וגו"": 1, ""וכת"": 1, ""וכתיב"": 1}","{""וא"": [""וא""], ""ואו"": [""ואו""], ""וגו"": [""וגו""], ""וכת"": [""וכת""], ""וכתיב"": [""וכתיב""]}",וא,0.530005,ואו,0.52409,וגו,0.006504,וכת,0.004199,וכתיב,0.000513,,,,,,,,,,,,,,,,,,,,,,,,,,,,,,,,,,,,,,,,,,,,,,,,,,,,,,,,,,,,,,,,,,,,,,,,,,,,,,,,,,,,,,,,,,,SYM,True,ואו,ואו,False,False,False,True,True,True,False,,,,False,False
Midrash_Aggadic_Midrash_Pesikta_DRav_Kahanna__10_1,pesikta_drk,98,הד',5.8656,0.8526,0.8472,0.7863,5,-1,False,"{""הדה"": 1, ""הדר"": 1, ""הדההתרגום"": 1, ""הדרב"": 1, ""הדההאם"": 1}","{""הדה"": [""הדה""], ""הדר"": [""הדר""], ""הדההתרגום"": [""הדההתרגום""], ""הדרב"": [""הדרב""], ""הדההאם"": [""הדההאם""]}",הדה,0.785264,הדר,0.000516,הדההתרגום,0.000485,הדרב,3.3e-05,הדההאם,3e-06,,,,,,,,,,,,,,,,,,,,,,,,,,,,,,,,,,,,,,,,,,,,,,,,,,,,,,,,,,,,,,,,,,,,,,,,,,,,,,,,,,,,,,,,,,,PRON,False,הד,הד,False,False,False,True,True,True,False,,,,False,False
Midrash_Aggadic_Midrash_Pesikta_DRav_Kahanna__10_1,pesikta_drk,99,דכת',0.8809,0.111,0.0,0.6505,34,1,True,"{""דכת"": 1, ""אר"": 1, ""מה"": 1, ""ואו"": 1, ""הכת"": 1, ""אדני"": 1, ""והכת"": 1, ""ארבע"": 1, ""וגו"": 1, ""וכת"": 1, ""דא"": 1, ""דכתה"": 1, ""הדה"": 1, ""והדה"": 1, ""ואמר"": 1, ""ארבעה"": 1, ""וכתיב"": 1, ""אב"": 1, ""הכתה"": 1, ""דכתהו"": 1, ""אדנ"": 1, ""דאתי"": 1, ""והכתו"": 1, ""הכתהו"": 1, ""דכתהוון"": 1, ""ואמרנו"": 1, ""אדניך"": 1, ""הדהו"": 1, ""אדניי"": 1, ""והדהו"": 1, ""והכתוון"": 1, ""הדהוון"": 1, ""והדהוון"": 1, ""דאתיין"": 1}","{""דכת"": [""דכת""], ""אר"": [""אר""], ""מה"": [""מה""], ""ואו"": [""ואו""], ""הכת"": [""הכת""], ""אדני"": [""אדני""], ""והכת"": [""והכת""], ""ארבע"": [""ארבע""], ""וגו"": [""וגו""], ""וכת"": [""וכת""], ""דא"": [""דא""], ""דכתה"": [""דכתה""], ""הדה"": [""הדה""], ""והדה"": [""והדה""], ""ואמר"": [""ואמר""], ""ארבעה"": [""ארבעה""], ""וכתיב"": [""וכתיב""], ""אב"": [""אב""], ""הכתה"": [""הכתה""], ""דכתהו"": [""דכתהו""], ""אדנ"": [""אדנ""], ""דאתי"": [""דאתי""], ""והכתו"": [""והכתו""], ""הכתהו"": [""הכתהו""], ""דכתהוון"": [""דכתהוון""], ""ואמרנו"": [""ואמרנו""], ""אדניך"": [""אדניך""], ""הדהו"": [""הדהו""], ""אדניי"": [""אדניי""], ""והדהו"": [""והדהו""], ""והכתוון"": [""והכתוון""], ""הדהוון"": [""הדהוון""], ""והדהוון"": [""והדהוון""], ""דאתיין"": [""דאתיין""]}",דכת,0.543015,אר,0.014635,מה,0.013326,ואו,0.011932,הכת,0.009897,אדני,0.00954,והכת,0.009336,ארבע,0.009072,וגו,0.007373,וכת,0.005924,דא,0.005667,דכתה,0.00372,הדה,0.003315,והדה,0.001187,ואמר,0.000663,ארבעה,0.000639,וכתיב,0.000386,אב,0.000291,הכתה,0.000159,דכתהו,0.000104,אדנ,9.1e-05,דאתי,7.8e-05,והכתו,6.5e-05,הכתהו,2.1e-05,דכתהוון,1.8e-05,ואמרנו,1.2e-05,אדניך,9e-06,הדהו,9e-06,אדניי,5e-06,והדהו,5e-06,והכתוון,2e-06,הדהוון,1e-06,והדהוון,1e-06,דאתיין,1e-06,,,,,,,,,,,,,,,,,,,,,,,,,,,,,,,,,PRON,False,דכת,דכ,False,False,False,True,True,True,False,,,,False,False
Midrash_Aggadic_Midrash_Pesikta_DRav_Kahanna__10_1,pesikta_drk,100,וישקל,15.7761,0.8827,0.7797,0.4035,50,-1,False,"{""אדני"": 1, ""בכסף"": 1, ""ארבע"": 1, ""על"": 1, ""לא"": 1, ""שמע"": 1, ""ואו"": 1, ""ויקח"": 1, ""ונתן"": 1, ""ואל"": 1, ""שמעני"": 1, ""והיה"": 1, ""ארץ"": 1, ""יתן"": 1, ""עין"": 1, ""אדנ"": 1, ""והנה"": 1, ""עשר"": 1, ""לאמר"": 1, ""שבע"": 1, ""ארבעה"": 1, ""ביני"": 1, ""יתננה"": 1, ""יתנו"": 1, ""עשרו"": 1, ""שבעת"": 1, ""עלות"": 1, ""אדניך"": 1, ""אדניי"": 1, ""יתננו"": 1, ""ואויב"": 1, ""עלותי"": 1, ""בכספו"": 1, ""יתננהו"": 1, ""ואלעזר"": 1, ""והנהו"": 1, ""ואויבי"": 1, ""שמעניי"": 1, ""שבעתים"": 1, ""לאמרנו"": 1, ""עשרוון"": 1, ""ואלעזרו"": 1, ""בכספוון"": 1, ""יתננוו"": 1, ""שמענייון"": 1, ""והנהוון"": 1, ""ואויבייך"": 1, ""לאמרנוו"": 1, ""ואלעזרות"": 1, ""יתננווין"": 1}","{""אדני"": [""אדני""], ""בכסף"": [""בכסף""], ""ארבע"": [""ארבע""], ""על"": [""על""], ""לא"": [""לא""], ""שמע"": [""שמע""], ""ואו"": [""ואו""], ""ויקח"": [""ויקח""], ""ונתן"": [""ונתן""], ""ואל"": [""ואל""], ""שמעני"": [""שמעני""], ""והיה"": [""והיה""], ""ארץ"": [""ארץ""], ""יתן"": [""יתן""], ""עין"": [""עין""], ""אדנ"": [""אדנ""], ""והנה"": [""והנה""], ""עשר"": [""עשר""], ""לאמר"": [""לאמר""], ""שבע"": [""שבע""], ""ארבעה"": [""ארבעה""], ""ביני"": [""ביני""], ""יתננה"": [""יתננה""], ""יתנו"": [""יתנו""], ""עשרו"": [""עשרו""], ""שבעת"": [""שבעת""], ""עלות"": [""עלות""], ""אדניך"": [""אדניך""], ""אדניי"": [""אדניי""], ""יתננו"": [""יתננו""], ""ואויב"": [""ואויב""], ""עלותי"": [""עלותי""], ""בכספו"": [""בכספו""], ""יתננהו"": [""יתננהו""], ""ואלעזר"": [""ואלעזר""], ""והנהו"": [""והנהו""], ""ואויבי"": [""ואויבי""], ""שמעניי"": [""שמעניי""], ""שבעתים"": [""שבעתים""], ""לאמרנו"": [""לאמרנו""], ""עשרוון"": [""עשרוון""], ""ואלעזרו"": [""ואלעזרו""], ""בכספוון"": [""בכספוון""], ""יתננוו"": [""יתננוו""], ""שמענייון"": [""שמענייון""], ""והנהוון"": [""והנהוון""], ""ואויבייך"": [""ואויבייך""], ""לאמרנוו"": [""לאמרנוו""], ""ואלעזרות"": [""ואלעזרות""], ""יתננווין"": [""יתננווין""]}",אדני,0.289064,בכסף,0.024764,ארבע,0.01679,על,0.014848,לא,0.011746,שמע,0.006214,ואו,0.006105,ויקח,0.004645,ונתן,0.004302,ואל,0.003942,שמעני,0.003324,והיה,0.003293,ארץ,0.001913,יתן,0.001751,עין,0.001484,אדנ,0.001403,והנה,0.00125,עשר,0.00123,לאמר,0.000967,שבע,0.000895,ארבעה,0.000889,ביני,0.000613,יתננה,0.000431,יתנו,0.000328,עשרו,0.000299,שבעת,0.000258,עלות,0.000156,אדניך,0.000147,אדניי,0.000103,יתננו,5.7e-05,ואויב,5.6e-05,עלותי,3.9e-05,בכספו,3.5e-05,יתננהו,3.1e-05,ואלעזר,2.8e-05,והנהו,2.1e-05,ואויבי,1.7e-05,שמעניי,1.2e-05,שבעתים,5e-06,לאמרנו,5e-06,עשרוון,1e-06,ואלעזרו,1e-06,בכספוון,0.0,יתננוו,0.0,שמענייון,0.0,והנהוון,0.0,ואויבייך,0.0,לאמרנוו,0.0,ואלעזרות,0.0,יתננווין,0.0,SYM,True,וישקל,##קל,False,False,False,True,True,True,False,,,,False,False
Midrash_Aggadic_Midrash_Pesikta_DRav_Kahanna__10_1,pesikta_drk,101,אברהם,2.2141,0.5853,0.0,0.6509,34,1,True,"{""אברהם"": 1, ""את"": 1, ""יעקב"": 1, ""כל"": 1, ""אל"": 1, ""העם"": 1, ""עשרה"": 1, ""יצחק"": 1, ""עפר"": 1, ""העשיר"": 1, ""עפרון"": 1, ""משה"": 1, ""יוסף"": 1, ""וגו"": 1, ""אבר"": 1, ""אברם"": 1, ""אתו"": 1, ""אדני"": 1, ""אלקים"": 1, ""פנחס"": 1, ""העשירון"": 1, ""ונתן"": 1, ""שרי"": 1, ""שבע"": 1, ""פלשת"": 1, ""כלב"": 1, ""שבעים"": 1, ""יעקבהתרגום"": 1, ""כלבם"": 1, ""אתוון"": 1, ""שריון"": 1, ""וגוהתרגום"": 1, ""יעקבהאם"": 1, ""וגוהאם"": 1}","{""אברהם"": [""אברהם""], ""את"": [""את""], ""יעקב"": [""יעקב""], ""כל"": [""כל""], ""אל"": [""אל""], ""העם"": [""העם""], ""עשרה"": [""עשרה""], ""יצחק"": [""יצחק""], ""עפר"": [""עפר""], ""העשיר"": [""העשיר""], ""עפרון"": [""עפרון""], ""משה"": [""משה""], ""יוסף"": [""יוסף""], ""וגו"": [""וגו""], ""אבר"": [""אבר""], ""אברם"": [""אברם""], ""אתו"": [""אתו""], ""אדני"": [""אדני""], ""אלקים"": [""אלקים""], ""פנחס"": [""פנחס""], ""העשירון"": [""העשירון""], ""ונתן"": [""ונתן""], ""שרי"": [""שרי""], ""שבע"": [""שבע""], ""פלשת"": [""פלשת""], ""כלב"": [""כלב""], ""שבעים"": [""שבעים""], ""יעקבהתרגום"": [""יעקבהתרגום""], ""כלבם"": [""כלבם""], ""אתוון"": [""אתוון""], ""שריון"": [""שריון""], ""וגוהתרגום"": [""וגוהתרגום""], ""יעקבהאם"": [""יעקבהאם""], ""וגוהאם"": [""וגוהאם""]}",אברהם,0.215516,את,0.148122,יעקב,0.039867,כל,0.039248,אל,0.036299,העם,0.027503,עשרה,0.019395,יצחק,0.015858,עפר,0.014871,העשיר,0.014047,עפרון,0.013003,משה,0.012159,יוסף,0.011602,וגו,0.007415,אבר,0.005633,אברם,0.005498,אתו,0.005307,אדני,0.00416,אלקים,0.003547,פנחס,0.002516,העשירון,0.001967,ונתן,0.001895,שרי,0.001563,שבע,0.001491,פלשת,0.00112,כלב,0.000795,שבעים,0.000407,יעקבהתרגום,2.7e-05,כלבם,2.4e-05,אתוון,1.4e-05,שריון,1.3e-05,וגוהתרגום,2e-06,יעקבהאם,0.0,וגוהאם,0.0,,,,,,,,,,,,,,,,,,,,,,,,,,,,,,,,,ADP,False,אברהם,אברהם,False,False,False,True,True,True,False,,,,False,False
Midrash_Aggadic_Midrash_Pesikta_DRav_Kahanna__10_1,pesikta_drk,102,לעפרן,17.3406,0.9002,0.7912,0.6517,10,-1,False,"{""את"": 1, ""וגו"": 1, ""מאת"": 1, ""מאתים"": 1, ""אתו"": 1, ""ויקח"": 1, ""אתוון"": 1, ""וגוהתרגום"": 1, ""ויקחנו"": 1, ""וגוהאם"": 1}","{""את"": [""את""], ""וגו"": [""וגו""], ""מאת"": [""מאת""], ""מאתים"": [""מאתים""], ""אתו"": [""אתו""], ""ויקח"": [""ויקח""], ""אתוון"": [""אתוון""], ""וגוהתרגום"": [""וגוהתרגום""], ""ויקחנו"": [""ויקחנו""], ""וגוהאם"": [""וגוהאם""]}",את,0.50957,וגו,0.058219,מאת,0.046663,מאתים,0.029752,אתו,0.005305,ויקח,0.002114,אתוון,3.9e-05,וגוהתרגום,1.3e-05,ויקחנו,4e-06,וגוהאם,0.0,,,,,,,,,,,,,,,,,,,,,,,,,,,,,,,,,,,,,,,,,,,,,,,,,,,,,,,,,,,,,,,,,,,,,,,,,,,,,,,,,VERB,False,לעפרן,עופר,True,False,True,True,True,True,True,17.0,8.0,9.0,False,True
Midrash_Aggadic_Midrash_Pesikta_DRav_Kahanna__10_1,pesikta_drk,103,עפרן,14.1254,0.8512,0.5198,0.5097,50,-1,False,"{""את"": 1, ""וגו"": 1, ""ארבע"": 1, ""מה"": 1, ""חמש"": 1, ""שקל"": 1, ""על"": 1, ""מאת"": 1, ""כסף"": 1, ""כל"": 1, ""שבע"": 1, ""עשר"": 1, ""עשרה"": 1, ""מאתים"": 1, ""ארבעה"": 1, ""שלש"": 1, ""חמשה"": 1, ""שלשים"": 1, ""חצי"": 1, ""בכסף"": 1, ""אדני"": 1, ""שבעים"": 1, ""ויקח"": 1, ""ביני"": 1, ""מהו"": 1, ""מכסף"": 1, ""אתו"": 1, ""ששים"": 1, ""ארץ"": 1, ""אביו"": 1, ""עשרו"": 1, ""עלות"": 1, ""מזבחי"": 1, ""כלכל"": 1, ""אתוון"": 1, ""עשרוון"": 1, ""עלותן"": 1, ""בכספו"": 1, ""מזבוב"": 1, ""אדניי"": 1, ""עשרההתרגום"": 1, ""מזבחיי"": 1, ""מהוות"": 1, ""מזבובין"": 1, ""מהוותא"": 1, ""אביוהתרגום"": 1, ""בכספוון"": 1, ""מזבחייון"": 1, ""מהוותאך"": 1, ""אביוהאם"": 1}","{""את"": [""את""], ""וגו"": [""וגו""], ""ארבע"": [""ארבע""], ""מה"": [""מה""], ""חמש"": [""חמש""], ""שקל"": [""שקל""], ""על"": [""על""], ""מאת"": [""מאת""], ""כסף"": [""כסף""], ""כל"": [""כל""], ""שבע"": [""שבע""], ""עשר"": [""עשר""], ""עשרה"": [""עשרה""], ""מאתים"": [""מאתים""], ""ארבעה"": [""ארבעה""], ""שלש"": [""שלש""], ""חמשה"": [""חמשה""], ""שלשים"": [""שלשים""], ""חצי"": [""חצי""], ""בכסף"": [""בכסף""], ""אדני"": [""אדני""], ""שבעים"": [""שבעים""], ""ויקח"": [""ויקח""], ""ביני"": [""ביני""], ""מהו"": [""מהו""], ""מכסף"": [""מכסף""], ""אתו"": [""אתו""], ""ששים"": [""ששים""], ""ארץ"": [""ארץ""], ""אביו"": [""אביו""], ""עשרו"": [""עשרו""], ""עלות"": [""עלות""], ""מזבחי"": [""מזבחי""], ""כלכל"": [""כלכל""], ""אתוון"": [""אתוון""], ""עשרוון"": [""עשרוון""], ""עלותן"": [""עלותן""], ""בכספו"": [""בכספו""], ""מזבוב"": [""מזבוב""], ""אדניי"": [""אדניי""], ""עשרההתרגום"": [""עשרההתרגום""], ""מזבחיי"": [""מזבחיי""], ""מהוות"": [""מהוות""], ""מזבובין"": [""מזבובין""], ""מהוותא"": [""מהוותא""], ""אביוהתרגום"": [""אביוהתרגום""], ""בכספוון"": [""בכספוון""], ""מזבחייון"": [""מזבחייון""], ""מהוותאך"": [""מהוותאך""], ""אביוהאם"": [""אביוהאם""]}",את,0.137302,וגו,0.104082,ארבע,0.081704,מה,0.022767,חמש,0.021885,שקל,0.016144,על,0.015647,מאת,0.012972,כסף,0.012771,כל,0.012378,שבע,0.009116,עשר,0.0089,עשרה,0.007379,מאתים,0.006954,ארבעה,0.006898,שלש,0.004391,חמשה,0.004376,שלשים,0.003366,חצי,0.003356,בכסף,0.003167,אדני,0.002184,שבעים,0.002036,ויקח,0.002019,ביני,0.001576,מהו,0.001273,מכסף,0.001216,אתו,0.000951,ששים,0.000784,ארץ,0.000559,אביו,0.000523,עשרו,0.000303,עלות,0.000277,מזבחי,0.000239,כלכל,9.8e-05,אתוון,5.4e-05,עשרוון,2.1e-05,עלותן,1e-05,בכספו,5e-06,מזבוב,4e-06,אדניי,2e-06,עשרההתרגום,2e-06,מזבחיי,1e-06,מהוות,1e-06,מזבובין,0.0,מהוותא,0.0,אביוהתרגום,0.0,בכספוון,0.0,מזבחייון,0.0,מהוותאך,0.0,אביוהאם,0.0,VERB,True,עפרן,עופר,True,False,True,True,True,True,True,24.0,32.0,-8.0,True,False
Midrash_Aggadic_Midrash_Pesikta_DRav_Kahanna__10_1,pesikta_drk,104,כת',7.8692,0.8646,0.6056,0.1605,50,-1,False,"{""וגו"": 1, ""של"": 1, ""דכת"": 1, ""לא"": 1, ""חסר"": 1, ""עפר"": 1, ""עשר"": 1, ""חמש"": 1, ""דהו"": 1, ""דהוון"": 1, ""שקלי"": 1, ""אדני"": 1, ""וכת"": 1, ""שבע"": 1, ""ביד"": 1, ""בכסף"": 1, ""עפרן"": 1, ""שלקח"": 1, ""אב"": 1, ""יתן"": 1, ""חמשה"": 1, ""חסרה"": 1, ""דכתיב"": 1, ""שבעת"": 1, ""אביו"": 1, ""וכתיב"": 1, ""וגוון"": 1, ""שלקחו"": 1, ""עשרו"": 1, ""יתננה"": 1, ""בידך"": 1, ""חסרהו"": 1, ""יתנו"": 1, ""יתננו"": 1, ""יתננהו"": 1, ""שקליי"": 1, ""שלקחן"": 1, ""עשרוון"": 1, ""שבעתים"": 1, ""דכתיבא"": 1, ""אדניי"": 1, ""וכתיבת"": 1, ""חמשהו"": 1, ""שקלייון"": 1, ""אביוהתרגום"": 1, ""יתננוו"": 1, ""וכתיבתא"": 1, ""חמשהוון"": 1, ""אביוהאם"": 1, ""יתננווין"": 1}","{""וגו"": [""וגו""], ""של"": [""של""], ""דכת"": [""דכת""], ""לא"": [""לא""], ""חסר"": [""חסר""], ""עפר"": [""עפר""], ""עשר"": [""עשר""], ""חמש"": [""חמש""], ""דהו"": [""דהו""], ""דהוון"": [""דהוון""], ""שקלי"": [""שקלי""], ""אדני"": [""אדני""], ""וכת"": [""וכת""], ""שבע"": [""שבע""], ""ביד"": [""ביד""], ""בכסף"": [""בכסף""], ""עפרן"": [""עפרן""], ""שלקח"": [""שלקח""], ""אב"": [""אב""], ""יתן"": [""יתן""], ""חמשה"": [""חמשה""], ""חסרה"": [""חסרה""], ""דכתיב"": [""דכתיב""], ""שבעת"": [""שבעת""], ""אביו"": [""אביו""], ""וכתיב"": [""וכתיב""], ""וגוון"": [""וגוון""], ""שלקחו"": [""שלקחו""], ""עשרו"": [""עשרו""], ""יתננה"": [""יתננה""], ""בידך"": [""בידך""], ""חסרהו"": [""חסרהו""], ""יתנו"": [""יתנו""], ""יתננו"": [""יתננו""], ""יתננהו"": [""יתננהו""], ""שקליי"": [""שקליי""], ""שלקחן"": [""שלקחן""], ""עשרוון"": [""עשרוון""], ""שבעתים"": [""שבעתים""], ""דכתיבא"": [""דכתיבא""], ""אדניי"": [""אדניי""], ""וכתיבת"": [""וכתיבת""], ""חמשהו"": [""חמשהו""], ""שקלייון"": [""שקלייון""], ""אביוהתרגום"": [""אביוהתרגום""], ""יתננוו"": [""יתננוו""], ""וכתיבתא"": [""וכתיבתא""], ""חמשהוון"": [""חמשהוון""], ""אביוהאם"": [""אביוהאם""], ""יתננווין"": [""יתננווין""]}",וגו,0.023933,של,0.023855,דכת,0.020661,לא,0.018578,חסר,0.014512,עפר,0.00719,עשר,0.005777,חמש,0.005508,דהו,0.004298,דהוון,0.004037,שקלי,0.003787,אדני,0.003678,וכת,0.003139,שבע,0.002771,ביד,0.002701,בכסף,0.002559,עפרן,0.002181,שלקח,0.001963,אב,0.001717,יתן,0.00127,חמשה,0.001048,חסרה,0.001028,דכתיב,0.000858,שבעת,0.000587,אביו,0.000576,וכתיב,0.000434,וגוון,0.000394,שלקחו,0.000274,עשרו,0.000267,יתננה,0.00025,בידך,0.000199,חסרהו,0.000127,יתנו,9.5e-05,יתננו,7.5e-05,יתננהו,5.9e-05,שקליי,2.9e-05,שלקחן,1.4e-05,עשרוון,8e-06,שבעתים,7e-06,דכתיבא,4e-06,אדניי,3e-06,וכתיבת,1e-06,חמשהו,1e-06,שקלייון,0.0,אביוהתרגום,0.0,יתננוו,0.0,וכתיבתא,0.0,חמשהוון,0.0,אביוהאם,0.0,יתננווין,0.0,NUM,True,כת,כת,False,False,False,True,True,True,False,,,,False,False
Midrash_Aggadic_Midrash_Pesikta_DRav_Kahanna__10_1,pesikta_drk,105,תנינא,15.5513,0.8419,0.5686,0.2243,50,-1,False,"{""בכסף"": 1, ""אדני"": 1, ""כסף"": 1, ""וא"": 1, ""ואו"": 1, ""של"": 1, ""דכת"": 1, ""וגו"": 1, ""עפר"": 1, ""חסר"": 1, ""יתננה"": 1, ""שקלי"": 1, ""עפרן"": 1, ""עשר"": 1, ""שבע"": 1, ""חמש"": 1, ""יד"": 1, ""ויהי"": 1, ""דכסף"": 1, ""ביד"": 1, ""שלש"": 1, ""יתנו"": 1, ""חסרה"": 1, ""מזוותיה"": 1, ""אדנ"": 1, ""ויהיו"": 1, ""יתננו"": 1, ""שבעה"": 1, ""עשרון"": 1, ""חמשה"": 1, ""יתננהו"": 1, ""מזון"": 1, ""בידך"": 1, ""מזוותא"": 1, ""אדניך"": 1, ""דכתיב"": 1, ""שקליי"": 1, ""חסרהו"": 1, ""מזוותיהו"": 1, ""אדניי"": 1, ""יתננוו"": 1, ""ויהיון"": 1, ""דכתיבא"": 1, ""שקלייון"": 1, ""חמשהו"": 1, ""ויהיוו"": 1, ""אדנייון"": 1, ""חמשהוון"": 1, ""יתננווין"": 1, ""ויהיווון"": 1}","{""בכסף"": [""בכסף""], ""אדני"": [""אדני""], ""כסף"": [""כסף""], ""וא"": [""וא""], ""ואו"": [""ואו""], ""של"": [""של""], ""דכת"": [""דכת""], ""וגו"": [""וגו""], ""עפר"": [""עפר""], ""חסר"": [""חסר""], ""יתננה"": [""יתננה""], ""שקלי"": [""שקלי""], ""עפרן"": [""עפרן""], ""עשר"": [""עשר""], ""שבע"": [""שבע""], ""חמש"": [""חמש""], ""יד"": [""יד""], ""ויהי"": [""ויהי""], ""דכסף"": [""דכסף""], ""ביד"": [""ביד""], ""שלש"": [""שלש""], ""יתנו"": [""יתנו""], ""חסרה"": [""חסרה""], ""מזוותיה"": [""מזוותיה""], ""אדנ"": [""אדנ""], ""ויהיו"": [""ויהיו""], ""יתננו"": [""יתננו""], ""שבעה"": [""שבעה""], ""עשרון"": [""עשרון""], ""חמשה"": [""חמשה""], ""יתננהו"": [""יתננהו""], ""מזון"": [""מזון""], ""בידך"": [""בידך""], ""מזוותא"": [""מזוותא""], ""אדניך"": [""אדניך""], ""דכתיב"": [""דכתיב""], ""שקליי"": [""שקליי""], ""חסרהו"": [""חסרהו""], ""מזוותיהו"": [""מזוותיהו""], ""אדניי"": [""אדניי""], ""יתננוו"": [""יתננוו""], ""ויהיון"": [""ויהיון""], ""דכתיבא"": [""דכתיבא""], ""שקלייון"": [""שקלייון""], ""חמשהו"": [""חמשהו""], ""ויהיוו"": [""ויהיוו""], ""אדנייון"": [""אדנייון""], ""חמשהוון"": [""חמשהוון""], ""יתננווין"": [""יתננווין""], ""ויהיווון"": [""ויהיווון""]}",בכסף,0.031743,אדני,0.025887,כסף,0.024559,וא,0.020044,ואו,0.019477,של,0.015856,דכת,0.01309,וגו,0.012934,עפר,0.012897,חסר,0.009049,יתננה,0.006857,שקלי,0.003797,עפרן,0.003293,עשר,0.003016,שבע,0.002957,חמש,0.002803,יד,0.002177,ויהי,0.001913,דכסף,0.001601,ביד,0.001427,שלש,0.001259,יתנו,0.001233,חסרה,0.001071,מזוותיה,0.000857,אדנ,0.000807,ויהיו,0.000515,יתננו,0.000497,שבעה,0.000439,עשרון,0.000405,חמשה,0.000401,יתננהו,0.00039,מזון,0.000276,בידך,0.000206,מזוותא,0.000161,אדניך,0.00016,דכתיב,0.000136,שקליי,2.5e-05,חסרהו,1.8e-05,מזוותיהו,1.6e-05,אדניי,8e-06,יתננוו,1e-06,ויהיון,1e-06,דכתיבא,1e-06,שקלייון,0.0,חמשהו,0.0,ויהיוו,0.0,אדנייון,0.0,חמשהוון,0.0,יתננווין,0.0,ויהיווון,0.0,VERB,False,תנינא,[BLANK],True,False,True,True,True,True,True,21.0,38.0,-17.0,True,False
Midrash_Aggadic_Midrash_Pesikta_DRav_Kahanna__10_1,pesikta_drk,106,חסר,7.8069,0.839,-0.0,0.2194,50,10,True,"{""אר"": 1, ""ארבע"": 1, ""דכת"": 1, ""על"": 1, ""עפרן"": 1, ""דא"": 1, ""וכת"": 1, ""שקלי"": 1, ""ארבעה"": 1, ""חסר"": 1, ""חמש"": 1, ""עפרון"": 1, ""וגו"": 1, ""אדני"": 1, ""בכסף"": 1, ""עשר"": 1, ""אב"": 1, ""ביה"": 1, ""שבע"": 1, ""מני"": 1, ""דכתיב"": 1, ""חמשה"": 1, ""יד"": 1, ""דאברה"": 1, ""דאברהם"": 1, ""יתיר"": 1, ""חסרה"": 1, ""יתננה"": 1, ""שבעה"": 1, ""אדנ"": 1, ""מניין"": 1, ""מזון"": 1, ""עליה"": 1, ""וגוון"": 1, ""וכתה"": 1, ""אדניך"": 1, ""חסרהו"": 1, ""ביהון"": 1, ""עליהון"": 1, ""שקלייהו"": 1, ""שקלייהון"": 1, ""דכתיבא"": 1, ""אדניי"": 1, ""וכתהו"": 1, ""חמשהו"": 1, ""וכתהוון"": 1, ""אדנייון"": 1, ""חמשהוון"": 1, ""שקלייהוהתרגום"": 1, ""שקלייהוהאם"": 1}","{""אר"": [""אר""], ""ארבע"": [""ארבע""], ""דכת"": [""דכת""], ""על"": [""על""], ""עפרן"": [""עפרן""], ""דא"": [""דא""], ""וכת"": [""וכת""], ""שקלי"": [""שקלי""], ""ארבעה"": [""ארבעה""], ""חסר"": [""חסר""], ""חמש"": [""חמש""], ""עפרון"": [""עפרון""], ""וגו"": [""וגו""], ""אדני"": [""אדני""], ""בכסף"": [""בכסף""], ""עשר"": [""עשר""], ""אב"": [""אב""], ""ביה"": [""ביה""], ""שבע"": [""שבע""], ""מני"": [""מני""], ""דכתיב"": [""דכתיב""], ""חמשה"": [""חמשה""], ""יד"": [""יד""], ""דאברה"": [""דאברה""], ""דאברהם"": [""דאברהם""], ""יתיר"": [""יתיר""], ""חסרה"": [""חסרה""], ""יתננה"": [""יתננה""], ""שבעה"": [""שבעה""], ""אדנ"": [""אדנ""], ""מניין"": [""מניין""], ""מזון"": [""מזון""], ""עליה"": [""עליה""], ""וגוון"": [""וגוון""], ""וכתה"": [""וכתה""], ""אדניך"": [""אדניך""], ""חסרהו"": [""חסרהו""], ""ביהון"": [""ביהון""], ""עליהון"": [""עליהון""], ""שקלייהו"": [""שקלייהו""], ""שקלייהון"": [""שקלייהון""], ""דכתיבא"": [""דכתיבא""], ""אדניי"": [""אדניי""], ""וכתהו"": [""וכתהו""], ""חמשהו"": [""חמשהו""], ""וכתהוון"": [""וכתהוון""], ""אדנייון"": [""אדנייון""], ""חמשהוון"": [""חמשהוון""], ""שקלייהוהתרגום"": [""שקלייהוהתרגום""], ""שקלייהוהאם"": [""שקלייהוהאם""]}",אר,0.047468,ארבע,0.04357,דכת,0.032962,על,0.022776,עפרן,0.008636,דא,0.008599,וכת,0.006747,שקלי,0.005575,ארבעה,0.004545,חסר,0.004466,חמש,0.004261,עפרון,0.003657,וגו,0.0035,אדני,0.003449,בכסף,0.003226,עשר,0.002997,אב,0.002131,ביה,0.001475,שבע,0.00141,מני,0.001248,דכתיב,0.000976,חמשה,0.000867,יד,0.000815,דאברה,0.000705,דאברהם,0.000692,יתיר,0.000497,חסרה,0.000437,יתננה,0.000437,שבעה,0.000271,אדנ,0.000266,מניין,0.000193,מזון,0.000163,עליה,0.000161,וגוון,7.6e-05,וכתה,4.7e-05,אדניך,3.2e-05,חסרהו,3.1e-05,ביהון,2.4e-05,עליהון,1.9e-05,שקלייהו,1.6e-05,שקלייהון,7e-06,דכתיבא,4e-06,אדניי,2e-06,וכתהו,2e-06,חמשהו,1e-06,וכתהוון,0.0,אדנייון,0.0,חמשהוון,0.0,שקלייהוהתרגום,0.0,שקלייהוהאם,0.0,PROPN,True,חסר,חסר,False,False,False,True,True,True,False,,,,False,False
Midrash_Aggadic_Midrash_Pesikta_DRav_Kahanna__10_1,pesikta_drk,107,ר',5.682,0.846,0.3559,0.3465,50,-1,False,"{""יבא"": 1, ""יבאנו"": 1, ""ארבע"": 1, ""הכת"": 1, ""דכת"": 1, ""חסר"": 1, ""עין"": 1, ""וכת"": 1, ""וגו"": 1, ""חמש"": 1, ""ארבעה"": 1, ""עפרן"": 1, ""אדני"": 1, ""יתננה"": 1, ""אב"": 1, ""חמשה"": 1, ""רע"": 1, ""מאי"": 1, ""ריש"": 1, ""עפרון"": 1, ""דהו"": 1, ""דהוון"": 1, ""חסרה"": 1, ""מזוות"": 1, ""מזוותיה"": 1, ""יתננו"": 1, ""הוי"": 1, ""חסרהו"": 1, ""רישא"": 1, ""יתננהו"": 1, ""אביו"": 1, ""ארץ"": 1, ""הכתו"": 1, ""וגוון"": 1, ""דהוי"": 1, ""וכתה"": 1, ""מזוית"": 1, ""מזוותיהו"": 1, ""הויין"": 1, ""הכתוון"": 1, ""וכתהו"": 1, ""אדניי"": 1, ""דהויין"": 1, ""יתננוו"": 1, ""וכתהוון"": 1, ""מזויתך"": 1, ""חמשההתרגום"": 1, ""אביוהתרגום"": 1, ""יתננווון"": 1, ""אביוהאם"": 1}","{""יבא"": [""יבא""], ""יבאנו"": [""יבאנו""], ""ארבע"": [""ארבע""], ""הכת"": [""הכת""], ""דכת"": [""דכת""], ""חסר"": [""חסר""], ""עין"": [""עין""], ""וכת"": [""וכת""], ""וגו"": [""וגו""], ""חמש"": [""חמש""], ""ארבעה"": [""ארבעה""], ""עפרן"": [""עפרן""], ""אדני"": [""אדני""], ""יתננה"": [""יתננה""], ""אב"": [""אב""], ""חמשה"": [""חמשה""], ""רע"": [""רע""], ""מאי"": [""מאי""], ""ריש"": [""ריש""], ""עפרון"": [""עפרון""], ""דהו"": [""דהו""], ""דהוון"": [""דהוון""], ""חסרה"": [""חסרה""], ""מזוות"": [""מזוות""], ""מזוותיה"": [""מזוותיה""], ""יתננו"": [""יתננו""], ""הוי"": [""הוי""], ""חסרהו"": [""חסרהו""], ""רישא"": [""רישא""], ""יתננהו"": [""יתננהו""], ""אביו"": [""אביו""], ""ארץ"": [""ארץ""], ""הכתו"": [""הכתו""], ""וגוון"": [""וגוון""], ""דהוי"": [""דהוי""], ""וכתה"": [""וכתה""], ""מזוית"": [""מזוית""], ""מזוותיהו"": [""מזוותיהו""], ""הויין"": [""הויין""], ""הכתוון"": [""הכתוון""], ""וכתהו"": [""וכתהו""], ""אדניי"": [""אדניי""], ""דהויין"": [""דהויין""], ""יתננוו"": [""יתננוו""], ""וכתהוון"": [""וכתהוון""], ""מזויתך"": [""מזויתך""], ""חמשההתרגום"": [""חמשההתרגום""], ""אביוהתרגום"": [""אביוהתרגום""], ""יתננווון"": [""יתננווון""], ""אביוהאם"": [""אביוהאם""]}",יבא,0.095663,יבאנו,0.090711,ארבע,0.036105,הכת,0.026769,דכת,0.016212,חסר,0.014713,עין,0.010062,וכת,0.008157,וגו,0.007427,חמש,0.006529,ארבעה,0.004316,עפרן,0.00422,אדני,0.003087,יתננה,0.002683,אב,0.002287,חמשה,0.00187,רע,0.001708,מאי,0.001673,ריש,0.00158,עפרון,0.001577,דהו,0.001483,דהוון,0.001375,חסרה,0.001342,מזוות,0.00111,מזוותיה,0.000682,יתננו,0.000545,הוי,0.000413,חסרהו,0.000411,רישא,0.000329,יתננהו,0.000299,אביו,0.000293,ארץ,0.000232,הכתו,0.00017,וגוון,0.000167,דהוי,0.000161,וכתה,7.1e-05,מזוית,5.1e-05,מזוותיהו,1.3e-05,הויין,1.3e-05,הכתוון,8e-06,וכתהו,8e-06,אדניי,5e-06,דהויין,3e-06,יתננוו,2e-06,וכתהוון,1e-06,מזויתך,1e-06,חמשההתרגום,1e-06,אביוהתרגום,0.0,יתננווון,0.0,אביוהאם,0.0,SYM,True,ר,ר,False,False,False,True,True,True,False,,,,False,False
Midrash_Aggadic_Midrash_Pesikta_DRav_Kahanna__10_1,pesikta_drk,108,אמי,12.8101,0.824,0.5668,0.3496,50,-1,False,"{""חנינה"": 1, ""ו"": 1, ""אר"": 1, ""ארבע"": 1, ""עין"": 1, ""וא"": 1, ""מ"": 1, ""ואו"": 1, ""דכת"": 1, ""וכת"": 1, ""אדני"": 1, ""דא"": 1, ""אב"": 1, ""חסר"": 1, ""חנינא"": 1, ""יתננה"": 1, ""ארבעה"": 1, ""רע"": 1, ""עינא"": 1, ""יד"": 1, ""רוח"": 1, ""יתנו"": 1, ""אביו"": 1, ""יתננהו"": 1, ""יתננו"": 1, ""מזון"": 1, ""רוחי"": 1, ""מזוז"": 1, ""מזוזה"": 1, ""רעב"": 1, ""עיניה"": 1, ""וכתיב"": 1, ""רעבון"": 1, ""דכתה"": 1, ""עיניהו"": 1, ""דאיל"": 1, ""אדניי"": 1, ""דאילו"": 1, ""עינאהתרגום"": 1, ""רוחיון"": 1, ""דכתהו"": 1, ""יתננוו"": 1, ""אביוהתרגום"": 1, ""וכתיבא"": 1, ""דכתהוון"": 1, ""עינאהאם"": 1, ""יתננווון"": 1, ""אביוהאם"": 1, ""דאילוון"": 1, ""וכתיבאון"": 1}","{""חנינה"": [""חנינה""], ""ו"": [""ו""], ""אר"": [""אר""], ""ארבע"": [""ארבע""], ""עין"": [""עין""], ""וא"": [""וא""], ""מ"": [""מ""], ""ואו"": [""ואו""], ""דכת"": [""דכת""], ""וכת"": [""וכת""], ""אדני"": [""אדני""], ""דא"": [""דא""], ""אב"": [""אב""], ""חסר"": [""חסר""], ""חנינא"": [""חנינא""], ""יתננה"": [""יתננה""], ""ארבעה"": [""ארבעה""], ""רע"": [""רע""], ""עינא"": [""עינא""], ""יד"": [""יד""], ""רוח"": [""רוח""], ""יתנו"": [""יתנו""], ""אביו"": [""אביו""], ""יתננהו"": [""יתננהו""], ""יתננו"": [""יתננו""], ""מזון"": [""מזון""], ""רוחי"": [""רוחי""], ""מזוז"": [""מזוז""], ""מזוזה"": [""מזוזה""], ""רעב"": [""רעב""], ""עיניה"": [""עיניה""], ""וכתיב"": [""וכתיב""], ""רעבון"": [""רעבון""], ""דכתה"": [""דכתה""], ""עיניהו"": [""עיניהו""], ""דאיל"": [""דאיל""], ""אדניי"": [""אדניי""], ""דאילו"": [""דאילו""], ""עינאהתרגום"": [""עינאהתרגום""], ""רוחיון"": [""רוחיון""], ""דכתהו"": [""דכתהו""], ""יתננוו"": [""יתננוו""], ""אביוהתרגום"": [""אביוהתרגום""], ""וכתיבא"": [""וכתיבא""], ""דכתהוון"": [""דכתהוון""], ""עינאהאם"": [""עינאהאם""], ""יתננווון"": [""יתננווון""], ""אביוהאם"": [""אביוהאם""], ""דאילוון"": [""דאילוון""], ""וכתיבאון"": [""וכתיבאון""]}",חנינה,0.122731,ו,0.037333,אר,0.031933,ארבע,0.029659,עין,0.02286,וא,0.016566,מ,0.015808,ואו,0.015376,דכת,0.008644,וכת,0.005851,אדני,0.005716,דא,0.005243,אב,0.005144,חסר,0.004258,חנינא,0.003698,יתננה,0.003386,ארבעה,0.00326,רע,0.002962,עינא,0.002113,יד,0.001736,רוח,0.001714,יתנו,0.001189,אביו,0.000716,יתננהו,0.000268,יתננו,0.000265,מזון,0.000215,רוחי,0.000209,מזוז,0.000205,מזוזה,0.000125,רעב,0.000112,עיניה,0.000109,וכתיב,6e-05,רעבון,5.7e-05,דכתה,4.2e-05,עיניהו,1.5e-05,דאיל,1e-05,אדניי,7e-06,דאילו,7e-06,עינאהתרגום,6e-06,רוחיון,2e-06,דכתהו,2e-06,יתננוו,1e-06,אביוהתרגום,0.0,וכתיבא,0.0,דכתהוון,0.0,עינאהאם,0.0,יתננווון,0.0,אביוהאם,0.0,דאילוון,0.0,וכתיבאון,0.0,ADV,True,אמי,אימה,True,False,True,True,True,True,True,31.0,46.0,-15.0,True,False
Midrash_Aggadic_Midrash_Pesikta_DRav_Kahanna__10_1,pesikta_drk,109,פתר,8.4791,0.8492,0.7941,0.341,50,-1,False,"{""חסר"": 1, ""ר"": 1, ""אר"": 1, ""ארבע"": 1, ""דכת"": 1, ""כת"": 1, ""וכת"": 1, ""הכת"": 1, ""אמי"": 1, ""רבי"": 1, ""וגו"": 1, ""דא"": 1, ""עפרן"": 1, ""אב"": 1, ""ארבעה"": 1, ""כתיב"": 1, ""עין"": 1, ""ואו"": 1, ""מאי"": 1, ""ביני"": 1, ""עפרון"": 1, ""ואב"": 1, ""חסרה"": 1, ""חסרו"": 1, ""בכסף"": 1, ""הוי"": 1, ""אבימל"": 1, ""אבימלך"": 1, ""חסרהו"": 1, ""דכתיב"": 1, ""דאברה"": 1, ""דאברהם"": 1, ""ואביך"": 1, ""וכתיב"": 1, ""וגוון"": 1, ""כתיבא"": 1, ""מזון"": 1, ""מזוי"": 1, ""הכתה"": 1, ""אמיי"": 1, ""מזויין"": 1, ""רביי"": 1, ""בכספו"": 1, ""הויי"": 1, ""הכתהו"": 1, ""אבימליך"": 1, ""דכתיבא"": 1, ""וכתיבא"": 1, ""בכספוון"": 1, ""רבייון"": 1}","{""חסר"": [""חסר""], ""ר"": [""ר""], ""אר"": [""אר""], ""ארבע"": [""ארבע""], ""דכת"": [""דכת""], ""כת"": [""כת""], ""וכת"": [""וכת""], ""הכת"": [""הכת""], ""אמי"": [""אמי""], ""רבי"": [""רבי""], ""וגו"": [""וגו""], ""דא"": [""דא""], ""עפרן"": [""עפרן""], ""אב"": [""אב""], ""ארבעה"": [""ארבעה""], ""כתיב"": [""כתיב""], ""עין"": [""עין""], ""ואו"": [""ואו""], ""מאי"": [""מאי""], ""ביני"": [""ביני""], ""עפרון"": [""עפרון""], ""ואב"": [""ואב""], ""חסרה"": [""חסרה""], ""חסרו"": [""חסרו""], ""בכסף"": [""בכסף""], ""הוי"": [""הוי""], ""אבימל"": [""אבימל""], ""אבימלך"": [""אבימלך""], ""חסרהו"": [""חסרהו""], ""דכתיב"": [""דכתיב""], ""דאברה"": [""דאברה""], ""דאברהם"": [""דאברהם""], ""ואביך"": [""ואביך""], ""וכתיב"": [""וכתיב""], ""וגוון"": [""וגוון""], ""כתיבא"": [""כתיבא""], ""מזון"": [""מזון""], ""מזוי"": [""מזוי""], ""הכתה"": [""הכתה""], ""אמיי"": [""אמיי""], ""מזויין"": [""מזויין""], ""רביי"": [""רביי""], ""בכספו"": [""בכספו""], ""הויי"": [""הויי""], ""הכתהו"": [""הכתהו""], ""אבימליך"": [""אבימליך""], ""דכתיבא"": [""דכתיבא""], ""וכתיבא"": [""וכתיבא""], ""בכספוון"": [""בכספוון""], ""רבייון"": [""רבייון""]}",חסר,0.05838,ר,0.04852,אר,0.047768,ארבע,0.0385,דכת,0.030257,כת,0.024019,וכת,0.014224,הכת,0.010725,אמי,0.010411,רבי,0.009977,וגו,0.007979,דא,0.00765,עפרן,0.004354,אב,0.004273,ארבעה,0.004075,כתיב,0.002482,עין,0.002368,ואו,0.002243,מאי,0.001742,ביני,0.001588,עפרון,0.001459,ואב,0.001339,חסרה,0.001065,חסרו,0.001035,בכסף,0.000847,הוי,0.000665,אבימל,0.000524,אבימלך,0.000517,חסרהו,0.000309,דכתיב,0.000228,דאברה,0.000191,דאברהם,0.000184,ואביך,0.000178,וכתיב,0.00017,וגוון,0.000167,כתיבא,0.000154,מזון,0.000136,מזוי,0.00013,הכתה,6.1e-05,אמיי,6e-05,מזויין,2.6e-05,רביי,1.4e-05,בכספו,1.3e-05,הויי,8e-06,הכתהו,6e-06,אבימליך,5e-06,דכתיבא,2e-06,וכתיבא,2e-06,בכספוון,0.0,רבייון,0.0,SYM,True,פתר,פתר,False,False,False,True,True,True,False,,,,False,False
Midrash_Aggadic_Midrash_Pesikta_DRav_Kahanna__10_1,pesikta_drk,110,קרייא,7.5956,0.2965,0.2798,0.673,5,-1,False,"{""קרייה"": 1, ""קראי"": 1, ""קריית"": 1, ""קרייתו"": 1, ""קרייהו"": 1}","{""קרייה"": [""קרייה""], ""קראי"": [""קראי""], ""קריית"": [""קריית""], ""קרייתו"": [""קרייתו""], ""קרייהו"": [""קרייהו""]}",קרייה,0.616528,קראי,0.033346,קריית,0.01643,קרייתו,0.00493,קרייהו,0.001803,,,,,,,,,,,,,,,,,,,,,,,,,,,,,,,,,,,,,,,,,,,,,,,,,,,,,,,,,,,,,,,,,,,,,,,,,,,,,,,,,,,,,,,,,,,VERB,True,קרייא,קריין,True,False,True,True,True,True,True,50.0,69.0,-19.0,True,False
Midrash_Aggadic_Midrash_Pesikta_DRav_Kahanna__10_1,pesikta_drk,111,בשואל,18.8551,0.8639,0.6768,0.4083,50,-1,False,"{""בעפרו"": 1, ""אר"": 1, ""ר"": 1, ""על"": 1, ""ארבע"": 1, ""חסר"": 1, ""דכת"": 1, ""בעפר"": 1, ""בר"": 1, ""כל"": 1, ""רבי"": 1, ""אמי"": 1, ""בעפרן"": 1, ""דא"": 1, ""אדני"": 1, ""עפרן"": 1, ""ביני"": 1, ""בד"": 1, ""ארבעה"": 1, ""חסרה"": 1, ""עפרון"": 1, ""עין"": 1, ""וגו"": 1, ""ברבי"": 1, ""חסרו"": 1, ""ויהי"": 1, ""חסרהו"": 1, ""אדנ"": 1, ""בדד"": 1, ""עליה"": 1, ""דכתיב"": 1, ""ויהיו"": 1, ""אדניא"": 1, ""עליהון"": 1, ""דאיהו"": 1, ""רביי"": 1, ""אדניי"": 1, ""בדדך"": 1, ""ביניי"": 1, ""ברביי"": 1, ""דאיהי"": 1, ""אדניאו"": 1, ""רבייון"": 1, ""אדנייון"": 1, ""בינייון"": 1, ""ברבייון"": 1, ""דאיהוהתרגום"": 1, ""אדניאוון"": 1, ""דאיהיון"": 1, ""דאיהוהאם"": 1}","{""בעפרו"": [""בעפרו""], ""אר"": [""אר""], ""ר"": [""ר""], ""על"": [""על""], ""ארבע"": [""ארבע""], ""חסר"": [""חסר""], ""דכת"": [""דכת""], ""בעפר"": [""בעפר""], ""בר"": [""בר""], ""כל"": [""כל""], ""רבי"": [""רבי""], ""אמי"": [""אמי""], ""בעפרן"": [""בעפרן""], ""דא"": [""דא""], ""אדני"": [""אדני""], ""עפרן"": [""עפרן""], ""ביני"": [""ביני""], ""בד"": [""בד""], ""ארבעה"": [""ארבעה""], ""חסרה"": [""חסרה""], ""עפרון"": [""עפרון""], ""עין"": [""עין""], ""וגו"": [""וגו""], ""ברבי"": [""ברבי""], ""חסרו"": [""חסרו""], ""ויהי"": [""ויהי""], ""חסרהו"": [""חסרהו""], ""אדנ"": [""אדנ""], ""בדד"": [""בדד""], ""עליה"": [""עליה""], ""דכתיב"": [""דכתיב""], ""ויהיו"": [""ויהיו""], ""אדניא"": [""אדניא""], ""עליהון"": [""עליהון""], ""דאיהו"": [""דאיהו""], ""רביי"": [""רביי""], ""אדניי"": [""אדניי""], ""בדדך"": [""בדדך""], ""ביניי"": [""ביניי""], ""ברביי"": [""ברביי""], ""דאיהי"": [""דאיהי""], ""אדניאו"": [""אדניאו""], ""רבייון"": [""רבייון""], ""אדנייון"": [""אדנייון""], ""בינייון"": [""בינייון""], ""ברבייון"": [""ברבייון""], ""דאיהוהתרגום"": [""דאיהוהתרגום""], ""אדניאוון"": [""אדניאוון""], ""דאיהיון"": [""דאיהיון""], ""דאיהוהאם"": [""דאיהוהאם""]}",בעפרו,0.103634,אר,0.041095,ר,0.036837,על,0.03354,ארבע,0.031507,חסר,0.03055,דכת,0.020685,בעפר,0.015165,בר,0.013765,כל,0.012931,רבי,0.009541,אמי,0.009039,בעפרן,0.008648,דא,0.007729,אדני,0.007098,עפרן,0.005367,ביני,0.00352,בד,0.00352,ארבעה,0.003277,חסרה,0.001782,עפרון,0.001742,עין,0.001697,וגו,0.001167,ברבי,0.001042,חסרו,0.000899,ויהי,0.000624,חסרהו,0.000613,אדנ,0.000348,בדד,0.000214,עליה,0.000205,דכתיב,0.000194,ויהיו,0.000139,אדניא,4.9e-05,עליהון,3.3e-05,דאיהו,2.5e-05,רביי,1.4e-05,אדניי,7e-06,בדדך,6e-06,ביניי,6e-06,ברביי,2e-06,דאיהי,2e-06,אדניאו,0.0,רבייון,0.0,אדנייון,0.0,בינייון,0.0,ברבייון,0.0,דאיהוהתרגום,0.0,אדניאוון,0.0,דאיהיון,0.0,דאיהוהאם,0.0,PUNCT,False,בשואל,[BLANK],False,False,False,True,True,True,False,,,,False,False
Midrash_Aggadic_Midrash_Pesikta_DRav_Kahanna__10_1,pesikta_drk,112,שהיתה,13.425,0.9031,0.8176,0.2158,50,-1,False,"{""ר"": 1, ""את"": 1, ""חסר"": 1, ""כסף"": 1, ""דכת"": 1, ""אר"": 1, ""ארבע"": 1, ""דא"": 1, ""עין"": 1, ""קינטר"": 1, ""עפר"": 1, ""אמי"": 1, ""רע"": 1, ""קינטרין"": 1, ""שאל"": 1, ""ונתן"": 1, ""אדני"": 1, ""משל"": 1, ""חנם"": 1, ""ונותן"": 1, ""יד"": 1, ""מנה"": 1, ""עפרן"": 1, ""שואל"": 1, ""שאלת"": 1, ""יתננה"": 1, ""חסרה"": 1, ""יתנו"": 1, ""אתו"": 1, ""קטרת"": 1, ""חסרהו"": 1, ""אדוני"": 1, ""משלו"": 1, ""יתננו"": 1, ""דכתיב"": 1, ""רעב"": 1, ""יתננהו"": 1, ""מנהו"": 1, ""שאלתא"": 1, ""רעבון"": 1, ""דאיל"": 1, ""דאילו"": 1, ""אדוניי"": 1, ""שואלין"": 1, ""אדניי"": 1, ""אתוון"": 1, ""קטרתך"": 1, ""דכתיבא"": 1, ""אדנייון"": 1, ""דכתיבאנו"": 1}","{""ר"": [""ר""], ""את"": [""את""], ""חסר"": [""חסר""], ""כסף"": [""כסף""], ""דכת"": [""דכת""], ""אר"": [""אר""], ""ארבע"": [""ארבע""], ""דא"": [""דא""], ""עין"": [""עין""], ""קינטר"": [""קינטר""], ""עפר"": [""עפר""], ""אמי"": [""אמי""], ""רע"": [""רע""], ""קינטרין"": [""קינטרין""], ""שאל"": [""שאל""], ""ונתן"": [""ונתן""], ""אדני"": [""אדני""], ""משל"": [""משל""], ""חנם"": [""חנם""], ""ונותן"": [""ונותן""], ""יד"": [""יד""], ""מנה"": [""מנה""], ""עפרן"": [""עפרן""], ""שואל"": [""שואל""], ""שאלת"": [""שאלת""], ""יתננה"": [""יתננה""], ""חסרה"": [""חסרה""], ""יתנו"": [""יתנו""], ""אתו"": [""אתו""], ""קטרת"": [""קטרת""], ""חסרהו"": [""חסרהו""], ""אדוני"": [""אדוני""], ""משלו"": [""משלו""], ""יתננו"": [""יתננו""], ""דכתיב"": [""דכתיב""], ""רעב"": [""רעב""], ""יתננהו"": [""יתננהו""], ""מנהו"": [""מנהו""], ""שאלתא"": [""שאלתא""], ""רעבון"": [""רעבון""], ""דאיל"": [""דאיל""], ""דאילו"": [""דאילו""], ""אדוניי"": [""אדוניי""], ""שואלין"": [""שואלין""], ""אדניי"": [""אדניי""], ""אתוון"": [""אתוון""], ""קטרתך"": [""קטרתך""], ""דכתיבא"": [""דכתיבא""], ""אדנייון"": [""אדנייון""], ""דכתיבאנו"": [""דכתיבאנו""]}",ר,0.052293,את,0.030741,חסר,0.020455,כסף,0.018646,דכת,0.017433,אר,0.015458,ארבע,0.008621,דא,0.006827,עין,0.004409,קינטר,0.004241,עפר,0.003952,אמי,0.003792,רע,0.003778,קינטרין,0.003109,שאל,0.003069,ונתן,0.002181,אדני,0.001935,משל,0.001658,חנם,0.001653,ונותן,0.001519,יד,0.001365,מנה,0.001271,עפרן,0.001246,שואל,0.001113,שאלת,0.000727,יתננה,0.000716,חסרה,0.000695,יתנו,0.00051,אתו,0.000399,קטרת,0.000297,חסרהו,0.000279,אדוני,0.00025,משלו,0.000247,יתננו,0.000181,דכתיב,0.000147,רעב,0.000129,יתננהו,0.000122,מנהו,9.8e-05,שאלתא,9.3e-05,רעבון,5.7e-05,דאיל,2e-05,דאילו,1.7e-05,אדוניי,6e-06,שואלין,5e-06,אדניי,3e-06,אתוון,3e-06,קטרתך,2e-06,דכתיבא,1e-06,אדנייון,0.0,דכתיבאנו,0.0,SCONJ,True,שהיתה,היי,False,False,False,True,True,True,False,,,,False,False
Midrash_Aggadic_Midrash_Pesikta_DRav_Kahanna__10_1,pesikta_drk,113,עינו,6.7814,0.8311,0.0,0.2699,50,6,True,"{""לו"": 1, ""חסרה"": 1, ""בידו"": 1, ""ידו"": 1, ""אמו"": 1, ""עינו"": 1, ""אשת"": 1, ""עין"": 1, ""יד"": 1, ""ביד"": 1, ""שואלת"": 1, ""רוח"": 1, ""אשתו"": 1, ""רעה"": 1, ""מונחת"": 1, ""חסרת"": 1, ""בעפר"": 1, ""שואל"": 1, ""בעין"": 1, ""נפש"": 1, ""כו"": 1, ""מזומנת"": 1, ""בעפרן"": 1, ""נפשו"": 1, ""ידוע"": 1, ""נוטלת"": 1, ""ידועה"": 1, ""רעהו"": 1, ""בידן"": 1, ""כוונתו"": 1, ""שואלתו"": 1, ""רוחו"": 1, ""חסרהו"": 1, ""כהן"": 1, ""מזומנה"": 1, ""כוונת"": 1, ""נוטלתו"": 1, ""אמוות"": 1, ""שואלנו"": 1, ""מזומנתו"": 1, ""בידוהתרגום"": 1, ""רעהוון"": 1, ""כוונתך"": 1, ""אמוותה"": 1, ""מזומנהו"": 1, ""שואלנוו"": 1, ""בידוהאם"": 1, ""אמוותהו"": 1, ""מזומנתוון"": 1, ""אמוותהוון"": 1}","{""לו"": [""לו""], ""חסרה"": [""חסרה""], ""בידו"": [""בידו""], ""ידו"": [""ידו""], ""אמו"": [""אמו""], ""עינו"": [""עינו""], ""אשת"": [""אשת""], ""עין"": [""עין""], ""יד"": [""יד""], ""ביד"": [""ביד""], ""שואלת"": [""שואלת""], ""רוח"": [""רוח""], ""אשתו"": [""אשתו""], ""רעה"": [""רעה""], ""מונחת"": [""מונחת""], ""חסרת"": [""חסרת""], ""בעפר"": [""בעפר""], ""שואל"": [""שואל""], ""בעין"": [""בעין""], ""נפש"": [""נפש""], ""כו"": [""כו""], ""מזומנת"": [""מזומנת""], ""בעפרן"": [""בעפרן""], ""נפשו"": [""נפשו""], ""ידוע"": [""ידוע""], ""נוטלת"": [""נוטלת""], ""ידועה"": [""ידועה""], ""רעהו"": [""רעהו""], ""בידן"": [""בידן""], ""כוונתו"": [""כוונתו""], ""שואלתו"": [""שואלתו""], ""רוחו"": [""רוחו""], ""חסרהו"": [""חסרהו""], ""כהן"": [""כהן""], ""מזומנה"": [""מזומנה""], ""כוונת"": [""כוונת""], ""נוטלתו"": [""נוטלתו""], ""אמוות"": [""אמוות""], ""שואלנו"": [""שואלנו""], ""מזומנתו"": [""מזומנתו""], ""בידוהתרגום"": [""בידוהתרגום""], ""רעהוון"": [""רעהוון""], ""כוונתך"": [""כוונתך""], ""אמוותה"": [""אמוותה""], ""מזומנהו"": [""מזומנהו""], ""שואלנוו"": [""שואלנוו""], ""בידוהאם"": [""בידוהאם""], ""אמוותהו"": [""אמוותהו""], ""מזומנתוון"": [""מזומנתוון""], ""אמוותהוון"": [""אמוותהוון""]}",לו,0.134095,חסרה,0.018252,בידו,0.013466,ידו,0.013057,אמו,0.010587,עינו,0.009091,אשת,0.007745,עין,0.007655,יד,0.007211,ביד,0.006986,שואלת,0.006211,רוח,0.004492,אשתו,0.004258,רעה,0.00409,מונחת,0.003214,חסרת,0.002113,בעפר,0.002052,שואל,0.001985,בעין,0.001728,נפש,0.001529,כו,0.001401,מזומנת,0.00137,בעפרן,0.001186,נפשו,0.001062,ידוע,0.000892,נוטלת,0.000717,ידועה,0.000693,רעהו,0.000629,בידן,0.00048,כוונתו,0.000455,שואלתו,0.000386,רוחו,0.0002,חסרהו,0.000196,כהן,0.000169,מזומנה,0.000134,כוונת,5.3e-05,נוטלתו,4.5e-05,אמוות,8e-06,שואלנו,6e-06,מזומנתו,3e-06,בידוהתרגום,3e-06,רעהוון,1e-06,כוונתך,1e-06,אמוותה,1e-06,מזומנהו,0.0,שואלנוו,0.0,בידוהאם,0.0,אמוותהו,0.0,מזומנתוון,0.0,אמוותהוון,0.0,VERB,True,עינו,עינה,True,False,True,True,True,True,True,53.0,41.0,12.0,False,True
Midrash_Aggadic_Midrash_Pesikta_DRav_Kahanna__10_1,pesikta_drk,114,צרה,1.0871,0.248,0.0,0.6603,25,1,True,"{""צרה"": 1, ""של"": 1, ""רעה"": 1, ""מצרה"": 1, ""נכרת"": 1, ""צרורה"": 1, ""נבהלת"": 1, ""מושכת"": 1, ""שלקחה"": 1, ""שלקח"": 1, ""מושכתו"": 1, ""צרההתרגום"": 1, ""נכרתת"": 1, ""שלקחהו"": 1, ""נבהלתו"": 1, ""נכרתתת"": 1, ""מצרהו"": 1, ""נכרתתתת"": 1, ""נכרתתתתת"": 1, ""נכרתתתתתת"": 1, ""שלקחוה"": 1, ""שלקחוהו"": 1, ""צרההאם"": 1, ""שלקחהוהתרגום"": 1, ""שלקחהוהאם"": 1}","{""צרה"": [""צרה""], ""של"": [""של""], ""רעה"": [""רעה""], ""מצרה"": [""מצרה""], ""נכרת"": [""נכרת""], ""צרורה"": [""צרורה""], ""נבהלת"": [""נבהלת""], ""מושכת"": [""מושכת""], ""שלקחה"": [""שלקחה""], ""שלקח"": [""שלקח""], ""מושכתו"": [""מושכתו""], ""צרההתרגום"": [""צרההתרגום""], ""נכרתת"": [""נכרתת""], ""שלקחהו"": [""שלקחהו""], ""נבהלתו"": [""נבהלתו""], ""נכרתתת"": [""נכרתתת""], ""מצרהו"": [""מצרהו""], ""נכרתתתת"": [""נכרתתתת""], ""נכרתתתתת"": [""נכרתתתתת""], ""נכרתתתתתת"": [""נכרתתתתתת""], ""שלקחוה"": [""שלקחוה""], ""שלקחוהו"": [""שלקחוהו""], ""צרההאם"": [""צרההאם""], ""שלקחהוהתרגום"": [""שלקחהוהתרגום""], ""שלקחהוהאם"": [""שלקחהוהאם""]}",צרה,0.47072,של,0.155113,רעה,0.018152,מצרה,0.004339,נכרת,0.003583,צרורה,0.002589,נבהלת,0.002034,מושכת,0.001126,שלקחה,0.000704,שלקח,0.000575,מושכתו,0.000454,צרההתרגום,0.000242,נכרתת,0.000236,שלקחהו,0.000181,נבהלתו,0.000107,נכרתתת,2.5e-05,מצרהו,2.5e-05,נכרתתתת,2.2e-05,נכרתתתתת,1.9e-05,נכרתתתתתת,1.8e-05,שלקחוה,4e-06,שלקחוהו,4e-06,צרההאם,1e-06,שלקחהוהתרגום,0.0,שלקחהוהאם,0.0,,,,,,,,,,,,,,,,,,,,,,,,,,,,,,,,,,,,,,,,,,,,,,,,,,,DET,True,צרה,צר,False,False,False,True,True,True,False,,,,False,False
Midrash_Aggadic_Midrash_Pesikta_DRav_Kahanna__10_1,pesikta_drk,115,לשכור,19.7109,0.8722,0.6799,0.6117,50,-1,False,"{""בממונו"": 1, ""בממון"": 1, ""על"": 1, ""בו"": 1, ""בה"": 1, ""לממונו"": 1, ""בכסף"": 1, ""לממון"": 1, ""בכספו"": 1, ""בממוניו"": 1, ""בהון"": 1, ""בממונן"": 1, ""בעין"": 1, ""בשלי"": 1, ""בעפר"": 1, ""בתורה"": 1, ""לבקש"": 1, ""וכת"": 1, ""בעפרן"": 1, ""בתורת"": 1, ""בשכר"": 1, ""לברכה"": 1, ""עליה"": 1, ""בשכרו"": 1, ""בתורתו"": 1, ""וכתיב"": 1, ""לממוניו"": 1, ""לבריות"": 1, ""ועיניו"": 1, ""לממונן"": 1, ""ועיניה"": 1, ""בוהתרגום"": 1, ""בשליות"": 1, ""בשליותיו"": 1, ""בכספוהתרגום"": 1, ""בממוניוהתרגום"": 1, ""עליהו"": 1, ""לבריותו"": 1, ""ועיניהו"": 1, ""בשכרוהתרגום"": 1, ""בתורתוהתרגום"": 1, ""לממוניוהתרגום"": 1, ""בוהאם"": 1, ""בממוניוהאם"": 1, ""בכספוהאם"": 1, ""עליהוהתרגום"": 1, ""בשכרוהאם"": 1, ""לממוניוהאם"": 1, ""בתורתוהאם"": 1, ""עליהוהאם"": 1}","{""בממונו"": [""בממונו""], ""בממון"": [""בממון""], ""על"": [""על""], ""בו"": [""בו""], ""בה"": [""בה""], ""לממונו"": [""לממונו""], ""בכסף"": [""בכסף""], ""לממון"": [""לממון""], ""בכספו"": [""בכספו""], ""בממוניו"": [""בממוניו""], ""בהון"": [""בהון""], ""בממונן"": [""בממונן""], ""בעין"": [""בעין""], ""בשלי"": [""בשלי""], ""בעפר"": [""בעפר""], ""בתורה"": [""בתורה""], ""לבקש"": [""לבקש""], ""וכת"": [""וכת""], ""בעפרן"": [""בעפרן""], ""בתורת"": [""בתורת""], ""בשכר"": [""בשכר""], ""לברכה"": [""לברכה""], ""עליה"": [""עליה""], ""בשכרו"": [""בשכרו""], ""בתורתו"": [""בתורתו""], ""וכתיב"": [""וכתיב""], ""לממוניו"": [""לממוניו""], ""לבריות"": [""לבריות""], ""ועיניו"": [""ועיניו""], ""לממונן"": [""לממונן""], ""ועיניה"": [""ועיניה""], ""בוהתרגום"": [""בוהתרגום""], ""בשליות"": [""בשליות""], ""בשליותיו"": [""בשליותיו""], ""בכספוהתרגום"": [""בכספוהתרגום""], ""בממוניוהתרגום"": [""בממוניוהתרגום""], ""עליהו"": [""עליהו""], ""לבריותו"": [""לבריותו""], ""ועיניהו"": [""ועיניהו""], ""בשכרוהתרגום"": [""בשכרוהתרגום""], ""בתורתוהתרגום"": [""בתורתוהתרגום""], ""לממוניוהתרגום"": [""לממוניוהתרגום""], ""בוהאם"": [""בוהאם""], ""בממוניוהאם"": [""בממוניוהאם""], ""בכספוהאם"": [""בכספוהאם""], ""עליהוהתרגום"": [""עליהוהתרגום""], ""בשכרוהאם"": [""בשכרוהאם""], ""לממוניוהאם"": [""לממוניוהאם""], ""בתורתוהאם"": [""בתורתוהאם""], ""עליהוהאם"": [""עליהוהאם""]}",בממונו,0.347758,בממון,0.151781,על,0.04746,בו,0.013179,בה,0.009345,לממונו,0.007435,בכסף,0.006745,לממון,0.005101,בכספו,0.00304,בממוניו,0.003011,בהון,0.002984,בממונן,0.002419,בעין,0.001812,בשלי,0.00174,בעפר,0.001411,בתורה,0.001201,לבקש,0.001006,וכת,0.000861,בעפרן,0.000716,בתורת,0.000706,בשכר,0.00063,לברכה,0.000275,עליה,0.000234,בשכרו,0.000197,בתורתו,0.000156,וכתיב,0.000127,לממוניו,0.000105,לבריות,8.5e-05,ועיניו,8.1e-05,לממונן,6.6e-05,ועיניה,3e-05,בוהתרגום,1.5e-05,בשליות,1.5e-05,בשליותיו,6e-06,בכספוהתרגום,3e-06,בממוניוהתרגום,3e-06,עליהו,3e-06,לבריותו,2e-06,ועיניהו,1e-06,בשכרוהתרגום,0.0,בתורתוהתרגום,0.0,לממוניוהתרגום,0.0,בוהאם,0.0,בממוניוהאם,0.0,בכספוהאם,0.0,עליהוהתרגום,0.0,בשכרוהאם,0.0,לממוניוהאם,0.0,בתורתוהאם,0.0,עליהוהאם,0.0,VERB,True,לשכור,השכיר,True,False,True,True,True,True,True,10.0,18.0,-8.0,True,False
Midrash_Aggadic_Midrash_Pesikta_DRav_Kahanna__10_1,pesikta_drk,116,שתי,11.4484,0.9083,0.8685,0.2188,50,-1,False,"{""את"": 1, ""לו"": 1, ""בית"": 1, ""ממונו"": 1, ""ממון"": 1, ""חמור"": 1, ""דכת"": 1, ""פועלים"": 1, ""שדה"": 1, ""אתו"": 1, ""עפר"": 1, ""ביתו"": 1, ""חמורו"": 1, ""פועל"": 1, ""שכר"": 1, ""אב"": 1, ""מידו"": 1, ""דהו"": 1, ""וכת"": 1, ""עבדו"": 1, ""עבדים"": 1, ""דהוון"": 1, ""ביד"": 1, ""בכסף"": 1, ""אביו"": 1, ""שדהו"": 1, ""חפץ"": 1, ""ונתן"": 1, ""אומנות"": 1, ""מזונות"": 1, ""וכתיב"": 1, ""שכרו"": 1, ""מזון"": 1, ""מזונותיו"": 1, ""אומנותו"": 1, ""בידן"": 1, ""דהוי"": 1, ""אתוון"": 1, ""ממונוהתרגום"": 1, ""חמורוון"": 1, ""וכתיבא"": 1, ""דהויי"": 1, ""שכרוהתרגום"": 1, ""מזונותיוהתרגום"": 1, ""ממונוהאם"": 1, ""אומנותוהתרגום"": 1, ""שכרוהאם"": 1, ""מזונותיוהאם"": 1, ""דהוייון"": 1, ""אומנותוהאם"": 1}","{""את"": [""את""], ""לו"": [""לו""], ""בית"": [""בית""], ""ממונו"": [""ממונו""], ""ממון"": [""ממון""], ""חמור"": [""חמור""], ""דכת"": [""דכת""], ""פועלים"": [""פועלים""], ""שדה"": [""שדה""], ""אתו"": [""אתו""], ""עפר"": [""עפר""], ""ביתו"": [""ביתו""], ""חמורו"": [""חמורו""], ""פועל"": [""פועל""], ""שכר"": [""שכר""], ""אב"": [""אב""], ""מידו"": [""מידו""], ""דהו"": [""דהו""], ""וכת"": [""וכת""], ""עבדו"": [""עבדו""], ""עבדים"": [""עבדים""], ""דהוון"": [""דהוון""], ""ביד"": [""ביד""], ""בכסף"": [""בכסף""], ""אביו"": [""אביו""], ""שדהו"": [""שדהו""], ""חפץ"": [""חפץ""], ""ונתן"": [""ונתן""], ""אומנות"": [""אומנות""], ""מזונות"": [""מזונות""], ""וכתיב"": [""וכתיב""], ""שכרו"": [""שכרו""], ""מזון"": [""מזון""], ""מזונותיו"": [""מזונותיו""], ""אומנותו"": [""אומנותו""], ""בידן"": [""בידן""], ""דהוי"": [""דהוי""], ""אתוון"": [""אתוון""], ""ממונוהתרגום"": [""ממונוהתרגום""], ""חמורוון"": [""חמורוון""], ""וכתיבא"": [""וכתיבא""], ""דהויי"": [""דהויי""], ""שכרוהתרגום"": [""שכרוהתרגום""], ""מזונותיוהתרגום"": [""מזונותיוהתרגום""], ""ממונוהאם"": [""ממונוהאם""], ""אומנותוהתרגום"": [""אומנותוהתרגום""], ""שכרוהאם"": [""שכרוהאם""], ""מזונותיוהאם"": [""מזונותיוהאם""], ""דהוייון"": [""דהוייון""], ""אומנותוהאם"": [""אומנותוהאם""]}",את,0.055655,לו,0.049889,בית,0.024314,ממונו,0.022932,ממון,0.010499,חמור,0.005285,דכת,0.00487,פועלים,0.004368,שדה,0.003019,אתו,0.002953,עפר,0.002786,ביתו,0.002603,חמורו,0.002531,פועל,0.002412,שכר,0.002075,אב,0.002009,מידו,0.001942,דהו,0.001906,וכת,0.001825,עבדו,0.001787,עבדים,0.001732,דהוון,0.001714,ביד,0.00161,בכסף,0.001329,אביו,0.001263,שדהו,0.00115,חפץ,0.000661,ונתן,0.00066,אומנות,0.00051,מזונות,0.00047,וכתיב,0.000469,שכרו,0.000424,מזון,0.000408,מזונותיו,0.00029,אומנותו,0.000159,בידן,0.000119,דהוי,0.000118,אתוון,2e-05,ממונוהתרגום,1.7e-05,חמורוון,5e-06,וכתיבא,4e-06,דהויי,2e-06,שכרוהתרגום,0.0,מזונותיוהתרגום,0.0,ממונוהאם,0.0,אומנותוהתרגום,0.0,שכרוהאם,0.0,מזונותיוהאם,0.0,דהוייון,0.0,אומנותוהאם,0.0,VERB,False,שתי,שתי,True,False,True,True,True,True,True,40.0,4.0,36.0,False,True
Midrash_Aggadic_Midrash_Pesikta_DRav_Kahanna__10_1,pesikta_drk,117,פרות,6.387,0.7446,0.0,0.2715,50,7,True,"{""נשים"": 1, ""ספינות"": 1, ""פרדות"": 1, ""סוסים"": 1, ""בהמות"": 1, ""עיניו"": 1, ""פרות"": 1, ""עבדים"": 1, ""נערות"": 1, ""פועלים"": 1, ""גמלים"": 1, ""שפחות"": 1, ""אמות"": 1, ""מיטות"": 1, ""שערים"": 1, ""אמה"": 1, ""אמהות"": 1, ""בהמה"": 1, ""מגדנות"": 1, ""פועלות"": 1, ""גדיות"": 1, ""פרותיו"": 1, ""פרדותו"": 1, ""ספינותיו"": 1, ""שפחותיו"": 1, ""נערותי"": 1, ""אמותי"": 1, ""מגדנותו"": 1, ""עיניוהתרגום"": 1, ""אמהותהתרגום"": 1, ""מיטותהתרגום"": 1, ""פרדותוון"": 1, ""פועלותהתרגום"": 1, ""גדיותהתרגום"": 1, ""פרותיוו"": 1, ""ספינותיוון"": 1, ""עיניוהאם"": 1, ""אמותיון"": 1, ""פרותיווין"": 1, ""שפחותיוהתרגום"": 1, ""אמהותהאם"": 1, ""מיטותהאם"": 1, ""נערותיורדות"": 1, ""נערותיורשות"": 1, ""פועלותהאם"": 1, ""גדיותהאם"": 1, ""נערותיורשותיו"": 1, ""שפחותיוהאם"": 1, ""נערותיורדותלארץ"": 1, ""נערותיורדותלעשות"": 1}","{""נשים"": [""נשים""], ""ספינות"": [""ספינות""], ""פרדות"": [""פרדות""], ""סוסים"": [""סוסים""], ""בהמות"": [""בהמות""], ""עיניו"": [""עיניו""], ""פרות"": [""פרות""], ""עבדים"": [""עבדים""], ""נערות"": [""נערות""], ""פועלים"": [""פועלים""], ""גמלים"": [""גמלים""], ""שפחות"": [""שפחות""], ""אמות"": [""אמות""], ""מיטות"": [""מיטות""], ""שערים"": [""שערים""], ""אמה"": [""אמה""], ""אמהות"": [""אמהות""], ""בהמה"": [""בהמה""], ""מגדנות"": [""מגדנות""], ""פועלות"": [""פועלות""], ""גדיות"": [""גדיות""], ""פרותיו"": [""פרותיו""], ""פרדותו"": [""פרדותו""], ""ספינותיו"": [""ספינותיו""], ""שפחותיו"": [""שפחותיו""], ""נערותי"": [""נערותי""], ""אמותי"": [""אמותי""], ""מגדנותו"": [""מגדנותו""], ""עיניוהתרגום"": [""עיניוהתרגום""], ""אמהותהתרגום"": [""אמהותהתרגום""], ""מיטותהתרגום"": [""מיטותהתרגום""], ""פרדותוון"": [""פרדותוון""], ""פועלותהתרגום"": [""פועלותהתרגום""], ""גדיותהתרגום"": [""גדיותהתרגום""], ""פרותיוו"": [""פרותיוו""], ""ספינותיוון"": [""ספינותיוון""], ""עיניוהאם"": [""עיניוהאם""], ""אמותיון"": [""אמותיון""], ""פרותיווין"": [""פרותיווין""], ""שפחותיוהתרגום"": [""שפחותיוהתרגום""], ""אמהותהאם"": [""אמהותהאם""], ""מיטותהאם"": [""מיטותהאם""], ""נערותיורדות"": [""נערותיורדות""], ""נערותיורשות"": [""נערותיורשות""], ""פועלותהאם"": [""פועלותהאם""], ""גדיותהאם"": [""גדיותהאם""], ""נערותיורשותיו"": [""נערותיורשותיו""], ""שפחותיוהאם"": [""שפחותיוהאם""], ""נערותיורדותלארץ"": [""נערותיורדותלארץ""], ""נערותיורדותלעשות"": [""נערותיורדותלעשות""]}",נשים,0.073815,ספינות,0.037237,פרדות,0.032481,סוסים,0.021988,בהמות,0.017691,עיניו,0.013234,פרות,0.011949,עבדים,0.010756,נערות,0.007541,פועלים,0.005987,גמלים,0.005413,שפחות,0.005323,אמות,0.004953,מיטות,0.00446,שערים,0.004081,אמה,0.003681,אמהות,0.003292,בהמה,0.002799,מגדנות,0.001776,פועלות,0.001536,גדיות,0.000802,פרותיו,0.000255,פרדותו,0.000215,ספינותיו,7.6e-05,שפחותיו,4.4e-05,נערותי,4e-05,אמותי,2.3e-05,מגדנותו,1.9e-05,עיניוהתרגום,1.3e-05,אמהותהתרגום,3e-06,מיטותהתרגום,3e-06,פרדותוון,1e-06,פועלותהתרגום,1e-06,גדיותהתרגום,1e-06,פרותיוו,0.0,ספינותיוון,0.0,עיניוהאם,0.0,אמותיון,0.0,פרותיווין,0.0,שפחותיוהתרגום,0.0,אמהותהאם,0.0,מיטותהאם,0.0,נערותיורדות,0.0,נערותיורשות,0.0,פועלותהאם,0.0,גדיותהאם,0.0,נערותיורשותיו,0.0,שפחותיוהאם,0.0,נערותיורדותלארץ,0.0,נערותיורדותלעשות,0.0,NUM,False,פרות,פרה,False,False,False,True,True,True,False,,,,False,False
Midrash_Aggadic_Midrash_Pesikta_DRav_Kahanna__10_1,pesikta_drk,118,והוא,6.7288,0.8919,0.7943,0.1323,50,-1,False,"{""של"": 1, ""אחת"": 1, ""מן"": 1, ""ואמר"": 1, ""חסר"": 1, ""ושתי"": 1, ""והיה"": 1, ""ונתן"": 1, ""בשני"": 1, ""והכניס"": 1, ""ושני"": 1, ""ואינו"": 1, ""בפחות"": 1, ""משל"": 1, ""ונתנה"": 1, ""בשכר"": 1, ""שלש"": 1, ""בדינר"": 1, ""ולעשות"": 1, ""חמש"": 1, ""חסרה"": 1, ""והכניסה"": 1, ""בשכרן"": 1, ""ואמרנו"": 1, ""ולשכור"": 1, ""ונתנהו"": 1, ""חמשה"": 1, ""בדמים"": 1, ""ולעשותן"": 1, ""חסרהו"": 1, ""בדינרי"": 1, ""והכניסהו"": 1, ""מפונדיון"": 1, ""מפונדק"": 1, ""בדינרין"": 1, ""שלשון"": 1, ""מפונדקאות"": 1, ""בשנייה"": 1, ""ושתיו"": 1, ""ושניי"": 1, ""בדינריים"": 1, ""ולשכורן"": 1, ""ואמרנוו"": 1, ""בשנייהו"": 1, ""חמשהו"": 1, ""מפונדקאותו"": 1, ""ושתיוון"": 1, ""ואמרנווין"": 1, ""והכניסהוון"": 1, ""חמשהוון"": 1}","{""של"": [""של""], ""אחת"": [""אחת""], ""מן"": [""מן""], ""ואמר"": [""ואמר""], ""חסר"": [""חסר""], ""ושתי"": [""ושתי""], ""והיה"": [""והיה""], ""ונתן"": [""ונתן""], ""בשני"": [""בשני""], ""והכניס"": [""והכניס""], ""ושני"": [""ושני""], ""ואינו"": [""ואינו""], ""בפחות"": [""בפחות""], ""משל"": [""משל""], ""ונתנה"": [""ונתנה""], ""בשכר"": [""בשכר""], ""שלש"": [""שלש""], ""בדינר"": [""בדינר""], ""ולעשות"": [""ולעשות""], ""חמש"": [""חמש""], ""חסרה"": [""חסרה""], ""והכניסה"": [""והכניסה""], ""בשכרן"": [""בשכרן""], ""ואמרנו"": [""ואמרנו""], ""ולשכור"": [""ולשכור""], ""ונתנהו"": [""ונתנהו""], ""חמשה"": [""חמשה""], ""בדמים"": [""בדמים""], ""ולעשותן"": [""ולעשותן""], ""חסרהו"": [""חסרהו""], ""בדינרי"": [""בדינרי""], ""והכניסהו"": [""והכניסהו""], ""מפונדיון"": [""מפונדיון""], ""מפונדק"": [""מפונדק""], ""בדינרין"": [""בדינרין""], ""שלשון"": [""שלשון""], ""מפונדקאות"": [""מפונדקאות""], ""בשנייה"": [""בשנייה""], ""ושתיו"": [""ושתיו""], ""ושניי"": [""ושניי""], ""בדינריים"": [""בדינריים""], ""ולשכורן"": [""ולשכורן""], ""ואמרנוו"": [""ואמרנוו""], ""בשנייהו"": [""בשנייהו""], ""חמשהו"": [""חמשהו""], ""מפונדקאותו"": [""מפונדקאותו""], ""ושתיוון"": [""ושתיוון""], ""ואמרנווין"": [""ואמרנווין""], ""והכניסהוון"": [""והכניסהוון""], ""חמשהוון"": [""חמשהוון""]}",של,0.040321,אחת,0.019651,מן,0.01846,ואמר,0.009441,חסר,0.006869,ושתי,0.003934,והיה,0.003864,ונתן,0.003047,בשני,0.002958,והכניס,0.002534,ושני,0.002423,ואינו,0.002314,בפחות,0.002292,משל,0.001911,ונתנה,0.001877,בשכר,0.001712,שלש,0.00139,בדינר,0.001269,ולעשות,0.001182,חמש,0.001021,חסרה,0.00078,והכניסה,0.000733,בשכרן,0.000444,ואמרנו,0.000436,ולשכור,0.000338,ונתנהו,0.000282,חמשה,0.000278,בדמים,0.000233,ולעשותן,0.000109,חסרהו,7.2e-05,בדינרי,3.9e-05,והכניסהו,3.1e-05,מפונדיון,2.4e-05,מפונדק,2.3e-05,בדינרין,2e-05,שלשון,1.7e-05,מפונדקאות,4e-06,בשנייה,3e-06,ושתיו,2e-06,ושניי,1e-06,בדינריים,1e-06,ולשכורן,1e-06,ואמרנוו,1e-06,בשנייהו,1e-06,חמשהו,0.0,מפונדקאותו,0.0,ושתיוון,0.0,ואמרנווין,0.0,והכניסהוון,0.0,חמשהוון,0.0,SYM,True,והוא,הוא,False,True,False,True,True,True,False,,,,False,False
Midrash_Aggadic_Midrash_Pesikta_DRav_Kahanna__10_1,pesikta_drk,119,שואל,5.2757,0.7686,0.0,0.3431,50,4,True,"{""לא"": 1, ""שאל"": 1, ""היה"": 1, ""שואל"": 1, ""רוצה"": 1, ""מכר"": 1, ""אומר"": 1, ""רצה"": 1, ""משך"": 1, ""עשה"": 1, ""השכיר"": 1, ""מבקש"": 1, ""ראה"": 1, ""משכן"": 1, ""ידע"": 1, ""הכניס"": 1, ""מכרן"": 1, ""אוכל"": 1, ""אומ"": 1, ""נטל"": 1, ""הולך"": 1, ""עמד"": 1, ""השכירה"": 1, ""יושב"": 1, ""שאלן"": 1, ""נזק"": 1, ""נזקק"": 1, ""אומן"": 1, ""לאו"": 1, ""השכירן"": 1, ""שואלן"": 1, ""הכניסה"": 1, ""נזון"": 1, ""אוכלן"": 1, ""השכירהו"": 1, ""ראהו"": 1, ""ידען"": 1, ""הכניסהו"": 1, ""לאויר"": 1, ""עמדת"": 1, ""מבקשנו"": 1, ""נזקקן"": 1, ""לאוירא"": 1, ""עמדתנו"": 1, ""הכניסהוון"": 1, ""מבקשנוו"": 1, ""לאויראנו"": 1, ""מבקשנווין"": 1, ""לאויראנוו"": 1, ""לאויראנווין"": 1}","{""לא"": [""לא""], ""שאל"": [""שאל""], ""היה"": [""היה""], ""שואל"": [""שואל""], ""רוצה"": [""רוצה""], ""מכר"": [""מכר""], ""אומר"": [""אומר""], ""רצה"": [""רצה""], ""משך"": [""משך""], ""עשה"": [""עשה""], ""השכיר"": [""השכיר""], ""מבקש"": [""מבקש""], ""ראה"": [""ראה""], ""משכן"": [""משכן""], ""ידע"": [""ידע""], ""הכניס"": [""הכניס""], ""מכרן"": [""מכרן""], ""אוכל"": [""אוכל""], ""אומ"": [""אומ""], ""נטל"": [""נטל""], ""הולך"": [""הולך""], ""עמד"": [""עמד""], ""השכירה"": [""השכירה""], ""יושב"": [""יושב""], ""שאלן"": [""שאלן""], ""נזק"": [""נזק""], ""נזקק"": [""נזקק""], ""אומן"": [""אומן""], ""לאו"": [""לאו""], ""השכירן"": [""השכירן""], ""שואלן"": [""שואלן""], ""הכניסה"": [""הכניסה""], ""נזון"": [""נזון""], ""אוכלן"": [""אוכלן""], ""השכירהו"": [""השכירהו""], ""ראהו"": [""ראהו""], ""ידען"": [""ידען""], ""הכניסהו"": [""הכניסהו""], ""לאויר"": [""לאויר""], ""עמדת"": [""עמדת""], ""מבקשנו"": [""מבקשנו""], ""נזקקן"": [""נזקקן""], ""לאוירא"": [""לאוירא""], ""עמדתנו"": [""עמדתנו""], ""הכניסהוון"": [""הכניסהוון""], ""מבקשנוו"": [""מבקשנוו""], ""לאויראנו"": [""לאויראנו""], ""מבקשנווין"": [""מבקשנווין""], ""לאויראנוו"": [""לאויראנוו""], ""לאויראנווין"": [""לאויראנווין""]}",לא,0.09732,שאל,0.038389,היה,0.030148,שואל,0.025814,רוצה,0.023116,מכר,0.017344,אומר,0.01665,רצה,0.012985,משך,0.012886,עשה,0.008767,השכיר,0.008228,מבקש,0.005458,ראה,0.005006,משכן,0.004891,ידע,0.004421,הכניס,0.003858,מכרן,0.003265,אוכל,0.002651,אומ,0.00234,נטל,0.002326,הולך,0.00229,עמד,0.002287,השכירה,0.002176,יושב,0.001783,שאלן,0.001703,נזק,0.001668,נזקק,0.001282,אומן,0.001116,לאו,0.00066,השכירן,0.000584,שואלן,0.000451,הכניסה,0.000401,נזון,0.000309,אוכלן,0.0003,השכירהו,7.4e-05,ראהו,5.1e-05,ידען,2.6e-05,הכניסהו,2.3e-05,לאויר,7e-06,עמדת,5e-06,מבקשנו,5e-06,נזקקן,2e-06,לאוירא,1e-06,עמדתנו,0.0,הכניסהוון,0.0,מבקשנוו,0.0,לאויראנו,0.0,מבקשנווין,0.0,לאויראנוו,0.0,לאויראנווין,0.0,SYM,True,שואל,שואל,False,False,False,True,True,True,False,,,,False,False
Midrash_Aggadic_Midrash_Pesikta_DRav_Kahanna__10_1,pesikta_drk,120,אחת,4.1997,0.7505,0.0,0.3491,50,2,True,"{""את"": 1, ""אחת"": 1, ""פרה"": 1, ""שתי"": 1, ""להן"": 1, ""אותן"": 1, ""על"": 1, ""פרת"": 1, ""ואינו"": 1, ""חסר"": 1, ""חמש"": 1, ""והיה"": 1, ""ואומר"": 1, ""ממנה"": 1, ""עשר"": 1, ""והן"": 1, ""עשרה"": 1, ""חמשה"": 1, ""עליהן"": 1, ""ועושה"": 1, ""אתן"": 1, ""להו"": 1, ""בפרות"": 1, ""בדעת"": 1, ""ומשתכר"": 1, ""חסרה"": 1, ""בדעתו"": 1, ""עשרון"": 1, ""מפרות"": 1, ""מפרה"": 1, ""שתיים"": 1, ""אחתן"": 1, ""ואומרת"": 1, ""חסרהו"": 1, ""ועושהו"": 1, ""פרתא"": 1, ""מפרותיו"": 1, ""ומשתכרת"": 1, ""בפרותיו"": 1, ""להוון"": 1, ""והיהוד"": 1, ""והיהודים"": 1, ""ואומרתא"": 1, ""חמשההתרגום"": 1, ""מפרותיוהתרגום"": 1, ""ואומרתאנו"": 1, ""מפרותיוהאם"": 1, ""ואומרתאנוו"": 1, ""ואומרתאנוויה"": 1, ""ואומרתאנוויהו"": 1}","{""את"": [""את""], ""אחת"": [""אחת""], ""פרה"": [""פרה""], ""שתי"": [""שתי""], ""להן"": [""להן""], ""אותן"": [""אותן""], ""על"": [""על""], ""פרת"": [""פרת""], ""ואינו"": [""ואינו""], ""חסר"": [""חסר""], ""חמש"": [""חמש""], ""והיה"": [""והיה""], ""ואומר"": [""ואומר""], ""ממנה"": [""ממנה""], ""עשר"": [""עשר""], ""והן"": [""והן""], ""עשרה"": [""עשרה""], ""חמשה"": [""חמשה""], ""עליהן"": [""עליהן""], ""ועושה"": [""ועושה""], ""אתן"": [""אתן""], ""להו"": [""להו""], ""בפרות"": [""בפרות""], ""בדעת"": [""בדעת""], ""ומשתכר"": [""ומשתכר""], ""חסרה"": [""חסרה""], ""בדעתו"": [""בדעתו""], ""עשרון"": [""עשרון""], ""מפרות"": [""מפרות""], ""מפרה"": [""מפרה""], ""שתיים"": [""שתיים""], ""אחתן"": [""אחתן""], ""ואומרת"": [""ואומרת""], ""חסרהו"": [""חסרהו""], ""ועושהו"": [""ועושהו""], ""פרתא"": [""פרתא""], ""מפרותיו"": [""מפרותיו""], ""ומשתכרת"": [""ומשתכרת""], ""בפרותיו"": [""בפרותיו""], ""להוון"": [""להוון""], ""והיהוד"": [""והיהוד""], ""והיהודים"": [""והיהודים""], ""ואומרתא"": [""ואומרתא""], ""חמשההתרגום"": [""חמשההתרגום""], ""מפרותיוהתרגום"": [""מפרותיוהתרגום""], ""ואומרתאנו"": [""ואומרתאנו""], ""מפרותיוהאם"": [""מפרותיוהאם""], ""ואומרתאנוו"": [""ואומרתאנוו""], ""ואומרתאנוויה"": [""ואומרתאנוויה""], ""ואומרתאנוויהו"": [""ואומרתאנוויהו""]}",את,0.064625,אחת,0.05442,פרה,0.048849,שתי,0.045116,להן,0.027712,אותן,0.02694,על,0.024915,פרת,0.010731,ואינו,0.009241,חסר,0.005887,חמש,0.004881,והיה,0.004746,ואומר,0.004037,ממנה,0.002682,עשר,0.002361,והן,0.002139,עשרה,0.001811,חמשה,0.001355,עליהן,0.001303,ועושה,0.000903,אתן,0.000735,להו,0.000632,בפרות,0.000488,בדעת,0.000445,ומשתכר,0.000334,חסרה,0.000316,בדעתו,0.000247,עשרון,0.000192,מפרות,0.000187,מפרה,0.000176,שתיים,0.000169,אחתן,0.000161,ואומרת,8.2e-05,חסרהו,7.1e-05,ועושהו,5.4e-05,פרתא,4.9e-05,מפרותיו,4.8e-05,ומשתכרת,3e-05,בפרותיו,3e-05,להוון,1.2e-05,והיהוד,1.2e-05,והיהודים,9e-06,ואומרתא,1e-06,חמשההתרגום,0.0,מפרותיוהתרגום,0.0,ואומרתאנו,0.0,מפרותיוהאם,0.0,ואומרתאנוו,0.0,ואומרתאנוויה,0.0,ואומרתאנוויהו,0.0,ADP,False,אחת,אחת,False,False,False,True,True,True,False,,,,False,False
Midrash_Aggadic_Midrash_Pesikta_DRav_Kahanna__10_1,pesikta_drk,121,ושוכר,10.1268,0.8776,0.7185,0.3734,50,-1,False,"{""מה"": 1, ""מהן"": 1, ""מן"": 1, ""מהם"": 1, ""של"": 1, ""פרה"": 1, ""ואומר"": 1, ""ואינו"": 1, ""משתי"": 1, ""דכת"": 1, ""והיתה"": 1, ""משל"": 1, ""פרת"": 1, ""וחסר"": 1, ""וחוזר"": 1, ""מנה"": 1, ""דהו"": 1, ""דהוון"": 1, ""מאלו"": 1, ""מאב"": 1, ""משלו"": 1, ""מאביו"": 1, ""שליש"": 1, ""ועושה"": 1, ""שלישית"": 1, ""להאכיל"": 1, ""והשניה"": 1, ""וחסרה"": 1, ""והשנית"": 1, ""משניהם"": 1, ""ואומרת"": 1, ""להאכילו"": 1, ""ומשתכר"": 1, ""להוליך"": 1, ""שלישיתו"": 1, ""מנהו"": 1, ""דהוי"": 1, ""ועושהו"": 1, ""ומשתכרת"": 1, ""וחסרהו"": 1, ""פרתא"": 1, ""וחוזרין"": 1, ""והשניתו"": 1, ""והשניהן"": 1, ""ואומרתנו"": 1, ""דהויי"": 1, ""ומשתכרתהתרגום"": 1, ""והשניתוון"": 1, ""דהוייון"": 1, ""ומשתכרתהאם"": 1}","{""מה"": [""מה""], ""מהן"": [""מהן""], ""מן"": [""מן""], ""מהם"": [""מהם""], ""של"": [""של""], ""פרה"": [""פרה""], ""ואומר"": [""ואומר""], ""ואינו"": [""ואינו""], ""משתי"": [""משתי""], ""דכת"": [""דכת""], ""והיתה"": [""והיתה""], ""משל"": [""משל""], ""פרת"": [""פרת""], ""וחסר"": [""וחסר""], ""וחוזר"": [""וחוזר""], ""מנה"": [""מנה""], ""דהו"": [""דהו""], ""דהוון"": [""דהוון""], ""מאלו"": [""מאלו""], ""מאב"": [""מאב""], ""משלו"": [""משלו""], ""מאביו"": [""מאביו""], ""שליש"": [""שליש""], ""ועושה"": [""ועושה""], ""שלישית"": [""שלישית""], ""להאכיל"": [""להאכיל""], ""והשניה"": [""והשניה""], ""וחסרה"": [""וחסרה""], ""והשנית"": [""והשנית""], ""משניהם"": [""משניהם""], ""ואומרת"": [""ואומרת""], ""להאכילו"": [""להאכילו""], ""ומשתכר"": [""ומשתכר""], ""להוליך"": [""להוליך""], ""שלישיתו"": [""שלישיתו""], ""מנהו"": [""מנהו""], ""דהוי"": [""דהוי""], ""ועושהו"": [""ועושהו""], ""ומשתכרת"": [""ומשתכרת""], ""וחסרהו"": [""וחסרהו""], ""פרתא"": [""פרתא""], ""וחוזרין"": [""וחוזרין""], ""והשניתו"": [""והשניתו""], ""והשניהן"": [""והשניהן""], ""ואומרתנו"": [""ואומרתנו""], ""דהויי"": [""דהויי""], ""ומשתכרתהתרגום"": [""ומשתכרתהתרגום""], ""והשניתוון"": [""והשניתוון""], ""דהוייון"": [""דהוייון""], ""ומשתכרתהאם"": [""ומשתכרתהאם""]}",מה,0.119958,מהן,0.099201,מן,0.037746,מהם,0.032795,של,0.015014,פרה,0.00844,ואומר,0.006824,ואינו,0.006824,משתי,0.005587,דכת,0.004965,והיתה,0.004567,משל,0.003156,פרת,0.002871,וחסר,0.002849,וחוזר,0.002587,מנה,0.002419,דהו,0.002039,דהוון,0.00172,מאלו,0.001654,מאב,0.001603,משלו,0.001308,מאביו,0.001232,שליש,0.001119,ועושה,0.001005,שלישית,0.000961,להאכיל,0.000833,והשניה,0.000695,וחסרה,0.000627,והשנית,0.000576,משניהם,0.000559,ואומרת,0.000406,להאכילו,0.000368,ומשתכר,0.000285,להוליך,0.00019,שלישיתו,9.9e-05,מנהו,7.8e-05,דהוי,7.5e-05,ועושהו,6.4e-05,ומשתכרת,2.9e-05,וחסרהו,2.6e-05,פרתא,2.1e-05,וחוזרין,8e-06,והשניתו,6e-06,והשניהן,6e-06,ואומרתנו,3e-06,דהויי,1e-06,ומשתכרתהתרגום,0.0,והשניתוון,0.0,דהוייון,0.0,ומשתכרתהאם,0.0,SYM,True,ושוכר,שוכר,False,False,False,True,True,True,False,,,,False,False
Midrash_Aggadic_Midrash_Pesikta_DRav_Kahanna__10_1,pesikta_drk,122,אחת,2.7746,0.6825,0.0,0.7158,5,3,True,"{""שתים"": 1, ""שתי"": 1, ""אחת"": 1, ""שתיהן"": 1, ""שתיים"": 1}","{""שתים"": [""שתים""], ""שתי"": [""שתי""], ""אחת"": [""אחת""], ""שתיהן"": [""שתיהן""], ""שתיים"": [""שתיים""]}",שתים,0.368427,שתי,0.168203,אחת,0.146137,שתיהן,0.023188,שתיים,0.009825,,,,,,,,,,,,,,,,,,,,,,,,,,,,,,,,,,,,,,,,,,,,,,,,,,,,,,,,,,,,,,,,,,,,,,,,,,,,,,,,,,,,,,,,,,,ADP,True,אחת,אחת,False,False,False,True,True,True,False,,,,False,False
Midrash_Aggadic_Midrash_Pesikta_DRav_Kahanna__10_1,pesikta_drk,123,ולא,5.9601,0.7546,0.0,0.1669,50,3,True,"{""והוא"": 1, ""דכת"": 1, ""ולא"": 1, ""חסר"": 1, ""ואומר"": 1, ""פתר"": 1, ""ואינו"": 1, ""ושואל"": 1, ""והיה"": 1, ""וחוזר"": 1, ""וחסר"": 1, ""דהו"": 1, ""וכת"": 1, ""דהוון"": 1, ""ושוכר"": 1, ""והרי"": 1, ""ועושה"": 1, ""אמ"": 1, ""פטור"": 1, ""וכתיב"": 1, ""משלם"": 1, ""מאי"": 1, ""חיסר"": 1, ""אמרי"": 1, ""חסרה"": 1, ""וחסרה"": 1, ""ולאו"": 1, ""ואומרת"": 1, ""דהא"": 1, ""ושוכרת"": 1, ""פתרו"": 1, ""ועושהו"": 1, ""וחסרהו"": 1, ""ועושין"": 1, ""חסרהו"": 1, ""פטורין"": 1, ""חיסרנו"": 1, ""ושואלין"": 1, ""מאיו"": 1, ""ולאויר"": 1, ""פתרוון"": 1, ""ושוכרתנו"": 1, ""ולאוירא"": 1, ""דהאוי"": 1, ""מאיוון"": 1, ""חיסרנוו"": 1, ""דהאויי"": 1, ""ושוכרתנוו"": 1, ""ושוכרתנווין"": 1, ""דהאוייון"": 1}","{""והוא"": [""והוא""], ""דכת"": [""דכת""], ""ולא"": [""ולא""], ""חסר"": [""חסר""], ""ואומר"": [""ואומר""], ""פתר"": [""פתר""], ""ואינו"": [""ואינו""], ""ושואל"": [""ושואל""], ""והיה"": [""והיה""], ""וחוזר"": [""וחוזר""], ""וחסר"": [""וחסר""], ""דהו"": [""דהו""], ""וכת"": [""וכת""], ""דהוון"": [""דהוון""], ""ושוכר"": [""ושוכר""], ""והרי"": [""והרי""], ""ועושה"": [""ועושה""], ""אמ"": [""אמ""], ""פטור"": [""פטור""], ""וכתיב"": [""וכתיב""], ""משלם"": [""משלם""], ""מאי"": [""מאי""], ""חיסר"": [""חיסר""], ""אמרי"": [""אמרי""], ""חסרה"": [""חסרה""], ""וחסרה"": [""וחסרה""], ""ולאו"": [""ולאו""], ""ואומרת"": [""ואומרת""], ""דהא"": [""דהא""], ""ושוכרת"": [""ושוכרת""], ""פתרו"": [""פתרו""], ""ועושהו"": [""ועושהו""], ""וחסרהו"": [""וחסרהו""], ""ועושין"": [""ועושין""], ""חסרהו"": [""חסרהו""], ""פטורין"": [""פטורין""], ""חיסרנו"": [""חיסרנו""], ""ושואלין"": [""ושואלין""], ""מאיו"": [""מאיו""], ""ולאויר"": [""ולאויר""], ""פתרוון"": [""פתרוון""], ""ושוכרתנו"": [""ושוכרתנו""], ""ולאוירא"": [""ולאוירא""], ""דהאוי"": [""דהאוי""], ""מאיוון"": [""מאיוון""], ""חיסרנוו"": [""חיסרנוו""], ""דהאויי"": [""דהאויי""], ""ושוכרתנוו"": [""ושוכרתנוו""], ""ושוכרתנווין"": [""ושוכרתנווין""], ""דהאוייון"": [""דהאוייון""]}",והוא,0.020626,דכת,0.016615,ולא,0.016063,חסר,0.014397,ואומר,0.013584,פתר,0.011989,ואינו,0.011261,ושואל,0.00879,והיה,0.006841,וחוזר,0.005655,וחסר,0.005142,דהו,0.004826,וכת,0.004293,דהוון,0.004275,ושוכר,0.004127,והרי,0.003132,ועושה,0.00219,אמ,0.002086,פטור,0.001674,וכתיב,0.001619,משלם,0.001346,מאי,0.001116,חיסר,0.000985,אמרי,0.000911,חסרה,0.000825,וחסרה,0.00067,ולאו,0.000519,ואומרת,0.000502,דהא,0.000252,ושוכרת,0.000163,פתרו,0.000119,ועושהו,0.000111,וחסרהו,9e-05,ועושין,1.9e-05,חסרהו,1.5e-05,פטורין,1.5e-05,חיסרנו,9e-06,ושואלין,4e-06,מאיו,3e-06,ולאויר,2e-06,פתרוון,1e-06,ושוכרתנו,1e-06,ולאוירא,0.0,דהאוי,0.0,מאיוון,0.0,חיסרנוו,0.0,דהאויי,0.0,ושוכרתנוו,0.0,ושוכרתנווין,0.0,דהאוייון,0.0,ADP,True,ולא,לא,False,True,False,True,True,True,False,,,,False,False
Midrash_Aggadic_Midrash_Pesikta_DRav_Kahanna__10_1,pesikta_drk,124,ידע,3.1872,0.5001,0.0,0.2756,50,1,True,"{""ידע"": 1, ""יודע"": 1, ""היה"": 1, ""נתן"": 1, ""משלם"": 1, ""יכול"": 1, ""הוי"": 1, ""שילם"": 1, ""משך"": 1, ""שאל"": 1, ""הוה"": 1, ""קבל"": 1, ""ניחא"": 1, ""נודע"": 1, ""קנה"": 1, ""מיחו"": 1, ""משייר"": 1, ""נתנו"": 1, ""ידעי"": 1, ""ידעת"": 1, ""מיחייב"": 1, ""משייל"": 1, ""קנהו"": 1, ""קבלו"": 1, ""שילמה"": 1, ""ידעתה"": 1, ""הויי"": 1, ""יודעין"": 1, ""יכולת"": 1, ""משיילתה"": 1, ""משיילתהו"": 1, ""ידעיי"": 1, ""נודענו"": 1, ""מיחייבי"": 1, ""משיירא"": 1, ""היהוד"": 1, ""שילמהו"": 1, ""ידעתהו"": 1, ""מיחוור"": 1, ""היהודים"": 1, ""נתנוו"": 1, ""מיחוורו"": 1, ""הוייון"": 1, ""ידעייון"": 1, ""נתנווין"": 1, ""משייראנו"": 1, ""ידעתהוון"": 1, ""נודענוו"": 1, ""משייראנוו"": 1, ""נודענווין"": 1}","{""ידע"": [""ידע""], ""יודע"": [""יודע""], ""היה"": [""היה""], ""נתן"": [""נתן""], ""משלם"": [""משלם""], ""יכול"": [""יכול""], ""הוי"": [""הוי""], ""שילם"": [""שילם""], ""משך"": [""משך""], ""שאל"": [""שאל""], ""הוה"": [""הוה""], ""קבל"": [""קבל""], ""ניחא"": [""ניחא""], ""נודע"": [""נודע""], ""קנה"": [""קנה""], ""מיחו"": [""מיחו""], ""משייר"": [""משייר""], ""נתנו"": [""נתנו""], ""ידעי"": [""ידעי""], ""ידעת"": [""ידעת""], ""מיחייב"": [""מיחייב""], ""משייל"": [""משייל""], ""קנהו"": [""קנהו""], ""קבלו"": [""קבלו""], ""שילמה"": [""שילמה""], ""ידעתה"": [""ידעתה""], ""הויי"": [""הויי""], ""יודעין"": [""יודעין""], ""יכולת"": [""יכולת""], ""משיילתה"": [""משיילתה""], ""משיילתהו"": [""משיילתהו""], ""ידעיי"": [""ידעיי""], ""נודענו"": [""נודענו""], ""מיחייבי"": [""מיחייבי""], ""משיירא"": [""משיירא""], ""היהוד"": [""היהוד""], ""שילמהו"": [""שילמהו""], ""ידעתהו"": [""ידעתהו""], ""מיחוור"": [""מיחוור""], ""היהודים"": [""היהודים""], ""נתנוו"": [""נתנוו""], ""מיחוורו"": [""מיחוורו""], ""הוייון"": [""הוייון""], ""ידעייון"": [""ידעייון""], ""נתנווין"": [""נתנווין""], ""משייראנו"": [""משייראנו""], ""ידעתהוון"": [""ידעתהוון""], ""נודענוו"": [""נודענוו""], ""משייראנוו"": [""משייראנוו""], ""נודענווין"": [""נודענווין""]}",ידע,0.109792,יודע,0.023475,היה,0.01916,נתן,0.018554,משלם,0.017962,יכול,0.015638,הוי,0.011506,שילם,0.009487,משך,0.007506,שאל,0.007411,הוה,0.00552,קבל,0.005152,ניחא,0.004895,נודע,0.003797,קנה,0.002982,מיחו,0.002295,משייר,0.001983,נתנו,0.001956,ידעי,0.001663,ידעת,0.001379,מיחייב,0.001228,משייל,0.000866,קנהו,0.000293,קבלו,0.000288,שילמה,0.000194,ידעתה,0.000139,הויי,9e-05,יודעין,7.9e-05,יכולת,6e-05,משיילתה,5.9e-05,משיילתהו,2.9e-05,ידעיי,2.8e-05,נודענו,2.7e-05,מיחייבי,2.4e-05,משיירא,2.1e-05,היהוד,1.2e-05,שילמהו,8e-06,ידעתהו,7e-06,מיחוור,6e-06,היהודים,5e-06,נתנוו,4e-06,מיחוורו,1e-06,הוייון,1e-06,ידעייון,0.0,נתנווין,0.0,משייראנו,0.0,ידעתהוון,0.0,נודענוו,0.0,משייראנוו,0.0,נודענווין,0.0,SYM,True,ידע,ידע,False,False,False,True,True,True,False,,,,False,False
Midrash_Aggadic_Midrash_Pesikta_DRav_Kahanna__10_1,pesikta_drk,125,כי,3.3741,0.5855,0.0,0.2853,50,1,True,"{""כי"": 1, ""מה"": 1, ""אם"": 1, ""שהוא"": 1, ""מאי"": 1, ""שהיתה"": 1, ""באיזו"": 1, ""שמא"": 1, ""דא"": 1, ""ששכר"": 1, ""דהו"": 1, ""שאינה"": 1, ""שנשאר"": 1, ""דהוון"": 1, ""שאלו"": 1, ""באיזה"": 1, ""שנא"": 1, ""שהשכירה"": 1, ""שהשוכר"": 1, ""מהו"": 1, ""מנא"": 1, ""כיון"": 1, ""שנשארה"": 1, ""שנאבדה"": 1, ""ששכרה"": 1, ""דהוי"": 1, ""שהשכירות"": 1, ""שהשכירהו"": 1, ""שמאחר"": 1, ""שנאבדו"": 1, ""ששכרהו"": 1, ""באיזהו"": 1, ""מנאן"": 1, ""מאיו"": 1, ""שאינהו"": 1, ""דהויי"": 1, ""שנאבדהו"": 1, ""שמאחרי"": 1, ""באיזוהתרגום"": 1, ""מהוות"": 1, ""שהשכירותי"": 1, ""מאיוון"": 1, ""מהוותא"": 1, ""שנאבדהוהתרגום"": 1, ""שהשכירותיון"": 1, ""שמאחריון"": 1, ""מהוותאנה"": 1, ""מהוותאנהו"": 1, ""שנאבדהוהאם"": 1, ""מהוותאנהוון"": 1}","{""כי"": [""כי""], ""מה"": [""מה""], ""אם"": [""אם""], ""שהוא"": [""שהוא""], ""מאי"": [""מאי""], ""שהיתה"": [""שהיתה""], ""באיזו"": [""באיזו""], ""שמא"": [""שמא""], ""דא"": [""דא""], ""ששכר"": [""ששכר""], ""דהו"": [""דהו""], ""שאינה"": [""שאינה""], ""שנשאר"": [""שנשאר""], ""דהוון"": [""דהוון""], ""שאלו"": [""שאלו""], ""באיזה"": [""באיזה""], ""שנא"": [""שנא""], ""שהשכירה"": [""שהשכירה""], ""שהשוכר"": [""שהשוכר""], ""מהו"": [""מהו""], ""מנא"": [""מנא""], ""כיון"": [""כיון""], ""שנשארה"": [""שנשארה""], ""שנאבדה"": [""שנאבדה""], ""ששכרה"": [""ששכרה""], ""דהוי"": [""דהוי""], ""שהשכירות"": [""שהשכירות""], ""שהשכירהו"": [""שהשכירהו""], ""שמאחר"": [""שמאחר""], ""שנאבדו"": [""שנאבדו""], ""ששכרהו"": [""ששכרהו""], ""באיזהו"": [""באיזהו""], ""מנאן"": [""מנאן""], ""מאיו"": [""מאיו""], ""שאינהו"": [""שאינהו""], ""דהויי"": [""דהויי""], ""שנאבדהו"": [""שנאבדהו""], ""שמאחרי"": [""שמאחרי""], ""באיזוהתרגום"": [""באיזוהתרגום""], ""מהוות"": [""מהוות""], ""שהשכירותי"": [""שהשכירותי""], ""מאיוון"": [""מאיוון""], ""מהוותא"": [""מהוותא""], ""שנאבדהוהתרגום"": [""שנאבדהוהתרגום""], ""שהשכירותיון"": [""שהשכירותיון""], ""שמאחריון"": [""שמאחריון""], ""מהוותאנה"": [""מהוותאנה""], ""מהוותאנהו"": [""מהוותאנהו""], ""שנאבדהוהאם"": [""שנאבדהוהאם""], ""מהוותאנהוון"": [""מהוותאנהוון""]}",כי,0.096447,מה,0.055819,אם,0.025958,שהוא,0.025958,מאי,0.016087,שהיתה,0.009419,באיזו,0.008747,שמא,0.005701,דא,0.00474,ששכר,0.004042,דהו,0.003982,שאינה,0.003861,שנשאר,0.003211,דהוון,0.003117,שאלו,0.003007,באיזה,0.002282,שנא,0.002207,שהשכירה,0.002159,שהשוכר,0.002079,מהו,0.001747,מנא,0.001147,כיון,0.000821,שנשארה,0.00076,שנאבדה,0.00053,ששכרה,0.00047,דהוי,0.00037,שהשכירות,0.000221,שהשכירהו,0.00018,שמאחר,0.000105,שנאבדו,4.7e-05,ששכרהו,3.8e-05,באיזהו,2.2e-05,מנאן,1.5e-05,מאיו,1.4e-05,שאינהו,1.3e-05,דהויי,3e-06,שנאבדהו,3e-06,שמאחרי,2e-06,באיזוהתרגום,1e-06,מהוות,1e-06,שהשכירותי,0.0,מאיוון,0.0,מהוותא,0.0,שנאבדהוהתרגום,0.0,שהשכירותיון,0.0,שמאחריון,0.0,מהוותאנה,0.0,מהוותאנהו,0.0,שנאבדהוהאם,0.0,מהוותאנהוון,0.0,VERB,False,כי,כי,True,True,False,True,True,True,False,,,,False,False
Midrash_Aggadic_Midrash_Pesikta_DRav_Kahanna__10_1,pesikta_drk,126,חסר,1.056,0.0816,0.0,0.6506,15,1,True,"{""חסר"": 1, ""חסרה"": 1, ""חיסר"": 1, ""חסרהו"": 1, ""שכר"": 1, ""נחסר"": 1, ""אבד"": 1, ""אבדה"": 1, ""אינן"": 1, ""נחסרה"": 1, ""נאבדה"": 1, ""חיסרנו"": 1, ""נחסרהו"": 1, ""אבדהו"": 1, ""נאבדהו"": 1}","{""חסר"": [""חסר""], ""חסרה"": [""חסרה""], ""חיסר"": [""חיסר""], ""חסרהו"": [""חסרהו""], ""שכר"": [""שכר""], ""נחסר"": [""נחסר""], ""אבד"": [""אבד""], ""אבדה"": [""אבדה""], ""אינן"": [""אינן""], ""נחסרה"": [""נחסרה""], ""נאבדה"": [""נאבדה""], ""חיסרנו"": [""חיסרנו""], ""נחסרהו"": [""נחסרהו""], ""אבדהו"": [""אבדהו""], ""נאבדהו"": [""נאבדהו""]}",חסר,0.480974,חסרה,0.102624,חיסר,0.029173,חסרהו,0.026564,שכר,0.003384,נחסר,0.002006,אבד,0.001481,אבדה,0.001077,אינן,0.000988,נחסרה,0.000958,נאבדה,0.000956,חיסרנו,0.000201,נחסרהו,0.000163,אבדהו,4.6e-05,נאבדהו,8e-06,,,,,,,,,,,,,,,,,,,,,,,,,,,,,,,,,,,,,,,,,,,,,,,,,,,,,,,,,,,,,,,,,,,,,,,NUM,True,חסר,חסר,False,False,False,True,True,True,False,,,,False,False
Midrash_Aggadic_Midrash_Pesikta_DRav_Kahanna__10_1,pesikta_drk,127,יבואנו,10.2181,0.6779,0.2164,0.3144,50,-1,False,"{""ר"": 1, ""יבא"": 1, ""יבאנו"": 1, ""לו"": 1, ""ואו"": 1, ""הכת"": 1, ""דכת"": 1, ""וגו"": 1, ""והכת"": 1, ""אמי"": 1, ""יביא"": 1, ""וכת"": 1, ""מאי"": 1, ""יביאנו"": 1, ""דהו"": 1, ""דהוון"": 1, ""והו"": 1, ""ואמר"": 1, ""והוון"": 1, ""וכתיב"": 1, ""רחמנא"": 1, ""הוי"": 1, ""דהוי"": 1, ""וגוון"": 1, ""אמיה"": 1, ""והכתה"": 1, ""רחמי"": 1, ""ואמרינן"": 1, ""הכתו"": 1, ""אמך"": 1, ""ואויר"": 1, ""והכתהו"": 1, ""רחמנן"": 1, ""לוהתרגום"": 1, ""ואוירא"": 1, ""אמיהו"": 1, ""וכתיבא"": 1, ""הויי"": 1, ""יביאנוו"": 1, ""דהויי"": 1, ""הכתוון"": 1, ""רחמנאהתרגום"": 1, ""אמיהוון"": 1, ""לוהאם"": 1, ""הוייון"": 1, ""וכתיבאנו"": 1, ""רחמנאהאם"": 1, ""וכתיבאנוו"": 1, ""וכתיבאנוויר"": 1, ""וכתיבאנווירח"": 1}","{""ר"": [""ר""], ""יבא"": [""יבא""], ""יבאנו"": [""יבאנו""], ""לו"": [""לו""], ""ואו"": [""ואו""], ""הכת"": [""הכת""], ""דכת"": [""דכת""], ""וגו"": [""וגו""], ""והכת"": [""והכת""], ""אמי"": [""אמי""], ""יביא"": [""יביא""], ""וכת"": [""וכת""], ""מאי"": [""מאי""], ""יביאנו"": [""יביאנו""], ""דהו"": [""דהו""], ""דהוון"": [""דהוון""], ""והו"": [""והו""], ""ואמר"": [""ואמר""], ""והוון"": [""והוון""], ""וכתיב"": [""וכתיב""], ""רחמנא"": [""רחמנא""], ""הוי"": [""הוי""], ""דהוי"": [""דהוי""], ""וגוון"": [""וגוון""], ""אמיה"": [""אמיה""], ""והכתה"": [""והכתה""], ""רחמי"": [""רחמי""], ""ואמרינן"": [""ואמרינן""], ""הכתו"": [""הכתו""], ""אמך"": [""אמך""], ""ואויר"": [""ואויר""], ""והכתהו"": [""והכתהו""], ""רחמנן"": [""רחמנן""], ""לוהתרגום"": [""לוהתרגום""], ""ואוירא"": [""ואוירא""], ""אמיהו"": [""אמיהו""], ""וכתיבא"": [""וכתיבא""], ""הויי"": [""הויי""], ""יביאנוו"": [""יביאנוו""], ""דהויי"": [""דהויי""], ""הכתוון"": [""הכתוון""], ""רחמנאהתרגום"": [""רחמנאהתרגום""], ""אמיהוון"": [""אמיהוון""], ""לוהאם"": [""לוהאם""], ""הוייון"": [""הוייון""], ""וכתיבאנו"": [""וכתיבאנו""], ""רחמנאהאם"": [""רחמנאהאם""], ""וכתיבאנוו"": [""וכתיבאנוו""], ""וכתיבאנוויר"": [""וכתיבאנוויר""], ""וכתיבאנווירח"": [""וכתיבאנווירח""]}",ר,0.071211,יבא,0.050256,יבאנו,0.047246,לו,0.025791,ואו,0.019737,הכת,0.015501,דכת,0.014604,וגו,0.011212,והכת,0.009345,אמי,0.007927,יביא,0.006193,וכת,0.006096,מאי,0.005594,יביאנו,0.004213,דהו,0.003605,דהוון,0.00325,והו,0.003179,ואמר,0.00298,והוון,0.002079,וכתיב,0.001476,רחמנא,0.001302,הוי,0.000317,דהוי,0.000296,וגוון,0.000195,אמיה,0.000147,והכתה,0.000133,רחמי,0.000106,ואמרינן,0.000101,הכתו,8.2e-05,אמך,7.1e-05,ואויר,6e-05,והכתהו,3.1e-05,רחמנן,3e-05,לוהתרגום,2.5e-05,ואוירא,1.1e-05,אמיהו,8e-06,וכתיבא,7e-06,הויי,5e-06,יביאנוו,3e-06,דהויי,3e-06,הכתוון,2e-06,רחמנאהתרגום,0.0,אמיהוון,0.0,לוהאם,0.0,הוייון,0.0,וכתיבאנו,0.0,רחמנאהאם,0.0,וכתיבאנוו,0.0,וכתיבאנוויר,0.0,וכתיבאנווירח,0.0,DET,True,יבואנו,יבוא,False,False,False,True,True,True,False,,,,False,False
Midrash_Aggadic_Midrash_Pesikta_DRav_Kahanna__10_1,pesikta_drk,128,דכת',7.9799,0.8459,0.8105,0.6965,5,-1,False,"{""ר"": 1, ""רחמים"": 1, ""רחמנא"": 1, ""רחמניה"": 1, ""רחמניהו"": 1}","{""ר"": [""ר""], ""רחמים"": [""רחמים""], ""רחמנא"": [""רחמנא""], ""רחמניה"": [""רחמניה""], ""רחמניהו"": [""רחמניהו""]}",ר,0.668266,רחמים,0.022229,רחמנא,0.005607,רחמניה,0.000419,רחמניהו,1.5e-05,,,,,,,,,,,,,,,,,,,,,,,,,,,,,,,,,,,,,,,,,,,,,,,,,,,,,,,,,,,,,,,,,,,,,,,,,,,,,,,,,,,,,,,,,,,SYM,True,דכת,דכ,False,False,False,True,True,True,False,,,,False,False
Midrash_Aggadic_Midrash_Pesikta_DRav_Kahanna__10_1,pesikta_drk,129,בעליו,13.1277,0.8885,0.8146,0.1708,50,-1,False,"{""אדני"": 1, ""כי"": 1, ""לא"": 1, ""ויקח"": 1, ""וישקל"": 1, ""ויאמר"": 1, ""והיה"": 1, ""ואו"": 1, ""בכסף"": 1, ""והנה"": 1, ""ואמר"": 1, ""עין"": 1, ""רע"": 1, ""ראה"": 1, ""וישאל"": 1, ""לאמר"": 1, ""בפרשת"": 1, ""אדנ"": 1, ""כיון"": 1, ""עיניך"": 1, ""עינא"": 1, ""רעב"": 1, ""ואמרנו"": 1, ""ויאמרנו"": 1, ""והנהו"": 1, ""אדניך"": 1, ""רעבון"": 1, ""ראהו"": 1, ""בפרשתא"": 1, ""ואויר"": 1, ""אדניי"": 1, ""וישאלנו"": 1, ""והיהון"": 1, ""לאמרנו"": 1, ""ואוירא"": 1, ""ויאמרנוו"": 1, ""ואמרנוו"": 1, ""אדנייון"": 1, ""וישאלנוו"": 1, ""והנהוון"": 1, ""לאמרנוו"": 1, ""ויאמרנוויה"": 1, ""ואויראך"": 1, ""ואמרנוויה"": 1, ""ויאמרנוויהו"": 1, ""וישאלנווים"": 1, ""ואמרנוויהו"": 1, ""לאמרנווים"": 1, ""ויאמרנוויהוון"": 1, ""ואמרנוויהוון"": 1}","{""אדני"": [""אדני""], ""כי"": [""כי""], ""לא"": [""לא""], ""ויקח"": [""ויקח""], ""וישקל"": [""וישקל""], ""ויאמר"": [""ויאמר""], ""והיה"": [""והיה""], ""ואו"": [""ואו""], ""בכסף"": [""בכסף""], ""והנה"": [""והנה""], ""ואמר"": [""ואמר""], ""עין"": [""עין""], ""רע"": [""רע""], ""ראה"": [""ראה""], ""וישאל"": [""וישאל""], ""לאמר"": [""לאמר""], ""בפרשת"": [""בפרשת""], ""אדנ"": [""אדנ""], ""כיון"": [""כיון""], ""עיניך"": [""עיניך""], ""עינא"": [""עינא""], ""רעב"": [""רעב""], ""ואמרנו"": [""ואמרנו""], ""ויאמרנו"": [""ויאמרנו""], ""והנהו"": [""והנהו""], ""אדניך"": [""אדניך""], ""רעבון"": [""רעבון""], ""ראהו"": [""ראהו""], ""בפרשתא"": [""בפרשתא""], ""ואויר"": [""ואויר""], ""אדניי"": [""אדניי""], ""וישאלנו"": [""וישאלנו""], ""והיהון"": [""והיהון""], ""לאמרנו"": [""לאמרנו""], ""ואוירא"": [""ואוירא""], ""ויאמרנוו"": [""ויאמרנוו""], ""ואמרנוו"": [""ואמרנוו""], ""אדנייון"": [""אדנייון""], ""וישאלנוו"": [""וישאלנוו""], ""והנהוון"": [""והנהוון""], ""לאמרנוו"": [""לאמרנוו""], ""ויאמרנוויה"": [""ויאמרנוויה""], ""ואויראך"": [""ואויראך""], ""ואמרנוויה"": [""ואמרנוויה""], ""ויאמרנוויהו"": [""ויאמרנוויהו""], ""וישאלנווים"": [""וישאלנווים""], ""ואמרנוויהו"": [""ואמרנוויהו""], ""לאמרנווים"": [""לאמרנווים""], ""ויאמרנוויהוון"": [""ויאמרנוויהוון""], ""ואמרנוויהוון"": [""ואמרנוויהוון""]}",אדני,0.037496,כי,0.02281,לא,0.017489,ויקח,0.015864,וישקל,0.01267,ויאמר,0.011443,והיה,0.010804,ואו,0.009049,בכסף,0.008127,והנה,0.004946,ואמר,0.004274,עין,0.003605,רע,0.00297,ראה,0.002878,וישאל,0.002168,לאמר,0.000931,בפרשת,0.000661,אדנ,0.000569,כיון,0.000568,עיניך,0.000418,עינא,0.000405,רעב,0.00015,ואמרנו,9e-05,ויאמרנו,8.5e-05,והנהו,7.6e-05,אדניך,7.4e-05,רעבון,4.9e-05,ראהו,2.6e-05,בפרשתא,2.5e-05,ואויר,2.3e-05,אדניי,2e-05,וישאלנו,1.5e-05,והיהון,1.2e-05,לאמרנו,1e-05,ואוירא,3e-06,ויאמרנוו,0.0,ואמרנוו,0.0,אדנייון,0.0,וישאלנוו,0.0,והנהוון,0.0,לאמרנוו,0.0,ויאמרנוויה,0.0,ואויראך,0.0,ואמרנוויה,0.0,ויאמרנוויהו,0.0,וישאלנווים,0.0,ואמרנוויהו,0.0,לאמרנווים,0.0,ויאמרנוויהוון,0.0,ואמרנוויהוון,0.0,VERB,True,בעליו,בעל,True,False,True,True,True,True,True,29.0,10.0,19.0,False,True
Midrash_Aggadic_Midrash_Pesikta_DRav_Kahanna__10_1,pesikta_drk,130,אין,6.1236,0.8411,-0.0,0.3619,50,5,True,"{""של"": 1, ""לא"": 1, ""יתן"": 1, ""שלח"": 1, ""אין"": 1, ""חסר"": 1, ""עינו"": 1, ""שואל"": 1, ""רע"": 1, ""שאל"": 1, ""עין"": 1, ""יאכל"": 1, ""ראה"": 1, ""נבהל"": 1, ""דכת"": 1, ""יאכלנו"": 1, ""חס"": 1, ""יאבד"": 1, ""שואלין"": 1, ""מכר"": 1, ""משל"": 1, ""אינן"": 1, ""נפש"": 1, ""שלחן"": 1, ""דא"": 1, ""הוי"": 1, ""חסרו"": 1, ""איננו"": 1, ""הוליכו"": 1, ""חסרה"": 1, ""מכרו"": 1, ""יאבדו"": 1, ""הולך"": 1, ""נפשו"": 1, ""חסרהו"": 1, ""משלו"": 1, ""הוליכן"": 1, ""ראהו"": 1, ""דכתיב"": 1, ""שואלנו"": 1, ""רעב"": 1, ""יאכלנוו"": 1, ""נבהלנו"": 1, ""דאלו"": 1, ""רעבון"": 1, ""הוליכוון"": 1, ""חסרוהתרגום"": 1, ""דכתיבי"": 1, ""ראהוהתרגום"": 1, ""ראהוהאם"": 1}","{""של"": [""של""], ""לא"": [""לא""], ""יתן"": [""יתן""], ""שלח"": [""שלח""], ""אין"": [""אין""], ""חסר"": [""חסר""], ""עינו"": [""עינו""], ""שואל"": [""שואל""], ""רע"": [""רע""], ""שאל"": [""שאל""], ""עין"": [""עין""], ""יאכל"": [""יאכל""], ""ראה"": [""ראה""], ""נבהל"": [""נבהל""], ""דכת"": [""דכת""], ""יאכלנו"": [""יאכלנו""], ""חס"": [""חס""], ""יאבד"": [""יאבד""], ""שואלין"": [""שואלין""], ""מכר"": [""מכר""], ""משל"": [""משל""], ""אינן"": [""אינן""], ""נפש"": [""נפש""], ""שלחן"": [""שלחן""], ""דא"": [""דא""], ""הוי"": [""הוי""], ""חסרו"": [""חסרו""], ""איננו"": [""איננו""], ""הוליכו"": [""הוליכו""], ""חסרה"": [""חסרה""], ""מכרו"": [""מכרו""], ""יאבדו"": [""יאבדו""], ""הולך"": [""הולך""], ""נפשו"": [""נפשו""], ""חסרהו"": [""חסרהו""], ""משלו"": [""משלו""], ""הוליכן"": [""הוליכן""], ""ראהו"": [""ראהו""], ""דכתיב"": [""דכתיב""], ""שואלנו"": [""שואלנו""], ""רעב"": [""רעב""], ""יאכלנוו"": [""יאכלנוו""], ""נבהלנו"": [""נבהלנו""], ""דאלו"": [""דאלו""], ""רעבון"": [""רעבון""], ""הוליכוון"": [""הוליכוון""], ""חסרוהתרגום"": [""חסרוהתרגום""], ""דכתיבי"": [""דכתיבי""], ""ראהוהתרגום"": [""ראהוהתרגום""], ""ראהוהאם"": [""ראהוהאם""]}",של,0.169353,לא,0.047768,יתן,0.034336,שלח,0.018386,אין,0.014343,חסר,0.009899,עינו,0.00801,שואל,0.006874,רע,0.00633,שאל,0.005971,עין,0.00542,יאכל,0.004408,ראה,0.003183,נבהל,0.002796,דכת,0.00251,יאכלנו,0.002119,חס,0.002043,יאבד,0.001926,שואלין,0.001879,מכר,0.001407,משל,0.001242,אינן,0.001219,נפש,0.001202,שלחן,0.001198,דא,0.001063,הוי,0.001048,חסרו,0.00102,איננו,0.000851,הוליכו,0.000832,חסרה,0.000694,מכרו,0.000451,יאבדו,0.000357,הולך,0.000349,נפשו,0.000305,חסרהו,0.000289,משלו,0.000241,הוליכן,0.00018,ראהו,0.000179,דכתיב,7.4e-05,שואלנו,6.4e-05,רעב,3.7e-05,יאכלנוו,1.2e-05,נבהלנו,1e-05,דאלו,4e-06,רעבון,2e-06,הוליכוון,1e-06,חסרוהתרגום,0.0,דכתיבי,0.0,ראהוהתרגום,0.0,ראהוהאם,0.0,VERB,False,אין,אין,True,True,False,True,True,True,False,,,,False,False
Midrash_Aggadic_Midrash_Pesikta_DRav_Kahanna__10_1,pesikta_drk,131,עמו,7.4565,0.8463,-0.0,0.4317,50,12,True,"{""לו"": 1, ""יכול"": 1, ""יודע"": 1, ""לי"": 1, ""לך"": 1, ""לה"": 1, ""להם"": 1, ""חסר"": 1, ""בידו"": 1, ""עין"": 1, ""ידוע"": 1, ""עמו"": 1, ""רע"": 1, ""ידע"": 1, ""ידעו"": 1, ""יודעין"": 1, ""שואל"": 1, ""משיב"": 1, ""ביד"": 1, ""נביא"": 1, ""להון"": 1, ""מוסר"": 1, ""משל"": 1, ""נזק"": 1, ""שואלין"": 1, ""משא"": 1, ""מוסרין"": 1, ""רגיל"": 1, ""נזקקין"": 1, ""בידך"": 1, ""משיבין"": 1, ""חסרת"": 1, ""יכולין"": 1, ""חונים"": 1, ""לוון"": 1, ""משאיל"": 1, ""נביאים"": 1, ""ידועה"": 1, ""משלמים"": 1, ""רגילות"": 1, ""ליוא"": 1, ""משאילין"": 1, ""רעב"": 1, ""רעבון"": 1, ""ידועהו"": 1, ""ליואל"": 1, ""עמוון"": 1, ""רגילותי"": 1, ""רגילותיון"": 1, ""ליואלן"": 1}","{""לו"": [""לו""], ""יכול"": [""יכול""], ""יודע"": [""יודע""], ""לי"": [""לי""], ""לך"": [""לך""], ""לה"": [""לה""], ""להם"": [""להם""], ""חסר"": [""חסר""], ""בידו"": [""בידו""], ""עין"": [""עין""], ""ידוע"": [""ידוע""], ""עמו"": [""עמו""], ""רע"": [""רע""], ""ידע"": [""ידע""], ""ידעו"": [""ידעו""], ""יודעין"": [""יודעין""], ""שואל"": [""שואל""], ""משיב"": [""משיב""], ""ביד"": [""ביד""], ""נביא"": [""נביא""], ""להון"": [""להון""], ""מוסר"": [""מוסר""], ""משל"": [""משל""], ""נזק"": [""נזק""], ""שואלין"": [""שואלין""], ""משא"": [""משא""], ""מוסרין"": [""מוסרין""], ""רגיל"": [""רגיל""], ""נזקקין"": [""נזקקין""], ""בידך"": [""בידך""], ""משיבין"": [""משיבין""], ""חסרת"": [""חסרת""], ""יכולין"": [""יכולין""], ""חונים"": [""חונים""], ""לוון"": [""לוון""], ""משאיל"": [""משאיל""], ""נביאים"": [""נביאים""], ""ידועה"": [""ידועה""], ""משלמים"": [""משלמים""], ""רגילות"": [""רגילות""], ""ליוא"": [""ליוא""], ""משאילין"": [""משאילין""], ""רעב"": [""רעב""], ""רעבון"": [""רעבון""], ""ידועהו"": [""ידועהו""], ""ליואל"": [""ליואל""], ""עמוון"": [""עמוון""], ""רגילותי"": [""רגילותי""], ""רגילותיון"": [""רגילותיון""], ""ליואלן"": [""ליואלן""]}",לו,0.238111,יכול,0.023947,יודע,0.023947,לי,0.01865,לך,0.01865,לה,0.014078,להם,0.013645,חסר,0.008491,בידו,0.006933,עין,0.006061,ידוע,0.006049,עמו,0.005693,רע,0.005428,ידע,0.004162,ידעו,0.003785,יודעין,0.003413,שואל,0.003094,משיב,0.002988,ביד,0.002715,נביא,0.002641,להון,0.002286,מוסר,0.002182,משל,0.00191,נזק,0.001697,שואלין,0.001485,משא,0.001347,מוסרין,0.00133,רגיל,0.001211,נזקקין,0.001167,בידך,0.000922,משיבין,0.000582,חסרת,0.000476,יכולין,0.000459,חונים,0.000457,לוון,0.000414,משאיל,0.000342,נביאים,0.000302,ידועה,0.000179,משלמים,0.000157,רגילות,0.000139,ליוא,6.7e-05,משאילין,6.1e-05,רעב,5.2e-05,רעבון,1e-05,ידועהו,7e-06,ליואל,7e-06,עמוון,5e-06,רגילותי,4e-06,רגילותיון,0.0,ליואלן,0.0,VERB,True,עמו,עמו,True,False,True,True,True,True,True,52.0,35.0,17.0,False,True
Midrash_Aggadic_Midrash_Pesikta_DRav_Kahanna__10_1,pesikta_drk,132,שלם,15.2616,0.8692,0.7482,0.1707,50,-1,False,"{""דכת"": 1, ""ולא"": 1, ""בשדה"": 1, ""רע"": 1, ""בשעת"": 1, ""חסר"": 1, ""וגו"": 1, ""נפש"": 1, ""וכת"": 1, ""דא"": 1, ""שואל"": 1, ""יבוא"": 1, ""יבא"": 1, ""באהל"": 1, ""יבואנו"": 1, ""רעה"": 1, ""בדד"": 1, ""יבאנו"": 1, ""שכר"": 1, ""חנם"": 1, ""נפשו"": 1, ""נכסים"": 1, ""רעהו"": 1, ""חסרת"": 1, ""דכתיב"": 1, ""בשדהו"": 1, ""שכרו"": 1, ""בשעתא"": 1, ""וכתיב"": 1, ""וגוון"": 1, ""רעב"": 1, ""שואלנו"": 1, ""חסרתא"": 1, ""באהלנו"": 1, ""רעבון"": 1, ""דאינו"": 1, ""בדדנו"": 1, ""דכתיבא"": 1, ""וכתיבא"": 1, ""שכרוון"": 1, ""בשדהוהתרגום"": 1, ""דכתיבאנו"": 1, ""וכתיבאנו"": 1, ""בשדהוהאם"": 1, ""דכתיבאנוו"": 1, ""וכתיבאנוו"": 1, ""דכתיבאנוויה"": 1, ""דכתיבאנוויהו"": 1, ""וכתיבאנוויה"": 1, ""וכתיבאנוויהו"": 1}","{""דכת"": [""דכת""], ""ולא"": [""ולא""], ""בשדה"": [""בשדה""], ""רע"": [""רע""], ""בשעת"": [""בשעת""], ""חסר"": [""חסר""], ""וגו"": [""וגו""], ""נפש"": [""נפש""], ""וכת"": [""וכת""], ""דא"": [""דא""], ""שואל"": [""שואל""], ""יבוא"": [""יבוא""], ""יבא"": [""יבא""], ""באהל"": [""באהל""], ""יבואנו"": [""יבואנו""], ""רעה"": [""רעה""], ""בדד"": [""בדד""], ""יבאנו"": [""יבאנו""], ""שכר"": [""שכר""], ""חנם"": [""חנם""], ""נפשו"": [""נפשו""], ""נכסים"": [""נכסים""], ""רעהו"": [""רעהו""], ""חסרת"": [""חסרת""], ""דכתיב"": [""דכתיב""], ""בשדהו"": [""בשדהו""], ""שכרו"": [""שכרו""], ""בשעתא"": [""בשעתא""], ""וכתיב"": [""וכתיב""], ""וגוון"": [""וגוון""], ""רעב"": [""רעב""], ""שואלנו"": [""שואלנו""], ""חסרתא"": [""חסרתא""], ""באהלנו"": [""באהלנו""], ""רעבון"": [""רעבון""], ""דאינו"": [""דאינו""], ""בדדנו"": [""בדדנו""], ""דכתיבא"": [""דכתיבא""], ""וכתיבא"": [""וכתיבא""], ""שכרוון"": [""שכרוון""], ""בשדהוהתרגום"": [""בשדהוהתרגום""], ""דכתיבאנו"": [""דכתיבאנו""], ""וכתיבאנו"": [""וכתיבאנו""], ""בשדהוהאם"": [""בשדהוהאם""], ""דכתיבאנוו"": [""דכתיבאנוו""], ""וכתיבאנוו"": [""וכתיבאנוו""], ""דכתיבאנוויה"": [""דכתיבאנוויה""], ""דכתיבאנוויהו"": [""דכתיבאנוויהו""], ""וכתיבאנוויה"": [""וכתיבאנוויה""], ""וכתיבאנוויהו"": [""וכתיבאנוויהו""]}",דכת,0.022804,ולא,0.020921,בשדה,0.017406,רע,0.014691,בשעת,0.014206,חסר,0.013975,וגו,0.010702,נפש,0.009432,וכת,0.005818,דא,0.005766,שואל,0.003782,יבוא,0.003746,יבא,0.003688,באהל,0.003006,יבואנו,0.002979,רעה,0.002718,בדד,0.002469,יבאנו,0.002419,שכר,0.002384,חנם,0.002013,נפשו,0.001483,נכסים,0.000998,רעהו,0.000805,חסרת,0.00064,דכתיב,0.000409,בשדהו,0.000345,שכרו,0.000293,בשעתא,0.000263,וכתיב,0.000187,וגוון,0.000115,רעב,7e-05,שואלנו,3.8e-05,חסרתא,3e-05,באהלנו,2.2e-05,רעבון,1.3e-05,דאינו,1.3e-05,בדדנו,5e-06,דכתיבא,1e-06,וכתיבא,1e-06,שכרוון,0.0,בשדהוהתרגום,0.0,דכתיבאנו,0.0,וכתיבאנו,0.0,בשדהוהאם,0.0,דכתיבאנוו,0.0,וכתיבאנוו,0.0,דכתיבאנוויה,0.0,דכתיבאנוויהו,0.0,וכתיבאנוויה,0.0,וכתיבאנוויהו,0.0,PROPN,True,שלם,שלם,False,False,False,True,True,True,False,,,,False,False
Midrash_Aggadic_Midrash_Pesikta_DRav_Kahanna__10_1,pesikta_drk,133,ישלם,6.0501,0.7501,0.0,0.2512,50,10,True,"{""לא"": 1, ""חסר"": 1, ""פתר"": 1, ""ולא"": 1, ""הוא"": 1, ""ר"": 1, ""יבא"": 1, ""וכת"": 1, ""וגו"": 1, ""ישלם"": 1, ""דכת"": 1, ""יבאנו"": 1, ""משלם"": 1, ""בידו"": 1, ""ביד"": 1, ""נפש"": 1, ""חסרה"": 1, ""חצי"": 1, ""דא"": 1, ""רצה"": 1, ""חסרהו"": 1, ""לאו"": 1, ""משל"": 1, ""וכתיב"": 1, ""פתרו"": 1, ""בידיו"": 1, ""פירוש"": 1, ""ולאו"": 1, ""וגוון"": 1, ""משלמים"": 1, ""דכתיב"": 1, ""פירושו"": 1, ""לאוין"": 1, ""רצהו"": 1, ""דאינו"": 1, ""פתרוון"": 1, ""חציי"": 1, ""וכתיבא"": 1, ""דכתיבא"": 1, ""ולאויר"": 1, ""ולאוירא"": 1, ""חצייון"": 1, ""וכתיבאנו"": 1, ""דכתיבאנו"": 1, ""וכתיבאנוו"": 1, ""דכתיבאנוו"": 1, ""דכתיבאנוויה"": 1, ""וכתיבאנוויה"": 1, ""וכתיבאנוויהו"": 1, ""דכתיבאנוויהו"": 1}","{""לא"": [""לא""], ""חסר"": [""חסר""], ""פתר"": [""פתר""], ""ולא"": [""ולא""], ""הוא"": [""הוא""], ""ר"": [""ר""], ""יבא"": [""יבא""], ""וכת"": [""וכת""], ""וגו"": [""וגו""], ""ישלם"": [""ישלם""], ""דכת"": [""דכת""], ""יבאנו"": [""יבאנו""], ""משלם"": [""משלם""], ""בידו"": [""בידו""], ""ביד"": [""ביד""], ""נפש"": [""נפש""], ""חסרה"": [""חסרה""], ""חצי"": [""חצי""], ""דא"": [""דא""], ""רצה"": [""רצה""], ""חסרהו"": [""חסרהו""], ""לאו"": [""לאו""], ""משל"": [""משל""], ""וכתיב"": [""וכתיב""], ""פתרו"": [""פתרו""], ""בידיו"": [""בידיו""], ""פירוש"": [""פירוש""], ""ולאו"": [""ולאו""], ""וגוון"": [""וגוון""], ""משלמים"": [""משלמים""], ""דכתיב"": [""דכתיב""], ""פירושו"": [""פירושו""], ""לאוין"": [""לאוין""], ""רצהו"": [""רצהו""], ""דאינו"": [""דאינו""], ""פתרוון"": [""פתרוון""], ""חציי"": [""חציי""], ""וכתיבא"": [""וכתיבא""], ""דכתיבא"": [""דכתיבא""], ""ולאויר"": [""ולאויר""], ""ולאוירא"": [""ולאוירא""], ""חצייון"": [""חצייון""], ""וכתיבאנו"": [""וכתיבאנו""], ""דכתיבאנו"": [""דכתיבאנו""], ""וכתיבאנוו"": [""וכתיבאנוו""], ""דכתיבאנוו"": [""דכתיבאנוו""], ""דכתיבאנוויה"": [""דכתיבאנוויה""], ""וכתיבאנוויה"": [""וכתיבאנוויה""], ""וכתיבאנוויהו"": [""וכתיבאנוויהו""], ""דכתיבאנוויהו"": [""דכתיבאנוויהו""]}",לא,0.028174,חסר,0.026373,פתר,0.022879,ולא,0.020293,הוא,0.01819,ר,0.017631,יבא,0.016575,וכת,0.016438,וגו,0.016184,ישלם,0.015091,דכת,0.014427,יבאנו,0.012725,משלם,0.004702,בידו,0.003955,ביד,0.002761,נפש,0.0027,חסרה,0.002,חצי,0.001823,דא,0.001723,רצה,0.001258,חסרהו,0.001255,לאו,0.000976,משל,0.000897,וכתיב,0.000415,פתרו,0.000359,בידיו,0.000295,פירוש,0.000266,ולאו,0.000198,וגוון,0.000187,משלמים,0.000183,דכתיב,0.000179,פירושו,4.9e-05,לאוין,1e-05,רצהו,5e-06,דאינו,4e-06,פתרוון,2e-06,חציי,2e-06,וכתיבא,2e-06,דכתיבא,1e-06,ולאויר,0.0,ולאוירא,0.0,חצייון,0.0,וכתיבאנו,0.0,דכתיבאנו,0.0,וכתיבאנוו,0.0,דכתיבאנוו,0.0,דכתיבאנוויה,0.0,וכתיבאנוויה,0.0,וכתיבאנוויהו,0.0,דכתיבאנוויהו,0.0,SYM,True,ישלם,שילם,False,False,False,True,True,True,False,,,,False,False
Midrash_Aggadic_Midrash_Pesikta_DRav_Kahanna__10_1,pesikta_drk,134,ר',5.0136,0.7459,0.0,0.2689,50,3,True,"{""פתר"": 1, ""על"": 1, ""ר"": 1, ""אר"": 1, ""ואו"": 1, ""דכת"": 1, ""חסר"": 1, ""וגו"": 1, ""ארבע"": 1, ""וכת"": 1, ""ישלם"": 1, ""רבי"": 1, ""דהו"": 1, ""דהוון"": 1, ""ארבעה"": 1, ""ואמר"": 1, ""יתננה"": 1, ""פתרו"": 1, ""חמש"": 1, ""פירוש"": 1, ""חסרה"": 1, ""יתנו"": 1, ""וכתיב"": 1, ""חסרהו"": 1, ""חמשה"": 1, ""יתננו"": 1, ""יתננהו"": 1, ""וגוון"": 1, ""עליה"": 1, ""דכתיב"": 1, ""פירושו"": 1, ""ואמרינ"": 1, ""ואמרינן"": 1, ""עליהו"": 1, ""פתרוון"": 1, ""רביי"": 1, ""וכתיבא"": 1, ""דכתיבא"": 1, ""יתננוו"": 1, ""עליהוון"": 1, ""רבייון"": 1, ""יתננווון"": 1, ""דכתיבאנו"": 1, ""וכתיבאנו"": 1, ""דכתיבאנוו"": 1, ""וכתיבאנוו"": 1, ""דכתיבאנוויה"": 1, ""וכתיבאנוויה"": 1, ""דכתיבאנוויהו"": 1, ""וכתיבאנוויהו"": 1}","{""פתר"": [""פתר""], ""על"": [""על""], ""ר"": [""ר""], ""אר"": [""אר""], ""ואו"": [""ואו""], ""דכת"": [""דכת""], ""חסר"": [""חסר""], ""וגו"": [""וגו""], ""ארבע"": [""ארבע""], ""וכת"": [""וכת""], ""ישלם"": [""ישלם""], ""רבי"": [""רבי""], ""דהו"": [""דהו""], ""דהוון"": [""דהוון""], ""ארבעה"": [""ארבעה""], ""ואמר"": [""ואמר""], ""יתננה"": [""יתננה""], ""פתרו"": [""פתרו""], ""חמש"": [""חמש""], ""פירוש"": [""פירוש""], ""חסרה"": [""חסרה""], ""יתנו"": [""יתנו""], ""וכתיב"": [""וכתיב""], ""חסרהו"": [""חסרהו""], ""חמשה"": [""חמשה""], ""יתננו"": [""יתננו""], ""יתננהו"": [""יתננהו""], ""וגוון"": [""וגוון""], ""עליה"": [""עליה""], ""דכתיב"": [""דכתיב""], ""פירושו"": [""פירושו""], ""ואמרינ"": [""ואמרינ""], ""ואמרינן"": [""ואמרינן""], ""עליהו"": [""עליהו""], ""פתרוון"": [""פתרוון""], ""רביי"": [""רביי""], ""וכתיבא"": [""וכתיבא""], ""דכתיבא"": [""דכתיבא""], ""יתננוו"": [""יתננוו""], ""עליהוון"": [""עליהוון""], ""רבייון"": [""רבייון""], ""יתננווון"": [""יתננווון""], ""דכתיבאנו"": [""דכתיבאנו""], ""וכתיבאנו"": [""וכתיבאנו""], ""דכתיבאנוו"": [""דכתיבאנוו""], ""וכתיבאנוו"": [""וכתיבאנוו""], ""דכתיבאנוויה"": [""דכתיבאנוויה""], ""וכתיבאנוויה"": [""וכתיבאנוויה""], ""דכתיבאנוויהו"": [""דכתיבאנוויהו""], ""וכתיבאנוויהו"": [""וכתיבאנוויהו""]}",פתר,0.053351,על,0.039748,ר,0.030956,אר,0.029538,ואו,0.019617,דכת,0.018517,חסר,0.016905,וגו,0.016332,ארבע,0.011784,וכת,0.011051,ישלם,0.004203,רבי,0.004023,דהו,0.002343,דהוון,0.002172,ארבעה,0.001504,ואמר,0.000875,יתננה,0.000832,פתרו,0.000787,חמש,0.000754,פירוש,0.000672,חסרה,0.000541,יתנו,0.000353,וכתיב,0.000317,חסרהו,0.000248,חמשה,0.000234,יתננו,0.000231,יתננהו,0.000222,וגוון,0.000198,עליה,0.000192,דכתיב,0.000186,פירושו,0.00013,ואמרינ,3.1e-05,ואמרינן,2.9e-05,עליהו,2.1e-05,פתרוון,7e-06,רביי,5e-06,וכתיבא,1e-06,דכתיבא,1e-06,יתננוו,1e-06,עליהוון,0.0,רבייון,0.0,יתננווון,0.0,דכתיבאנו,0.0,וכתיבאנו,0.0,דכתיבאנוו,0.0,וכתיבאנוו,0.0,דכתיבאנוויה,0.0,וכתיבאנוויה,0.0,דכתיבאנוויהו,0.0,וכתיבאנוויהו,0.0,PRON,True,ר,ר,False,False,False,True,True,True,False,,,,False,False
Midrash_Aggadic_Midrash_Pesikta_DRav_Kahanna__10_1,pesikta_drk,135,יצחק,9.8029,0.9109,0.8668,0.4125,50,-1,False,"{""חנינה"": 1, ""אמי"": 1, ""אר"": 1, ""ארבע"": 1, ""ו"": 1, ""בעליו"": 1, ""שלם"": 1, ""שמע"": 1, ""עין"": 1, ""נבהל"": 1, ""חנינא"": 1, ""דוד"": 1, ""פתר"": 1, ""רבי"": 1, ""יודה"": 1, ""ראה"": 1, ""ישלם"": 1, ""פנחס"": 1, ""שואל"": 1, ""שמעון"": 1, ""דניאל"": 1, ""ארבעה"": 1, ""שלמה"": 1, ""אמ"": 1, ""עינא"": 1, ""מאי"": 1, ""בעלו"": 1, ""נביא"": 1, ""מיכל"": 1, ""אמך"": 1, ""מיכן"": 1, ""עיניו"": 1, ""ראהו"": 1, ""דודו"": 1, ""נביאי"": 1, ""פתרו"": 1, ""נבהלנו"": 1, ""בעלוון"": 1, ""שואלנו"": 1, ""רביי"": 1, ""פתרוון"": 1, ""מיכלד"": 1, ""דודוון"": 1, ""עינאהתרגום"": 1, ""רבייון"": 1, ""מיכלדד"": 1, ""מיכלדדד"": 1, ""עינאהאם"": 1, ""מיכלדדדד"": 1, ""מיכלדדדדד"": 1}","{""חנינה"": [""חנינה""], ""אמי"": [""אמי""], ""אר"": [""אר""], ""ארבע"": [""ארבע""], ""ו"": [""ו""], ""בעליו"": [""בעליו""], ""שלם"": [""שלם""], ""שמע"": [""שמע""], ""עין"": [""עין""], ""נבהל"": [""נבהל""], ""חנינא"": [""חנינא""], ""דוד"": [""דוד""], ""פתר"": [""פתר""], ""רבי"": [""רבי""], ""יודה"": [""יודה""], ""ראה"": [""ראה""], ""ישלם"": [""ישלם""], ""פנחס"": [""פנחס""], ""שואל"": [""שואל""], ""שמעון"": [""שמעון""], ""דניאל"": [""דניאל""], ""ארבעה"": [""ארבעה""], ""שלמה"": [""שלמה""], ""אמ"": [""אמ""], ""עינא"": [""עינא""], ""מאי"": [""מאי""], ""בעלו"": [""בעלו""], ""נביא"": [""נביא""], ""מיכל"": [""מיכל""], ""אמך"": [""אמך""], ""מיכן"": [""מיכן""], ""עיניו"": [""עיניו""], ""ראהו"": [""ראהו""], ""דודו"": [""דודו""], ""נביאי"": [""נביאי""], ""פתרו"": [""פתרו""], ""נבהלנו"": [""נבהלנו""], ""בעלוון"": [""בעלוון""], ""שואלנו"": [""שואלנו""], ""רביי"": [""רביי""], ""פתרוון"": [""פתרוון""], ""מיכלד"": [""מיכלד""], ""דודוון"": [""דודוון""], ""עינאהתרגום"": [""עינאהתרגום""], ""רבייון"": [""רבייון""], ""מיכלדד"": [""מיכלדד""], ""מיכלדדד"": [""מיכלדדד""], ""עינאהאם"": [""עינאהאם""], ""מיכלדדדד"": [""מיכלדדדד""], ""מיכלדדדדד"": [""מיכלדדדדד""]}",חנינה,0.188811,אמי,0.084267,אר,0.02284,ארבע,0.014319,ו,0.012036,בעליו,0.009954,שלם,0.009588,שמע,0.007509,עין,0.007238,נבהל,0.006279,חנינא,0.00563,דוד,0.005571,פתר,0.004663,רבי,0.004633,יודה,0.00328,ראה,0.003234,ישלם,0.002987,פנחס,0.002818,שואל,0.002447,שמעון,0.002424,דניאל,0.001961,ארבעה,0.001877,שלמה,0.001719,אמ,0.001405,עינא,0.000971,מאי,0.000947,בעלו,0.000688,נביא,0.000661,מיכל,0.000443,אמך,0.000288,מיכן,0.000269,עיניו,0.000177,ראהו,0.000141,דודו,0.000126,נביאי,0.000103,פתרו,9.1e-05,נבהלנו,4.4e-05,בעלוון,1.8e-05,שואלנו,8e-06,רביי,4e-06,פתרוון,1e-06,מיכלד,1e-06,דודוון,0.0,עינאהתרגום,0.0,רבייון,0.0,מיכלדד,0.0,מיכלדדד,0.0,עינאהאם,0.0,מיכלדדדד,0.0,מיכלדדדדד,0.0,ADP,False,יצחק,יצחק,False,False,False,True,True,True,False,,,,False,False
Midrash_Aggadic_Midrash_Pesikta_DRav_Kahanna__10_1,pesikta_drk,136,פתר,3.3478,0.6672,0.0,0.4407,50,1,True,"{""פתר"": 1, ""בר"": 1, ""דכת"": 1, ""בן"": 1, ""ר"": 1, ""חסר"": 1, ""ברבי"": 1, ""דהו"": 1, ""דהוון"": 1, ""רבי"": 1, ""בעליו"": 1, ""אב"": 1, ""ור"": 1, ""אמי"": 1, ""בנו"": 1, ""שאל"": 1, ""וגו"": 1, ""אביו"": 1, ""עבד"": 1, ""דכתיב"": 1, ""בד"": 1, ""שואל"": 1, ""חסרו"": 1, ""פתרו"": 1, ""בעפרו"": 1, ""עפרן"": 1, ""עפרון"": 1, ""חסרה"": 1, ""ורבי"": 1, ""פירוש"": 1, ""חסרהו"": 1, ""שאלת"": 1, ""פירושו"": 1, ""בדעת"": 1, ""וגוון"": 1, ""ברביי"": 1, ""בדעתו"": 1, ""רביי"": 1, ""דכתיבא"": 1, ""פתרוון"": 1, ""אמיי"": 1, ""ורביי"": 1, ""רבייון"": 1, ""חסרהוון"": 1, ""אמייון"": 1, ""דכתיבאנו"": 1, ""ורבייון"": 1, ""דכתיבאנוו"": 1, ""דכתיבאנוויה"": 1, ""דכתיבאנוויהו"": 1}","{""פתר"": [""פתר""], ""בר"": [""בר""], ""דכת"": [""דכת""], ""בן"": [""בן""], ""ר"": [""ר""], ""חסר"": [""חסר""], ""ברבי"": [""ברבי""], ""דהו"": [""דהו""], ""דהוון"": [""דהוון""], ""רבי"": [""רבי""], ""בעליו"": [""בעליו""], ""אב"": [""אב""], ""ור"": [""ור""], ""אמי"": [""אמי""], ""בנו"": [""בנו""], ""שאל"": [""שאל""], ""וגו"": [""וגו""], ""אביו"": [""אביו""], ""עבד"": [""עבד""], ""דכתיב"": [""דכתיב""], ""בד"": [""בד""], ""שואל"": [""שואל""], ""חסרו"": [""חסרו""], ""פתרו"": [""פתרו""], ""בעפרו"": [""בעפרו""], ""עפרן"": [""עפרן""], ""עפרון"": [""עפרון""], ""חסרה"": [""חסרה""], ""ורבי"": [""ורבי""], ""פירוש"": [""פירוש""], ""חסרהו"": [""חסרהו""], ""שאלת"": [""שאלת""], ""פירושו"": [""פירושו""], ""בדעת"": [""בדעת""], ""וגוון"": [""וגוון""], ""ברביי"": [""ברביי""], ""בדעתו"": [""בדעתו""], ""רביי"": [""רביי""], ""דכתיבא"": [""דכתיבא""], ""פתרוון"": [""פתרוון""], ""אמיי"": [""אמיי""], ""ורביי"": [""ורביי""], ""רבייון"": [""רבייון""], ""חסרהוון"": [""חסרהוון""], ""אמייון"": [""אמייון""], ""דכתיבאנו"": [""דכתיבאנו""], ""ורבייון"": [""ורבייון""], ""דכתיבאנוו"": [""דכתיבאנוו""], ""דכתיבאנוויה"": [""דכתיבאנוויה""], ""דכתיבאנוויהו"": [""דכתיבאנוויהו""]}",פתר,0.098224,בר,0.089325,דכת,0.073561,בן,0.043534,ר,0.031356,חסר,0.023815,ברבי,0.020265,דהו,0.008719,דהוון,0.008057,רבי,0.007486,בעליו,0.005722,אב,0.003606,ור,0.002985,אמי,0.002943,בנו,0.002808,שאל,0.002654,וגו,0.002289,אביו,0.002237,עבד,0.001763,דכתיב,0.001451,בד,0.001326,שואל,0.001257,חסרו,0.001087,פתרו,0.000887,בעפרו,0.000762,עפרן,0.000591,עפרון,0.000483,חסרה,0.000415,ורבי,0.000349,פירוש,0.000323,חסרהו,0.000113,שאלת,9.1e-05,פירושו,7.6e-05,בדעת,4.7e-05,וגוון,4.5e-05,ברביי,4e-05,בדעתו,1.6e-05,רביי,1.2e-05,דכתיבא,8e-06,פתרוון,5e-06,אמיי,5e-06,ורביי,1e-06,רבייון,0.0,חסרהוון,0.0,אמייון,0.0,דכתיבאנו,0.0,ורבייון,0.0,דכתיבאנוו,0.0,דכתיבאנוויה,0.0,דכתיבאנוויהו,0.0,SYM,True,פתר,פתר,False,False,False,True,True,True,False,,,,False,False
Midrash_Aggadic_Midrash_Pesikta_DRav_Kahanna__10_1,pesikta_drk,137,קרייה,0.7555,0.0957,0.0,0.8518,5,1,True,"{""קרייה"": 1, ""קרייא"": 1, ""קראי"": 1, ""קרייהו"": 1, ""קרייאו"": 1}","{""קרייה"": [""קרייה""], ""קרייא"": [""קרייא""], ""קראי"": [""קראי""], ""קרייהו"": [""קרייהו""], ""קרייאו"": [""קרייאו""]}",קרייה,0.592339,קרייא,0.224827,קראי,0.031256,קרייהו,0.003038,קרייאו,0.000381,,,,,,,,,,,,,,,,,,,,,,,,,,,,,,,,,,,,,,,,,,,,,,,,,,,,,,,,,,,,,,,,,,,,,,,,,,,,,,,,,,,,,,,,,,,VERB,True,קרייה,[BLANK],True,False,True,True,True,True,True,72.0,74.0,-2.0,True,False
Midrash_Aggadic_Midrash_Pesikta_DRav_Kahanna__10_1,pesikta_drk,138,בזה,9.7092,0.8936,0.8248,0.2975,50,-1,False,"{""בשואל"": 1, ""בעפרו"": 1, ""על"": 1, ""דכת"": 1, ""בר"": 1, ""בעינו"": 1, ""חסר"": 1, ""בשני"": 1, ""בחסר"": 1, ""ברבי"": 1, ""דהו"": 1, ""בשלם"": 1, ""דהוון"": 1, ""באומר"": 1, ""ביהושע"": 1, ""בשלשה"": 1, ""באדם"": 1, ""בחסרון"": 1, ""חסרה"": 1, ""בהר"": 1, ""ביהודה"": 1, ""בהא"": 1, ""בחסרה"": 1, ""באומרו"": 1, ""בשואלין"": 1, ""דכתיב"": 1, ""חסרו"": 1, ""ביהושפט"": 1, ""עליה"": 1, ""חסרהו"": 1, ""בחסרהו"": 1, ""בהאכיל"": 1, ""בהרבה"": 1, ""בעינוו"": 1, ""בהאכילו"": 1, ""בשואלנו"": 1, ""עליהון"": 1, ""ברביי"": 1, ""ביהושפטו"": 1, ""דכתיבא"": 1, ""בהרבהו"": 1, ""חסרהוון"": 1, ""בשואלנוו"": 1, ""ברבייון"": 1, ""דכתיבאנו"": 1, ""ביהושפטוון"": 1, ""בשואלנווים"": 1, ""דכתיבאנוו"": 1, ""דכתיבאנוויה"": 1, ""דכתיבאנוויהו"": 1}","{""בשואל"": [""בשואל""], ""בעפרו"": [""בעפרו""], ""על"": [""על""], ""דכת"": [""דכת""], ""בר"": [""בר""], ""בעינו"": [""בעינו""], ""חסר"": [""חסר""], ""בשני"": [""בשני""], ""בחסר"": [""בחסר""], ""ברבי"": [""ברבי""], ""דהו"": [""דהו""], ""בשלם"": [""בשלם""], ""דהוון"": [""דהוון""], ""באומר"": [""באומר""], ""ביהושע"": [""ביהושע""], ""בשלשה"": [""בשלשה""], ""באדם"": [""באדם""], ""בחסרון"": [""בחסרון""], ""חסרה"": [""חסרה""], ""בהר"": [""בהר""], ""ביהודה"": [""ביהודה""], ""בהא"": [""בהא""], ""בחסרה"": [""בחסרה""], ""באומרו"": [""באומרו""], ""בשואלין"": [""בשואלין""], ""דכתיב"": [""דכתיב""], ""חסרו"": [""חסרו""], ""ביהושפט"": [""ביהושפט""], ""עליה"": [""עליה""], ""חסרהו"": [""חסרהו""], ""בחסרהו"": [""בחסרהו""], ""בהאכיל"": [""בהאכיל""], ""בהרבה"": [""בהרבה""], ""בעינוו"": [""בעינוו""], ""בהאכילו"": [""בהאכילו""], ""בשואלנו"": [""בשואלנו""], ""עליהון"": [""עליהון""], ""ברביי"": [""ברביי""], ""ביהושפטו"": [""ביהושפטו""], ""דכתיבא"": [""דכתיבא""], ""בהרבהו"": [""בהרבהו""], ""חסרהוון"": [""חסרהוון""], ""בשואלנוו"": [""בשואלנוו""], ""ברבייון"": [""ברבייון""], ""דכתיבאנו"": [""דכתיבאנו""], ""ביהושפטוון"": [""ביהושפטוון""], ""בשואלנווים"": [""בשואלנווים""], ""דכתיבאנוו"": [""דכתיבאנוו""], ""דכתיבאנוויה"": [""דכתיבאנוויה""], ""דכתיבאנוויהו"": [""דכתיבאנוויהו""]}",בשואל,0.095532,בעפרו,0.078318,על,0.025945,דכת,0.021272,בר,0.020206,בעינו,0.015422,חסר,0.011027,בשני,0.006295,בחסר,0.003905,ברבי,0.00288,דהו,0.002434,בשלם,0.002309,דהוון,0.002302,באומר,0.001457,ביהושע,0.001159,בשלשה,0.001143,באדם,0.000986,בחסרון,0.000886,חסרה,0.000533,בהר,0.000522,ביהודה,0.000496,בהא,0.000419,בחסרה,0.000316,באומרו,0.000295,בשואלין,0.000277,דכתיב,0.000238,חסרו,0.000225,ביהושפט,0.000118,עליה,0.000102,חסרהו,7.4e-05,בחסרהו,7.3e-05,בהאכיל,7.2e-05,בהרבה,6.6e-05,בעינוו,5.3e-05,בהאכילו,4.6e-05,בשואלנו,3e-05,עליהון,2.5e-05,ברביי,5e-06,ביהושפטו,2e-06,דכתיבא,1e-06,בהרבהו,0.0,חסרהוון,0.0,בשואלנוו,0.0,ברבייון,0.0,דכתיבאנו,0.0,ביהושפטוון,0.0,בשואלנווים,0.0,דכתיבאנוו,0.0,דכתיבאנוויה,0.0,דכתיבאנוויהו,0.0,SYM,True,בזה,בזה,False,False,False,True,True,True,False,,,,False,False
Midrash_Aggadic_Midrash_Pesikta_DRav_Kahanna__10_1,pesikta_drk,139,שהוא,6.0772,0.9127,0.8609,0.1407,50,-1,False,"{""ובזה"": 1, ""דכת"": 1, ""ר"": 1, ""הכת"": 1, ""ואו"": 1, ""עין"": 1, ""עינו"": 1, ""רבי"": 1, ""יבוא"": 1, ""ובזו"": 1, ""משל"": 1, ""יבואנו"": 1, ""הכתוב"": 1, ""יבא"": 1, ""דהו"": 1, ""דהוון"": 1, ""ששאל"": 1, ""יבאנו"": 1, ""שואל"": 1, ""ויהי"": 1, ""משלו"": 1, ""מזיד"": 1, ""ובעליו"": 1, ""דכתיב"": 1, ""הכתה"": 1, ""מזידין"": 1, ""שואלו"": 1, ""הכתובו"": 1, ""שואלנו"": 1, ""רביי"": 1, ""הכתהו"": 1, ""עינוו"": 1, ""יבאנוו"": 1, ""משלוות"": 1, ""דכתיבא"": 1, ""הכתובוות"": 1, ""משלוותי"": 1, ""הכתובוותא"": 1, ""עינוויה"": 1, ""רבייון"": 1, ""עינוויהו"": 1, ""דכתיבאנו"": 1, ""משלוותיון"": 1, ""הכתובוותאנו"": 1, ""עינוויהוון"": 1, ""דכתיבאנוו"": 1, ""הכתובוותאנוו"": 1, ""הכתובוותאנווין"": 1, ""דכתיבאנוויה"": 1, ""דכתיבאנוויהו"": 1}","{""ובזה"": [""ובזה""], ""דכת"": [""דכת""], ""ר"": [""ר""], ""הכת"": [""הכת""], ""ואו"": [""ואו""], ""עין"": [""עין""], ""עינו"": [""עינו""], ""רבי"": [""רבי""], ""יבוא"": [""יבוא""], ""ובזו"": [""ובזו""], ""משל"": [""משל""], ""יבואנו"": [""יבואנו""], ""הכתוב"": [""הכתוב""], ""יבא"": [""יבא""], ""דהו"": [""דהו""], ""דהוון"": [""דהוון""], ""ששאל"": [""ששאל""], ""יבאנו"": [""יבאנו""], ""שואל"": [""שואל""], ""ויהי"": [""ויהי""], ""משלו"": [""משלו""], ""מזיד"": [""מזיד""], ""ובעליו"": [""ובעליו""], ""דכתיב"": [""דכתיב""], ""הכתה"": [""הכתה""], ""מזידין"": [""מזידין""], ""שואלו"": [""שואלו""], ""הכתובו"": [""הכתובו""], ""שואלנו"": [""שואלנו""], ""רביי"": [""רביי""], ""הכתהו"": [""הכתהו""], ""עינוו"": [""עינוו""], ""יבאנוו"": [""יבאנוו""], ""משלוות"": [""משלוות""], ""דכתיבא"": [""דכתיבא""], ""הכתובוות"": [""הכתובוות""], ""משלוותי"": [""משלוותי""], ""הכתובוותא"": [""הכתובוותא""], ""עינוויה"": [""עינוויה""], ""רבייון"": [""רבייון""], ""עינוויהו"": [""עינוויהו""], ""דכתיבאנו"": [""דכתיבאנו""], ""משלוותיון"": [""משלוותיון""], ""הכתובוותאנו"": [""הכתובוותאנו""], ""עינוויהוון"": [""עינוויהוון""], ""דכתיבאנוו"": [""דכתיבאנוו""], ""הכתובוותאנוו"": [""הכתובוותאנוו""], ""הכתובוותאנווין"": [""הכתובוותאנווין""], ""דכתיבאנוויה"": [""דכתיבאנוויה""], ""דכתיבאנוויהו"": [""דכתיבאנוויהו""]}",ובזה,0.034406,דכת,0.029556,ר,0.023667,הכת,0.007114,ואו,0.006905,עין,0.004823,עינו,0.004602,רבי,0.003261,יבוא,0.003062,ובזו,0.003006,משל,0.00286,יבואנו,0.002766,הכתוב,0.002136,יבא,0.00204,דהו,0.001877,דהוון,0.001746,ששאל,0.001709,יבאנו,0.001617,שואל,0.001375,ויהי,0.000749,משלו,0.000373,מזיד,0.000363,ובעליו,0.000276,דכתיב,0.000183,הכתה,0.000155,מזידין,2.2e-05,שואלו,1.4e-05,הכתובו,1.2e-05,שואלנו,1.1e-05,רביי,6e-06,הכתהו,5e-06,עינוו,3e-06,יבאנוו,3e-06,משלוות,1e-06,דכתיבא,1e-06,הכתובוות,1e-06,משלוותי,0.0,הכתובוותא,0.0,עינוויה,0.0,רבייון,0.0,עינוויהו,0.0,דכתיבאנו,0.0,משלוותיון,0.0,הכתובוותאנו,0.0,עינוויהוון,0.0,דכתיבאנוו,0.0,הכתובוותאנוו,0.0,הכתובוותאנווין,0.0,דכתיבאנוויה,0.0,דכתיבאנוויהו,0.0,SYM,True,שהוא,הוא,False,True,False,True,True,True,False,,,,False,False
Midrash_Aggadic_Midrash_Pesikta_DRav_Kahanna__10_1,pesikta_drk,140,מלווה,12.9225,0.7487,0.4426,0.322,50,-1,False,"{""שואל"": 1, ""יודע"": 1, ""נותן"": 1, ""חסר"": 1, ""עינו"": 1, ""משלם"": 1, ""ידע"": 1, ""נבהל"": 1, ""הולך"": 1, ""שוכר"": 1, ""עניו"": 1, ""רע"": 1, ""מבקש"": 1, ""משיב"": 1, ""משא"": 1, ""משאיל"": 1, ""ידוע"": 1, ""חס"": 1, ""נושא"": 1, ""רוכב"": 1, ""הכניס"": 1, ""חסרה"": 1, ""שואלו"": 1, ""חסרו"": 1, ""חסרהו"": 1, ""הוליך"": 1, ""ידעו"": 1, ""רעב"": 1, ""משאילו"": 1, ""נבהלה"": 1, ""משיבנו"": 1, ""שואלהתרגום"": 1, ""ידועה"": 1, ""נבהלהו"": 1, ""מבקשנו"": 1, ""עניוות"": 1, ""רעבון"": 1, ""חסרהוון"": 1, ""חסרוון"": 1, ""שואלוות"": 1, ""עניוותי"": 1, ""שואלהאם"": 1, ""ידועהו"": 1, ""משאילוון"": 1, ""מבקשנוו"": 1, ""עניוותיון"": 1, ""מבקשנווין"": 1, ""ידועהוות"": 1, ""ידועהוותיקין"": 1, ""ידועהוותיקי"": 1}","{""שואל"": [""שואל""], ""יודע"": [""יודע""], ""נותן"": [""נותן""], ""חסר"": [""חסר""], ""עינו"": [""עינו""], ""משלם"": [""משלם""], ""ידע"": [""ידע""], ""נבהל"": [""נבהל""], ""הולך"": [""הולך""], ""שוכר"": [""שוכר""], ""עניו"": [""עניו""], ""רע"": [""רע""], ""מבקש"": [""מבקש""], ""משיב"": [""משיב""], ""משא"": [""משא""], ""משאיל"": [""משאיל""], ""ידוע"": [""ידוע""], ""חס"": [""חס""], ""נושא"": [""נושא""], ""רוכב"": [""רוכב""], ""הכניס"": [""הכניס""], ""חסרה"": [""חסרה""], ""שואלו"": [""שואלו""], ""חסרו"": [""חסרו""], ""חסרהו"": [""חסרהו""], ""הוליך"": [""הוליך""], ""ידעו"": [""ידעו""], ""רעב"": [""רעב""], ""משאילו"": [""משאילו""], ""נבהלה"": [""נבהלה""], ""משיבנו"": [""משיבנו""], ""שואלהתרגום"": [""שואלהתרגום""], ""ידועה"": [""ידועה""], ""נבהלהו"": [""נבהלהו""], ""מבקשנו"": [""מבקשנו""], ""עניוות"": [""עניוות""], ""רעבון"": [""רעבון""], ""חסרהוון"": [""חסרהוון""], ""חסרוון"": [""חסרוון""], ""שואלוות"": [""שואלוות""], ""עניוותי"": [""עניוותי""], ""שואלהאם"": [""שואלהאם""], ""ידועהו"": [""ידועהו""], ""משאילוון"": [""משאילוון""], ""מבקשנוו"": [""מבקשנוו""], ""עניוותיון"": [""עניוותיון""], ""מבקשנווין"": [""מבקשנווין""], ""ידועהוות"": [""ידועהוות""], ""ידועהוותיקין"": [""ידועהוותיקין""], ""ידועהוותיקי"": [""ידועהוותיקי""]}",שואל,0.190461,יודע,0.022282,נותן,0.016049,חסר,0.013778,עינו,0.012321,משלם,0.011689,ידע,0.008295,נבהל,0.007571,הולך,0.006267,שוכר,0.004954,עניו,0.003938,רע,0.003813,מבקש,0.003795,משיב,0.002504,משא,0.002465,משאיל,0.002266,ידוע,0.001798,חס,0.001671,נושא,0.001457,רוכב,0.001294,הכניס,0.001136,חסרה,0.000603,שואלו,0.000519,חסרו,0.000361,חסרהו,0.000317,הוליך,0.000136,ידעו,0.000111,רעב,6.1e-05,משאילו,3.7e-05,נבהלה,3.5e-05,משיבנו,2.4e-05,שואלהתרגום,1.2e-05,ידועה,1.1e-05,נבהלהו,8e-06,מבקשנו,4e-06,עניוות,3e-06,רעבון,2e-06,חסרהוון,0.0,חסרוון,0.0,שואלוות,0.0,עניוותי,0.0,שואלהאם,0.0,ידועהו,0.0,משאילוון,0.0,מבקשנוו,0.0,עניוותיון,0.0,מבקשנווין,0.0,ידועהוות,0.0,ידועהוותיקין,0.0,ידועהוותיקי,0.0,PUNCT,False,מלווה,מלווה,False,False,False,True,True,True,False,,,,False,False
Midrash_Aggadic_Midrash_Pesikta_DRav_Kahanna__10_1,pesikta_drk,141,ישר',15.7698,0.888,0.3349,0.2171,50,-1,False,"{""את"": 1, ""על"": 1, ""לו"": 1, ""מעות"": 1, ""ואינו"": 1, ""לעני"": 1, ""לשני"": 1, ""לאחיו"": 1, ""לאב"": 1, ""לאביו"": 1, ""מנה"": 1, ""לשמעון"": 1, ""ואומר"": 1, ""ממקום"": 1, ""מעשר"": 1, ""לעניי"": 1, ""מעותיו"": 1, ""לעובד"": 1, ""ומשל"": 1, ""לפלוני"": 1, ""ועושה"": 1, ""ליהודה"": 1, ""ומשלם"": 1, ""מעשרו"": 1, ""אתו"": 1, ""עליה"": 1, ""לוות"": 1, ""מנהו"": 1, ""לעובדיה"": 1, ""ואומרת"": 1, ""לוותה"": 1, ""ועושהו"": 1, ""לעובדיהו"": 1, ""עליהו"": 1, ""לוותהו"": 1, ""ועושין"": 1, ""ליהודהו"": 1, ""ואומרתנו"": 1, ""אתוון"": 1, ""מנהוות"": 1, ""לוותהוות"": 1, ""עליהוון"": 1, ""מנהוותא"": 1, ""לוותהוותה"": 1, ""לוותהוותהו"": 1, ""לעובדיהוון"": 1, ""לוותהוותהוות"": 1, ""ליהודהוון"": 1, ""ואומרתנוו"": 1, ""ואומרתנווין"": 1}","{""את"": [""את""], ""על"": [""על""], ""לו"": [""לו""], ""מעות"": [""מעות""], ""ואינו"": [""ואינו""], ""לעני"": [""לעני""], ""לשני"": [""לשני""], ""לאחיו"": [""לאחיו""], ""לאב"": [""לאב""], ""לאביו"": [""לאביו""], ""מנה"": [""מנה""], ""לשמעון"": [""לשמעון""], ""ואומר"": [""ואומר""], ""ממקום"": [""ממקום""], ""מעשר"": [""מעשר""], ""לעניי"": [""לעניי""], ""מעותיו"": [""מעותיו""], ""לעובד"": [""לעובד""], ""ומשל"": [""ומשל""], ""לפלוני"": [""לפלוני""], ""ועושה"": [""ועושה""], ""ליהודה"": [""ליהודה""], ""ומשלם"": [""ומשלם""], ""מעשרו"": [""מעשרו""], ""אתו"": [""אתו""], ""עליה"": [""עליה""], ""לוות"": [""לוות""], ""מנהו"": [""מנהו""], ""לעובדיה"": [""לעובדיה""], ""ואומרת"": [""ואומרת""], ""לוותה"": [""לוותה""], ""ועושהו"": [""ועושהו""], ""לעובדיהו"": [""לעובדיהו""], ""עליהו"": [""עליהו""], ""לוותהו"": [""לוותהו""], ""ועושין"": [""ועושין""], ""ליהודהו"": [""ליהודהו""], ""ואומרתנו"": [""ואומרתנו""], ""אתוון"": [""אתוון""], ""מנהוות"": [""מנהוות""], ""לוותהוות"": [""לוותהוות""], ""עליהוון"": [""עליהוון""], ""מנהוותא"": [""מנהוותא""], ""לוותהוותה"": [""לוותהוותה""], ""לוותהוותהו"": [""לוותהוותהו""], ""לעובדיהוון"": [""לעובדיהוון""], ""לוותהוותהוות"": [""לוותהוותהוות""], ""ליהודהוון"": [""ליהודהוון""], ""ואומרתנוו"": [""ואומרתנוו""], ""ואומרתנווין"": [""ואומרתנווין""]}",את,0.041295,על,0.038191,לו,0.034774,מעות,0.020352,ואינו,0.018652,לעני,0.014637,לשני,0.006085,לאחיו,0.004815,לאב,0.004544,לאביו,0.004344,מנה,0.003967,לשמעון,0.003271,ואומר,0.003191,ממקום,0.002369,מעשר,0.002283,לעניי,0.00197,מעותיו,0.00197,לעובד,0.00187,ומשל,0.001765,לפלוני,0.00162,ועושה,0.001569,ליהודה,0.001415,ומשלם,0.001102,מעשרו,0.000348,אתו,0.000228,עליה,0.000127,לוות,0.000109,מנהו,8.2e-05,לעובדיה,5.7e-05,ואומרת,4.8e-05,לוותה,3.6e-05,ועושהו,1.9e-05,לעובדיהו,1.3e-05,עליהו,1.3e-05,לוותהו,9e-06,ועושין,3e-06,ליהודהו,3e-06,ואומרתנו,0.0,אתוון,0.0,מנהוות,0.0,לוותהוות,0.0,עליהוון,0.0,מנהוותא,0.0,לוותהוותה,0.0,לוותהוותהו,0.0,לעובדיהוון,0.0,לוותהוותהוות,0.0,ליהודהוון,0.0,ואומרתנוו,0.0,ואומרתנווין,0.0,VERB,False,ישר,ישר,True,False,True,True,True,True,True,20.0,11.0,9.0,False,True
Midrash_Aggadic_Midrash_Pesikta_DRav_Kahanna__10_1,pesikta_drk,142,ביריבית,32.0524,0.8549,0.7071,0.1921,50,-1,False,"{""מן"": 1, ""כח"": 1, ""על"": 1, ""לו"": 1, ""דכת"": 1, ""כחו"": 1, ""עיניו"": 1, ""והיה"": 1, ""ישר"": 1, ""בעין"": 1, ""ועושה"": 1, ""עין"": 1, ""והולך"": 1, ""לאדם"": 1, ""לאחיו"": 1, ""ידו"": 1, ""ושלם"": 1, ""בעיניו"": 1, ""דהו"": 1, ""למלוה"": 1, ""ליהודה"": 1, ""דהוון"": 1, ""ועומד"": 1, ""בעינן"": 1, ""כחץ"": 1, ""עיניה"": 1, ""עליה"": 1, ""ועושהו"": 1, ""ישרו"": 1, ""והוליך"": 1, ""לאחאב"": 1, ""למלוהו"": 1, ""דהוי"": 1, ""לוותה"": 1, ""לוותיקין"": 1, ""כחוות"": 1, ""עיניהו"": 1, ""לוותהו"": 1, ""לאחאבו"": 1, ""עליהו"": 1, ""ליהודהו"": 1, ""כחוותא"": 1, ""דהויין"": 1, ""לוותהוות"": 1, ""ישרוון"": 1, ""לוותהוותה"": 1, ""לוותהוותהו"": 1, ""לוותהוותהוות"": 1, ""עליהוון"": 1, ""ליהודהוון"": 1}","{""מן"": [""מן""], ""כח"": [""כח""], ""על"": [""על""], ""לו"": [""לו""], ""דכת"": [""דכת""], ""כחו"": [""כחו""], ""עיניו"": [""עיניו""], ""והיה"": [""והיה""], ""ישר"": [""ישר""], ""בעין"": [""בעין""], ""ועושה"": [""ועושה""], ""עין"": [""עין""], ""והולך"": [""והולך""], ""לאדם"": [""לאדם""], ""לאחיו"": [""לאחיו""], ""ידו"": [""ידו""], ""ושלם"": [""ושלם""], ""בעיניו"": [""בעיניו""], ""דהו"": [""דהו""], ""למלוה"": [""למלוה""], ""ליהודה"": [""ליהודה""], ""דהוון"": [""דהוון""], ""ועומד"": [""ועומד""], ""בעינן"": [""בעינן""], ""כחץ"": [""כחץ""], ""עיניה"": [""עיניה""], ""עליה"": [""עליה""], ""ועושהו"": [""ועושהו""], ""ישרו"": [""ישרו""], ""והוליך"": [""והוליך""], ""לאחאב"": [""לאחאב""], ""למלוהו"": [""למלוהו""], ""דהוי"": [""דהוי""], ""לוותה"": [""לוותה""], ""לוותיקין"": [""לוותיקין""], ""כחוות"": [""כחוות""], ""עיניהו"": [""עיניהו""], ""לוותהו"": [""לוותהו""], ""לאחאבו"": [""לאחאבו""], ""עליהו"": [""עליהו""], ""ליהודהו"": [""ליהודהו""], ""כחוותא"": [""כחוותא""], ""דהויין"": [""דהויין""], ""לוותהוות"": [""לוותהוות""], ""ישרוון"": [""ישרוון""], ""לוותהוותה"": [""לוותהוותה""], ""לוותהוותהו"": [""לוותהוותהו""], ""לוותהוותהוות"": [""לוותהוותהוות""], ""עליהוון"": [""עליהוון""], ""ליהודהוון"": [""ליהודהוון""]}",מן,0.035144,כח,0.033419,על,0.026117,לו,0.019714,דכת,0.014887,כחו,0.008319,עיניו,0.007839,והיה,0.006912,ישר,0.005981,בעין,0.005508,ועושה,0.003144,עין,0.003096,והולך,0.002782,לאדם,0.002622,לאחיו,0.002591,ידו,0.00227,ושלם,0.002042,בעיניו,0.001831,דהו,0.001162,למלוה,0.001106,ליהודה,0.001059,דהוון,0.001028,ועומד,0.000993,בעינן,0.000825,כחץ,0.00062,עיניה,0.000212,עליה,0.000153,ועושהו,0.000138,ישרו,0.000123,והוליך,0.000103,לאחאב,9.3e-05,למלוהו,7.6e-05,דהוי,6.1e-05,לוותה,3.5e-05,לוותיקין,3.1e-05,כחוות,2.9e-05,עיניהו,2.6e-05,לוותהו,1.7e-05,לאחאבו,9e-06,עליהו,7e-06,ליהודהו,2e-06,כחוותא,1e-06,דהויין,0.0,לוותהוות,0.0,ישרוון,0.0,לוותהוותה,0.0,לוותהוותהו,0.0,לוותהוותהוות,0.0,עליהוון,0.0,ליהודהוון,0.0,VERB,True,ביריבית,[BLANK],True,False,True,True,True,True,True,1.0,29.0,-28.0,True,False
Midrash_Aggadic_Midrash_Pesikta_DRav_Kahanna__10_1,pesikta_drk,143,והיתה,10.0738,0.8484,0.5201,0.2918,50,-1,False,"{""ולא"": 1, ""והוא"": 1, ""ר"": 1, ""דכת"": 1, ""על"": 1, ""של"": 1, ""ואינו"": 1, ""וחוזר"": 1, ""והיה"": 1, ""חמש"": 1, ""חסר"": 1, ""וכת"": 1, ""רבי"": 1, ""וחסר"": 1, ""ובא"": 1, ""ועושה"": 1, ""ואומר"": 1, ""והרי"": 1, ""דהו"": 1, ""ועובר"": 1, ""דהוון"": 1, ""שלשים"": 1, ""חמשה"": 1, ""שמא"": 1, ""שוא"": 1, ""ובשעת"": 1, ""ולאו"": 1, ""וחוזרו"": 1, ""ועושהו"": 1, ""דכתיב"": 1, ""שואל"": 1, ""חסרה"": 1, ""ובאחת"": 1, ""ואומרת"": 1, ""עליה"": 1, ""ועושק"": 1, ""וחוזרנו"": 1, ""ובשעתו"": 1, ""רביי"": 1, ""עליהון"": 1, ""ולאויר"": 1, ""דכתיבא"": 1, ""חסרהו"": 1, ""ובאחתו"": 1, ""ועושקן"": 1, ""וחוזרוון"": 1, ""ולאוירא"": 1, ""רבייון"": 1, ""ובאחתוון"": 1, ""ובשעתוון"": 1}","{""ולא"": [""ולא""], ""והוא"": [""והוא""], ""ר"": [""ר""], ""דכת"": [""דכת""], ""על"": [""על""], ""של"": [""של""], ""ואינו"": [""ואינו""], ""וחוזר"": [""וחוזר""], ""והיה"": [""והיה""], ""חמש"": [""חמש""], ""חסר"": [""חסר""], ""וכת"": [""וכת""], ""רבי"": [""רבי""], ""וחסר"": [""וחסר""], ""ובא"": [""ובא""], ""ועושה"": [""ועושה""], ""ואומר"": [""ואומר""], ""והרי"": [""והרי""], ""דהו"": [""דהו""], ""ועובר"": [""ועובר""], ""דהוון"": [""דהוון""], ""שלשים"": [""שלשים""], ""חמשה"": [""חמשה""], ""שמא"": [""שמא""], ""שוא"": [""שוא""], ""ובשעת"": [""ובשעת""], ""ולאו"": [""ולאו""], ""וחוזרו"": [""וחוזרו""], ""ועושהו"": [""ועושהו""], ""דכתיב"": [""דכתיב""], ""שואל"": [""שואל""], ""חסרה"": [""חסרה""], ""ובאחת"": [""ובאחת""], ""ואומרת"": [""ואומרת""], ""עליה"": [""עליה""], ""ועושק"": [""ועושק""], ""וחוזרנו"": [""וחוזרנו""], ""ובשעתו"": [""ובשעתו""], ""רביי"": [""רביי""], ""עליהון"": [""עליהון""], ""ולאויר"": [""ולאויר""], ""דכתיבא"": [""דכתיבא""], ""חסרהו"": [""חסרהו""], ""ובאחתו"": [""ובאחתו""], ""ועושקן"": [""ועושקן""], ""וחוזרוון"": [""וחוזרוון""], ""ולאוירא"": [""ולאוירא""], ""רבייון"": [""רבייון""], ""ובאחתוון"": [""ובאחתוון""], ""ובשעתוון"": [""ובשעתוון""]}",ולא,0.052924,והוא,0.03581,ר,0.03417,דכת,0.033907,על,0.029228,של,0.020725,ואינו,0.020245,וחוזר,0.007376,והיה,0.007074,חמש,0.00559,חסר,0.005251,וכת,0.004851,רבי,0.00407,וחסר,0.003978,ובא,0.003688,ועושה,0.003225,ואומר,0.003105,והרי,0.00309,דהו,0.002724,ועובר,0.002703,דהוון,0.002526,שלשים,0.000869,חמשה,0.000771,שמא,0.000573,שוא,0.000547,ובשעת,0.000434,ולאו,0.000393,וחוזרו,0.000373,ועושהו,0.000362,דכתיב,0.000335,שואל,0.000327,חסרה,0.000176,ובאחת,0.000159,ואומרת,7.9e-05,עליה,4.7e-05,ועושק,3.3e-05,וחוזרנו,2.7e-05,ובשעתו,1.5e-05,רביי,7e-06,עליהון,6e-06,ולאויר,6e-06,דכתיבא,2e-06,חסרהו,2e-06,ובאחתו,1e-06,ועושקן,1e-06,וחוזרוון,1e-06,ולאוירא,1e-06,רבייון,0.0,ובאחתוון,0.0,ובשעתוון,0.0,DET,False,והיתה,היי,False,False,False,True,True,True,False,,,,False,False
Midrash_Aggadic_Midrash_Pesikta_DRav_Kahanna__10_1,pesikta_drk,144,עינו,0.5825,0.1005,0.0,0.7547,5,1,True,"{""עינו"": 1, ""לו"": 1, ""עיניו"": 1, ""עיניה"": 1, ""עיניהו"": 1}","{""עינו"": [""עינו""], ""לו"": [""לו""], ""עיניו"": [""עיניו""], ""עיניה"": [""עיניה""], ""עיניהו"": [""עיניהו""]}",עינו,0.667822,לו,0.080496,עיניו,0.006254,עיניה,0.000115,עיניהו,1e-06,,,,,,,,,,,,,,,,,,,,,,,,,,,,,,,,,,,,,,,,,,,,,,,,,,,,,,,,,,,,,,,,,,,,,,,,,,,,,,,,,,,,,,,,,,,VERB,True,עינו,עינה,True,False,True,True,True,True,True,74.0,73.0,1.0,False,True
Midrash_Aggadic_Midrash_Pesikta_DRav_Kahanna__10_1,pesikta_drk,145,צרה,0.0455,0.1495,0.0,1.9424,5,2,True,"{""צר"": 1, ""צרה"": 1, ""צרהו"": 1, ""צרהוילוה"": 1, ""צרהוילא"": 1}","{""צר"": [""צר""], ""צרה"": [""צרה""], ""צרהו"": [""צרהו""], ""צרהוילוה"": [""צרהוילוה""], ""צרהוילא"": [""צרהוילא""]}",צר,0.972827,צרה,0.968959,צרהו,0.000597,צרהוילוה,0.0,צרהוילא,0.0,,,,,,,,,,,,,,,,,,,,,,,,,,,,,,,,,,,,,,,,,,,,,,,,,,,,,,,,,,,,,,,,,,,,,,,,,,,,,,,,,,,,,,,,,,,VERB,False,צרה,צר,True,False,True,True,True,True,True,81.0,72.0,9.0,False,True
Midrash_Aggadic_Midrash_Pesikta_DRav_Kahanna__10_1,pesikta_drk,146,להלוותו,8.0616,0.7217,0.0,0.3095,50,16,True,"{""לשכור"": 1, ""לו"": 1, ""בממונו"": 1, ""על"": 1, ""במלוה"": 1, ""להלוות"": 1, ""בה"": 1, ""בו"": 1, ""בממון"": 1, ""ללוות"": 1, ""להחזיר"": 1, ""בשכר"": 1, ""לשכר"": 1, ""למוכר"": 1, ""ביריבו"": 1, ""להלוותו"": 1, ""בשכירות"": 1, ""למלווה"": 1, ""במלוהו"": 1, ""ללוותו"": 1, ""לעשר"": 1, ""לעלות"": 1, ""למוכרו"": 1, ""בהלוואה"": 1, ""ונתן"": 1, ""לשכרו"": 1, ""בשכרו"": 1, ""בהלווה"": 1, ""לעשרו"": 1, ""למלווהו"": 1, ""ונתנו"": 1, ""בשכירותו"": 1, ""עליה"": 1, ""לוון"": 1, ""בממונם"": 1, ""לעלותו"": 1, ""בהלווהו"": 1, ""בממוניו"": 1, ""לשכורו"": 1, ""ביריבוון"": 1, ""בהלוואהו"": 1, ""להלוותוו"": 1, ""עליהו"": 1, ""ונתנוו"": 1, ""לעשרוון"": 1, ""לשכרוון"": 1, ""לשכורוון"": 1, ""ונתנווין"": 1, ""להלוותווון"": 1, ""בהלוואהוון"": 1}","{""לשכור"": [""לשכור""], ""לו"": [""לו""], ""בממונו"": [""בממונו""], ""על"": [""על""], ""במלוה"": [""במלוה""], ""להלוות"": [""להלוות""], ""בה"": [""בה""], ""בו"": [""בו""], ""בממון"": [""בממון""], ""ללוות"": [""ללוות""], ""להחזיר"": [""להחזיר""], ""בשכר"": [""בשכר""], ""לשכר"": [""לשכר""], ""למוכר"": [""למוכר""], ""ביריבו"": [""ביריבו""], ""להלוותו"": [""להלוותו""], ""בשכירות"": [""בשכירות""], ""למלווה"": [""למלווה""], ""במלוהו"": [""במלוהו""], ""ללוותו"": [""ללוותו""], ""לעשר"": [""לעשר""], ""לעלות"": [""לעלות""], ""למוכרו"": [""למוכרו""], ""בהלוואה"": [""בהלוואה""], ""ונתן"": [""ונתן""], ""לשכרו"": [""לשכרו""], ""בשכרו"": [""בשכרו""], ""בהלווה"": [""בהלווה""], ""לעשרו"": [""לעשרו""], ""למלווהו"": [""למלווהו""], ""ונתנו"": [""ונתנו""], ""בשכירותו"": [""בשכירותו""], ""עליה"": [""עליה""], ""לוון"": [""לוון""], ""בממונם"": [""בממונם""], ""לעלותו"": [""לעלותו""], ""בהלווהו"": [""בהלווהו""], ""בממוניו"": [""בממוניו""], ""לשכורו"": [""לשכורו""], ""ביריבוון"": [""ביריבוון""], ""בהלוואהו"": [""בהלוואהו""], ""להלוותוו"": [""להלוותוו""], ""עליהו"": [""עליהו""], ""ונתנוו"": [""ונתנוו""], ""לעשרוון"": [""לעשרוון""], ""לשכרוון"": [""לשכרוון""], ""לשכורוון"": [""לשכורוון""], ""ונתנווין"": [""ונתנווין""], ""להלוותווון"": [""להלוותווון""], ""בהלוואהוון"": [""בהלוואהוון""]}",לשכור,0.067569,לו,0.058702,בממונו,0.026578,על,0.024856,במלוה,0.020093,להלוות,0.016258,בה,0.014162,בו,0.011203,בממון,0.011165,ללוות,0.00982,להחזיר,0.007031,בשכר,0.005174,לשכר,0.00505,למוכר,0.004022,ביריבו,0.003988,להלוותו,0.003743,בשכירות,0.002999,למלווה,0.00277,במלוהו,0.001927,ללוותו,0.001761,לעשר,0.001691,לעלות,0.001424,למוכרו,0.001404,בהלוואה,0.001252,ונתן,0.000889,לשכרו,0.00088,בשכרו,0.000767,בהלווה,0.000506,לעשרו,0.000415,למלווהו,0.000346,ונתנו,0.000259,בשכירותו,0.000207,עליה,0.000162,לוון,0.000105,בממונם,7.6e-05,לעלותו,6.1e-05,בהלווהו,5.4e-05,בממוניו,5.1e-05,לשכורו,4.2e-05,ביריבוון,6e-06,בהלוואהו,4e-06,להלוותוו,4e-06,עליהו,1e-06,ונתנוו,1e-06,לעשרוון,0.0,לשכרוון,0.0,לשכורוון,0.0,ונתנווין,0.0,להלוותווון,0.0,בהלוואהוון,0.0,VERB,True,להלוותו,הלווה,True,False,True,True,True,True,True,46.0,56.0,-10.0,True,False
Midrash_Aggadic_Midrash_Pesikta_DRav_Kahanna__10_1,pesikta_drk,147,שלא,6.8711,0.8527,0.7317,0.3082,50,-1,False,"{""והוא"": 1, ""ולא"": 1, ""על"": 1, ""דכת"": 1, ""ר"": 1, ""יותר"": 1, ""והיה"": 1, ""ביריבית"": 1, ""ישר"": 1, ""ואינו"": 1, ""והרי"": 1, ""ואמר"": 1, ""וכת"": 1, ""יבוא"": 1, ""יבואנו"": 1, ""ביריבה"": 1, ""ונתן"": 1, ""בלא"": 1, ""ולפיכך"": 1, ""ולשלם"": 1, ""רבי"": 1, ""וכתיב"": 1, ""דהו"": 1, ""דהוון"": 1, ""ולאו"": 1, ""ביריבת"": 1, ""ביריביתו"": 1, ""ואמרנו"": 1, ""עליה"": 1, ""ישרו"": 1, ""דכתיב"": 1, ""ולפדות"": 1, ""ולפדותו"": 1, ""ביריבתא"": 1, ""ולאויר"": 1, ""וכתיבת"": 1, ""עליהו"": 1, ""רביי"": 1, ""דכתיבא"": 1, ""ולאוירב"": 1, ""ישרוות"": 1, ""ביריביתוון"": 1, ""וכתיבתא"": 1, ""ולאוירבון"": 1, ""רבייון"": 1, ""עליהוון"": 1, ""דכתיבאנו"": 1, ""דכתיבאנוו"": 1, ""דכתיבאנוויה"": 1, ""דכתיבאנוויהו"": 1}","{""והוא"": [""והוא""], ""ולא"": [""ולא""], ""על"": [""על""], ""דכת"": [""דכת""], ""ר"": [""ר""], ""יותר"": [""יותר""], ""והיה"": [""והיה""], ""ביריבית"": [""ביריבית""], ""ישר"": [""ישר""], ""ואינו"": [""ואינו""], ""והרי"": [""והרי""], ""ואמר"": [""ואמר""], ""וכת"": [""וכת""], ""יבוא"": [""יבוא""], ""יבואנו"": [""יבואנו""], ""ביריבה"": [""ביריבה""], ""ונתן"": [""ונתן""], ""בלא"": [""בלא""], ""ולפיכך"": [""ולפיכך""], ""ולשלם"": [""ולשלם""], ""רבי"": [""רבי""], ""וכתיב"": [""וכתיב""], ""דהו"": [""דהו""], ""דהוון"": [""דהוון""], ""ולאו"": [""ולאו""], ""ביריבת"": [""ביריבת""], ""ביריביתו"": [""ביריביתו""], ""ואמרנו"": [""ואמרנו""], ""עליה"": [""עליה""], ""ישרו"": [""ישרו""], ""דכתיב"": [""דכתיב""], ""ולפדות"": [""ולפדות""], ""ולפדותו"": [""ולפדותו""], ""ביריבתא"": [""ביריבתא""], ""ולאויר"": [""ולאויר""], ""וכתיבת"": [""וכתיבת""], ""עליהו"": [""עליהו""], ""רביי"": [""רביי""], ""דכתיבא"": [""דכתיבא""], ""ולאוירב"": [""ולאוירב""], ""ישרוות"": [""ישרוות""], ""ביריביתוון"": [""ביריביתוון""], ""וכתיבתא"": [""וכתיבתא""], ""ולאוירבון"": [""ולאוירבון""], ""רבייון"": [""רבייון""], ""עליהוון"": [""עליהוון""], ""דכתיבאנו"": [""דכתיבאנו""], ""דכתיבאנוו"": [""דכתיבאנוו""], ""דכתיבאנוויה"": [""דכתיבאנוויה""], ""דכתיבאנוויהו"": [""דכתיבאנוויהו""]}",והוא,0.102457,ולא,0.071527,על,0.016466,דכת,0.016406,ר,0.015712,יותר,0.015469,והיה,0.015443,ביריבית,0.013243,ישר,0.008037,ואינו,0.007664,והרי,0.004356,ואמר,0.003145,וכת,0.003098,יבוא,0.002866,יבואנו,0.002484,ביריבה,0.001607,ונתן,0.001501,בלא,0.001219,ולפיכך,0.001191,ולשלם,0.001018,רבי,0.000853,וכתיב,0.000665,דהו,0.000349,דהוון,0.00032,ולאו,0.000297,ביריבת,0.000198,ביריביתו,0.000151,ואמרנו,0.00015,עליה,8.6e-05,ישרו,7.6e-05,דכתיב,6.7e-05,ולפדות,3.7e-05,ולפדותו,1.4e-05,ביריבתא,9e-06,ולאויר,4e-06,וכתיבת,3e-06,עליהו,2e-06,רביי,1e-06,דכתיבא,0.0,ולאוירב,0.0,ישרוות,0.0,ביריביתוון,0.0,וכתיבתא,0.0,ולאוירבון,0.0,רבייון,0.0,עליהוון,0.0,דכתיבאנו,0.0,דכתיבאנוו,0.0,דכתיבאנוויה,0.0,דכתיבאנוויהו,0.0,INTJ,True,שלא,לא,False,True,False,True,True,True,False,,,,False,False
Midrash_Aggadic_Midrash_Pesikta_DRav_Kahanna__10_1,pesikta_drk,148,בריבית,7.7409,0.8082,0.2243,0.2884,50,-1,False,"{""ישלם"": 1, ""ידע"": 1, ""היה"": 1, ""יהיה"": 1, ""ביריבית"": 1, ""יוכל"": 1, ""להלוותו"": 1, ""להלוות"": 1, ""יהא"": 1, ""ישיב"": 1, ""להחזיר"": 1, ""ישאר"": 1, ""ליתן"": 1, ""כדת"": 1, ""משל"": 1, ""עשה"": 1, ""ביריבה"": 1, ""משלם"": 1, ""נשלם"": 1, ""הלווה"": 1, ""עמד"": 1, ""יהנה"": 1, ""כדרך"": 1, ""ישיבנו"": 1, ""ליפרע"": 1, ""הלוית"": 1, ""הלה"": 1, ""הלווהו"": 1, ""נתר"": 1, ""משלו"": 1, ""נתרצה"": 1, ""ידענו"": 1, ""הלויתו"": 1, ""ישארו"": 1, ""ביריבהו"": 1, ""כדתנינן"": 1, ""ליפרענו"": 1, ""יהנהו"": 1, ""כדתנינא"": 1, ""ביריביתו"": 1, ""כדתניא"": 1, ""משלוות"": 1, ""נתרצהו"": 1, ""ביריבהוון"": 1, ""משלוותא"": 1, ""ידענוו"": 1, ""ביריביתוון"": 1, ""ליפרענוו"": 1, ""ידענווין"": 1, ""ליפרענווין"": 1}","{""ישלם"": [""ישלם""], ""ידע"": [""ידע""], ""היה"": [""היה""], ""יהיה"": [""יהיה""], ""ביריבית"": [""ביריבית""], ""יוכל"": [""יוכל""], ""להלוותו"": [""להלוותו""], ""להלוות"": [""להלוות""], ""יהא"": [""יהא""], ""ישיב"": [""ישיב""], ""להחזיר"": [""להחזיר""], ""ישאר"": [""ישאר""], ""ליתן"": [""ליתן""], ""כדת"": [""כדת""], ""משל"": [""משל""], ""עשה"": [""עשה""], ""ביריבה"": [""ביריבה""], ""משלם"": [""משלם""], ""נשלם"": [""נשלם""], ""הלווה"": [""הלווה""], ""עמד"": [""עמד""], ""יהנה"": [""יהנה""], ""כדרך"": [""כדרך""], ""ישיבנו"": [""ישיבנו""], ""ליפרע"": [""ליפרע""], ""הלוית"": [""הלוית""], ""הלה"": [""הלה""], ""הלווהו"": [""הלווהו""], ""נתר"": [""נתר""], ""משלו"": [""משלו""], ""נתרצה"": [""נתרצה""], ""ידענו"": [""ידענו""], ""הלויתו"": [""הלויתו""], ""ישארו"": [""ישארו""], ""ביריבהו"": [""ביריבהו""], ""כדתנינן"": [""כדתנינן""], ""ליפרענו"": [""ליפרענו""], ""יהנהו"": [""יהנהו""], ""כדתנינא"": [""כדתנינא""], ""ביריביתו"": [""ביריביתו""], ""כדתניא"": [""כדתניא""], ""משלוות"": [""משלוות""], ""נתרצהו"": [""נתרצהו""], ""ביריבהוון"": [""ביריבהוון""], ""משלוותא"": [""משלוותא""], ""ידענוו"": [""ידענוו""], ""ביריביתוון"": [""ביריביתוון""], ""ליפרענוו"": [""ליפרענוו""], ""ידענווין"": [""ידענווין""], ""ליפרענווין"": [""ליפרענווין""]}",ישלם,0.07636,ידע,0.047044,היה,0.043338,יהיה,0.016708,ביריבית,0.013638,יוכל,0.011306,להלוותו,0.011278,להלוות,0.009205,יהא,0.008135,ישיב,0.006869,להחזיר,0.005743,ישאר,0.005266,ליתן,0.0036,כדת,0.003282,משל,0.00302,עשה,0.002616,ביריבה,0.002567,משלם,0.002244,נשלם,0.002088,הלווה,0.002057,עמד,0.001357,יהנה,0.001267,כדרך,0.001246,ישיבנו,0.001144,ליפרע,0.001118,הלוית,0.000913,הלה,0.000863,הלווהו,0.000859,נתר,0.000818,משלו,0.000567,נתרצה,0.000378,ידענו,0.000313,הלויתו,0.000299,ישארו,0.000292,ביריבהו,0.000207,כדתנינן,0.000125,ליפרענו,7.8e-05,יהנהו,5.1e-05,כדתנינא,5.1e-05,ביריביתו,4.2e-05,כדתניא,3.6e-05,משלוות,1.6e-05,נתרצהו,5e-06,ביריבהוון,2e-06,משלוותא,1e-06,ידענוו,0.0,ביריביתוון,0.0,ליפרענוו,0.0,ידענווין,0.0,ליפרענווין,0.0,VERB,True,בריבית,ריבית,True,False,True,True,True,True,True,49.0,49.0,0.0,False,False
Midrash_Aggadic_Midrash_Pesikta_DRav_Kahanna__10_1,pesikta_drk,149,והוא,4.0143,0.7243,0.0,0.4925,50,2,True,"{""ולא"": 1, ""והוא"": 1, ""דכת"": 1, ""יבוא"": 1, ""יבואנו"": 1, ""והיה"": 1, ""ר"": 1, ""ועל"": 1, ""חסר"": 1, ""על"": 1, ""חיסרו"": 1, ""יבא"": 1, ""יבאנו"": 1, ""וכת"": 1, ""וחיסרו"": 1, ""והיו"": 1, ""ואינו"": 1, ""ואמר"": 1, ""ובא"": 1, ""וחסר"": 1, ""וחיסר"": 1, ""רבי"": 1, ""ונתן"": 1, ""וכתיב"": 1, ""חיסר"": 1, ""דהו"": 1, ""דהוון"": 1, ""ובאו"": 1, ""ובאנו"": 1, ""ואמרנו"": 1, ""דכתיב"": 1, ""עלתה"": 1, ""וחיסרנו"": 1, ""יבאנוו"": 1, ""חיסרוה"": 1, ""חיסרוהו"": 1, ""ובאויב"": 1, ""וכתיבת"": 1, ""רביי"": 1, ""ובאנוו"": 1, ""ובאויבי"": 1, ""דכתיבא"": 1, ""ובאנווין"": 1, ""וכתיבתא"": 1, ""רבייון"": 1, ""דכתיבאנו"": 1, ""ובאויבייו"": 1, ""דכתיבאנוו"": 1, ""דכתיבאנוויה"": 1, ""דכתיבאנוויהו"": 1}","{""ולא"": [""ולא""], ""והוא"": [""והוא""], ""דכת"": [""דכת""], ""יבוא"": [""יבוא""], ""יבואנו"": [""יבואנו""], ""והיה"": [""והיה""], ""ר"": [""ר""], ""ועל"": [""ועל""], ""חסר"": [""חסר""], ""על"": [""על""], ""חיסרו"": [""חיסרו""], ""יבא"": [""יבא""], ""יבאנו"": [""יבאנו""], ""וכת"": [""וכת""], ""וחיסרו"": [""וחיסרו""], ""והיו"": [""והיו""], ""ואינו"": [""ואינו""], ""ואמר"": [""ואמר""], ""ובא"": [""ובא""], ""וחסר"": [""וחסר""], ""וחיסר"": [""וחיסר""], ""רבי"": [""רבי""], ""ונתן"": [""ונתן""], ""וכתיב"": [""וכתיב""], ""חיסר"": [""חיסר""], ""דהו"": [""דהו""], ""דהוון"": [""דהוון""], ""ובאו"": [""ובאו""], ""ובאנו"": [""ובאנו""], ""ואמרנו"": [""ואמרנו""], ""דכתיב"": [""דכתיב""], ""עלתה"": [""עלתה""], ""וחיסרנו"": [""וחיסרנו""], ""יבאנוו"": [""יבאנוו""], ""חיסרוה"": [""חיסרוה""], ""חיסרוהו"": [""חיסרוהו""], ""ובאויב"": [""ובאויב""], ""וכתיבת"": [""וכתיבת""], ""רביי"": [""רביי""], ""ובאנוו"": [""ובאנוו""], ""ובאויבי"": [""ובאויבי""], ""דכתיבא"": [""דכתיבא""], ""ובאנווין"": [""ובאנווין""], ""וכתיבתא"": [""וכתיבתא""], ""רבייון"": [""רבייון""], ""דכתיבאנו"": [""דכתיבאנו""], ""ובאויבייו"": [""ובאויבייו""], ""דכתיבאנוו"": [""דכתיבאנוו""], ""דכתיבאנוויה"": [""דכתיבאנוויה""], ""דכתיבאנוויהו"": [""דכתיבאנוויהו""]}",ולא,0.150792,והוא,0.061885,דכת,0.031395,יבוא,0.030178,יבואנו,0.026085,והיה,0.023637,ר,0.021055,ועל,0.020091,חסר,0.019884,על,0.013808,חיסרו,0.013653,יבא,0.012193,יבאנו,0.010423,וכת,0.009022,וחיסרו,0.007409,והיו,0.007322,ואינו,0.005967,ואמר,0.005266,ובא,0.00447,וחסר,0.003875,וחיסר,0.002443,רבי,0.002418,ונתן,0.002274,וכתיב,0.001784,חיסר,0.001763,דהו,0.000811,דהוון,0.00076,ובאו,0.000664,ובאנו,0.000546,ואמרנו,0.000222,דכתיב,0.000172,עלתה,5.3e-05,וחיסרנו,3.9e-05,יבאנוו,3e-05,חיסרוה,2.4e-05,חיסרוהו,2.1e-05,ובאויב,8e-06,וכתיבת,5e-06,רביי,3e-06,ובאנוו,2e-06,ובאויבי,2e-06,דכתיבא,1e-06,ובאנווין,0.0,וכתיבתא,0.0,רבייון,0.0,דכתיבאנו,0.0,ובאויבייו,0.0,דכתיבאנוו,0.0,דכתיבאנוויה,0.0,דכתיבאנוויהו,0.0,SYM,True,והוא,הוא,False,True,False,True,True,True,False,,,,False,False
Midrash_Aggadic_Midrash_Pesikta_DRav_Kahanna__10_1,pesikta_drk,150,מלוה,7.2053,0.5804,0.3038,0.6209,50,-1,False,"{""מלווה"": 1, ""מלווהו"": 1, ""שואל"": 1, ""יודע"": 1, ""לא"": 1, ""משלם"": 1, ""נותן"": 1, ""אינו"": 1, ""אומר"": 1, ""ידע"": 1, ""חייב"": 1, ""מלוותו"": 1, ""לווה"": 1, ""מת"": 1, ""משיב"": 1, ""לוה"": 1, ""יושב"": 1, ""נבהל"": 1, ""הלווה"": 1, ""שומר"": 1, ""משעבד"": 1, ""לווהו"": 1, ""הולך"": 1, ""נוטל"": 1, ""מתחרט"": 1, ""הלווהו"": 1, ""לוהו"": 1, ""שואלו"": 1, ""אומרו"": 1, ""מתחרה"": 1, ""יושיט"": 1, ""משיבנו"": 1, ""חייבו"": 1, ""מתחרטת"": 1, ""שואלנו"": 1, ""משעבדו"": 1, ""מתחרהו"": 1, ""יושיטו"": 1, ""מלוותוו"": 1, ""נוטלנו"": 1, ""שואלוות"": 1, ""שואלוותה"": 1, ""מלוותווין"": 1, ""שואלנוו"": 1, ""נוטלנוו"": 1, ""שואלוותהו"": 1, ""שואלנווין"": 1, ""נוטלנווין"": 1, ""שואלוותהוות"": 1, ""שואלוותהוותה"": 1}","{""מלווה"": [""מלווה""], ""מלווהו"": [""מלווהו""], ""שואל"": [""שואל""], ""יודע"": [""יודע""], ""לא"": [""לא""], ""משלם"": [""משלם""], ""נותן"": [""נותן""], ""אינו"": [""אינו""], ""אומר"": [""אומר""], ""ידע"": [""ידע""], ""חייב"": [""חייב""], ""מלוותו"": [""מלוותו""], ""לווה"": [""לווה""], ""מת"": [""מת""], ""משיב"": [""משיב""], ""לוה"": [""לוה""], ""יושב"": [""יושב""], ""נבהל"": [""נבהל""], ""הלווה"": [""הלווה""], ""שומר"": [""שומר""], ""משעבד"": [""משעבד""], ""לווהו"": [""לווהו""], ""הולך"": [""הולך""], ""נוטל"": [""נוטל""], ""מתחרט"": [""מתחרט""], ""הלווהו"": [""הלווהו""], ""לוהו"": [""לוהו""], ""שואלו"": [""שואלו""], ""אומרו"": [""אומרו""], ""מתחרה"": [""מתחרה""], ""יושיט"": [""יושיט""], ""משיבנו"": [""משיבנו""], ""חייבו"": [""חייבו""], ""מתחרטת"": [""מתחרטת""], ""שואלנו"": [""שואלנו""], ""משעבדו"": [""משעבדו""], ""מתחרהו"": [""מתחרהו""], ""יושיטו"": [""יושיטו""], ""מלוותוו"": [""מלוותוו""], ""נוטלנו"": [""נוטלנו""], ""שואלוות"": [""שואלוות""], ""שואלוותה"": [""שואלוותה""], ""מלוותווין"": [""מלוותווין""], ""שואלנוו"": [""שואלנוו""], ""נוטלנוו"": [""נוטלנוו""], ""שואלוותהו"": [""שואלוותהו""], ""שואלנווין"": [""שואלנווין""], ""נוטלנווין"": [""נוטלנווין""], ""שואלוותהוות"": [""שואלוותהוות""], ""שואלוותהוותה"": [""שואלוותהוותה""]}",מלווה,0.302947,מלווהו,0.072203,שואל,0.032826,יודע,0.022343,לא,0.021656,משלם,0.021335,נותן,0.018523,אינו,0.016604,אומר,0.016093,ידע,0.013488,חייב,0.012533,מלוותו,0.01231,לווה,0.008759,מת,0.008349,משיב,0.007865,לוה,0.006509,יושב,0.003933,נבהל,0.003836,הלווה,0.003737,שומר,0.003734,משעבד,0.001782,לווהו,0.00163,הולך,0.001548,נוטל,0.001404,מתחרט,0.001375,הלווהו,0.001072,לוהו,0.000837,שואלו,0.000539,אומרו,0.00028,מתחרה,0.000224,יושיט,0.000208,משיבנו,0.00017,חייבו,0.000132,מתחרטת,1.6e-05,שואלנו,1.5e-05,משעבדו,1.5e-05,מתחרהו,1.2e-05,יושיטו,1.2e-05,מלוותוו,8e-06,נוטלנו,2e-06,שואלוות,0.0,שואלוותה,0.0,מלוותווין,0.0,שואלנוו,0.0,נוטלנוו,0.0,שואלוותהו,0.0,שואלנווין,0.0,נוטלנווין,0.0,שואלוותהוות,0.0,שואלוותהוותה,0.0,SYM,True,מלוה,הלווה,False,False,False,True,True,True,False,,,,False,False
Midrash_Aggadic_Midrash_Pesikta_DRav_Kahanna__10_1,pesikta_drk,151,אותו,5.9049,0.8633,0.0,0.5548,50,8,True,"{""בריבית"": 1, ""ישר"": 1, ""לו"": 1, ""אחת"": 1, ""על"": 1, ""את"": 1, ""ביריבית"": 1, ""אותו"": 1, ""אחד"": 1, ""עמו"": 1, ""יריב"": 1, ""יריבית"": 1, ""ביריבה"": 1, ""עשרה"": 1, ""וגו"": 1, ""ברבית"": 1, ""ישרו"": 1, ""לוות"": 1, ""בלא"": 1, ""ועושה"": 1, ""ועובר"": 1, ""עליה"": 1, ""ביריבהו"": 1, ""לוותה"": 1, ""אתו"": 1, ""בריבי"": 1, ""לוותהו"": 1, ""ביריביתו"": 1, ""ועושהו"": 1, ""אחתו"": 1, ""יריביתו"": 1, ""עליהו"": 1, ""עמוון"": 1, ""ועוברת"": 1, ""ישרוות"": 1, ""בריביית"": 1, ""ביריבהוון"": 1, ""לוותהוות"": 1, ""ישרוותה"": 1, ""לוותהוותה"": 1, ""אתוון"": 1, ""אחתוות"": 1, ""לוותהוותהו"": 1, ""לוותהוותהוות"": 1, ""ישרוותהו"": 1, ""אחתוותא"": 1, ""אחתוותאוי"": 1, ""אחתוותאויי"": 1, ""אחתוותאוייוי"": 1, ""אחתוותאוייויי"": 1}","{""בריבית"": [""בריבית""], ""ישר"": [""ישר""], ""לו"": [""לו""], ""אחת"": [""אחת""], ""על"": [""על""], ""את"": [""את""], ""ביריבית"": [""ביריבית""], ""אותו"": [""אותו""], ""אחד"": [""אחד""], ""עמו"": [""עמו""], ""יריב"": [""יריב""], ""יריבית"": [""יריבית""], ""ביריבה"": [""ביריבה""], ""עשרה"": [""עשרה""], ""וגו"": [""וגו""], ""ברבית"": [""ברבית""], ""ישרו"": [""ישרו""], ""לוות"": [""לוות""], ""בלא"": [""בלא""], ""ועושה"": [""ועושה""], ""ועובר"": [""ועובר""], ""עליה"": [""עליה""], ""ביריבהו"": [""ביריבהו""], ""לוותה"": [""לוותה""], ""אתו"": [""אתו""], ""בריבי"": [""בריבי""], ""לוותהו"": [""לוותהו""], ""ביריביתו"": [""ביריביתו""], ""ועושהו"": [""ועושהו""], ""אחתו"": [""אחתו""], ""יריביתו"": [""יריביתו""], ""עליהו"": [""עליהו""], ""עמוון"": [""עמוון""], ""ועוברת"": [""ועוברת""], ""ישרוות"": [""ישרוות""], ""בריביית"": [""בריביית""], ""ביריבהוון"": [""ביריבהוון""], ""לוותהוות"": [""לוותהוות""], ""ישרוותה"": [""ישרוותה""], ""לוותהוותה"": [""לוותהוותה""], ""אתוון"": [""אתוון""], ""אחתוות"": [""אחתוות""], ""לוותהוותהו"": [""לוותהוותהו""], ""לוותהוותהוות"": [""לוותהוותהוות""], ""ישרוותהו"": [""ישרוותהו""], ""אחתוותא"": [""אחתוותא""], ""אחתוותאוי"": [""אחתוותאוי""], ""אחתוותאויי"": [""אחתוותאויי""], ""אחתוותאוייוי"": [""אחתוותאוייוי""], ""אחתוותאוייויי"": [""אחתוותאוייויי""]}",בריבית,0.121682,ישר,0.120971,לו,0.119523,אחת,0.066007,על,0.024283,את,0.019512,ביריבית,0.018314,אותו,0.016689,אחד,0.01643,עמו,0.005998,יריב,0.004417,יריבית,0.004337,ביריבה,0.003778,עשרה,0.003638,וגו,0.001617,ברבית,0.001512,ישרו,0.001461,לוות,0.001041,בלא,0.000949,ועושה,0.000683,ועובר,0.000495,עליה,0.000297,ביריבהו,0.000271,לוותה,0.000197,אתו,0.000164,בריבי,0.000134,לוותהו,9.2e-05,ביריביתו,8.2e-05,ועושהו,6.3e-05,אחתו,5.8e-05,יריביתו,3.3e-05,עליהו,1.2e-05,עמוון,6e-06,ועוברת,5e-06,ישרוות,5e-06,בריביית,4e-06,ביריבהוון,2e-06,לוותהוות,1e-06,ישרוותה,0.0,לוותהוותה,0.0,אתוון,0.0,אחתוות,0.0,לוותהוותהו,0.0,לוותהוותהוות,0.0,ישרוותהו,0.0,אחתוותא,0.0,אחתוותאוי,0.0,אחתוותאויי,0.0,אחתוותאוייוי,0.0,אחתוותאוייויי,0.0,VERB,False,אותו,את,True,True,False,True,True,True,False,,,,False,False
Midrash_Aggadic_Midrash_Pesikta_DRav_Kahanna__10_1,pesikta_drk,152,בריבית,1.0576,0.1838,-0.0,0.6578,45,1,True,"{""בריבית"": 1, ""ישר"": 1, ""ביריבית"": 1, ""על"": 1, ""שלא"": 1, ""והוא"": 1, ""ואינו"": 1, ""ברבית"": 1, ""ביריבה"": 1, ""והיה"": 1, ""בשטר"": 1, ""והיתה"": 1, ""בשכר"": 1, ""בלא"": 1, ""ואומר"": 1, ""יריבית"": 1, ""ועושה"": 1, ""ועובר"": 1, ""בריבי"": 1, ""ישרו"": 1, ""ביריבת"": 1, ""ועושהו"": 1, ""בשטרות"": 1, ""ביריביתו"": 1, ""בשכרו"": 1, ""עליה"": 1, ""שלאו"": 1, ""ואומרת"": 1, ""בריביית"": 1, ""ועוברת"": 1, ""ביריבתא"": 1, ""יריביתו"": 1, ""יריבת"": 1, ""בשטרותיו"": 1, ""עליהו"": 1, ""שלאויר"": 1, ""ואומרתנו"": 1, ""ביריביתוון"": 1, ""יריבתא"": 1, ""עליהוון"": 1, ""שלאוירית"": 1, ""יריביתוון"": 1, ""שלאויריתא"": 1, ""ואומרתנוו"": 1, ""ואומרתנווין"": 1}","{""בריבית"": [""בריבית""], ""ישר"": [""ישר""], ""ביריבית"": [""ביריבית""], ""על"": [""על""], ""שלא"": [""שלא""], ""והוא"": [""והוא""], ""ואינו"": [""ואינו""], ""ברבית"": [""ברבית""], ""ביריבה"": [""ביריבה""], ""והיה"": [""והיה""], ""בשטר"": [""בשטר""], ""והיתה"": [""והיתה""], ""בשכר"": [""בשכר""], ""בלא"": [""בלא""], ""ואומר"": [""ואומר""], ""יריבית"": [""יריבית""], ""ועושה"": [""ועושה""], ""ועובר"": [""ועובר""], ""בריבי"": [""בריבי""], ""ישרו"": [""ישרו""], ""ביריבת"": [""ביריבת""], ""ועושהו"": [""ועושהו""], ""בשטרות"": [""בשטרות""], ""ביריביתו"": [""ביריביתו""], ""בשכרו"": [""בשכרו""], ""עליה"": [""עליה""], ""שלאו"": [""שלאו""], ""ואומרת"": [""ואומרת""], ""בריביית"": [""בריביית""], ""ועוברת"": [""ועוברת""], ""ביריבתא"": [""ביריבתא""], ""יריביתו"": [""יריביתו""], ""יריבת"": [""יריבת""], ""בשטרותיו"": [""בשטרותיו""], ""עליהו"": [""עליהו""], ""שלאויר"": [""שלאויר""], ""ואומרתנו"": [""ואומרתנו""], ""ביריביתוון"": [""ביריביתוון""], ""יריבתא"": [""יריבתא""], ""עליהוון"": [""עליהוון""], ""שלאוירית"": [""שלאוירית""], ""יריביתוון"": [""יריביתוון""], ""שלאויריתא"": [""שלאויריתא""], ""ואומרתנוו"": [""ואומרתנוו""], ""ואומרתנווין"": [""ואומרתנווין""]}",בריבית,0.480447,ישר,0.050362,ביריבית,0.043354,על,0.018535,שלא,0.017686,והוא,0.012156,ואינו,0.009644,ברבית,0.004724,ביריבה,0.003967,והיה,0.003524,בשטר,0.00256,והיתה,0.002137,בשכר,0.001963,בלא,0.001139,ואומר,0.000926,יריבית,0.000923,ועושה,0.000886,ועובר,0.000841,בריבי,0.000658,ישרו,0.000376,ביריבת,0.000336,ועושהו,0.000178,בשטרות,0.000174,ביריביתו,9.7e-05,בשכרו,4e-05,עליה,3.9e-05,שלאו,3.3e-05,ואומרת,1.6e-05,בריביית,1.5e-05,ועוברת,9e-06,ביריבתא,6e-06,יריביתו,3e-06,יריבת,2e-06,בשטרותיו,2e-06,עליהו,2e-06,שלאויר,0.0,ואומרתנו,0.0,ביריביתוון,0.0,יריבתא,0.0,עליהוון,0.0,שלאוירית,0.0,יריביתוון,0.0,שלאויריתא,0.0,ואומרתנוו,0.0,ואומרתנווין,0.0,,,,,,,,,,,VERB,True,בריבית,ריבית,True,False,True,True,True,True,True,71.0,70.0,1.0,False,True
Midrash_Aggadic_Midrash_Pesikta_DRav_Kahanna__10_1,pesikta_drk,153,ולא,1.5118,0.3436,0.0,0.6058,50,1,True,"{""ולא"": 1, ""לא"": 1, ""והוא"": 1, ""ואינו"": 1, ""יבוא"": 1, ""על"": 1, ""דכת"": 1, ""יבואנו"": 1, ""ר"": 1, ""ועל"": 1, ""והיה"": 1, ""ואין"": 1, ""חסר"": 1, ""וכת"": 1, ""יבא"": 1, ""והיו"": 1, ""יבאנו"": 1, ""וחיסרו"": 1, ""ונמצא"": 1, ""וחסר"": 1, ""חיסרו"": 1, ""ואומר"": 1, ""וכתיב"": 1, ""רבי"": 1, ""ועובר"": 1, ""וחיסר"": 1, ""ולכך"": 1, ""ונכנס"": 1, ""דהו"": 1, ""דהוון"": 1, ""חיסר"": 1, ""לאח"": 1, ""ונכנסו"": 1, ""לאחיו"": 1, ""ואומרת"": 1, ""דכתה"": 1, ""עליה"": 1, ""וחיסרנו"": 1, ""יבאנוו"": 1, ""ועוברת"": 1, ""חיסרנו"": 1, ""וכתיבת"": 1, ""רביי"": 1, ""דכתהו"": 1, ""עליהון"": 1, ""וכתיבתא"": 1, ""לאחיוו"": 1, ""דכתהוון"": 1, ""רבייון"": 1, ""לאחיווין"": 1}","{""ולא"": [""ולא""], ""לא"": [""לא""], ""והוא"": [""והוא""], ""ואינו"": [""ואינו""], ""יבוא"": [""יבוא""], ""על"": [""על""], ""דכת"": [""דכת""], ""יבואנו"": [""יבואנו""], ""ר"": [""ר""], ""ועל"": [""ועל""], ""והיה"": [""והיה""], ""ואין"": [""ואין""], ""חסר"": [""חסר""], ""וכת"": [""וכת""], ""יבא"": [""יבא""], ""והיו"": [""והיו""], ""יבאנו"": [""יבאנו""], ""וחיסרו"": [""וחיסרו""], ""ונמצא"": [""ונמצא""], ""וחסר"": [""וחסר""], ""חיסרו"": [""חיסרו""], ""ואומר"": [""ואומר""], ""וכתיב"": [""וכתיב""], ""רבי"": [""רבי""], ""ועובר"": [""ועובר""], ""וחיסר"": [""וחיסר""], ""ולכך"": [""ולכך""], ""ונכנס"": [""ונכנס""], ""דהו"": [""דהו""], ""דהוון"": [""דהוון""], ""חיסר"": [""חיסר""], ""לאח"": [""לאח""], ""ונכנסו"": [""ונכנסו""], ""לאחיו"": [""לאחיו""], ""ואומרת"": [""ואומרת""], ""דכתה"": [""דכתה""], ""עליה"": [""עליה""], ""וחיסרנו"": [""וחיסרנו""], ""יבאנוו"": [""יבאנוו""], ""ועוברת"": [""ועוברת""], ""חיסרנו"": [""חיסרנו""], ""וכתיבת"": [""וכתיבת""], ""רביי"": [""רביי""], ""דכתהו"": [""דכתהו""], ""עליהון"": [""עליהון""], ""וכתיבתא"": [""וכתיבתא""], ""לאחיוו"": [""לאחיוו""], ""דכתהוון"": [""דכתהוון""], ""רבייון"": [""רבייון""], ""לאחיווין"": [""לאחיווין""]}",ולא,0.350673,לא,0.025403,והוא,0.024239,ואינו,0.019934,יבוא,0.019892,על,0.016922,דכת,0.016441,יבואנו,0.015672,ר,0.011813,ועל,0.011272,והיה,0.011232,ואין,0.010589,חסר,0.010052,וכת,0.008561,יבא,0.008556,והיו,0.00809,יבאנו,0.006668,וחיסרו,0.004896,ונמצא,0.004276,וחסר,0.003066,חיסרו,0.002599,ואומר,0.002308,וכתיב,0.002097,רבי,0.001896,ועובר,0.001767,וחיסר,0.001746,ולכך,0.001391,ונכנס,0.001325,דהו,0.000508,דהוון,0.000468,חיסר,0.000445,לאח,0.000419,ונכנסו,0.000168,לאחיו,0.000155,ואומרת,7.4e-05,דכתה,6.9e-05,עליה,3.3e-05,וחיסרנו,3.1e-05,יבאנוו,2.3e-05,ועוברת,1.5e-05,חיסרנו,9e-06,וכתיבת,8e-06,רביי,2e-06,דכתהו,2e-06,עליהון,1e-06,וכתיבתא,0.0,לאחיוו,0.0,דכתהוון,0.0,רבייון,0.0,לאחיווין,0.0,ADP,True,ולא,לא,False,True,False,True,True,True,False,,,,False,False
Midrash_Aggadic_Midrash_Pesikta_DRav_Kahanna__10_1,pesikta_drk,154,ידע,0.0689,0.0015,0.0,0.956,5,1,True,"{""ידע"": 1, ""ידעו"": 1, ""ידעת"": 1, ""ידעתה"": 1, ""ידעתהו"": 1}","{""ידע"": [""ידע""], ""ידעו"": [""ידעו""], ""ידעת"": [""ידעת""], ""ידעתה"": [""ידעתה""], ""ידעתהו"": [""ידעתהו""]}",ידע,0.953347,ידעו,0.001559,ידעת,0.001088,ידעתה,3.5e-05,ידעתהו,1e-06,,,,,,,,,,,,,,,,,,,,,,,,,,,,,,,,,,,,,,,,,,,,,,,,,,,,,,,,,,,,,,,,,,,,,,,,,,,,,,,,,,,,,,,,,,,SYM,True,ידע,ידע,False,False,False,True,True,True,False,,,,False,False
Midrash_Aggadic_Midrash_Pesikta_DRav_Kahanna__10_1,pesikta_drk,155,כי,0.1566,0.0136,0.0,0.9114,5,1,True,"{""כי"": 1, ""יבוא"": 1, ""יבא"": 1, ""יבואנו"": 1, ""יבאנו"": 1}","{""כי"": [""כי""], ""יבוא"": [""יבוא""], ""יבא"": [""יבא""], ""יבואנו"": [""יבואנו""], ""יבאנו"": [""יבאנו""]}",כי,0.897118,יבוא,0.003819,יבא,0.003588,יבואנו,0.003505,יבאנו,0.003327,,,,,,,,,,,,,,,,,,,,,,,,,,,,,,,,,,,,,,,,,,,,,,,,,,,,,,,,,,,,,,,,,,,,,,,,,,,,,,,,,,,,,,,,,,,VERB,False,כי,כי,True,True,False,True,True,True,False,,,,False,False
Midrash_Aggadic_Midrash_Pesikta_DRav_Kahanna__10_1,pesikta_drk,156,חסר,0.3933,0.0878,0.0,0.9037,5,1,True,"{""חסר"": 1, ""חיסרו"": 1, ""חיסר"": 1, ""יבא"": 1, ""חיסרנו"": 1}","{""חסר"": [""חסר""], ""חיסרו"": [""חיסרו""], ""חיסר"": [""חיסר""], ""יבא"": [""יבא""], ""חיסרנו"": [""חיסרנו""]}",חסר,0.761403,חיסרו,0.111959,חיסר,0.028753,יבא,0.001184,חיסרנו,0.000393,,,,,,,,,,,,,,,,,,,,,,,,,,,,,,,,,,,,,,,,,,,,,,,,,,,,,,,,,,,,,,,,,,,,,,,,,,,,,,,,,,,,,,,,,,,NUM,True,חסר,חסר,False,False,False,True,True,True,False,,,,False,False
Midrash_Aggadic_Midrash_Pesikta_DRav_Kahanna__10_1,pesikta_drk,157,יבואנו,0.9819,0.1835,0.0,1.3774,5,2,True,"{""יבוא"": 1, ""יבואנו"": 1, ""יבא"": 1, ""יבאנו"": 1, ""יבאנוו"": 1}","{""יבוא"": [""יבוא""], ""יבואנו"": [""יבואנו""], ""יבא"": [""יבא""], ""יבאנו"": [""יבאנו""], ""יבאנוו"": [""יבאנוו""]}",יבוא,0.518882,יבואנו,0.506329,יבא,0.179321,יבאנו,0.172565,יבאנוו,0.000288,,,,,,,,,,,,,,,,,,,,,,,,,,,,,,,,,,,,,,,,,,,,,,,,,,,,,,,,,,,,,,,,,,,,,,,,,,,,,,,,,,,,,,,,,,,SYM,True,יבואנו,יבוא,False,False,False,True,True,True,False,,,,False,False
Midrash_Aggadic_Midrash_Pesikta_DRav_Kahanna__10_1,pesikta_drk,158,דכת',1.4623,0.3747,0.0,0.6723,18,1,True,"{""דכת"": 1, ""ר"": 1, ""פתר"": 1, ""וכת"": 1, ""וגו"": 1, ""דהו"": 1, ""דהוון"": 1, ""וכתיב"": 1, ""דהכת"": 1, ""וגוון"": 1, ""דהכתה"": 1, ""וכתיבא"": 1, ""דהכתהו"": 1, ""וכתיבאנו"": 1, ""דהכתהוון"": 1, ""וכתיבאנוו"": 1, ""וכתיבאנוויה"": 1, ""וכתיבאנוויהו"": 1}","{""דכת"": [""דכת""], ""ר"": [""ר""], ""פתר"": [""פתר""], ""וכת"": [""וכת""], ""וגו"": [""וגו""], ""דהו"": [""דהו""], ""דהוון"": [""דהוון""], ""וכתיב"": [""וכתיב""], ""דהכת"": [""דהכת""], ""וגוון"": [""וגוון""], ""דהכתה"": [""דהכתה""], ""וכתיבא"": [""וכתיבא""], ""דהכתהו"": [""דהכתהו""], ""וכתיבאנו"": [""וכתיבאנו""], ""דהכתהוון"": [""דהכתהוון""], ""וכתיבאנוו"": [""וכתיבאנוו""], ""וכתיבאנוויה"": [""וכתיבאנוויה""], ""וכתיבאנוויהו"": [""וכתיבאנוויהו""]}",דכת,0.362917,ר,0.260092,פתר,0.026048,וכת,0.013087,וגו,0.003578,דהו,0.002388,דהוון,0.002201,וכתיב,0.001248,דהכת,0.000695,וגוון,4.8e-05,דהכתה,7e-06,וכתיבא,3e-06,דהכתהו,0.0,וכתיבאנו,0.0,דהכתהוון,0.0,וכתיבאנוו,0.0,וכתיבאנוויה,0.0,וכתיבאנוויהו,0.0,,,,,,,,,,,,,,,,,,,,,,,,,,,,,,,,,,,,,,,,,,,,,,,,,,,,,,,,,,,,,,,,,VERB,True,דכת,דכ,True,False,True,True,True,True,True,69.0,66.0,3.0,False,True
Midrash_Aggadic_Midrash_Pesikta_DRav_Kahanna__10_1,pesikta_drk,159,מרבה,14.0011,0.8736,0.8305,0.2037,50,-1,False,"{""בעליו"": 1, ""לא"": 1, ""כי"": 1, ""אם"": 1, ""והיה"": 1, ""אדני"": 1, ""ויהי"": 1, ""ריבית"": 1, ""עין"": 1, ""ויתן"": 1, ""ואו"": 1, ""ראה"": 1, ""יתן"": 1, ""הוי"": 1, ""אב"": 1, ""הלויתני"": 1, ""ישלם"": 1, ""עיניו"": 1, ""ואל"": 1, ""הלוים"": 1, ""הלויתיך"": 1, ""בעלו"": 1, ""עיניך"": 1, ""כיון"": 1, ""ביראת"": 1, ""אביו"": 1, ""והלויתני"": 1, ""ביריב"": 1, ""ריבת"": 1, ""והלויתם"": 1, ""ביריבית"": 1, ""והלוים"": 1, ""ואויב"": 1, ""בעלוין"": 1, ""ריבתך"": 1, ""ביראתו"": 1, ""ריביתם"": 1, ""ואויבי"": 1, ""ואלישע"": 1, ""ויהיון"": 1, ""אדניי"": 1, ""ביריביתא"": 1, ""עיניוון"": 1, ""אביוו"": 1, ""אביווים"": 1, ""ואלישעא"": 1, ""אדנייון"": 1, ""ואויבייך"": 1, ""ואלישעאי"": 1, ""ואלישעאל"": 1}","{""בעליו"": [""בעליו""], ""לא"": [""לא""], ""כי"": [""כי""], ""אם"": [""אם""], ""והיה"": [""והיה""], ""אדני"": [""אדני""], ""ויהי"": [""ויהי""], ""ריבית"": [""ריבית""], ""עין"": [""עין""], ""ויתן"": [""ויתן""], ""ואו"": [""ואו""], ""ראה"": [""ראה""], ""יתן"": [""יתן""], ""הוי"": [""הוי""], ""אב"": [""אב""], ""הלויתני"": [""הלויתני""], ""ישלם"": [""ישלם""], ""עיניו"": [""עיניו""], ""ואל"": [""ואל""], ""הלוים"": [""הלוים""], ""הלויתיך"": [""הלויתיך""], ""בעלו"": [""בעלו""], ""עיניך"": [""עיניך""], ""כיון"": [""כיון""], ""ביראת"": [""ביראת""], ""אביו"": [""אביו""], ""והלויתני"": [""והלויתני""], ""ביריב"": [""ביריב""], ""ריבת"": [""ריבת""], ""והלויתם"": [""והלויתם""], ""ביריבית"": [""ביריבית""], ""והלוים"": [""והלוים""], ""ואויב"": [""ואויב""], ""בעלוין"": [""בעלוין""], ""ריבתך"": [""ריבתך""], ""ביראתו"": [""ביראתו""], ""ריביתם"": [""ריביתם""], ""ואויבי"": [""ואויבי""], ""ואלישע"": [""ואלישע""], ""ויהיון"": [""ויהיון""], ""אדניי"": [""אדניי""], ""ביריביתא"": [""ביריביתא""], ""עיניוון"": [""עיניוון""], ""אביוו"": [""אביוו""], ""אביווים"": [""אביווים""], ""ואלישעא"": [""ואלישעא""], ""אדנייון"": [""אדנייון""], ""ואויבייך"": [""ואויבייך""], ""ואלישעאי"": [""ואלישעאי""], ""ואלישעאל"": [""ואלישעאל""]}",בעליו,0.063275,לא,0.034408,כי,0.022215,אם,0.019301,והיה,0.012614,אדני,0.006549,ויהי,0.005977,ריבית,0.004443,עין,0.003761,ויתן,0.003701,ואו,0.003224,ראה,0.002911,יתן,0.002876,הוי,0.002546,אב,0.001959,הלויתני,0.001948,ישלם,0.001717,עיניו,0.001706,ואל,0.001453,הלוים,0.001183,הלויתיך,0.001042,בעלו,0.000848,עיניך,0.000638,כיון,0.000625,ביראת,0.000553,אביו,0.000533,והלויתני,0.000523,ביריב,0.000253,ריבת,0.000214,והלויתם,0.000199,ביריבית,0.000173,והלוים,0.000152,ואויב,5.5e-05,בעלוין,4.1e-05,ריבתך,4e-05,ביראתו,2e-05,ריביתם,1.5e-05,ואויבי,1.2e-05,ואלישע,8e-06,ויהיון,3e-06,אדניי,3e-06,ביריביתא,3e-06,עיניוון,0.0,אביוו,0.0,אביווים,0.0,ואלישעא,0.0,אדנייון,0.0,ואויבייך,0.0,ואלישעאי,0.0,ואלישעאל,0.0,SYM,True,מרבה,הרבה,False,False,False,True,True,True,False,,,,False,False
Midrash_Aggadic_Midrash_Pesikta_DRav_Kahanna__10_1,pesikta_drk,160,הונו,12.3913,0.8493,0.4052,0.2868,50,-1,False,"{""ריב"": 1, ""ריבית"": 1, ""הוא"": 1, ""על"": 1, ""ירבה"": 1, ""את"": 1, ""בר"": 1, ""יריב"": 1, ""עינו"": 1, ""הלוואה"": 1, ""הלוים"": 1, ""רבית"": 1, ""עין"": 1, ""הון"": 1, ""שכר"": 1, ""יריבית"": 1, ""בנות"": 1, ""חסד"": 1, ""תתן"": 1, ""תחת"": 1, ""מלווה"": 1, ""בריה"": 1, ""ביראת"": 1, ""שוא"": 1, ""מרבו"": 1, ""ביראה"": 1, ""חסדים"": 1, ""עליך"": 1, ""חסרון"": 1, ""אתו"": 1, ""מלווהו"": 1, ""רביתו"": 1, ""ריביתם"": 1, ""בריהון"": 1, ""ירבהו"": 1, ""הואיל"": 1, ""יריביתו"": 1, ""ביראתו"": 1, ""הלוואהו"": 1, ""מרבוות"": 1, ""תחתון"": 1, ""מרבוותא"": 1, ""הואילו"": 1, ""עינוו"": 1, ""אתוון"": 1, ""עינווים"": 1, ""ירבהוון"": 1, ""הלוואהוון"": 1, ""יריביתוון"": 1, ""הואילוון"": 1}","{""ריב"": [""ריב""], ""ריבית"": [""ריבית""], ""הוא"": [""הוא""], ""על"": [""על""], ""ירבה"": [""ירבה""], ""את"": [""את""], ""בר"": [""בר""], ""יריב"": [""יריב""], ""עינו"": [""עינו""], ""הלוואה"": [""הלוואה""], ""הלוים"": [""הלוים""], ""רבית"": [""רבית""], ""עין"": [""עין""], ""הון"": [""הון""], ""שכר"": [""שכר""], ""יריבית"": [""יריבית""], ""בנות"": [""בנות""], ""חסד"": [""חסד""], ""תתן"": [""תתן""], ""תחת"": [""תחת""], ""מלווה"": [""מלווה""], ""בריה"": [""בריה""], ""ביראת"": [""ביראת""], ""שוא"": [""שוא""], ""מרבו"": [""מרבו""], ""ביראה"": [""ביראה""], ""חסדים"": [""חסדים""], ""עליך"": [""עליך""], ""חסרון"": [""חסרון""], ""אתו"": [""אתו""], ""מלווהו"": [""מלווהו""], ""רביתו"": [""רביתו""], ""ריביתם"": [""ריביתם""], ""בריהון"": [""בריהון""], ""ירבהו"": [""ירבהו""], ""הואיל"": [""הואיל""], ""יריביתו"": [""יריביתו""], ""ביראתו"": [""ביראתו""], ""הלוואהו"": [""הלוואהו""], ""מרבוות"": [""מרבוות""], ""תחתון"": [""תחתון""], ""מרבוותא"": [""מרבוותא""], ""הואילו"": [""הואילו""], ""עינוו"": [""עינוו""], ""אתוון"": [""אתוון""], ""עינווים"": [""עינווים""], ""ירבהוון"": [""ירבהוון""], ""הלוואהוון"": [""הלוואהוון""], ""יריביתוון"": [""יריביתוון""], ""הואילוון"": [""הואילוון""]}",ריב,0.054902,ריבית,0.053395,הוא,0.025584,על,0.022933,ירבה,0.020677,את,0.019312,בר,0.013482,יריב,0.012738,עינו,0.008116,הלוואה,0.006711,הלוים,0.005741,רבית,0.005697,עין,0.005666,הון,0.004653,שכר,0.004127,יריבית,0.003894,בנות,0.002806,חסד,0.00249,תתן,0.002044,תחת,0.001695,מלווה,0.001667,בריה,0.001424,ביראת,0.001409,שוא,0.001382,מרבו,0.00125,ביראה,0.000924,חסדים,0.000441,עליך,0.000381,חסרון,0.000349,אתו,0.000202,מלווהו,0.00011,רביתו,9.7e-05,ריביתם,9.6e-05,בריהון,8.2e-05,ירבהו,7.2e-05,הואיל,6.4e-05,יריביתו,4.3e-05,ביראתו,4.2e-05,הלוואהו,3.3e-05,מרבוות,1.5e-05,תחתון,1.5e-05,מרבוותא,8e-06,הואילו,5e-06,עינוו,5e-06,אתוון,1e-06,עינווים,0.0,ירבהוון,0.0,הלוואהוון,0.0,יריביתוון,0.0,הואילוון,0.0,NUM,True,הונו,הונה,False,False,False,True,True,True,False,,,,False,False
Midrash_Aggadic_Midrash_Pesikta_DRav_Kahanna__10_1,pesikta_drk,161,בנשך,11.4855,0.8749,0.4504,0.3123,50,-1,False,"{""ר"": 1, ""איש"": 1, ""לא"": 1, ""על"": 1, ""ולא"": 1, ""וגו"": 1, ""רע"": 1, ""עושר"": 1, ""בידו"": 1, ""עין"": 1, ""ברבית"": 1, ""באוצר"": 1, ""ירבה"": 1, ""ביד"": 1, ""בריבית"": 1, ""באחר"": 1, ""עינו"": 1, ""באחרונה"": 1, ""באוצרו"": 1, ""מרב"": 1, ""יריב"": 1, ""עושק"": 1, ""ועושה"": 1, ""משל"": 1, ""לאיש"": 1, ""ועושר"": 1, ""ועושק"": 1, ""מרביץ"": 1, ""ועושהו"": 1, ""משלו"": 1, ""בידים"": 1, ""עלילות"": 1, ""ולאו"": 1, ""ברביתו"": 1, ""רעב"": 1, ""ירבהו"": 1, ""אישו"": 1, ""בריביתו"": 1, ""עושקך"": 1, ""עלילותיו"": 1, ""רעבון"": 1, ""ועושקיו"": 1, ""לאישו"": 1, ""משלוון"": 1, ""ולאויר"": 1, ""אישוון"": 1, ""ולאויריו"": 1, ""לאישוון"": 1, ""ולאויריוו"": 1, ""ולאויריווין"": 1}","{""ר"": [""ר""], ""איש"": [""איש""], ""לא"": [""לא""], ""על"": [""על""], ""ולא"": [""ולא""], ""וגו"": [""וגו""], ""רע"": [""רע""], ""עושר"": [""עושר""], ""בידו"": [""בידו""], ""עין"": [""עין""], ""ברבית"": [""ברבית""], ""באוצר"": [""באוצר""], ""ירבה"": [""ירבה""], ""ביד"": [""ביד""], ""בריבית"": [""בריבית""], ""באחר"": [""באחר""], ""עינו"": [""עינו""], ""באחרונה"": [""באחרונה""], ""באוצרו"": [""באוצרו""], ""מרב"": [""מרב""], ""יריב"": [""יריב""], ""עושק"": [""עושק""], ""ועושה"": [""ועושה""], ""משל"": [""משל""], ""לאיש"": [""לאיש""], ""ועושר"": [""ועושר""], ""ועושק"": [""ועושק""], ""מרביץ"": [""מרביץ""], ""ועושהו"": [""ועושהו""], ""משלו"": [""משלו""], ""בידים"": [""בידים""], ""עלילות"": [""עלילות""], ""ולאו"": [""ולאו""], ""ברביתו"": [""ברביתו""], ""רעב"": [""רעב""], ""ירבהו"": [""ירבהו""], ""אישו"": [""אישו""], ""בריביתו"": [""בריביתו""], ""עושקך"": [""עושקך""], ""עלילותיו"": [""עלילותיו""], ""רעבון"": [""רעבון""], ""ועושקיו"": [""ועושקיו""], ""לאישו"": [""לאישו""], ""משלוון"": [""משלוון""], ""ולאויר"": [""ולאויר""], ""אישוון"": [""אישוון""], ""ולאויריו"": [""ולאויריו""], ""לאישוון"": [""לאישוון""], ""ולאויריוו"": [""ולאויריוו""], ""ולאויריווין"": [""ולאויריווין""]}",ר,0.071325,איש,0.051374,לא,0.043261,על,0.027931,ולא,0.018606,וגו,0.014456,רע,0.013242,עושר,0.013138,בידו,0.005996,עין,0.005851,ברבית,0.005761,באוצר,0.005579,ירבה,0.005493,ביד,0.00497,בריבית,0.003999,באחר,0.003332,עינו,0.003282,באחרונה,0.00241,באוצרו,0.002215,מרב,0.001883,יריב,0.00184,עושק,0.00113,ועושה,0.00099,משל,0.000932,לאיש,0.000821,ועושר,0.000674,ועושק,0.000413,מרביץ,0.000389,ועושהו,0.000285,משלו,0.000273,בידים,0.000137,עלילות,0.000123,ולאו,5.5e-05,ברביתו,4.2e-05,רעב,3.6e-05,ירבהו,3.4e-05,אישו,1.1e-05,בריביתו,1e-05,עושקך,7e-06,עלילותיו,6e-06,רעבון,4e-06,ועושקיו,4e-06,לאישו,1e-06,משלוון,0.0,ולאויר,0.0,אישוון,0.0,ולאויריו,0.0,לאישוון,0.0,ולאויריוו,0.0,ולאויריווין,0.0,VERB,True,בנשך,נשוא,True,False,True,True,True,True,True,39.0,15.0,24.0,False,True
Midrash_Aggadic_Midrash_Pesikta_DRav_Kahanna__10_1,pesikta_drk,162,ובתרבית,19.0107,0.827,0.6479,0.2243,50,-1,False,"{""וגו"": 1, ""ר"": 1, ""ולא"": 1, ""לא"": 1, ""ונשך"": 1, ""ואו"": 1, ""ובנשך"": 1, ""חסר"": 1, ""ומרבה"": 1, ""עינו"": 1, ""עין"": 1, ""רבי"": 1, ""ובנגזל"": 1, ""ירבה"": 1, ""ונכל"": 1, ""ונכלם"": 1, ""בזב"": 1, ""ואכל"": 1, ""יתננה"": 1, ""וגוון"": 1, ""חמור"": 1, ""במרמה"": 1, ""יתננו"": 1, ""לאמר"": 1, ""ולאו"": 1, ""ואכלת"": 1, ""בזבז"": 1, ""חסרת"": 1, ""יתננהו"": 1, ""חמורו"": 1, ""בזבזון"": 1, ""ואויב"": 1, ""ומרבהו"": 1, ""לאמרנו"": 1, ""רביי"": 1, ""עינוו"": 1, ""ואכלתך"": 1, ""ואויבי"": 1, ""ולאויר"": 1, ""חסרתא"": 1, ""חמורוון"": 1, ""יתננוו"": 1, ""עינוויה"": 1, ""רבייון"": 1, ""ולאוירון"": 1, ""עינוויהו"": 1, ""לאמרנוו"": 1, ""יתננווין"": 1, ""לאמרנווין"": 1, ""עינוויהוון"": 1}","{""וגו"": [""וגו""], ""ר"": [""ר""], ""ולא"": [""ולא""], ""לא"": [""לא""], ""ונשך"": [""ונשך""], ""ואו"": [""ואו""], ""ובנשך"": [""ובנשך""], ""חסר"": [""חסר""], ""ומרבה"": [""ומרבה""], ""עינו"": [""עינו""], ""עין"": [""עין""], ""רבי"": [""רבי""], ""ובנגזל"": [""ובנגזל""], ""ירבה"": [""ירבה""], ""ונכל"": [""ונכל""], ""ונכלם"": [""ונכלם""], ""בזב"": [""בזב""], ""ואכל"": [""ואכל""], ""יתננה"": [""יתננה""], ""וגוון"": [""וגוון""], ""חמור"": [""חמור""], ""במרמה"": [""במרמה""], ""יתננו"": [""יתננו""], ""לאמר"": [""לאמר""], ""ולאו"": [""ולאו""], ""ואכלת"": [""ואכלת""], ""בזבז"": [""בזבז""], ""חסרת"": [""חסרת""], ""יתננהו"": [""יתננהו""], ""חמורו"": [""חמורו""], ""בזבזון"": [""בזבזון""], ""ואויב"": [""ואויב""], ""ומרבהו"": [""ומרבהו""], ""לאמרנו"": [""לאמרנו""], ""רביי"": [""רביי""], ""עינוו"": [""עינוו""], ""ואכלתך"": [""ואכלתך""], ""ואויבי"": [""ואויבי""], ""ולאויר"": [""ולאויר""], ""חסרתא"": [""חסרתא""], ""חמורוון"": [""חמורוון""], ""יתננוו"": [""יתננוו""], ""עינוויה"": [""עינוויה""], ""רבייון"": [""רבייון""], ""ולאוירון"": [""ולאוירון""], ""עינוויהו"": [""עינוויהו""], ""לאמרנוו"": [""לאמרנוו""], ""יתננווין"": [""יתננווין""], ""לאמרנווין"": [""לאמרנווין""], ""עינוויהוון"": [""עינוויהוון""]}",וגו,0.050704,ר,0.041232,ולא,0.034182,לא,0.021391,ונשך,0.013507,ואו,0.012626,ובנשך,0.008137,חסר,0.007832,ומרבה,0.006731,עינו,0.00612,עין,0.00612,רבי,0.002638,ובנגזל,0.001775,ירבה,0.001467,ונכל,0.001457,ונכלם,0.00132,בזב,0.00086,ואכל,0.000833,יתננה,0.000779,וגוון,0.000756,חמור,0.000752,במרמה,0.00071,יתננו,0.000626,לאמר,0.000434,ולאו,0.000254,ואכלת,0.000232,בזבז,0.000207,חסרת,0.00019,יתננהו,0.000168,חמורו,0.000161,בזבזון,2.9e-05,ואויב,2.7e-05,ומרבהו,1.7e-05,לאמרנו,8e-06,רביי,6e-06,עינוו,5e-06,ואכלתך,4e-06,ואויבי,3e-06,ולאויר,1e-06,חסרתא,1e-06,חמורוון,0.0,יתננוו,0.0,עינוויה,0.0,רבייון,0.0,ולאוירון,0.0,עינוויהו,0.0,לאמרנוו,0.0,יתננווין,0.0,לאמרנווין,0.0,עינוויהוון,0.0,VERB,True,ובתרבית,תרבית,True,False,True,True,True,True,True,13.0,44.0,-31.0,True,False
Midrash_Aggadic_Midrash_Pesikta_DRav_Kahanna__10_1,pesikta_drk,163,לחונן,18.3873,0.8589,0.4764,0.3369,50,-1,False,"{""ר"": 1, ""וגו"": 1, ""ולא"": 1, ""אר"": 1, ""פתר"": 1, ""על"": 1, ""לא"": 1, ""דכת"": 1, ""ואו"": 1, ""וכת"": 1, ""רבי"": 1, ""יבא"": 1, ""חסר"": 1, ""יבאנו"": 1, ""והיה"": 1, ""ובנשך"": 1, ""דא"": 1, ""ארבע"": 1, ""והיתה"": 1, ""חוץ"": 1, ""ירבה"": 1, ""וכתיב"": 1, ""ובנגזל"": 1, ""וגוון"": 1, ""בזב"": 1, ""בזדון"": 1, ""פירוש"": 1, ""ארבעה"": 1, ""ואמר"": 1, ""ולאו"": 1, ""חסרת"": 1, ""פתרו"": 1, ""דכתיב"": 1, ""עלוב"": 1, ""פירושו"": 1, ""רביי"": 1, ""דאינו"": 1, ""ירבהו"": 1, ""ואמרינן"": 1, ""עלובים"": 1, ""וכתיבת"": 1, ""ובנגזלנו"": 1, ""דכתיבא"": 1, ""פתרוון"": 1, ""ולאויר"": 1, ""חסרתא"": 1, ""רבייון"": 1, ""ולאוירון"": 1, ""וכתיבתך"": 1, ""דכתיבאון"": 1}","{""ר"": [""ר""], ""וגו"": [""וגו""], ""ולא"": [""ולא""], ""אר"": [""אר""], ""פתר"": [""פתר""], ""על"": [""על""], ""לא"": [""לא""], ""דכת"": [""דכת""], ""ואו"": [""ואו""], ""וכת"": [""וכת""], ""רבי"": [""רבי""], ""יבא"": [""יבא""], ""חסר"": [""חסר""], ""יבאנו"": [""יבאנו""], ""והיה"": [""והיה""], ""ובנשך"": [""ובנשך""], ""דא"": [""דא""], ""ארבע"": [""ארבע""], ""והיתה"": [""והיתה""], ""חוץ"": [""חוץ""], ""ירבה"": [""ירבה""], ""וכתיב"": [""וכתיב""], ""ובנגזל"": [""ובנגזל""], ""וגוון"": [""וגוון""], ""בזב"": [""בזב""], ""בזדון"": [""בזדון""], ""פירוש"": [""פירוש""], ""ארבעה"": [""ארבעה""], ""ואמר"": [""ואמר""], ""ולאו"": [""ולאו""], ""חסרת"": [""חסרת""], ""פתרו"": [""פתרו""], ""דכתיב"": [""דכתיב""], ""עלוב"": [""עלוב""], ""פירושו"": [""פירושו""], ""רביי"": [""רביי""], ""דאינו"": [""דאינו""], ""ירבהו"": [""ירבהו""], ""ואמרינן"": [""ואמרינן""], ""עלובים"": [""עלובים""], ""וכתיבת"": [""וכתיבת""], ""ובנגזלנו"": [""ובנגזלנו""], ""דכתיבא"": [""דכתיבא""], ""פתרוון"": [""פתרוון""], ""ולאויר"": [""ולאויר""], ""חסרתא"": [""חסרתא""], ""רבייון"": [""רבייון""], ""ולאוירון"": [""ולאוירון""], ""וכתיבתך"": [""וכתיבתך""], ""דכתיבאון"": [""דכתיבאון""]}",ר,0.092241,וגו,0.041444,ולא,0.027696,אר,0.025217,פתר,0.022715,על,0.019035,לא,0.017605,דכת,0.016374,ואו,0.013755,וכת,0.012444,רבי,0.008691,יבא,0.00677,חסר,0.005403,יבאנו,0.004566,והיה,0.004288,ובנשך,0.003935,דא,0.003125,ארבע,0.002504,והיתה,0.002482,חוץ,0.001324,ירבה,0.001117,וכתיב,0.000854,ובנגזל,0.000807,וגוון,0.000553,בזב,0.000364,בזדון,0.000266,פירוש,0.000226,ארבעה,0.000211,ואמר,0.000193,ולאו,0.000185,חסרת,0.000133,פתרו,0.000133,דכתיב,0.000128,עלוב,4.8e-05,פירושו,2.5e-05,רביי,1.1e-05,דאינו,8e-06,ירבהו,8e-06,ואמרינן,3e-06,עלובים,2e-06,וכתיבת,2e-06,ובנגזלנו,1e-06,דכתיבא,1e-06,פתרוון,1e-06,ולאויר,1e-06,חסרתא,0.0,רבייון,0.0,ולאוירון,0.0,וכתיבתך,0.0,דכתיבאון,0.0,VERB,True,לחונן,[BLANK],True,False,True,True,True,True,True,15.0,26.0,-11.0,True,False
Midrash_Aggadic_Midrash_Pesikta_DRav_Kahanna__10_1,pesikta_drk,164,דלים,14.1725,0.8405,0.5555,0.2744,50,-1,False,"{""את"": 1, ""לבני"": 1, ""לעני"": 1, ""ולא"": 1, ""דכת"": 1, ""יבא"": 1, ""וגו"": 1, ""לאיש"": 1, ""יבאנו"": 1, ""ידע"": 1, ""עני"": 1, ""עין"": 1, ""לאחיו"": 1, ""דא"": 1, ""עניי"": 1, ""ולשבר"": 1, ""לעשוק"": 1, ""לאחיך"": 1, ""לבא"": 1, ""ולעשוק"": 1, ""ידעתי"": 1, ""וכת"": 1, ""וגוון"": 1, ""לבניי"": 1, ""ולאחון"": 1, ""ולאחוי"": 1, ""אתו"": 1, ""לבאנו"": 1, ""דכתיב"": 1, ""ידעתיו"": 1, ""וכתיב"": 1, ""ולשברת"": 1, ""לעשוקי"": 1, ""ולאחויי"": 1, ""דאינו"": 1, ""ולעשוקו"": 1, ""לבנייור"": 1, ""ולאחוייון"": 1, ""לבאנוו"": 1, ""לבנייורש"": 1, ""דכתיבא"": 1, ""וכתיבת"": 1, ""אתוון"": 1, ""ולשברתך"": 1, ""לבנייורשין"": 1, ""לבאנווין"": 1, ""וכתיבתא"": 1, ""דכתיבאנו"": 1, ""דכתיבאנוו"": 1, ""דכתיבאנווין"": 1}","{""את"": [""את""], ""לבני"": [""לבני""], ""לעני"": [""לעני""], ""ולא"": [""ולא""], ""דכת"": [""דכת""], ""יבא"": [""יבא""], ""וגו"": [""וגו""], ""לאיש"": [""לאיש""], ""יבאנו"": [""יבאנו""], ""ידע"": [""ידע""], ""עני"": [""עני""], ""עין"": [""עין""], ""לאחיו"": [""לאחיו""], ""דא"": [""דא""], ""עניי"": [""עניי""], ""ולשבר"": [""ולשבר""], ""לעשוק"": [""לעשוק""], ""לאחיך"": [""לאחיך""], ""לבא"": [""לבא""], ""ולעשוק"": [""ולעשוק""], ""ידעתי"": [""ידעתי""], ""וכת"": [""וכת""], ""וגוון"": [""וגוון""], ""לבניי"": [""לבניי""], ""ולאחון"": [""ולאחון""], ""ולאחוי"": [""ולאחוי""], ""אתו"": [""אתו""], ""לבאנו"": [""לבאנו""], ""דכתיב"": [""דכתיב""], ""ידעתיו"": [""ידעתיו""], ""וכתיב"": [""וכתיב""], ""ולשברת"": [""ולשברת""], ""לעשוקי"": [""לעשוקי""], ""ולאחויי"": [""ולאחויי""], ""דאינו"": [""דאינו""], ""ולעשוקו"": [""ולעשוקו""], ""לבנייור"": [""לבנייור""], ""ולאחוייון"": [""ולאחוייון""], ""לבאנוו"": [""לבאנוו""], ""לבנייורש"": [""לבנייורש""], ""דכתיבא"": [""דכתיבא""], ""וכתיבת"": [""וכתיבת""], ""אתוון"": [""אתוון""], ""ולשברתך"": [""ולשברתך""], ""לבנייורשין"": [""לבנייורשין""], ""לבאנווין"": [""לבאנווין""], ""וכתיבתא"": [""וכתיבתא""], ""דכתיבאנו"": [""דכתיבאנו""], ""דכתיבאנוו"": [""דכתיבאנוו""], ""דכתיבאנווין"": [""דכתיבאנווין""]}",את,0.081383,לבני,0.027559,לעני,0.024349,ולא,0.02123,דכת,0.021177,יבא,0.015511,וגו,0.015346,לאיש,0.015284,יבאנו,0.010732,ידע,0.01066,עני,0.007447,עין,0.00678,לאחיו,0.003327,דא,0.002267,עניי,0.00207,ולשבר,0.001839,לעשוק,0.001462,לאחיך,0.001283,לבא,0.001036,ולעשוק,0.000801,ידעתי,0.000789,וכת,0.000643,וגוון,0.000238,לבניי,0.000224,ולאחון,0.000219,ולאחוי,0.000171,אתו,0.000145,לבאנו,9.7e-05,דכתיב,9.5e-05,ידעתיו,6.5e-05,וכתיב,6.2e-05,ולשברת,5.2e-05,לעשוקי,3.7e-05,ולאחויי,1.6e-05,דאינו,8e-06,ולעשוקו,4e-06,לבנייור,2e-06,ולאחוייון,1e-06,לבאנוו,1e-06,לבנייורש,0.0,דכתיבא,0.0,וכתיבת,0.0,אתוון,0.0,ולשברתך,0.0,לבנייורשין,0.0,לבאנווין,0.0,וכתיבתא,0.0,דכתיבאנו,0.0,דכתיבאנוו,0.0,דכתיבאנווין,0.0,PUNCT,False,דלים,דל,False,False,False,True,True,True,False,,,,False,False
Midrash_Aggadic_Midrash_Pesikta_DRav_Kahanna__10_1,pesikta_drk,165,יקבצנו,17.7118,0.823,0.4298,0.2799,50,-1,False,"{""וגו"": 1, ""ולא"": 1, ""ולהושיע"": 1, ""ר"": 1, ""ולרבות"": 1, ""ולפרוע"": 1, ""ורע"": 1, ""והיה"": 1, ""לית"": 1, ""לעין"": 1, ""ליתן"": 1, ""לחונן"": 1, ""לחון"": 1, ""ובצר"": 1, ""עין"": 1, ""להושיע"": 1, ""רבי"": 1, ""להלוות"": 1, ""יתן"": 1, ""לעשוק"": 1, ""ורעבים"": 1, ""עני"": 1, ""והלו"": 1, ""ללו"": 1, ""וגוון"": 1, ""ללוות"": 1, ""ובנשך"": 1, ""ולהושיט"": 1, ""עניי"": 1, ""ולאחיהם"": 1, ""ובצרה"": 1, ""ולאחורים"": 1, ""ביראה"": 1, ""יגאל"": 1, ""והלוים"": 1, ""יגון"": 1, ""ולהושיעם"": 1, ""ולרבותם"": 1, ""להלוותם"": 1, ""לחוננו"": 1, ""ובנשכים"": 1, ""ללוותם"": 1, ""ולפרועי"": 1, ""להושיעם"": 1, ""לעשוקי"": 1, ""יגאלנו"": 1, ""רביי"": 1, ""ולהושיטו"": 1, ""רבייון"": 1, ""לעשוקיון"": 1}","{""וגו"": [""וגו""], ""ולא"": [""ולא""], ""ולהושיע"": [""ולהושיע""], ""ר"": [""ר""], ""ולרבות"": [""ולרבות""], ""ולפרוע"": [""ולפרוע""], ""ורע"": [""ורע""], ""והיה"": [""והיה""], ""לית"": [""לית""], ""לעין"": [""לעין""], ""ליתן"": [""ליתן""], ""לחונן"": [""לחונן""], ""לחון"": [""לחון""], ""ובצר"": [""ובצר""], ""עין"": [""עין""], ""להושיע"": [""להושיע""], ""רבי"": [""רבי""], ""להלוות"": [""להלוות""], ""יתן"": [""יתן""], ""לעשוק"": [""לעשוק""], ""ורעבים"": [""ורעבים""], ""עני"": [""עני""], ""והלו"": [""והלו""], ""ללו"": [""ללו""], ""וגוון"": [""וגוון""], ""ללוות"": [""ללוות""], ""ובנשך"": [""ובנשך""], ""ולהושיט"": [""ולהושיט""], ""עניי"": [""עניי""], ""ולאחיהם"": [""ולאחיהם""], ""ובצרה"": [""ובצרה""], ""ולאחורים"": [""ולאחורים""], ""ביראה"": [""ביראה""], ""יגאל"": [""יגאל""], ""והלוים"": [""והלוים""], ""יגון"": [""יגון""], ""ולהושיעם"": [""ולהושיעם""], ""ולרבותם"": [""ולרבותם""], ""להלוותם"": [""להלוותם""], ""לחוננו"": [""לחוננו""], ""ובנשכים"": [""ובנשכים""], ""ללוותם"": [""ללוותם""], ""ולפרועי"": [""ולפרועי""], ""להושיעם"": [""להושיעם""], ""לעשוקי"": [""לעשוקי""], ""יגאלנו"": [""יגאלנו""], ""רביי"": [""רביי""], ""ולהושיטו"": [""ולהושיטו""], ""רבייון"": [""רבייון""], ""לעשוקיון"": [""לעשוקיון""]}",וגו,0.083812,ולא,0.060874,ולהושיע,0.037814,ר,0.025376,ולרבות,0.009866,ולפרוע,0.006665,ורע,0.005884,והיה,0.004567,לית,0.004331,לעין,0.003679,ליתן,0.003008,לחונן,0.002611,לחון,0.002549,ובצר,0.002345,עין,0.002076,להושיע,0.001977,רבי,0.001953,להלוות,0.001929,יתן,0.001872,לעשוק,0.001793,ורעבים,0.001708,עני,0.001617,והלו,0.001483,ללו,0.001474,וגוון,0.001428,ללוות,0.001393,ובנשך,0.001103,ולהושיט,0.000962,עניי,0.000769,ולאחיהם,0.000621,ובצרה,0.000545,ולאחורים,0.000469,ביראה,0.000339,יגאל,0.000329,והלוים,0.000323,יגון,0.000153,ולהושיעם,5.6e-05,ולרבותם,3.1e-05,להלוותם,3e-05,לחוננו,2.1e-05,ובנשכים,1.4e-05,ללוותם,9e-06,ולפרועי,8e-06,להושיעם,6e-06,לעשוקי,4e-06,יגאלנו,4e-06,רביי,3e-06,ולהושיטו,1e-06,רבייון,0.0,לעשוקיון,0.0,PRON,False,יקבצנו,קיבץ,False,False,False,True,True,True,False,,,,False,False
Midrash_Aggadic_Midrash_Pesikta_DRav_Kahanna__10_1,pesikta_drk,166,ואיזה,17.4975,0.8682,0.5486,0.3509,50,-1,False,"{""ר"": 1, ""דכת"": 1, ""אר"": 1, ""פתר"": 1, ""על"": 1, ""וגו"": 1, ""דלים"": 1, ""וכת"": 1, ""חסר"": 1, ""רבי"": 1, ""והיתה"": 1, ""נבהל"": 1, ""עין"": 1, ""ארבע"": 1, ""והיה"": 1, ""ביד"": 1, ""יקבצ"": 1, ""יקבצנו"": 1, ""נביא"": 1, ""יתנו"": 1, ""בד"": 1, ""וכתיב"": 1, ""עפרון"": 1, ""וגוון"": 1, ""עפרן"": 1, ""חסדים"": 1, ""פתרו"": 1, ""ארבעה"": 1, ""חסרון"": 1, ""פירוש"": 1, ""דכתיב"": 1, ""עלות"": 1, ""נבהלנו"": 1, ""נביאי"": 1, ""פירושו"": 1, ""עלותנו"": 1, ""רביי"": 1, ""וכתיבא"": 1, ""יתנוון"": 1, ""פתרויה"": 1, ""דכתיבא"": 1, ""פתרויהו"": 1, ""נביאיינו"": 1, ""וכתיבאנו"": 1, ""רבייון"": 1, ""דכתיבאנו"": 1, ""וכתיבאנוו"": 1, ""דכתיבאנוו"": 1, ""וכתיבאנווין"": 1, ""דכתיבאנווין"": 1}","{""ר"": [""ר""], ""דכת"": [""דכת""], ""אר"": [""אר""], ""פתר"": [""פתר""], ""על"": [""על""], ""וגו"": [""וגו""], ""דלים"": [""דלים""], ""וכת"": [""וכת""], ""חסר"": [""חסר""], ""רבי"": [""רבי""], ""והיתה"": [""והיתה""], ""נבהל"": [""נבהל""], ""עין"": [""עין""], ""ארבע"": [""ארבע""], ""והיה"": [""והיה""], ""ביד"": [""ביד""], ""יקבצ"": [""יקבצ""], ""יקבצנו"": [""יקבצנו""], ""נביא"": [""נביא""], ""יתנו"": [""יתנו""], ""בד"": [""בד""], ""וכתיב"": [""וכתיב""], ""עפרון"": [""עפרון""], ""וגוון"": [""וגוון""], ""עפרן"": [""עפרן""], ""חסדים"": [""חסדים""], ""פתרו"": [""פתרו""], ""ארבעה"": [""ארבעה""], ""חסרון"": [""חסרון""], ""פירוש"": [""פירוש""], ""דכתיב"": [""דכתיב""], ""עלות"": [""עלות""], ""נבהלנו"": [""נבהלנו""], ""נביאי"": [""נביאי""], ""פירושו"": [""פירושו""], ""עלותנו"": [""עלותנו""], ""רביי"": [""רביי""], ""וכתיבא"": [""וכתיבא""], ""יתנוון"": [""יתנוון""], ""פתרויה"": [""פתרויה""], ""דכתיבא"": [""דכתיבא""], ""פתרויהו"": [""פתרויהו""], ""נביאיינו"": [""נביאיינו""], ""וכתיבאנו"": [""וכתיבאנו""], ""רבייון"": [""רבייון""], ""דכתיבאנו"": [""דכתיבאנו""], ""וכתיבאנוו"": [""וכתיבאנוו""], ""דכתיבאנוו"": [""דכתיבאנוו""], ""וכתיבאנווין"": [""וכתיבאנווין""], ""דכתיבאנווין"": [""דכתיבאנווין""]}",ר,0.187286,דכת,0.039499,אר,0.025745,פתר,0.023848,על,0.018836,וגו,0.018543,דלים,0.009382,וכת,0.004544,חסר,0.002738,רבי,0.002482,והיתה,0.002199,נבהל,0.002044,עין,0.001983,ארבע,0.001923,והיה,0.001852,ביד,0.001495,יקבצ,0.001009,יקבצנו,0.000826,נביא,0.000805,יתנו,0.000582,בד,0.000567,וכתיב,0.000557,עפרון,0.000388,וגוון,0.000293,עפרן,0.000243,חסדים,0.000203,פתרו,0.000174,ארבעה,0.000171,חסרון,0.00016,פירוש,0.000135,דכתיב,0.00011,עלות,0.000107,נבהלנו,8.6e-05,נביאי,7.5e-05,פירושו,2.1e-05,עלותנו,4e-06,רביי,3e-06,וכתיבא,2e-06,יתנוון,1e-06,פתרויה,1e-06,דכתיבא,0.0,פתרויהו,0.0,נביאיינו,0.0,וכתיבאנו,0.0,רבייון,0.0,דכתיבאנו,0.0,וכתיבאנוו,0.0,דכתיבאנוו,0.0,וכתיבאנווין,0.0,דכתיבאנווין,0.0,SYM,True,ואיזה,איזה,False,True,False,True,True,True,False,,,,False,False
Midrash_Aggadic_Midrash_Pesikta_DRav_Kahanna__10_1,pesikta_drk,167,הוא,2.1275,0.5216,0.0,0.6506,31,2,True,"{""זה"": 1, ""הוא"": 1, ""דלים"": 1, ""הונו"": 1, ""הון"": 1, ""מרבה"": 1, ""חונן"": 1, ""יקבצנו"": 1, ""דל"": 1, ""חנינה"": 1, ""יבוא"": 1, ""יבואנו"": 1, ""רע"": 1, ""מריבה"": 1, ""יקבצם"": 1, ""זהו"": 1, ""חנינהו"": 1, ""מרבהו"": 1, ""דלון"": 1, ""יקבצנוו"": 1, ""מריבהו"": 1, ""זהויל"": 1, ""מריבהוון"": 1, ""מרבהוון"": 1, ""זהוילו"": 1, ""יקבצנווין"": 1, ""חנינהוון"": 1, ""זהוילוות"": 1, ""זהוילוותא"": 1, ""זהוילוותאברית"": 1, ""זהוילוותאברב"": 1}","{""זה"": [""זה""], ""הוא"": [""הוא""], ""דלים"": [""דלים""], ""הונו"": [""הונו""], ""הון"": [""הון""], ""מרבה"": [""מרבה""], ""חונן"": [""חונן""], ""יקבצנו"": [""יקבצנו""], ""דל"": [""דל""], ""חנינה"": [""חנינה""], ""יבוא"": [""יבוא""], ""יבואנו"": [""יבואנו""], ""רע"": [""רע""], ""מריבה"": [""מריבה""], ""יקבצם"": [""יקבצם""], ""זהו"": [""זהו""], ""חנינהו"": [""חנינהו""], ""מרבהו"": [""מרבהו""], ""דלון"": [""דלון""], ""יקבצנוו"": [""יקבצנוו""], ""מריבהו"": [""מריבהו""], ""זהויל"": [""זהויל""], ""מריבהוון"": [""מריבהוון""], ""מרבהוון"": [""מרבהוון""], ""זהוילו"": [""זהוילו""], ""יקבצנווין"": [""יקבצנווין""], ""חנינהוון"": [""חנינהוון""], ""זהוילוות"": [""זהוילוות""], ""זהוילוותא"": [""זהוילוותא""], ""זהוילוותאברית"": [""זהוילוותאברית""], ""זהוילוותאברב"": [""זהוילוותאברב""]}",זה,0.293847,הוא,0.228849,דלים,0.047765,הונו,0.02316,הון,0.020439,מרבה,0.014475,חונן,0.007122,יקבצנו,0.00385,דל,0.003515,חנינה,0.002546,יבוא,0.001635,יבואנו,0.001439,רע,0.001356,מריבה,0.000495,יקבצם,5.4e-05,זהו,3.2e-05,חנינהו,5e-06,מרבהו,4e-06,דלון,4e-06,יקבצנוו,1e-06,מריבהו,1e-06,זהויל,0.0,מריבהוון,0.0,מרבהוון,0.0,זהוילו,0.0,יקבצנווין,0.0,חנינהוון,0.0,זהוילוות,0.0,זהוילוותא,0.0,זהוילוותאברית,0.0,זהוילוותאברב,0.0,,,,,,,,,,,,,,,,,,,,,,,,,,,,,,,,,,,,,,,SYM,True,הוא,הוא,False,True,False,True,True,True,False,,,,False,False
Midrash_Aggadic_Midrash_Pesikta_DRav_Kahanna__10_1,pesikta_drk,168,חונן,3.8075,0.6355,0.0,0.4774,50,2,True,"{""מרבה"": 1, ""חונן"": 1, ""זה"": 1, ""הונו"": 1, ""דלים"": 1, ""ריב"": 1, ""ריבית"": 1, ""החונן"": 1, ""דל"": 1, ""הונן"": 1, ""המרבה"": 1, ""הונא"": 1, ""הנשך"": 1, ""יקבצנו"": 1, ""חנון"": 1, ""מלווה"": 1, ""מרב"": 1, ""המרב"": 1, ""נבהל"": 1, ""הרשע"": 1, ""הריב"": 1, ""הריבית"": 1, ""הנושך"": 1, ""יקר"": 1, ""נושך"": 1, ""יקבץ"": 1, ""רחמן"": 1, ""מרביץ"": 1, ""המרבץ"": 1, ""מרובה"": 1, ""החנינה"": 1, ""חוננו"": 1, ""ריביתא"": 1, ""מלווהו"": 1, ""יקבצם"": 1, ""דלון"": 1, ""זהו"": 1, ""נבהלנו"": 1, ""הריביתא"": 1, ""החנינהו"": 1, ""מרובהו"": 1, ""חוננוו"": 1, ""זהויל"": 1, ""נבהלנוו"": 1, ""חוננווין"": 1, ""זהוילו"": 1, ""החנינהוון"": 1, ""מרובהוון"": 1, ""נבהלנווין"": 1, ""זהוילוין"": 1}","{""מרבה"": [""מרבה""], ""חונן"": [""חונן""], ""זה"": [""זה""], ""הונו"": [""הונו""], ""דלים"": [""דלים""], ""ריב"": [""ריב""], ""ריבית"": [""ריבית""], ""החונן"": [""החונן""], ""דל"": [""דל""], ""הונן"": [""הונן""], ""המרבה"": [""המרבה""], ""הונא"": [""הונא""], ""הנשך"": [""הנשך""], ""יקבצנו"": [""יקבצנו""], ""חנון"": [""חנון""], ""מלווה"": [""מלווה""], ""מרב"": [""מרב""], ""המרב"": [""המרב""], ""נבהל"": [""נבהל""], ""הרשע"": [""הרשע""], ""הריב"": [""הריב""], ""הריבית"": [""הריבית""], ""הנושך"": [""הנושך""], ""יקר"": [""יקר""], ""נושך"": [""נושך""], ""יקבץ"": [""יקבץ""], ""רחמן"": [""רחמן""], ""מרביץ"": [""מרביץ""], ""המרבץ"": [""המרבץ""], ""מרובה"": [""מרובה""], ""החנינה"": [""החנינה""], ""חוננו"": [""חוננו""], ""ריביתא"": [""ריביתא""], ""מלווהו"": [""מלווהו""], ""יקבצם"": [""יקבצם""], ""דלון"": [""דלון""], ""זהו"": [""זהו""], ""נבהלנו"": [""נבהלנו""], ""הריביתא"": [""הריביתא""], ""החנינהו"": [""החנינהו""], ""מרובהו"": [""מרובהו""], ""חוננוו"": [""חוננוו""], ""זהויל"": [""זהויל""], ""נבהלנוו"": [""נבהלנוו""], ""חוננווין"": [""חוננווין""], ""זהוילו"": [""זהוילו""], ""החנינהוון"": [""החנינהוון""], ""מרובהוון"": [""מרובהוון""], ""נבהלנווין"": [""נבהלנווין""], ""זהוילוין"": [""זהוילוין""]}",מרבה,0.092355,חונן,0.07142,זה,0.051346,הונו,0.032697,דלים,0.027964,ריב,0.024418,ריבית,0.023297,החונן,0.023187,דל,0.020459,הונן,0.01925,המרבה,0.01433,הונא,0.011141,הנשך,0.010494,יקבצנו,0.010182,חנון,0.009425,מלווה,0.007169,מרב,0.004294,המרב,0.003063,נבהל,0.002989,הרשע,0.002631,הריב,0.00257,הריבית,0.002516,הנושך,0.001532,יקר,0.001411,נושך,0.001382,יקבץ,0.001223,רחמן,0.001139,מרביץ,0.001054,המרבץ,0.000879,מרובה,0.000705,החנינה,0.000429,חוננו,0.000142,ריביתא,0.000139,מלווהו,8e-05,יקבצם,6.9e-05,דלון,8e-06,זהו,6e-06,נבהלנו,4e-06,הריביתא,1e-06,החנינהו,0.0,מרובהו,0.0,חוננוו,0.0,זהויל,0.0,נבהלנוו,0.0,חוננווין,0.0,זהוילו,0.0,החנינהוון,0.0,מרובהוון,0.0,נבהלנווין,0.0,זהוילוין,0.0,SYM,True,חונן,חונך,False,False,False,True,True,True,False,,,,False,False
Midrash_Aggadic_Midrash_Pesikta_DRav_Kahanna__10_1,pesikta_drk,169,דלים,0.4152,0.0246,0.0,0.7967,5,1,True,"{""דלים"": 1, ""דל"": 1, ""דלוי"": 1, ""דלויי"": 1, ""דלוייון"": 1}","{""דלים"": [""דלים""], ""דל"": [""דל""], ""דלוי"": [""דלוי""], ""דלויי"": [""דלויי""], ""דלוייון"": [""דלוייון""]}",דלים,0.749925,דל,0.045746,דלוי,0.000959,דלויי,4.8e-05,דלוייון,0.0,,,,,,,,,,,,,,,,,,,,,,,,,,,,,,,,,,,,,,,,,,,,,,,,,,,,,,,,,,,,,,,,,,,,,,,,,,,,,,,,,,,,,,,,,,,PUNCT,False,דלים,דל,False,False,False,True,True,True,False,,,,False,False
Midrash_Aggadic_Midrash_Pesikta_DRav_Kahanna__10_1,pesikta_drk,170,זה,2.2053,0.5136,0.0,0.5233,50,1,True,"{""זה"": 1, ""ר"": 1, ""רבי"": 1, ""הוא"": 1, ""דכת"": 1, ""כל"": 1, ""אלו"": 1, ""יקבצנו"": 1, ""שהוא"": 1, ""הא"": 1, ""מרבה"": 1, ""חונן"": 1, ""הוי"": 1, ""האיש"": 1, ""דא"": 1, ""המלוה"": 1, ""עינו"": 1, ""עין"": 1, ""המלווה"": 1, ""הלווה"": 1, ""שנותן"": 1, ""ישב"": 1, ""הלוואה"": 1, ""בור"": 1, ""מריבה"": 1, ""שמלוה"": 1, ""יקבצו"": 1, ""ביריבית"": 1, ""יקבצם"": 1, ""ביריד"": 1, ""בירידת"": 1, ""הלווהו"": 1, ""דכתיב"": 1, ""שמלוהו"": 1, ""רביי"": 1, ""כלום"": 1, ""המלוהו"": 1, ""דאינו"": 1, ""המלווהו"": 1, ""מריבהו"": 1, ""ביריביתו"": 1, ""עינוו"": 1, ""דכתיבא"": 1, ""רבייון"": 1, ""בירידתנו"": 1, ""עינווין"": 1, ""מריבהוון"": 1, ""דכתיבאנו"": 1, ""דכתיבאנוו"": 1, ""דכתיבאנווים"": 1}","{""זה"": [""זה""], ""ר"": [""ר""], ""רבי"": [""רבי""], ""הוא"": [""הוא""], ""דכת"": [""דכת""], ""כל"": [""כל""], ""אלו"": [""אלו""], ""יקבצנו"": [""יקבצנו""], ""שהוא"": [""שהוא""], ""הא"": [""הא""], ""מרבה"": [""מרבה""], ""חונן"": [""חונן""], ""הוי"": [""הוי""], ""האיש"": [""האיש""], ""דא"": [""דא""], ""המלוה"": [""המלוה""], ""עינו"": [""עינו""], ""עין"": [""עין""], ""המלווה"": [""המלווה""], ""הלווה"": [""הלווה""], ""שנותן"": [""שנותן""], ""ישב"": [""ישב""], ""הלוואה"": [""הלוואה""], ""בור"": [""בור""], ""מריבה"": [""מריבה""], ""שמלוה"": [""שמלוה""], ""יקבצו"": [""יקבצו""], ""ביריבית"": [""ביריבית""], ""יקבצם"": [""יקבצם""], ""ביריד"": [""ביריד""], ""בירידת"": [""בירידת""], ""הלווהו"": [""הלווהו""], ""דכתיב"": [""דכתיב""], ""שמלוהו"": [""שמלוהו""], ""רביי"": [""רביי""], ""כלום"": [""כלום""], ""המלוהו"": [""המלוהו""], ""דאינו"": [""דאינו""], ""המלווהו"": [""המלווהו""], ""מריבהו"": [""מריבהו""], ""ביריביתו"": [""ביריביתו""], ""עינוו"": [""עינוו""], ""דכתיבא"": [""דכתיבא""], ""רבייון"": [""רבייון""], ""בירידתנו"": [""בירידתנו""], ""עינווין"": [""עינווין""], ""מריבהוון"": [""מריבהוון""], ""דכתיבאנו"": [""דכתיבאנו""], ""דכתיבאנוו"": [""דכתיבאנוו""], ""דכתיבאנווים"": [""דכתיבאנווים""]}",זה,0.216839,ר,0.065107,רבי,0.039763,הוא,0.038274,דכת,0.02691,כל,0.026306,אלו,0.025101,יקבצנו,0.01639,שהוא,0.013436,הא,0.012233,מרבה,0.009296,חונן,0.005959,הוי,0.004266,האיש,0.004122,דא,0.002972,המלוה,0.0025,עינו,0.0025,עין,0.001745,המלווה,0.001683,הלווה,0.001343,שנותן,0.000908,ישב,0.00083,הלוואה,0.000719,בור,0.000712,מריבה,0.000695,שמלוה,0.000693,יקבצו,0.000415,ביריבית,0.000398,יקבצם,0.000379,ביריד,0.000212,בירידת,0.000131,הלווהו,0.000131,דכתיב,0.000131,שמלוהו,6.4e-05,רביי,3.9e-05,כלום,1.6e-05,המלוהו,1.4e-05,דאינו,1.3e-05,המלווהו,1e-05,מריבהו,7e-06,ביריביתו,2e-06,עינוו,1e-06,דכתיבא,0.0,רבייון,0.0,בירידתנו,0.0,עינווין,0.0,מריבהוון,0.0,דכתיבאנו,0.0,דכתיבאנוו,0.0,דכתיבאנווים,0.0,SYM,True,זה,זה,False,True,False,True,True,True,False,,,,False,False
Midrash_Aggadic_Midrash_Pesikta_DRav_Kahanna__10_1,pesikta_drk,171,עשו,10.5821,0.8515,0.7657,0.5193,50,-1,False,"{""ר"": 1, ""אברהם"": 1, ""רבי"": 1, ""יצחק"": 1, ""שמלו"": 1, ""שמלווה"": 1, ""שהוא"": 1, ""המלווה"": 1, ""המלוה"": 1, ""הלווה"": 1, ""מלוה"": 1, ""שאמר"": 1, ""שנאמר"": 1, ""של"": 1, ""שמלוה"": 1, ""דכת"": 1, ""שאומר"": 1, ""שהכניס"": 1, ""שמע"": 1, ""ישר"": 1, ""שמעון"": 1, ""שמלווהו"": 1, ""שהיתה"": 1, ""אב"": 1, ""ירמיה"": 1, ""אבינו"": 1, ""הלוואה"": 1, ""שלמה"": 1, ""ירבעם"": 1, ""דוד"": 1, ""שאמרנו"": 1, ""שמלוהו"": 1, ""שנאמרו"": 1, ""שמחל"": 1, ""הלווהו"": 1, ""שנא"": 1, ""אביו"": 1, ""ירמיהו"": 1, ""מלך"": 1, ""מלוהו"": 1, ""המלווהו"": 1, ""המלוהו"": 1, ""שהכניסו"": 1, ""שאומרת"": 1, ""דכתיב"": 1, ""דודו"": 1, ""שמחלו"": 1, ""שמחלוין"": 1, ""דכתיבנו"": 1, ""שאומרתנו"": 1}","{""ר"": [""ר""], ""אברהם"": [""אברהם""], ""רבי"": [""רבי""], ""יצחק"": [""יצחק""], ""שמלו"": [""שמלו""], ""שמלווה"": [""שמלווה""], ""שהוא"": [""שהוא""], ""המלווה"": [""המלווה""], ""המלוה"": [""המלוה""], ""הלווה"": [""הלווה""], ""מלוה"": [""מלוה""], ""שאמר"": [""שאמר""], ""שנאמר"": [""שנאמר""], ""של"": [""של""], ""שמלוה"": [""שמלוה""], ""דכת"": [""דכת""], ""שאומר"": [""שאומר""], ""שהכניס"": [""שהכניס""], ""שמע"": [""שמע""], ""ישר"": [""ישר""], ""שמעון"": [""שמעון""], ""שמלווהו"": [""שמלווהו""], ""שהיתה"": [""שהיתה""], ""אב"": [""אב""], ""ירמיה"": [""ירמיה""], ""אבינו"": [""אבינו""], ""הלוואה"": [""הלוואה""], ""שלמה"": [""שלמה""], ""ירבעם"": [""ירבעם""], ""דוד"": [""דוד""], ""שאמרנו"": [""שאמרנו""], ""שמלוהו"": [""שמלוהו""], ""שנאמרו"": [""שנאמרו""], ""שמחל"": [""שמחל""], ""הלווהו"": [""הלווהו""], ""שנא"": [""שנא""], ""אביו"": [""אביו""], ""ירמיהו"": [""ירמיהו""], ""מלך"": [""מלך""], ""מלוהו"": [""מלוהו""], ""המלווהו"": [""המלווהו""], ""המלוהו"": [""המלוהו""], ""שהכניסו"": [""שהכניסו""], ""שאומרת"": [""שאומרת""], ""דכתיב"": [""דכתיב""], ""דודו"": [""דודו""], ""שמחלו"": [""שמחלו""], ""שמחלוין"": [""שמחלוין""], ""דכתיבנו"": [""דכתיבנו""], ""שאומרתנו"": [""שאומרתנו""]}",ר,0.08409,אברהם,0.04501,רבי,0.043635,יצחק,0.036736,שמלו,0.03583,שמלווה,0.032333,שהוא,0.02861,המלווה,0.024645,המלוה,0.021121,הלווה,0.017613,מלוה,0.016641,שאמר,0.015929,שנאמר,0.013765,של,0.013514,שמלוה,0.013054,דכת,0.009518,שאומר,0.008661,שהכניס,0.006676,שמע,0.006294,ישר,0.005396,שמעון,0.005148,שמלווהו,0.004391,שהיתה,0.004178,אב,0.003552,ירמיה,0.002837,אבינו,0.002681,הלוואה,0.002039,שלמה,0.001978,ירבעם,0.00179,דוד,0.001733,שאמרנו,0.001657,שמלוהו,0.001312,שנאמרו,0.001273,שמחל,0.001207,הלווהו,0.000881,שנא,0.000765,אביו,0.000725,ירמיהו,0.00057,מלך,0.000437,מלוהו,0.000411,המלווהו,0.000211,המלוהו,0.000141,שהכניסו,0.000109,שאומרת,0.000107,דכתיב,4.8e-05,דודו,3e-05,שמחלו,2.8e-05,שמחלוין,0.0,דכתיבנו,0.0,שאומרתנו,0.0,X,True,עשו,עשו,False,False,False,True,True,True,False,,,,False,False
Midrash_Aggadic_Midrash_Pesikta_DRav_Kahanna__10_1,pesikta_drk,172,הרשע,10.9247,0.8519,0.7162,0.5659,50,-1,False,"{""דכת"": 1, ""שנאמר"": 1, ""ר"": 1, ""שהיה"": 1, ""פתר"": 1, ""שנאמרו"": 1, ""ואיזה"": 1, ""שהוא"": 1, ""שהיתה"": 1, ""שאמר"": 1, ""דהו"": 1, ""רבי"": 1, ""דהוון"": 1, ""שמלוה"": 1, ""וגו"": 1, ""שהכניס"": 1, ""דכתיב"": 1, ""חונן"": 1, ""שנא"": 1, ""והיה"": 1, ""והכת"": 1, ""ויעקב"": 1, ""חסר"": 1, ""ואיזו"": 1, ""שאמרנו"": 1, ""ואל"": 1, ""שאמרו"": 1, ""ויעשו"": 1, ""שגמל"": 1, ""פתרו"": 1, ""שמלוהו"": 1, ""ואיזהו"": 1, ""שהכניסו"": 1, ""פירוש"": 1, ""חוננו"": 1, ""והכתיב"": 1, ""פירושו"": 1, ""שגמלן"": 1, ""ויעקבו"": 1, ""דכתיבא"": 1, ""רביי"": 1, ""והיהודים"": 1, ""פתרויה"": 1, ""והכתיבו"": 1, ""פתרויהו"": 1, ""דכתיבאנו"": 1, ""רבייון"": 1, ""דכתיבאנוו"": 1, ""דכתיבאנוויה"": 1, ""דכתיבאנוויהו"": 1}","{""דכת"": [""דכת""], ""שנאמר"": [""שנאמר""], ""ר"": [""ר""], ""שהיה"": [""שהיה""], ""פתר"": [""פתר""], ""שנאמרו"": [""שנאמרו""], ""ואיזה"": [""ואיזה""], ""שהוא"": [""שהוא""], ""שהיתה"": [""שהיתה""], ""שאמר"": [""שאמר""], ""דהו"": [""דהו""], ""רבי"": [""רבי""], ""דהוון"": [""דהוון""], ""שמלוה"": [""שמלוה""], ""וגו"": [""וגו""], ""שהכניס"": [""שהכניס""], ""דכתיב"": [""דכתיב""], ""חונן"": [""חונן""], ""שנא"": [""שנא""], ""והיה"": [""והיה""], ""והכת"": [""והכת""], ""ויעקב"": [""ויעקב""], ""חסר"": [""חסר""], ""ואיזו"": [""ואיזו""], ""שאמרנו"": [""שאמרנו""], ""ואל"": [""ואל""], ""שאמרו"": [""שאמרו""], ""ויעשו"": [""ויעשו""], ""שגמל"": [""שגמל""], ""פתרו"": [""פתרו""], ""שמלוהו"": [""שמלוהו""], ""ואיזהו"": [""ואיזהו""], ""שהכניסו"": [""שהכניסו""], ""פירוש"": [""פירוש""], ""חוננו"": [""חוננו""], ""והכתיב"": [""והכתיב""], ""פירושו"": [""פירושו""], ""שגמלן"": [""שגמלן""], ""ויעקבו"": [""ויעקבו""], ""דכתיבא"": [""דכתיבא""], ""רביי"": [""רביי""], ""והיהודים"": [""והיהודים""], ""פתרויה"": [""פתרויה""], ""והכתיבו"": [""והכתיבו""], ""פתרויהו"": [""פתרויהו""], ""דכתיבאנו"": [""דכתיבאנו""], ""רבייון"": [""רבייון""], ""דכתיבאנוו"": [""דכתיבאנוו""], ""דכתיבאנוויה"": [""דכתיבאנוויה""], ""דכתיבאנוויהו"": [""דכתיבאנוויהו""]}",דכת,0.228328,שנאמר,0.097798,ר,0.037202,שהיה,0.036058,פתר,0.035161,שנאמרו,0.016497,ואיזה,0.015062,שהוא,0.014798,שהיתה,0.011868,שאמר,0.011452,דהו,0.007831,רבי,0.007481,דהוון,0.007402,שמלוה,0.006819,וגו,0.00615,שהכניס,0.005784,דכתיב,0.003312,חונן,0.00316,שנא,0.003095,והיה,0.00146,והכת,0.00135,ויעקב,0.001199,חסר,0.001154,ואיזו,0.001025,שאמרנו,0.00081,ואל,0.000506,שאמרו,0.000495,ויעשו,0.00047,שגמל,0.00044,פתרו,0.000427,שמלוהו,0.000342,ואיזהו,0.000297,שהכניסו,0.000217,פירוש,0.000179,חוננו,7.7e-05,והכתיב,6.1e-05,פירושו,5.3e-05,שגמלן,2.8e-05,ויעקבו,1.1e-05,דכתיבא,1e-05,רביי,6e-06,והיהודים,1e-06,פתרויה,1e-06,והכתיבו,0.0,פתרויהו,0.0,דכתיבאנו,0.0,רבייון,0.0,דכתיבאנוו,0.0,דכתיבאנוויה,0.0,דכתיבאנוויהו,0.0,PUNCT,False,הרשע,רשע,False,False,False,True,True,True,False,,,,False,False
Midrash_Aggadic_Midrash_Pesikta_DRav_Kahanna__10_1,pesikta_drk,173,ועשו,11.4559,0.8457,0.5737,0.4631,50,-1,False,"{""דכת"": 1, ""שנאמר"": 1, ""שהיה"": 1, ""פתר"": 1, ""ר"": 1, ""אשר"": 1, ""שהיתה"": 1, ""שנאמרו"": 1, ""שהוא"": 1, ""שהכניס"": 1, ""שאמר"": 1, ""שעשה"": 1, ""שמלוה"": 1, ""דהו"": 1, ""דהוון"": 1, ""רבי"": 1, ""דכתיב"": 1, ""שמרבה"": 1, ""וגו"": 1, ""שנא"": 1, ""חסר"": 1, ""והיה"": 1, ""חונן"": 1, ""והיתה"": 1, ""ורבי"": 1, ""שעושה"": 1, ""שאומר"": 1, ""שאמרנו"": 1, ""שמלוהו"": 1, ""פתרו"": 1, ""ור"": 1, ""שהכניסו"": 1, ""פירוש"": 1, ""אשרי"": 1, ""חוננו"": 1, ""פירושו"": 1, ""שאומרין"": 1, ""דכתיבו"": 1, ""שעושין"": 1, ""רביי"": 1, ""שעושהו"": 1, ""ורביי"": 1, ""שמרבהו"": 1, ""פתרויה"": 1, ""פתרויהו"": 1, ""רבייון"": 1, ""דכתיבוון"": 1, ""ורבייון"": 1, ""שעושהוין"": 1, ""פתרויהוון"": 1}","{""דכת"": [""דכת""], ""שנאמר"": [""שנאמר""], ""שהיה"": [""שהיה""], ""פתר"": [""פתר""], ""ר"": [""ר""], ""אשר"": [""אשר""], ""שהיתה"": [""שהיתה""], ""שנאמרו"": [""שנאמרו""], ""שהוא"": [""שהוא""], ""שהכניס"": [""שהכניס""], ""שאמר"": [""שאמר""], ""שעשה"": [""שעשה""], ""שמלוה"": [""שמלוה""], ""דהו"": [""דהו""], ""דהוון"": [""דהוון""], ""רבי"": [""רבי""], ""דכתיב"": [""דכתיב""], ""שמרבה"": [""שמרבה""], ""וגו"": [""וגו""], ""שנא"": [""שנא""], ""חסר"": [""חסר""], ""והיה"": [""והיה""], ""חונן"": [""חונן""], ""והיתה"": [""והיתה""], ""ורבי"": [""ורבי""], ""שעושה"": [""שעושה""], ""שאומר"": [""שאומר""], ""שאמרנו"": [""שאמרנו""], ""שמלוהו"": [""שמלוהו""], ""פתרו"": [""פתרו""], ""ור"": [""ור""], ""שהכניסו"": [""שהכניסו""], ""פירוש"": [""פירוש""], ""אשרי"": [""אשרי""], ""חוננו"": [""חוננו""], ""פירושו"": [""פירושו""], ""שאומרין"": [""שאומרין""], ""דכתיבו"": [""דכתיבו""], ""שעושין"": [""שעושין""], ""רביי"": [""רביי""], ""שעושהו"": [""שעושהו""], ""ורביי"": [""ורביי""], ""שמרבהו"": [""שמרבהו""], ""פתרויה"": [""פתרויה""], ""פתרויהו"": [""פתרויהו""], ""רבייון"": [""רבייון""], ""דכתיבוון"": [""דכתיבוון""], ""ורבייון"": [""ורבייון""], ""שעושהוין"": [""שעושהוין""], ""פתרויהוון"": [""פתרויהוון""]}",דכת,0.161707,שנאמר,0.062741,שהיה,0.046231,פתר,0.02892,ר,0.026342,אשר,0.014322,שהיתה,0.013907,שנאמרו,0.013255,שהוא,0.013245,שהכניס,0.01135,שאמר,0.011063,שעשה,0.009966,שמלוה,0.007879,דהו,0.004903,דהוון,0.004642,רבי,0.004484,דכתיב,0.003948,שמרבה,0.003709,וגו,0.003595,שנא,0.003173,חסר,0.0028,והיה,0.00219,חונן,0.001899,והיתה,0.001679,ורבי,0.001319,שעושה,0.001266,שאומר,0.000596,שאמרנו,0.000535,שמלוהו,0.000515,פתרו,0.000235,ור,0.000229,שהכניסו,0.000171,פירוש,0.000149,אשרי,3.2e-05,חוננו,2.7e-05,פירושו,2.6e-05,שאומרין,1.6e-05,דכתיבו,1.1e-05,שעושין,7e-06,רביי,4e-06,שעושהו,3e-06,ורביי,2e-06,שמרבהו,1e-06,פתרויה,0.0,פתרויהו,0.0,רבייון,0.0,דכתיבוון,0.0,ורבייון,0.0,שעושהוין,0.0,פתרויהוון,0.0,SYM,True,ועשו,עשו,False,False,False,True,True,True,False,,,,False,False
Midrash_Aggadic_Midrash_Pesikta_DRav_Kahanna__10_1,pesikta_drk,174,הרשע,2.4613,0.3578,0.0,0.3264,50,1,True,"{""הרשע"": 1, ""בן"": 1, ""את"": 1, ""בנו"": 1, ""דכת"": 1, ""רשע"": 1, ""חונן"": 1, ""עשו"": 1, ""החוטא"": 1, ""עבד"": 1, ""הנביא"": 1, ""נבהל"": 1, ""רעה"": 1, ""רע"": 1, ""הנכרי"": 1, ""החסיד"": 1, ""רעהו"": 1, ""הונא"": 1, ""רשעים"": 1, ""נגר"": 1, ""חנניה"": 1, ""אתו"": 1, ""שמו"": 1, ""הנכון"": 1, ""הוליד"": 1, ""הרע"": 1, ""דהו"": 1, ""עבדו"": 1, ""שונא"": 1, ""דהוון"": 1, ""שונאי"": 1, ""בנה"": 1, ""חנניהו"": 1, ""הרשעת"": 1, ""דכתיב"": 1, ""נגרו"": 1, ""הרשעתו"": 1, ""שונאיו"": 1, ""בנהו"": 1, ""נבהלנו"": 1, ""בנוון"": 1, ""רעב"": 1, ""החסידים"": 1, ""עשוין"": 1, ""רעבון"": 1, ""דכתיבו"": 1, ""אתוון"": 1, ""בנהוון"": 1, ""נגרוון"": 1, ""דכתיבוון"": 1}","{""הרשע"": [""הרשע""], ""בן"": [""בן""], ""את"": [""את""], ""בנו"": [""בנו""], ""דכת"": [""דכת""], ""רשע"": [""רשע""], ""חונן"": [""חונן""], ""עשו"": [""עשו""], ""החוטא"": [""החוטא""], ""עבד"": [""עבד""], ""הנביא"": [""הנביא""], ""נבהל"": [""נבהל""], ""רעה"": [""רעה""], ""רע"": [""רע""], ""הנכרי"": [""הנכרי""], ""החסיד"": [""החסיד""], ""רעהו"": [""רעהו""], ""הונא"": [""הונא""], ""רשעים"": [""רשעים""], ""נגר"": [""נגר""], ""חנניה"": [""חנניה""], ""אתו"": [""אתו""], ""שמו"": [""שמו""], ""הנכון"": [""הנכון""], ""הוליד"": [""הוליד""], ""הרע"": [""הרע""], ""דהו"": [""דהו""], ""עבדו"": [""עבדו""], ""שונא"": [""שונא""], ""דהוון"": [""דהוון""], ""שונאי"": [""שונאי""], ""בנה"": [""בנה""], ""חנניהו"": [""חנניהו""], ""הרשעת"": [""הרשעת""], ""דכתיב"": [""דכתיב""], ""נגרו"": [""נגרו""], ""הרשעתו"": [""הרשעתו""], ""שונאיו"": [""שונאיו""], ""בנהו"": [""בנהו""], ""נבהלנו"": [""נבהלנו""], ""בנוון"": [""בנוון""], ""רעב"": [""רעב""], ""החסידים"": [""החסידים""], ""עשוין"": [""עשוין""], ""רעבון"": [""רעבון""], ""דכתיבו"": [""דכתיבו""], ""אתוון"": [""אתוון""], ""בנהוון"": [""בנהוון""], ""נגרוון"": [""נגרוון""], ""דכתיבוון"": [""דכתיבוון""]}",הרשע,0.181588,בן,0.034219,את,0.016677,בנו,0.012127,דכת,0.010181,רשע,0.009845,חונן,0.009834,עשו,0.005901,החוטא,0.005712,עבד,0.00529,הנביא,0.004044,נבהל,0.003641,רעה,0.003564,רע,0.003455,הנכרי,0.002112,החסיד,0.001797,רעהו,0.001782,הונא,0.001476,רשעים,0.001271,נגר,0.001183,חנניה,0.001149,אתו,0.001137,שמו,0.000981,הנכון,0.000867,הוליד,0.000864,הרע,0.000745,דהו,0.000724,עבדו,0.000704,שונא,0.000674,דהוון,0.000664,שונאי,0.000613,בנה,0.00055,חנניהו,0.000293,הרשעת,0.0002,דכתיב,0.000157,נגרו,0.000143,הרשעתו,0.000142,שונאיו,3e-05,בנהו,2.2e-05,נבהלנו,1.8e-05,בנוון,1.7e-05,רעב,1.5e-05,החסידים,1e-05,עשוין,7e-06,רעבון,6e-06,דכתיבו,1e-06,אתוון,1e-06,בנהוון,0.0,נגרוון,0.0,דכתיבוון,0.0,PUNCT,False,הרשע,רשע,False,False,False,True,True,True,False,,,,False,False
Midrash_Aggadic_Midrash_Pesikta_DRav_Kahanna__10_1,pesikta_drk,175,לא,5.1378,0.7837,0.0,0.3107,50,5,True,"{""פתר"": 1, ""דכת"": 1, ""הוא"": 1, ""זה"": 1, ""לא"": 1, ""היה"": 1, ""ר"": 1, ""מה"": 1, ""חונן"": 1, ""ועשו"": 1, ""וגו"": 1, ""נבהל"": 1, ""דהו"": 1, ""דהוון"": 1, ""רבי"": 1, ""חסר"": 1, ""נקרא"": 1, ""פתרו"": 1, ""מאי"": 1, ""מלו"": 1, ""לאחיו"": 1, ""דכתיב"": 1, ""מלווה"": 1, ""פירש"": 1, ""לאחאב"": 1, ""חוננו"": 1, ""וגוון"": 1, ""פירשוה"": 1, ""פירשוהו"": 1, ""מלווהו"": 1, ""נבהלו"": 1, ""הואיל"": 1, ""לאחאבו"": 1, ""נבהלנו"": 1, ""זהב"": 1, ""דכתיבו"": 1, ""רביי"": 1, ""מאיו"": 1, ""לאחיוו"": 1, ""לאחאבוון"": 1, ""זהבנ"": 1, ""מאיוון"": 1, ""נבהלוון"": 1, ""לאחיווון"": 1, ""רבייון"": 1, ""דכתיבוון"": 1, ""זהבנימין"": 1, ""זהבנימוס"": 1, ""זהבנימוסי"": 1, ""זהבנימוסיון"": 1}","{""פתר"": [""פתר""], ""דכת"": [""דכת""], ""הוא"": [""הוא""], ""זה"": [""זה""], ""לא"": [""לא""], ""היה"": [""היה""], ""ר"": [""ר""], ""מה"": [""מה""], ""חונן"": [""חונן""], ""ועשו"": [""ועשו""], ""וגו"": [""וגו""], ""נבהל"": [""נבהל""], ""דהו"": [""דהו""], ""דהוון"": [""דהוון""], ""רבי"": [""רבי""], ""חסר"": [""חסר""], ""נקרא"": [""נקרא""], ""פתרו"": [""פתרו""], ""מאי"": [""מאי""], ""מלו"": [""מלו""], ""לאחיו"": [""לאחיו""], ""דכתיב"": [""דכתיב""], ""מלווה"": [""מלווה""], ""פירש"": [""פירש""], ""לאחאב"": [""לאחאב""], ""חוננו"": [""חוננו""], ""וגוון"": [""וגוון""], ""פירשוה"": [""פירשוה""], ""פירשוהו"": [""פירשוהו""], ""מלווהו"": [""מלווהו""], ""נבהלו"": [""נבהלו""], ""הואיל"": [""הואיל""], ""לאחאבו"": [""לאחאבו""], ""נבהלנו"": [""נבהלנו""], ""זהב"": [""זהב""], ""דכתיבו"": [""דכתיבו""], ""רביי"": [""רביי""], ""מאיו"": [""מאיו""], ""לאחיוו"": [""לאחיוו""], ""לאחאבוון"": [""לאחאבוון""], ""זהבנ"": [""זהבנ""], ""מאיוון"": [""מאיוון""], ""נבהלוון"": [""נבהלוון""], ""לאחיווון"": [""לאחיווון""], ""רבייון"": [""רבייון""], ""דכתיבוון"": [""דכתיבוון""], ""זהבנימין"": [""זהבנימין""], ""זהבנימוס"": [""זהבנימוס""], ""זהבנימוסי"": [""זהבנימוסי""], ""זהבנימוסיון"": [""זהבנימוסיון""]}",פתר,0.045177,דכת,0.04483,הוא,0.041326,זה,0.035348,לא,0.028403,היה,0.027102,ר,0.021439,מה,0.02078,חונן,0.013985,ועשו,0.006127,וגו,0.003659,נבהל,0.003117,דהו,0.002706,דהוון,0.00258,רבי,0.002424,חסר,0.001951,נקרא,0.001712,פתרו,0.001391,מאי,0.001326,מלו,0.001152,לאחיו,0.001111,דכתיב,0.000855,מלווה,0.000854,פירש,0.00033,לאחאב,0.000313,חוננו,0.000281,וגוון,9.1e-05,פירשוה,6.4e-05,פירשוהו,5.7e-05,מלווהו,5.6e-05,נבהלו,4.6e-05,הואיל,2.9e-05,לאחאבו,2e-05,נבהלנו,1.4e-05,זהב,8e-06,דכתיבו,4e-06,רביי,2e-06,מאיו,2e-06,לאחיוו,1e-06,לאחאבוון,0.0,זהבנ,0.0,מאיוון,0.0,נבהלוון,0.0,לאחיווון,0.0,רבייון,0.0,דכתיבוון,0.0,זהבנימין,0.0,זהבנימוס,0.0,זהבנימוסי,0.0,זהבנימוסיון,0.0,INTJ,True,לא,לא,False,True,False,True,True,True,False,,,,False,False
Midrash_Aggadic_Midrash_Pesikta_DRav_Kahanna__10_1,pesikta_drk,176,עושק,19.2385,0.8485,0.7854,0.5284,50,-1,False,"{""ידע"": 1, ""חונן"": 1, ""היה"": 1, ""עשה"": 1, ""הוה"": 1, ""עבד"": 1, ""מצא"": 1, ""שמע"": 1, ""קבל"": 1, ""ידעת"": 1, ""ידעו"": 1, ""הוו"": 1, ""נקרא"": 1, ""חנינה"": 1, ""מצינו"": 1, ""מצאנו"": 1, ""קיים"": 1, ""אבה"": 1, ""ניח"": 1, ""דל"": 1, ""ניחא"": 1, ""עבדו"": 1, ""דלים"": 1, ""אמ"": 1, ""מיחו"": 1, ""שאל"": 1, ""מחל"": 1, ""ידעתא"": 1, ""מיחייב"": 1, ""קבלו"": 1, ""שמעו"": 1, ""חנינהו"": 1, ""נקראו"": 1, ""מיחייבי"": 1, ""אבהו"": 1, ""דלן"": 1, ""הוהו"": 1, ""מיחוור"": 1, ""שאלנו"": 1, ""עשההתרגום"": 1, ""מצאנוו"": 1, ""הווין"": 1, ""ידעוהתרגום"": 1, ""מיחוורו"": 1, ""עשההאם"": 1, ""מצאנווון"": 1, ""הוהוון"": 1, ""ידעוהאם"": 1, ""מיחייביהתרגום"": 1, ""מיחייביהאם"": 1}","{""ידע"": [""ידע""], ""חונן"": [""חונן""], ""היה"": [""היה""], ""עשה"": [""עשה""], ""הוה"": [""הוה""], ""עבד"": [""עבד""], ""מצא"": [""מצא""], ""שמע"": [""שמע""], ""קבל"": [""קבל""], ""ידעת"": [""ידעת""], ""ידעו"": [""ידעו""], ""הוו"": [""הוו""], ""נקרא"": [""נקרא""], ""חנינה"": [""חנינה""], ""מצינו"": [""מצינו""], ""מצאנו"": [""מצאנו""], ""קיים"": [""קיים""], ""אבה"": [""אבה""], ""ניח"": [""ניח""], ""דל"": [""דל""], ""ניחא"": [""ניחא""], ""עבדו"": [""עבדו""], ""דלים"": [""דלים""], ""אמ"": [""אמ""], ""מיחו"": [""מיחו""], ""שאל"": [""שאל""], ""מחל"": [""מחל""], ""ידעתא"": [""ידעתא""], ""מיחייב"": [""מיחייב""], ""קבלו"": [""קבלו""], ""שמעו"": [""שמעו""], ""חנינהו"": [""חנינהו""], ""נקראו"": [""נקראו""], ""מיחייבי"": [""מיחייבי""], ""אבהו"": [""אבהו""], ""דלן"": [""דלן""], ""הוהו"": [""הוהו""], ""מיחוור"": [""מיחוור""], ""שאלנו"": [""שאלנו""], ""עשההתרגום"": [""עשההתרגום""], ""מצאנוו"": [""מצאנוו""], ""הווין"": [""הווין""], ""ידעוהתרגום"": [""ידעוהתרגום""], ""מיחוורו"": [""מיחוורו""], ""עשההאם"": [""עשההאם""], ""מצאנווון"": [""מצאנווון""], ""הוהוון"": [""הוהוון""], ""ידעוהאם"": [""ידעוהאם""], ""מיחייביהתרגום"": [""מיחייביהתרגום""], ""מיחייביהאם"": [""מיחייביהאם""]}",ידע,0.31522,חונן,0.07584,היה,0.039121,עשה,0.015992,הוה,0.014376,עבד,0.010165,מצא,0.00842,שמע,0.006323,קבל,0.005098,ידעת,0.004863,ידעו,0.004159,הוו,0.003635,נקרא,0.003312,חנינה,0.003082,מצינו,0.002608,מצאנו,0.002332,קיים,0.002262,אבה,0.001562,ניח,0.001447,דל,0.001407,ניחא,0.001316,עבדו,0.001013,דלים,0.000765,אמ,0.000761,מיחו,0.000702,שאל,0.000636,מחל,0.000598,ידעתא,0.000332,מיחייב,0.000307,קבלו,0.00023,שמעו,0.000195,חנינהו,9.3e-05,נקראו,4.1e-05,מיחייבי,3.2e-05,אבהו,3.1e-05,דלן,2.3e-05,הוהו,1.6e-05,מיחוור,1.4e-05,שאלנו,1e-05,עשההתרגום,8e-06,מצאנוו,6e-06,הווין,4e-06,ידעוהתרגום,2e-06,מיחוורו,1e-06,עשההאם,0.0,מצאנווון,0.0,הוהוון,0.0,ידעוהאם,0.0,מיחייביהתרגום,0.0,מיחייביהאם,0.0,PUNCT,False,עושק,עושק,False,False,False,True,True,True,False,,,,False,False
Midrash_Aggadic_Midrash_Pesikta_DRav_Kahanna__10_1,pesikta_drk,177,דלים,3.6104,0.6842,0.0,0.3975,50,2,True,"{""את"": 1, ""דלים"": 1, ""ולא"": 1, ""אלא"": 1, ""לא"": 1, ""דל"": 1, ""ואין"": 1, ""נפש"": 1, ""עני"": 1, ""נפשו"": 1, ""עניים"": 1, ""וגו"": 1, ""חונן"": 1, ""ועושק"": 1, ""לאחיו"": 1, ""ביד"": 1, ""יעשה"": 1, ""שום"": 1, ""עניי"": 1, ""נכסיו"": 1, ""אתו"": 1, ""שונא"": 1, ""ועשוק"": 1, ""חנניה"": 1, ""שונאי"": 1, ""בידים"": 1, ""בדלים"": 1, ""דלוי"": 1, ""יתנו"": 1, ""ולאו"": 1, ""יתיר"": 1, ""שונאיו"": 1, ""חנניהו"": 1, ""לאחיך"": 1, ""ועושה"": 1, ""אלאו"": 1, ""דלויי"": 1, ""ועושקנו"": 1, ""יתירא"": 1, ""ועושהו"": 1, ""ולאויר"": 1, ""אתוון"": 1, ""אלאוות"": 1, ""ולאוירא"": 1, ""אלאוותא"": 1, ""דלוייון"": 1, ""ולאויראוי"": 1, ""ולאויראויי"": 1, ""ולאויראוייי"": 1, ""ולאויראויייי"": 1}","{""את"": [""את""], ""דלים"": [""דלים""], ""ולא"": [""ולא""], ""אלא"": [""אלא""], ""לא"": [""לא""], ""דל"": [""דל""], ""ואין"": [""ואין""], ""נפש"": [""נפש""], ""עני"": [""עני""], ""נפשו"": [""נפשו""], ""עניים"": [""עניים""], ""וגו"": [""וגו""], ""חונן"": [""חונן""], ""ועושק"": [""ועושק""], ""לאחיו"": [""לאחיו""], ""ביד"": [""ביד""], ""יעשה"": [""יעשה""], ""שום"": [""שום""], ""עניי"": [""עניי""], ""נכסיו"": [""נכסיו""], ""אתו"": [""אתו""], ""שונא"": [""שונא""], ""ועשוק"": [""ועשוק""], ""חנניה"": [""חנניה""], ""שונאי"": [""שונאי""], ""בידים"": [""בידים""], ""בדלים"": [""בדלים""], ""דלוי"": [""דלוי""], ""יתנו"": [""יתנו""], ""ולאו"": [""ולאו""], ""יתיר"": [""יתיר""], ""שונאיו"": [""שונאיו""], ""חנניהו"": [""חנניהו""], ""לאחיך"": [""לאחיך""], ""ועושה"": [""ועושה""], ""אלאו"": [""אלאו""], ""דלויי"": [""דלויי""], ""ועושקנו"": [""ועושקנו""], ""יתירא"": [""יתירא""], ""ועושהו"": [""ועושהו""], ""ולאויר"": [""ולאויר""], ""אתוון"": [""אתוון""], ""אלאוות"": [""אלאוות""], ""ולאוירא"": [""ולאוירא""], ""אלאוותא"": [""אלאוותא""], ""דלוייון"": [""דלוייון""], ""ולאויראוי"": [""ולאויראוי""], ""ולאויראויי"": [""ולאויראויי""], ""ולאויראוייי"": [""ולאויראוייי""], ""ולאויראויייי"": [""ולאויראויייי""]}",את,0.15075,דלים,0.081878,ולא,0.063831,אלא,0.016914,לא,0.015643,דל,0.015146,ואין,0.011994,נפש,0.007643,עני,0.005302,נפשו,0.00408,עניים,0.003166,וגו,0.003015,חונן,0.002435,ועושק,0.00227,לאחיו,0.002068,ביד,0.001801,יעשה,0.001756,שום,0.001484,עניי,0.001026,נכסיו,0.000746,אתו,0.000693,שונא,0.000686,ועשוק,0.000524,חנניה,0.000445,שונאי,0.00041,בידים,0.000404,בדלים,0.000331,דלוי,0.000261,יתנו,0.0002,ולאו,0.000162,יתיר,0.000131,שונאיו,9.3e-05,חנניהו,5.7e-05,לאחיך,5.7e-05,ועושה,5.3e-05,אלאו,2.4e-05,דלויי,2.2e-05,ועושקנו,1.7e-05,יתירא,1.5e-05,ועושהו,1.1e-05,ולאויר,3e-06,אתוון,1e-06,אלאוות,1e-06,ולאוירא,0.0,אלאוותא,0.0,דלוייון,0.0,ולאויראוי,0.0,ולאויראויי,0.0,ולאויראוייי,0.0,ולאויראויייי,0.0,PUNCT,False,דלים,דל,False,False,False,True,True,True,False,,,,False,False
Midrash_Aggadic_Midrash_Pesikta_DRav_Kahanna__10_1,pesikta_drk,178,הוא,5.4102,0.8293,0.0,0.3626,50,6,True,"{""ולא"": 1, ""דכת"": 1, ""אלא"": 1, ""יקבצנו"": 1, ""ר"": 1, ""הוא"": 1, ""לא"": 1, ""ואיזה"": 1, ""זה"": 1, ""וגו"": 1, ""לחונן"": 1, ""רבי"": 1, ""דא"": 1, ""ועושק"": 1, ""והיה"": 1, ""ואמר"": 1, ""והכת"": 1, ""ואיזו"": 1, ""לחננם"": 1, ""ולאו"": 1, ""יקבצו"": 1, ""יקבצם"": 1, ""לאחיו"": 1, ""דכתיב"": 1, ""ועליו"": 1, ""ועושה"": 1, ""ואיזהו"": 1, ""לאחיך"": 1, ""הואיל"": 1, ""ועושקן"": 1, ""דאיל"": 1, ""דאילו"": 1, ""אלאו"": 1, ""ועושהו"": 1, ""והכתיב"": 1, ""זהב"": 1, ""רביי"": 1, ""ולאויר"": 1, ""דכתיבא"": 1, ""אלאוות"": 1, ""לאחיוו"": 1, ""ולאוירא"": 1, ""אלאוותא"": 1, ""והכתיבנו"": 1, ""רבייון"": 1, ""לאחיווון"": 1, ""דכתיבאנו"": 1, ""זהבנין"": 1, ""והכתיבנוו"": 1, ""והכתיבנווין"": 1}","{""ולא"": [""ולא""], ""דכת"": [""דכת""], ""אלא"": [""אלא""], ""יקבצנו"": [""יקבצנו""], ""ר"": [""ר""], ""הוא"": [""הוא""], ""לא"": [""לא""], ""ואיזה"": [""ואיזה""], ""זה"": [""זה""], ""וגו"": [""וגו""], ""לחונן"": [""לחונן""], ""רבי"": [""רבי""], ""דא"": [""דא""], ""ועושק"": [""ועושק""], ""והיה"": [""והיה""], ""ואמר"": [""ואמר""], ""והכת"": [""והכת""], ""ואיזו"": [""ואיזו""], ""לחננם"": [""לחננם""], ""ולאו"": [""ולאו""], ""יקבצו"": [""יקבצו""], ""יקבצם"": [""יקבצם""], ""לאחיו"": [""לאחיו""], ""דכתיב"": [""דכתיב""], ""ועליו"": [""ועליו""], ""ועושה"": [""ועושה""], ""ואיזהו"": [""ואיזהו""], ""לאחיך"": [""לאחיך""], ""הואיל"": [""הואיל""], ""ועושקן"": [""ועושקן""], ""דאיל"": [""דאיל""], ""דאילו"": [""דאילו""], ""אלאו"": [""אלאו""], ""ועושהו"": [""ועושהו""], ""והכתיב"": [""והכתיב""], ""זהב"": [""זהב""], ""רביי"": [""רביי""], ""ולאויר"": [""ולאויר""], ""דכתיבא"": [""דכתיבא""], ""אלאוות"": [""אלאוות""], ""לאחיוו"": [""לאחיוו""], ""ולאוירא"": [""ולאוירא""], ""אלאוותא"": [""אלאוותא""], ""והכתיבנו"": [""והכתיבנו""], ""רבייון"": [""רבייון""], ""לאחיווון"": [""לאחיווון""], ""דכתיבאנו"": [""דכתיבאנו""], ""זהבנין"": [""זהבנין""], ""והכתיבנוו"": [""והכתיבנוו""], ""והכתיבנווין"": [""והכתיבנווין""]}",ולא,0.086021,דכת,0.055439,אלא,0.039383,יקבצנו,0.038193,ר,0.033164,הוא,0.023517,לא,0.022793,ואיזה,0.014292,זה,0.013192,וגו,0.007131,לחונן,0.006767,רבי,0.004705,דא,0.004209,ועושק,0.003538,והיה,0.002047,ואמר,0.001638,והכת,0.001407,ואיזו,0.000973,לחננם,0.000964,ולאו,0.00067,יקבצו,0.000661,יקבצם,0.000431,לאחיו,0.000385,דכתיב,0.0002,ועליו,0.000187,ועושה,0.000155,ואיזהו,0.000119,לאחיך,0.000104,הואיל,6.6e-05,ועושקן,4.4e-05,דאיל,4.4e-05,דאילו,4.1e-05,אלאו,4e-05,ועושהו,3.5e-05,והכתיב,3.2e-05,זהב,8e-06,רביי,5e-06,ולאויר,4e-06,דכתיבא,1e-06,אלאוות,1e-06,לאחיוו,1e-06,ולאוירא,1e-06,אלאוותא,0.0,והכתיבנו,0.0,רבייון,0.0,לאחיווון,0.0,דכתיבאנו,0.0,זהבנין,0.0,והכתיבנוו,0.0,והכתיבנווין,0.0,SYM,True,הוא,הוא,False,True,False,True,True,True,False,,,,False,False
Midrash_Aggadic_Midrash_Pesikta_DRav_Kahanna__10_1,pesikta_drk,179,כגון,13.2433,0.9408,0.8448,0.3747,50,-1,False,"{""עשו"": 1, ""ר"": 1, ""דכת"": 1, ""חונן"": 1, ""זה"": 1, ""אלא"": 1, ""רבי"": 1, ""פתר"": 1, ""אב"": 1, ""יקבצנו"": 1, ""ועשו"": 1, ""אבשלום"": 1, ""וכת"": 1, ""דא"": 1, ""שואל"": 1, ""עשה"": 1, ""מלו"": 1, ""מלווה"": 1, ""ית"": 1, ""מרב"": 1, ""אדני"": 1, ""חנניה"": 1, ""מרביץ"": 1, ""שמשעבד"": 1, ""וכתיב"": 1, ""יקבץ"": 1, ""דכתו"": 1, ""יקבצם"": 1, ""פלוני"": 1, ""חנניהו"": 1, ""מלווהו"": 1, ""אלאו"": 1, ""דאילו"": 1, ""רביי"": 1, ""זהב"": 1, ""דכתוות"": 1, ""עשהק"": 1, ""שמשעבדו"": 1, ""שואלנו"": 1, ""וכתיבת"": 1, ""אדניי"": 1, ""דכתוותיב"": 1, ""אלאוות"": 1, ""אלאוותא"": 1, ""רבייון"": 1, ""זהבך"": 1, ""וכתיבתא"": 1, ""דכתוותיבי"": 1, ""אדנייון"": 1, ""דכתוותיביון"": 1}","{""עשו"": [""עשו""], ""ר"": [""ר""], ""דכת"": [""דכת""], ""חונן"": [""חונן""], ""זה"": [""זה""], ""אלא"": [""אלא""], ""רבי"": [""רבי""], ""פתר"": [""פתר""], ""אב"": [""אב""], ""יקבצנו"": [""יקבצנו""], ""ועשו"": [""ועשו""], ""אבשלום"": [""אבשלום""], ""וכת"": [""וכת""], ""דא"": [""דא""], ""שואל"": [""שואל""], ""עשה"": [""עשה""], ""מלו"": [""מלו""], ""מלווה"": [""מלווה""], ""ית"": [""ית""], ""מרב"": [""מרב""], ""אדני"": [""אדני""], ""חנניה"": [""חנניה""], ""מרביץ"": [""מרביץ""], ""שמשעבד"": [""שמשעבד""], ""וכתיב"": [""וכתיב""], ""יקבץ"": [""יקבץ""], ""דכתו"": [""דכתו""], ""יקבצם"": [""יקבצם""], ""פלוני"": [""פלוני""], ""חנניהו"": [""חנניהו""], ""מלווהו"": [""מלווהו""], ""אלאו"": [""אלאו""], ""דאילו"": [""דאילו""], ""רביי"": [""רביי""], ""זהב"": [""זהב""], ""דכתוות"": [""דכתוות""], ""עשהק"": [""עשהק""], ""שמשעבדו"": [""שמשעבדו""], ""שואלנו"": [""שואלנו""], ""וכתיבת"": [""וכתיבת""], ""אדניי"": [""אדניי""], ""דכתוותיב"": [""דכתוותיב""], ""אלאוות"": [""אלאוות""], ""אלאוותא"": [""אלאוותא""], ""רבייון"": [""רבייון""], ""זהבך"": [""זהבך""], ""וכתיבתא"": [""וכתיבתא""], ""דכתוותיבי"": [""דכתוותיבי""], ""אדנייון"": [""אדנייון""], ""דכתוותיביון"": [""דכתוותיביון""]}",עשו,0.109649,ר,0.06753,דכת,0.061025,חונן,0.036111,זה,0.028594,אלא,0.015305,רבי,0.014369,פתר,0.010458,אב,0.008562,יקבצנו,0.004749,ועשו,0.002819,אבשלום,0.002445,וכת,0.001848,דא,0.001843,שואל,0.001578,עשה,0.001075,מלו,0.001021,מלווה,0.000964,ית,0.000931,מרב,0.000771,אדני,0.000607,חנניה,0.000562,מרביץ,0.000407,שמשעבד,0.000298,וכתיב,0.000237,יקבץ,0.000229,דכתו,0.000227,יקבצם,0.000137,פלוני,0.000112,חנניהו,7.4e-05,מלווהו,5e-05,אלאו,2.2e-05,דאילו,1.5e-05,רביי,1.4e-05,זהב,1.1e-05,דכתוות,5e-06,עשהק,4e-06,שמשעבדו,3e-06,שואלנו,2e-06,וכתיבת,1e-06,אדניי,1e-06,דכתוותיב,0.0,אלאוות,0.0,אלאוותא,0.0,רבייון,0.0,זהבך,0.0,וכתיבתא,0.0,דכתוותיבי,0.0,אדנייון,0.0,דכתוותיביון,0.0,ADP,False,כגון,כגון,False,False,False,True,True,True,False,,,,False,False
Midrash_Aggadic_Midrash_Pesikta_DRav_Kahanna__10_1,pesikta_drk,180,אילין,12.8718,0.9029,0.4076,0.238,50,-1,False,"{""עשו"": 1, ""זה"": 1, ""דכת"": 1, ""של"": 1, ""רבי"": 1, ""שעושק"": 1, ""שמלוה"": 1, ""שאמר"": 1, ""דא"": 1, ""שמלו"": 1, ""שאדם"": 1, ""שמע"": 1, ""שמלווה"": 1, ""אב"": 1, ""רע"": 1, ""שמעון"": 1, ""אבא"": 1, ""עפר"": 1, ""שלקח"": 1, ""שעשו"": 1, ""ישר"": 1, ""שעושה"": 1, ""שהכניס"": 1, ""עפרון"": 1, ""שהיתה"": 1, ""יוסי"": 1, ""שמלוהו"": 1, ""שמוציא"": 1, ""רעב"": 1, ""דכתיב"": 1, ""רעבון"": 1, ""שמלווהו"": 1, ""אבשלום"": 1, ""שלקחו"": 1, ""שעושקן"": 1, ""שאמרנו"": 1, ""יוסה"": 1, ""שהכניסו"": 1, ""שעושהו"": 1, ""דאילו"": 1, ""שמוציאין"": 1, ""רביי"": 1, ""דאילן"": 1, ""אבאוס"": 1, ""יוסהו"": 1, ""אבאוסר"": 1, ""רבייון"": 1, ""אבאוסרין"": 1, ""יוסהויל"": 1, ""יוסהוילן"": 1}","{""עשו"": [""עשו""], ""זה"": [""זה""], ""דכת"": [""דכת""], ""של"": [""של""], ""רבי"": [""רבי""], ""שעושק"": [""שעושק""], ""שמלוה"": [""שמלוה""], ""שאמר"": [""שאמר""], ""דא"": [""דא""], ""שמלו"": [""שמלו""], ""שאדם"": [""שאדם""], ""שמע"": [""שמע""], ""שמלווה"": [""שמלווה""], ""אב"": [""אב""], ""רע"": [""רע""], ""שמעון"": [""שמעון""], ""אבא"": [""אבא""], ""עפר"": [""עפר""], ""שלקח"": [""שלקח""], ""שעשו"": [""שעשו""], ""ישר"": [""ישר""], ""שעושה"": [""שעושה""], ""שהכניס"": [""שהכניס""], ""עפרון"": [""עפרון""], ""שהיתה"": [""שהיתה""], ""יוסי"": [""יוסי""], ""שמלוהו"": [""שמלוהו""], ""שמוציא"": [""שמוציא""], ""רעב"": [""רעב""], ""דכתיב"": [""דכתיב""], ""רעבון"": [""רעבון""], ""שמלווהו"": [""שמלווהו""], ""אבשלום"": [""אבשלום""], ""שלקחו"": [""שלקחו""], ""שעושקן"": [""שעושקן""], ""שאמרנו"": [""שאמרנו""], ""יוסה"": [""יוסה""], ""שהכניסו"": [""שהכניסו""], ""שעושהו"": [""שעושהו""], ""דאילו"": [""דאילו""], ""שמוציאין"": [""שמוציאין""], ""רביי"": [""רביי""], ""דאילן"": [""דאילן""], ""אבאוס"": [""אבאוס""], ""יוסהו"": [""יוסהו""], ""אבאוסר"": [""אבאוסר""], ""רבייון"": [""רבייון""], ""אבאוסרין"": [""אבאוסרין""], ""יוסהויל"": [""יוסהויל""], ""יוסהוילן"": [""יוסהוילן""]}",עשו,0.052361,זה,0.038144,דכת,0.020456,של,0.017739,רבי,0.015217,שעושק,0.009891,שמלוה,0.009462,שאמר,0.007621,דא,0.006337,שמלו,0.006326,שאדם,0.006029,שמע,0.004995,שמלווה,0.004908,אב,0.004128,רע,0.003908,שמעון,0.003485,אבא,0.002583,עפר,0.002566,שלקח,0.002316,שעשו,0.002265,ישר,0.001961,שעושה,0.001917,שהכניס,0.001871,עפרון,0.001657,שהיתה,0.001625,יוסי,0.001459,שמלוהו,0.001255,שמוציא,0.00094,רעב,0.00093,דכתיב,0.0008,רעבון,0.000623,שמלווהו,0.000613,אבשלום,0.000607,שלקחו,0.000372,שעושקן,0.000231,שאמרנו,0.000119,יוסה,9.6e-05,שהכניסו,6.7e-05,שעושהו,3.7e-05,דאילו,2.8e-05,שמוציאין,2.6e-05,רביי,1.5e-05,דאילן,3e-06,אבאוס,3e-06,יוסהו,1e-06,אבאוסר,0.0,רבייון,0.0,אבאוסרין,0.0,יוסהויל,0.0,יוסהוילן,0.0,SYM,False,אילין,אילי,False,False,False,True,True,True,False,,,,False,False
Midrash_Aggadic_Midrash_Pesikta_DRav_Kahanna__10_1,pesikta_drk,181,אפוטרופיא,24.0886,0.8413,0.6252,0.1173,50,-1,False,"{""בני"": 1, ""דכת"": 1, ""דאמרי"": 1, ""עשו"": 1, ""תרי"": 1, ""גברי"": 1, ""דאינון"": 1, ""גברין"": 1, ""זוזי"": 1, ""תלת"": 1, ""אינון"": 1, ""אינשי"": 1, ""שבע"": 1, ""מלי"": 1, ""ברי"": 1, ""ישר"": 1, ""יתבי"": 1, ""מאי"": 1, ""חנניה"": 1, ""תלתא"": 1, ""שבעין"": 1, ""עבדי"": 1, ""יתבין"": 1, ""זוזין"": 1, ""מליין"": 1, ""קא"": 1, ""עבדין"": 1, ""חנניא"": 1, ""גברא"": 1, ""שמעתא"": 1, ""פורע"": 1, ""בניו"": 1, ""ברייתא"": 1, ""פליגין"": 1, ""דאינן"": 1, ""פורענות"": 1, ""בזוזי"": 1, ""שמעתתא"": 1, ""פורענותא"": 1, ""חנניהו"": 1, ""קדמנא"": 1, ""קדמיה"": 1, ""קדמיהון"": 1, ""שמעתתין"": 1, ""מאיו"": 1, ""תריין"": 1, ""גבראוי"": 1, ""בניוון"": 1, ""מאיוון"": 1, ""גבראויי"": 1}","{""בני"": [""בני""], ""דכת"": [""דכת""], ""דאמרי"": [""דאמרי""], ""עשו"": [""עשו""], ""תרי"": [""תרי""], ""גברי"": [""גברי""], ""דאינון"": [""דאינון""], ""גברין"": [""גברין""], ""זוזי"": [""זוזי""], ""תלת"": [""תלת""], ""אינון"": [""אינון""], ""אינשי"": [""אינשי""], ""שבע"": [""שבע""], ""מלי"": [""מלי""], ""ברי"": [""ברי""], ""ישר"": [""ישר""], ""יתבי"": [""יתבי""], ""מאי"": [""מאי""], ""חנניה"": [""חנניה""], ""תלתא"": [""תלתא""], ""שבעין"": [""שבעין""], ""עבדי"": [""עבדי""], ""יתבין"": [""יתבין""], ""זוזין"": [""זוזין""], ""מליין"": [""מליין""], ""קא"": [""קא""], ""עבדין"": [""עבדין""], ""חנניא"": [""חנניא""], ""גברא"": [""גברא""], ""שמעתא"": [""שמעתא""], ""פורע"": [""פורע""], ""בניו"": [""בניו""], ""ברייתא"": [""ברייתא""], ""פליגין"": [""פליגין""], ""דאינן"": [""דאינן""], ""פורענות"": [""פורענות""], ""בזוזי"": [""בזוזי""], ""שמעתתא"": [""שמעתתא""], ""פורענותא"": [""פורענותא""], ""חנניהו"": [""חנניהו""], ""קדמנא"": [""קדמנא""], ""קדמיה"": [""קדמיה""], ""קדמיהון"": [""קדמיהון""], ""שמעתתין"": [""שמעתתין""], ""מאיו"": [""מאיו""], ""תריין"": [""תריין""], ""גבראוי"": [""גבראוי""], ""בניוון"": [""בניוון""], ""מאיוון"": [""מאיוון""], ""גבראויי"": [""גבראויי""]}",בני,0.035198,דכת,0.033744,דאמרי,0.005143,עשו,0.004059,תרי,0.003946,גברי,0.00336,דאינון,0.003278,גברין,0.0024,זוזי,0.002295,תלת,0.002248,אינון,0.002027,אינשי,0.001934,שבע,0.00189,מלי,0.001769,ברי,0.001495,ישר,0.001483,יתבי,0.001427,מאי,0.000977,חנניה,0.000801,תלתא,0.000751,שבעין,0.00069,עבדי,0.000666,יתבין,0.000664,זוזין,0.000647,מליין,0.000634,קא,0.000617,עבדין,0.000457,חנניא,0.00043,גברא,0.00038,שמעתא,0.000306,פורע,0.000304,בניו,0.000257,ברייתא,0.000242,פליגין,0.000149,דאינן,0.000123,פורענות,0.000102,בזוזי,8.4e-05,שמעתתא,8e-05,פורענותא,6.9e-05,חנניהו,5.8e-05,קדמנא,4.6e-05,קדמיה,2.5e-05,קדמיהון,1.6e-05,שמעתתין,1.2e-05,מאיו,1.2e-05,תריין,9e-06,גבראוי,3e-06,בניוון,1e-06,מאיוון,1e-06,גבראויי,0.0,SYM,False,אפוטרופיא,[BLANK],False,False,False,True,True,True,False,,,,False,False
Midrash_Aggadic_Midrash_Pesikta_DRav_Kahanna__10_1,pesikta_drk,182,דנפקין,13.7216,0.7587,0.4471,0.0684,50,-1,False,"{""דרבי"": 1, ""דאינון"": 1, ""של"": 1, ""ר"": 1, ""די"": 1, ""פתר"": 1, ""וגו"": 1, ""שקבל"": 1, ""ביד"": 1, ""רבי"": 1, ""וכת"": 1, ""שהיתה"": 1, ""שקבלו"": 1, ""שהכניס"": 1, ""שנאמר"": 1, ""שמע"": 1, ""קינטרין"": 1, ""קא"": 1, ""שנאמרו"": 1, ""דיומא"": 1, ""בידן"": 1, ""אינון"": 1, ""שהכניסו"": 1, ""דאינן"": 1, ""וכתיב"": 1, ""שנא"": 1, ""אפוטרופיא"": 1, ""בדינא"": 1, ""שלקח"": 1, ""דיומין"": 1, ""קינטרו"": 1, ""שמעון"": 1, ""וגוון"": 1, ""שלקחו"": 1, ""פלניא"": 1, ""בדינר"": 1, ""אפוטרופין"": 1, ""פלשתית"": 1, ""בדינרין"": 1, ""פלשתיתא"": 1, ""שלקחן"": 1, ""וכתיבא"": 1, ""רביי"": 1, ""אפוטרופיאו"": 1, ""קינטרוון"": 1, ""שלקחוון"": 1, ""רבייון"": 1, ""אפוטרופיאוות"": 1, ""וכתיבאון"": 1, ""אפוטרופיאוותא"": 1}","{""דרבי"": [""דרבי""], ""דאינון"": [""דאינון""], ""של"": [""של""], ""ר"": [""ר""], ""די"": [""די""], ""פתר"": [""פתר""], ""וגו"": [""וגו""], ""שקבל"": [""שקבל""], ""ביד"": [""ביד""], ""רבי"": [""רבי""], ""וכת"": [""וכת""], ""שהיתה"": [""שהיתה""], ""שקבלו"": [""שקבלו""], ""שהכניס"": [""שהכניס""], ""שנאמר"": [""שנאמר""], ""שמע"": [""שמע""], ""קינטרין"": [""קינטרין""], ""קא"": [""קא""], ""שנאמרו"": [""שנאמרו""], ""דיומא"": [""דיומא""], ""בידן"": [""בידן""], ""אינון"": [""אינון""], ""שהכניסו"": [""שהכניסו""], ""דאינן"": [""דאינן""], ""וכתיב"": [""וכתיב""], ""שנא"": [""שנא""], ""אפוטרופיא"": [""אפוטרופיא""], ""בדינא"": [""בדינא""], ""שלקח"": [""שלקח""], ""דיומין"": [""דיומין""], ""קינטרו"": [""קינטרו""], ""שמעון"": [""שמעון""], ""וגוון"": [""וגוון""], ""שלקחו"": [""שלקחו""], ""פלניא"": [""פלניא""], ""בדינר"": [""בדינר""], ""אפוטרופין"": [""אפוטרופין""], ""פלשתית"": [""פלשתית""], ""בדינרין"": [""בדינרין""], ""פלשתיתא"": [""פלשתיתא""], ""שלקחן"": [""שלקחן""], ""וכתיבא"": [""וכתיבא""], ""רביי"": [""רביי""], ""אפוטרופיאו"": [""אפוטרופיאו""], ""קינטרוון"": [""קינטרוון""], ""שלקחוון"": [""שלקחוון""], ""רבייון"": [""רבייון""], ""אפוטרופיאוות"": [""אפוטרופיאוות""], ""וכתיבאון"": [""וכתיבאון""], ""אפוטרופיאוותא"": [""אפוטרופיאוותא""]}",דרבי,0.016114,דאינון,0.011499,של,0.010149,ר,0.008681,די,0.005782,פתר,0.002922,וגו,0.001688,שקבל,0.001173,ביד,0.001091,רבי,0.001012,וכת,0.000977,שהיתה,0.000947,שקבלו,0.000771,שהכניס,0.000726,שנאמר,0.000652,שמע,0.000572,קינטרין,0.00053,קא,0.000485,שנאמרו,0.000311,דיומא,0.0003,בידן,0.000288,אינון,0.000269,שהכניסו,0.000227,דאינן,0.000198,וכתיב,0.000185,שנא,0.000175,אפוטרופיא,0.000118,בדינא,0.000101,שלקח,6.9e-05,דיומין,6.5e-05,קינטרו,5.8e-05,שמעון,5.6e-05,וגוון,5.5e-05,שלקחו,5.3e-05,פלניא,5e-05,בדינר,2.2e-05,אפוטרופין,2e-05,פלשתית,8e-06,בדינרין,7e-06,פלשתיתא,5e-06,שלקחן,5e-06,וכתיבא,1e-06,רביי,1e-06,אפוטרופיאו,0.0,קינטרוון,0.0,שלקחוון,0.0,רבייון,0.0,אפוטרופיאוות,0.0,וכתיבאון,0.0,אפוטרופיאוותא,0.0,SYM,False,דנפקין,קליינר,False,False,False,True,True,True,False,,,,False,False
Midrash_Aggadic_Midrash_Pesikta_DRav_Kahanna__10_1,pesikta_drk,183,לקריית',17.4864,0.8815,0.7729,0.1624,50,-1,False,"{""מן"": 1, ""להו"": 1, ""מיניה"": 1, ""מבי"": 1, ""ליה"": 1, ""להון"": 1, ""בתר"": 1, ""מההוא"": 1, ""ביה"": 1, ""מיניהו"": 1, ""מהאי"": 1, ""מינא"": 1, ""מרשות"": 1, ""דא"": 1, ""מריש"": 1, ""דלא"": 1, ""אינון"": 1, ""לגביה"": 1, ""מאית"": 1, ""קמיה"": 1, ""אינשי"": 1, ""קא"": 1, ""מאינון"": 1, ""בתרו"": 1, ""לגביהו"": 1, ""מאיניש"": 1, ""דאינון"": 1, ""לגבאי"": 1, ""קמיהון"": 1, ""דלאו"": 1, ""ויתבי"": 1, ""ויתיב"": 1, ""בתרוותא"": 1, ""ויתיבון"": 1, ""ביהו"": 1, ""להוון"": 1, ""דאינן"": 1, ""קמך"": 1, ""בתרוותיה"": 1, ""מינאוי"": 1, ""בתרוותיהון"": 1, ""מהאיי"": 1, ""ביהוון"": 1, ""מאינישא"": 1, ""לגבאיו"": 1, ""ויתביין"": 1, ""מינאויי"": 1, ""לגביהוון"": 1, ""לגבאיוון"": 1, ""מהאייון"": 1}","{""מן"": [""מן""], ""להו"": [""להו""], ""מיניה"": [""מיניה""], ""מבי"": [""מבי""], ""ליה"": [""ליה""], ""להון"": [""להון""], ""בתר"": [""בתר""], ""מההוא"": [""מההוא""], ""ביה"": [""ביה""], ""מיניהו"": [""מיניהו""], ""מהאי"": [""מהאי""], ""מינא"": [""מינא""], ""מרשות"": [""מרשות""], ""דא"": [""דא""], ""מריש"": [""מריש""], ""דלא"": [""דלא""], ""אינון"": [""אינון""], ""לגביה"": [""לגביה""], ""מאית"": [""מאית""], ""קמיה"": [""קמיה""], ""אינשי"": [""אינשי""], ""קא"": [""קא""], ""מאינון"": [""מאינון""], ""בתרו"": [""בתרו""], ""לגביהו"": [""לגביהו""], ""מאיניש"": [""מאיניש""], ""דאינון"": [""דאינון""], ""לגבאי"": [""לגבאי""], ""קמיהון"": [""קמיהון""], ""דלאו"": [""דלאו""], ""ויתבי"": [""ויתבי""], ""ויתיב"": [""ויתיב""], ""בתרוותא"": [""בתרוותא""], ""ויתיבון"": [""ויתיבון""], ""ביהו"": [""ביהו""], ""להוון"": [""להוון""], ""דאינן"": [""דאינן""], ""קמך"": [""קמך""], ""בתרוותיה"": [""בתרוותיה""], ""מינאוי"": [""מינאוי""], ""בתרוותיהון"": [""בתרוותיהון""], ""מהאיי"": [""מהאיי""], ""ביהוון"": [""ביהוון""], ""מאינישא"": [""מאינישא""], ""לגבאיו"": [""לגבאיו""], ""ויתביין"": [""ויתביין""], ""מינאויי"": [""מינאויי""], ""לגביהוון"": [""לגביהוון""], ""לגבאיוון"": [""לגבאיוון""], ""מהאייון"": [""מהאייון""]}",מן,0.045744,להו,0.015907,מיניה,0.014259,מבי,0.013429,ליה,0.012274,להון,0.01128,בתר,0.008583,מההוא,0.004196,ביה,0.004054,מיניהו,0.00384,מהאי,0.003319,מינא,0.003132,מרשות,0.002954,דא,0.002643,מריש,0.002301,דלא,0.002296,אינון,0.002169,לגביה,0.001529,מאית,0.001525,קמיה,0.0013,אינשי,0.001161,קא,0.00113,מאינון,0.000767,בתרו,0.000528,לגביהו,0.000367,מאיניש,0.000357,דאינון,0.000304,לגבאי,0.000254,קמיהון,0.000205,דלאו,0.000159,ויתבי,0.000101,ויתיב,9.3e-05,בתרוותא,4.8e-05,ויתיבון,4.1e-05,ביהו,3.6e-05,להוון,1.7e-05,דאינן,1.7e-05,קמך,1.7e-05,בתרוותיה,8e-06,מינאוי,6e-06,בתרוותיהון,2e-06,מהאיי,1e-06,ביהוון,1e-06,מאינישא,1e-06,לגבאיו,1e-06,ויתביין,1e-06,מינאויי,1e-06,לגביהוון,0.0,לגבאיוון,0.0,מהאייון,0.0,ADJ,True,לקריית,קריה,True,False,True,True,True,True,True,16.0,13.0,3.0,False,True
Midrash_Aggadic_Midrash_Pesikta_DRav_Kahanna__10_1,pesikta_drk,184,ובזין,22.639,0.8491,0.5005,0.105,50,-1,False,"{""ר"": 1, ""שמע"": 1, ""דלים"": 1, ""ביה"": 1, ""שמעון"": 1, ""רחמנא"": 1, ""מדרש"": 1, ""עול"": 1, ""מדרשא"": 1, ""יתיה"": 1, ""חנינא"": 1, ""חנינה"": 1, ""קדש"": 1, ""אביהן"": 1, ""פסח"": 1, ""יונה"": 1, ""רחמי"": 1, ""יתומין"": 1, ""פסחא"": 1, ""קדשא"": 1, ""קמיה"": 1, ""עולא"": 1, ""ביהמ"": 1, ""אביהם"": 1, ""יתומא"": 1, ""עזאזל"": 1, ""פירקא"": 1, ""דרומי"": 1, ""דרבי"": 1, ""בירא"": 1, ""שיבת"": 1, ""מזבחי"": 1, ""שיבתא"": 1, ""חנינן"": 1, ""קמיהון"": 1, ""ביהמונא"": 1, ""רחמנן"": 1, ""עזאזאל"": 1, ""דרומייא"": 1, ""ביראוי"": 1, ""ביהמוניה"": 1, ""מזבחיי"": 1, ""עזאזלון"": 1, ""יתומאון"": 1, ""ביהמוניהו"": 1, ""דרביי"": 1, ""דרומייאו"": 1, ""דרבייון"": 1, ""דרומייאוות"": 1, ""דרומייאוותא"": 1}","{""ר"": [""ר""], ""שמע"": [""שמע""], ""דלים"": [""דלים""], ""ביה"": [""ביה""], ""שמעון"": [""שמעון""], ""רחמנא"": [""רחמנא""], ""מדרש"": [""מדרש""], ""עול"": [""עול""], ""מדרשא"": [""מדרשא""], ""יתיה"": [""יתיה""], ""חנינא"": [""חנינא""], ""חנינה"": [""חנינה""], ""קדש"": [""קדש""], ""אביהן"": [""אביהן""], ""פסח"": [""פסח""], ""יונה"": [""יונה""], ""רחמי"": [""רחמי""], ""יתומין"": [""יתומין""], ""פסחא"": [""פסחא""], ""קדשא"": [""קדשא""], ""קמיה"": [""קמיה""], ""עולא"": [""עולא""], ""ביהמ"": [""ביהמ""], ""אביהם"": [""אביהם""], ""יתומא"": [""יתומא""], ""עזאזל"": [""עזאזל""], ""פירקא"": [""פירקא""], ""דרומי"": [""דרומי""], ""דרבי"": [""דרבי""], ""בירא"": [""בירא""], ""שיבת"": [""שיבת""], ""מזבחי"": [""מזבחי""], ""שיבתא"": [""שיבתא""], ""חנינן"": [""חנינן""], ""קמיהון"": [""קמיהון""], ""ביהמונא"": [""ביהמונא""], ""רחמנן"": [""רחמנן""], ""עזאזאל"": [""עזאזאל""], ""דרומייא"": [""דרומייא""], ""ביראוי"": [""ביראוי""], ""ביהמוניה"": [""ביהמוניה""], ""מזבחיי"": [""מזבחיי""], ""עזאזלון"": [""עזאזלון""], ""יתומאון"": [""יתומאון""], ""ביהמוניהו"": [""ביהמוניהו""], ""דרביי"": [""דרביי""], ""דרומייאו"": [""דרומייאו""], ""דרבייון"": [""דרבייון""], ""דרומייאוות"": [""דרומייאוות""], ""דרומייאוותא"": [""דרומייאוותא""]}",ר,0.028893,שמע,0.024704,דלים,0.007559,ביה,0.005389,שמעון,0.005134,רחמנא,0.003479,מדרש,0.003232,עול,0.002801,מדרשא,0.002305,יתיה,0.001765,חנינא,0.001734,חנינה,0.001721,קדש,0.001459,אביהן,0.001303,פסח,0.001194,יונה,0.001146,רחמי,0.001143,יתומין,0.001106,פסחא,0.001104,קדשא,0.000975,קמיה,0.000965,עולא,0.000783,ביהמ,0.000671,אביהם,0.000645,יתומא,0.000522,עזאזל,0.000517,פירקא,0.000497,דרומי,0.000462,דרבי,0.000428,בירא,0.000293,שיבת,0.000241,מזבחי,0.000211,שיבתא,0.000186,חנינן,0.000169,קמיהון,0.000143,ביהמונא,5.2e-05,רחמנן,3.9e-05,עזאזאל,3.2e-05,דרומייא,2e-05,ביראוי,1.7e-05,ביהמוניה,8e-06,מזבחיי,2e-06,עזאזלון,1e-06,יתומאון,1e-06,ביהמוניהו,1e-06,דרביי,1e-06,דרומייאו,0.0,דרבייון,0.0,דרומייאוות,0.0,דרומייאוותא,0.0,PROPN,True,ובזין,ובז,False,False,False,True,True,True,False,,,,False,False
Midrash_Aggadic_Midrash_Pesikta_DRav_Kahanna__10_1,pesikta_drk,185,לאריסייה,19.4688,0.8206,0.5333,0.1822,50,-1,False,"{""על"": 1, ""להון"": 1, ""את"": 1, ""לא"": 1, ""בהון"": 1, ""דא"": 1, ""ביה"": 1, ""דנפקין"": 1, ""להו"": 1, ""ליה"": 1, ""אינון"": 1, ""בהו"": 1, ""מיניה"": 1, ""לרב"": 1, ""וגו"": 1, ""מניה"": 1, ""ואמר"": 1, ""לעני"": 1, ""מיניהו"": 1, ""דאינון"": 1, ""לעניים"": 1, ""לרבנן"": 1, ""ואינון"": 1, ""נכסיה"": 1, ""אפוטרופיא"": 1, ""עליהון"": 1, ""ואמרין"": 1, ""ליהון"": 1, ""נכסין"": 1, ""בזין"": 1, ""לעניי"": 1, ""מניהו"": 1, ""אתו"": 1, ""בזוזי"": 1, ""לאינשי"": 1, ""ועושק"": 1, ""נכסיהון"": 1, ""להוון"": 1, ""ועושקין"": 1, ""אפוטרופין"": 1, ""בהוון"": 1, ""בזוזא"": 1, ""עליהו"": 1, ""ועושקן"": 1, ""אתוון"": 1, ""אפוטרופיאו"": 1, ""מניהוון"": 1, ""בזוזיון"": 1, ""אפוטרופיאוות"": 1, ""אפוטרופיאוותא"": 1}","{""על"": [""על""], ""להון"": [""להון""], ""את"": [""את""], ""לא"": [""לא""], ""בהון"": [""בהון""], ""דא"": [""דא""], ""ביה"": [""ביה""], ""דנפקין"": [""דנפקין""], ""להו"": [""להו""], ""ליה"": [""ליה""], ""אינון"": [""אינון""], ""בהו"": [""בהו""], ""מיניה"": [""מיניה""], ""לרב"": [""לרב""], ""וגו"": [""וגו""], ""מניה"": [""מניה""], ""ואמר"": [""ואמר""], ""לעני"": [""לעני""], ""מיניהו"": [""מיניהו""], ""דאינון"": [""דאינון""], ""לעניים"": [""לעניים""], ""לרבנן"": [""לרבנן""], ""ואינון"": [""ואינון""], ""נכסיה"": [""נכסיה""], ""אפוטרופיא"": [""אפוטרופיא""], ""עליהון"": [""עליהון""], ""ואמרין"": [""ואמרין""], ""ליהון"": [""ליהון""], ""נכסין"": [""נכסין""], ""בזין"": [""בזין""], ""לעניי"": [""לעניי""], ""מניהו"": [""מניהו""], ""אתו"": [""אתו""], ""בזוזי"": [""בזוזי""], ""לאינשי"": [""לאינשי""], ""ועושק"": [""ועושק""], ""נכסיהון"": [""נכסיהון""], ""להוון"": [""להוון""], ""ועושקין"": [""ועושקין""], ""אפוטרופין"": [""אפוטרופין""], ""בהוון"": [""בהוון""], ""בזוזא"": [""בזוזא""], ""עליהו"": [""עליהו""], ""ועושקן"": [""ועושקן""], ""אתוון"": [""אתוון""], ""אפוטרופיאו"": [""אפוטרופיאו""], ""מניהוון"": [""מניהוון""], ""בזוזיון"": [""בזוזיון""], ""אפוטרופיאוות"": [""אפוטרופיאוות""], ""אפוטרופיאוותא"": [""אפוטרופיאוותא""]}",על,0.044661,להון,0.031365,את,0.014499,לא,0.012402,בהון,0.00968,דא,0.008332,ביה,0.007105,דנפקין,0.006936,להו,0.006575,ליה,0.005255,אינון,0.005115,בהו,0.003674,מיניה,0.003255,לרב,0.002157,וגו,0.001766,מניה,0.001695,ואמר,0.001524,לעני,0.001467,מיניהו,0.001438,דאינון,0.001202,לעניים,0.001125,לרבנן,0.001061,ואינון,0.0009,נכסיה,0.000841,אפוטרופיא,0.000722,עליהון,0.000694,ואמרין,0.000687,ליהון,0.000671,נכסין,0.000655,בזין,0.000591,לעניי,0.000589,מניהו,0.000571,אתו,0.000549,בזוזי,0.000532,לאינשי,0.000415,ועושק,0.000363,נכסיהון,0.000229,להוון,0.000212,ועושקין,0.000204,אפוטרופין,0.000147,בהוון,0.000118,בזוזא,0.000108,עליהו,5.9e-05,ועושקן,3.4e-05,אתוון,1.6e-05,אפוטרופיאו,4e-06,מניהוון,2e-06,בזוזיון,0.0,אפוטרופיאוות,0.0,אפוטרופיאוותא,0.0,VERB,True,לאריסייה,סרייבו,True,False,True,True,True,True,True,11.0,48.0,-37.0,True,False
Midrash_Aggadic_Midrash_Pesikta_DRav_Kahanna__10_1,pesikta_drk,186,ועלין,18.7766,0.7831,0.3708,0.1771,50,-1,False,"{""ולא"": 1, ""דכת"": 1, ""לא"": 1, ""דנפקין"": 1, ""ואת"": 1, ""ובזין"": 1, ""ואמר"": 1, ""ולאו"": 1, ""והוון"": 1, ""והא"": 1, ""ואריסייה"": 1, ""ואילין"": 1, ""דנפקו"": 1, ""דנפיק"": 1, ""אינון"": 1, ""ואמרין"": 1, ""ובא"": 1, ""ואריסיה"": 1, ""לאפוקי"": 1, ""אפוטרופיא"": 1, ""ובזינן"": 1, ""והוינן"": 1, ""ולאריסייה"": 1, ""ולאריסיה"": 1, ""ואריסייהו"": 1, ""אפוטרופין"": 1, ""ובזינין"": 1, ""והוינא"": 1, ""לאפיטרופיא"": 1, ""לאפיטרופי"": 1, ""ולאריסיהון"": 1, ""ואריסיהון"": 1, ""ולאריסייהו"": 1, ""ולאויריה"": 1, ""ולאוירייה"": 1, ""דנפקוון"": 1, ""לאפיטרופייא"": 1, ""אפוטרופיאו"": 1, ""לאפיטרופיאן"": 1, ""ואריסייהוון"": 1, ""ולאוירייהו"": 1, ""לאפיטרופייאו"": 1, ""ולאריסייהוון"": 1, ""ולאויריהו"": 1, ""אפוטרופיאוות"": 1, ""אפוטרופיאוותא"": 1, ""לאפיטרופייאוון"": 1, ""ולאויריהוון"": 1, ""ולאוירייהוון"": 1, ""אפוטרופיאוותאון"": 1}","{""ולא"": [""ולא""], ""דכת"": [""דכת""], ""לא"": [""לא""], ""דנפקין"": [""דנפקין""], ""ואת"": [""ואת""], ""ובזין"": [""ובזין""], ""ואמר"": [""ואמר""], ""ולאו"": [""ולאו""], ""והוון"": [""והוון""], ""והא"": [""והא""], ""ואריסייה"": [""ואריסייה""], ""ואילין"": [""ואילין""], ""דנפקו"": [""דנפקו""], ""דנפיק"": [""דנפיק""], ""אינון"": [""אינון""], ""ואמרין"": [""ואמרין""], ""ובא"": [""ובא""], ""ואריסיה"": [""ואריסיה""], ""לאפוקי"": [""לאפוקי""], ""אפוטרופיא"": [""אפוטרופיא""], ""ובזינן"": [""ובזינן""], ""והוינן"": [""והוינן""], ""ולאריסייה"": [""ולאריסייה""], ""ולאריסיה"": [""ולאריסיה""], ""ואריסייהו"": [""ואריסייהו""], ""אפוטרופין"": [""אפוטרופין""], ""ובזינין"": [""ובזינין""], ""והוינא"": [""והוינא""], ""לאפיטרופיא"": [""לאפיטרופיא""], ""לאפיטרופי"": [""לאפיטרופי""], ""ולאריסיהון"": [""ולאריסיהון""], ""ואריסיהון"": [""ואריסיהון""], ""ולאריסייהו"": [""ולאריסייהו""], ""ולאויריה"": [""ולאויריה""], ""ולאוירייה"": [""ולאוירייה""], ""דנפקוון"": [""דנפקוון""], ""לאפיטרופייא"": [""לאפיטרופייא""], ""אפוטרופיאו"": [""אפוטרופיאו""], ""לאפיטרופיאן"": [""לאפיטרופיאן""], ""ואריסייהוון"": [""ואריסייהוון""], ""ולאוירייהו"": [""ולאוירייהו""], ""לאפיטרופייאו"": [""לאפיטרופייאו""], ""ולאריסייהוון"": [""ולאריסייהוון""], ""ולאויריהו"": [""ולאויריהו""], ""אפוטרופיאוות"": [""אפוטרופיאוות""], ""אפוטרופיאוותא"": [""אפוטרופיאוותא""], ""לאפיטרופייאוון"": [""לאפיטרופייאוון""], ""ולאויריהוון"": [""ולאויריהוון""], ""ולאוירייהוון"": [""ולאוירייהוון""], ""אפוטרופיאוותאון"": [""אפוטרופיאוותאון""]}",ולא,0.060946,דכת,0.025344,לא,0.020736,דנפקין,0.018407,ואת,0.016403,ובזין,0.008911,ואמר,0.004562,ולאו,0.003766,והוון,0.002959,והא,0.002232,ואריסייה,0.002034,ואילין,0.001828,דנפקו,0.001794,דנפיק,0.001495,אינון,0.001056,ואמרין,0.000942,ובא,0.000934,ואריסיה,0.000681,לאפוקי,0.000548,אפוטרופיא,0.000365,ובזינן,0.000279,והוינן,0.00019,ולאריסייה,0.00014,ולאריסיה,0.00012,ואריסייהו,0.000111,אפוטרופין,7.3e-05,ובזינין,7.2e-05,והוינא,3.2e-05,לאפיטרופיא,1.9e-05,לאפיטרופי,1.9e-05,ולאריסיהון,1.8e-05,ואריסיהון,1.4e-05,ולאריסייהו,9e-06,ולאויריה,5e-06,ולאוירייה,5e-06,דנפקוון,2e-06,לאפיטרופייא,2e-06,אפוטרופיאו,1e-06,לאפיטרופיאן,0.0,ואריסייהוון,0.0,ולאוירייהו,0.0,לאפיטרופייאו,0.0,ולאריסייהוון,0.0,ולאויריהו,0.0,אפוטרופיאוות,0.0,אפוטרופיאוותא,0.0,לאפיטרופייאוון,0.0,ולאויריהוון,0.0,ולאוירייהוון,0.0,אפוטרופיאוותאון,0.0,SYM,True,ועלין,על,False,True,False,True,True,True,False,,,,False,False
Midrash_Aggadic_Midrash_Pesikta_DRav_Kahanna__10_1,pesikta_drk,187,למדינתה,22.767,0.7834,0.6231,0.0889,50,-1,False,"{""בזין"": 1, ""דא"": 1, ""אינון"": 1, ""נפקין"": 1, ""עשו"": 1, ""דנפקין"": 1, ""קא"": 1, ""קיימין"": 1, ""נמי"": 1, ""אפוטרופיא"": 1, ""חונן"": 1, ""בתר"": 1, ""לית"": 1, ""ליה"": 1, ""גנבי"": 1, ""דאינון"": 1, ""לאו"": 1, ""עבדין"": 1, ""קיימי"": 1, ""מזבין"": 1, ""אפוטרופין"": 1, ""מפקין"": 1, ""עבדי"": 1, ""ליתן"": 1, ""בזינן"": 1, ""גביהון"": 1, ""נפקו"": 1, ""קיימא"": 1, ""יתבי"": 1, ""ליהוי"": 1, ""ידיהון"": 1, ""לאפוקי"": 1, ""בזינין"": 1, ""גביהו"": 1, ""ידיהו"": 1, ""לאפיטרופיא"": 1, ""לאפיטרופי"": 1, ""אפוטרופיאו"": 1, ""ליהויי"": 1, ""לאפיטרופייא"": 1, ""נפקוון"": 1, ""קיימאון"": 1, ""לאפיטרופיאן"": 1, ""ידיהוון"": 1, ""גביהוון"": 1, ""אפוטרופיאוות"": 1, ""לאפיטרופייאו"": 1, ""אפוטרופיאוותא"": 1, ""ליהוייון"": 1, ""לאפיטרופייאוון"": 1}","{""בזין"": [""בזין""], ""דא"": [""דא""], ""אינון"": [""אינון""], ""נפקין"": [""נפקין""], ""עשו"": [""עשו""], ""דנפקין"": [""דנפקין""], ""קא"": [""קא""], ""קיימין"": [""קיימין""], ""נמי"": [""נמי""], ""אפוטרופיא"": [""אפוטרופיא""], ""חונן"": [""חונן""], ""בתר"": [""בתר""], ""לית"": [""לית""], ""ליה"": [""ליה""], ""גנבי"": [""גנבי""], ""דאינון"": [""דאינון""], ""לאו"": [""לאו""], ""עבדין"": [""עבדין""], ""קיימי"": [""קיימי""], ""מזבין"": [""מזבין""], ""אפוטרופין"": [""אפוטרופין""], ""מפקין"": [""מפקין""], ""עבדי"": [""עבדי""], ""ליתן"": [""ליתן""], ""בזינן"": [""בזינן""], ""גביהון"": [""גביהון""], ""נפקו"": [""נפקו""], ""קיימא"": [""קיימא""], ""יתבי"": [""יתבי""], ""ליהוי"": [""ליהוי""], ""ידיהון"": [""ידיהון""], ""לאפוקי"": [""לאפוקי""], ""בזינין"": [""בזינין""], ""גביהו"": [""גביהו""], ""ידיהו"": [""ידיהו""], ""לאפיטרופיא"": [""לאפיטרופיא""], ""לאפיטרופי"": [""לאפיטרופי""], ""אפוטרופיאו"": [""אפוטרופיאו""], ""ליהויי"": [""ליהויי""], ""לאפיטרופייא"": [""לאפיטרופייא""], ""נפקוון"": [""נפקוון""], ""קיימאון"": [""קיימאון""], ""לאפיטרופיאן"": [""לאפיטרופיאן""], ""ידיהוון"": [""ידיהוון""], ""גביהוון"": [""גביהוון""], ""אפוטרופיאוות"": [""אפוטרופיאוות""], ""לאפיטרופייאו"": [""לאפיטרופייאו""], ""אפוטרופיאוותא"": [""אפוטרופיאוותא""], ""ליהוייון"": [""ליהוייון""], ""לאפיטרופייאוון"": [""לאפיטרופייאוון""]}",בזין,0.016121,דא,0.013589,אינון,0.009355,נפקין,0.005615,עשו,0.004933,דנפקין,0.004512,קא,0.004328,קיימין,0.003923,נמי,0.00373,אפוטרופיא,0.003277,חונן,0.002597,בתר,0.002574,לית,0.001742,ליה,0.00149,גנבי,0.001316,דאינון,0.001311,לאו,0.001107,עבדין,0.001037,קיימי,0.000867,מזבין,0.000756,אפוטרופין,0.000731,מפקין,0.000632,עבדי,0.000419,ליתן,0.000385,בזינן,0.000355,גביהון,0.000325,נפקו,0.000267,קיימא,0.000251,יתבי,0.000248,ליהוי,0.000243,ידיהון,0.000243,לאפוקי,0.000186,בזינין,0.000139,גביהו,0.000135,ידיהו,4.8e-05,לאפיטרופיא,3.1e-05,לאפיטרופי,2.8e-05,אפוטרופיאו,9e-06,ליהויי,4e-06,לאפיטרופייא,4e-06,נפקוון,1e-06,קיימאון,1e-06,לאפיטרופיאן,0.0,ידיהוון,0.0,גביהוון,0.0,אפוטרופיאוות,0.0,לאפיטרופייאו,0.0,אפוטרופיאוותא,0.0,ליהוייון,0.0,לאפיטרופייאוון,0.0,VERB,True,למדינתה,מדינה,True,False,True,True,True,True,True,7.0,53.0,-46.0,True,False
Midrash_Aggadic_Midrash_Pesikta_DRav_Kahanna__10_1,pesikta_drk,188,ואמרין,13.3237,0.7838,0.2284,0.2334,50,-1,False,"{""של"": 1, ""דכת"": 1, ""ועל"": 1, ""ולא"": 1, ""על"": 1, ""ר"": 1, ""דנפקין"": 1, ""ועלין"": 1, ""ובזין"": 1, ""בזין"": 1, ""עלין"": 1, ""ואמר"": 1, ""רבי"": 1, ""דנפקו"": 1, ""קא"": 1, ""אינון"": 1, ""דנפיק"": 1, ""ואינון"": 1, ""ולאו"": 1, ""בתר"": 1, ""ולכל"": 1, ""קינטרין"": 1, ""אפוטרופיא"": 1, ""בזוי"": 1, ""ואינן"": 1, ""שלעשות"": 1, ""ועושק"": 1, ""בזויין"": 1, ""ובזינן"": 1, ""ועושקין"": 1, ""אפוטרופין"": 1, ""ולאריסייה"": 1, ""ולארעיה"": 1, ""קינטרו"": 1, ""שלענין"": 1, ""ובזינין"": 1, ""שלעשותו"": 1, ""ועושקן"": 1, ""ולאוין"": 1, ""ולאריסייהו"": 1, ""דנפקוון"": 1, ""רביי"": 1, ""ולארעיהון"": 1, ""אפוטרופיאו"": 1, ""קינטרוון"": 1, ""ולאריסייהוון"": 1, ""רבייון"": 1, ""אפוטרופיאוות"": 1, ""אפוטרופיאוותא"": 1, ""אפוטרופיאוותאון"": 1}","{""של"": [""של""], ""דכת"": [""דכת""], ""ועל"": [""ועל""], ""ולא"": [""ולא""], ""על"": [""על""], ""ר"": [""ר""], ""דנפקין"": [""דנפקין""], ""ועלין"": [""ועלין""], ""ובזין"": [""ובזין""], ""בזין"": [""בזין""], ""עלין"": [""עלין""], ""ואמר"": [""ואמר""], ""רבי"": [""רבי""], ""דנפקו"": [""דנפקו""], ""קא"": [""קא""], ""אינון"": [""אינון""], ""דנפיק"": [""דנפיק""], ""ואינון"": [""ואינון""], ""ולאו"": [""ולאו""], ""בתר"": [""בתר""], ""ולכל"": [""ולכל""], ""קינטרין"": [""קינטרין""], ""אפוטרופיא"": [""אפוטרופיא""], ""בזוי"": [""בזוי""], ""ואינן"": [""ואינן""], ""שלעשות"": [""שלעשות""], ""ועושק"": [""ועושק""], ""בזויין"": [""בזויין""], ""ובזינן"": [""ובזינן""], ""ועושקין"": [""ועושקין""], ""אפוטרופין"": [""אפוטרופין""], ""ולאריסייה"": [""ולאריסייה""], ""ולארעיה"": [""ולארעיה""], ""קינטרו"": [""קינטרו""], ""שלענין"": [""שלענין""], ""ובזינין"": [""ובזינין""], ""שלעשותו"": [""שלעשותו""], ""ועושקן"": [""ועושקן""], ""ולאוין"": [""ולאוין""], ""ולאריסייהו"": [""ולאריסייהו""], ""דנפקוון"": [""דנפקוון""], ""רביי"": [""רביי""], ""ולארעיהון"": [""ולארעיהון""], ""אפוטרופיאו"": [""אפוטרופיאו""], ""קינטרוון"": [""קינטרוון""], ""ולאריסייהוון"": [""ולאריסייהוון""], ""רבייון"": [""רבייון""], ""אפוטרופיאוות"": [""אפוטרופיאוות""], ""אפוטרופיאוותא"": [""אפוטרופיאוותא""], ""אפוטרופיאוותאון"": [""אפוטרופיאוותאון""]}",של,0.058479,דכת,0.043782,ועל,0.022546,ולא,0.019284,על,0.016495,ר,0.016239,דנפקין,0.015379,ועלין,0.010945,ובזין,0.006965,בזין,0.005392,עלין,0.001791,ואמר,0.001758,רבי,0.001626,דנפקו,0.001596,קא,0.001459,אינון,0.001426,דנפיק,0.001289,ואינון,0.001164,ולאו,0.001064,בתר,0.000839,ולכל,0.000692,קינטרין,0.000671,אפוטרופיא,0.000433,בזוי,0.000356,ואינן,0.000349,שלעשות,0.000255,ועושק,0.000194,בזויין,0.000165,ובזינן,0.000125,ועושקין,0.000118,אפוטרופין,9.4e-05,ולאריסייה,8.9e-05,ולארעיה,7.7e-05,קינטרו,7.6e-05,שלענין,6.6e-05,ובזינין,2.3e-05,שלעשותו,2.1e-05,ועושקן,1.3e-05,ולאוין,1e-05,ולאריסייהו,6e-06,דנפקוון,3e-06,רביי,2e-06,ולארעיהון,2e-06,אפוטרופיאו,1e-06,קינטרוון,0.0,ולאריסייהוון,0.0,רבייון,0.0,אפוטרופיאוות,0.0,אפוטרופיאוותא,0.0,אפוטרופיאוותאון,0.0,SYM,False,ואמרין,אומר,False,False,False,True,True,True,False,,,,False,False
Midrash_Aggadic_Midrash_Pesikta_DRav_Kahanna__10_1,pesikta_drk,189,כנשון,27.5511,0.763,0.452,0.2136,50,-1,False,"{""ליה"": 1, ""להון"": 1, ""לא"": 1, ""כל"": 1, ""על"": 1, ""להו"": 1, ""לאריסייה"": 1, ""דא"": 1, ""דל"": 1, ""ביה"": 1, ""מאי"": 1, ""לאריסיה"": 1, ""לאו"": 1, ""עשו"": 1, ""נפק"": 1, ""עלין"": 1, ""בזין"": 1, ""אינון"": 1, ""לעבדיה"": 1, ""כלום"": 1, ""לעלמא"": 1, ""בזוי"": 1, ""אפוטרופיא"": 1, ""נפקין"": 1, ""עבדי"": 1, ""עבדו"": 1, ""לאריסייהו"": 1, ""דלן"": 1, ""נפקי"": 1, ""מזון"": 1, ""בזויין"": 1, ""לאוין"": 1, ""אפוטרופוס"": 1, ""דאילין"": 1, ""לאריסיהון"": 1, ""דאילו"": 1, ""להוון"": 1, ""מזבנין"": 1, ""לעבדיהו"": 1, ""מזבנת"": 1, ""מזבנינן"": 1, ""אפוטרופוסין"": 1, ""אפוטרופיאו"": 1, ""מזבנינא"": 1, ""נפקיון"": 1, ""עבדוון"": 1, ""לאריסייהוון"": 1, ""דאילוון"": 1, ""מזבנינאון"": 1, ""אפוטרופיאוון"": 1}","{""ליה"": [""ליה""], ""להון"": [""להון""], ""לא"": [""לא""], ""כל"": [""כל""], ""על"": [""על""], ""להו"": [""להו""], ""לאריסייה"": [""לאריסייה""], ""דא"": [""דא""], ""דל"": [""דל""], ""ביה"": [""ביה""], ""מאי"": [""מאי""], ""לאריסיה"": [""לאריסיה""], ""לאו"": [""לאו""], ""עשו"": [""עשו""], ""נפק"": [""נפק""], ""עלין"": [""עלין""], ""בזין"": [""בזין""], ""אינון"": [""אינון""], ""לעבדיה"": [""לעבדיה""], ""כלום"": [""כלום""], ""לעלמא"": [""לעלמא""], ""בזוי"": [""בזוי""], ""אפוטרופיא"": [""אפוטרופיא""], ""נפקין"": [""נפקין""], ""עבדי"": [""עבדי""], ""עבדו"": [""עבדו""], ""לאריסייהו"": [""לאריסייהו""], ""דלן"": [""דלן""], ""נפקי"": [""נפקי""], ""מזון"": [""מזון""], ""בזויין"": [""בזויין""], ""לאוין"": [""לאוין""], ""אפוטרופוס"": [""אפוטרופוס""], ""דאילין"": [""דאילין""], ""לאריסיהון"": [""לאריסיהון""], ""דאילו"": [""דאילו""], ""להוון"": [""להוון""], ""מזבנין"": [""מזבנין""], ""לעבדיהו"": [""לעבדיהו""], ""מזבנת"": [""מזבנת""], ""מזבנינן"": [""מזבנינן""], ""אפוטרופוסין"": [""אפוטרופוסין""], ""אפוטרופיאו"": [""אפוטרופיאו""], ""מזבנינא"": [""מזבנינא""], ""נפקיון"": [""נפקיון""], ""עבדוון"": [""עבדוון""], ""לאריסייהוון"": [""לאריסייהוון""], ""דאילוון"": [""דאילוון""], ""מזבנינאון"": [""מזבנינאון""], ""אפוטרופיאוון"": [""אפוטרופיאוון""]}",ליה,0.052761,להון,0.035548,לא,0.032436,כל,0.020943,על,0.018195,להו,0.013077,לאריסייה,0.005807,דא,0.0048,דל,0.003797,ביה,0.00372,מאי,0.003002,לאריסיה,0.002966,לאו,0.002836,עשו,0.002666,נפק,0.001725,עלין,0.001416,בזין,0.001293,אינון,0.001102,לעבדיה,0.000645,כלום,0.000645,לעלמא,0.000635,בזוי,0.000468,אפוטרופיא,0.000399,נפקין,0.000345,עבדי,0.000342,עבדו,0.000336,לאריסייהו,0.000288,דלן,0.000277,נפקי,0.000268,מזון,0.000236,בזויין,0.000129,לאוין,0.000116,אפוטרופוס,8.8e-05,דאילין,8.2e-05,לאריסיהון,4.1e-05,דאילו,3.9e-05,להוון,3.4e-05,מזבנין,2.6e-05,לעבדיהו,1.8e-05,מזבנת,1.4e-05,מזבנינן,8e-06,אפוטרופוסין,7e-06,אפוטרופיאו,2e-06,מזבנינא,1e-06,נפקיון,0.0,עבדוון,0.0,לאריסייהוון,0.0,דאילוון,0.0,מזבנינאון,0.0,אפוטרופיאוון,0.0,SYM,True,כנשון,לשון,False,False,False,True,True,True,False,,,,False,False
Midrash_Aggadic_Midrash_Pesikta_DRav_Kahanna__10_1,pesikta_drk,190,מיסכנייה,35.4301,0.8092,0.4601,0.0978,50,-1,False,"{""על"": 1, ""הוא"": 1, ""עשו"": 1, ""דא"": 1, ""ארע"": 1, ""ביד"": 1, ""ארעא"": 1, ""עבד"": 1, ""ליה"": 1, ""דנפק"": 1, ""אינון"": 1, ""בידן"": 1, ""לאריסייה"": 1, ""עלינו"": 1, ""דנפקין"": 1, ""אפוטרופיא"": 1, ""קא"": 1, ""לארעא"": 1, ""קרייה"": 1, ""מאי"": 1, ""אריסין"": 1, ""עבדי"": 1, ""קריית"": 1, ""נפשי"": 1, ""הואיל"": 1, ""עשוין"": 1, ""בזין"": 1, ""מזון"": 1, ""אפוטרופוס"": 1, ""דנשון"": 1, ""ידיד"": 1, ""ידינו"": 1, ""קרייתא"": 1, ""לאריסייהו"": 1, ""קרייהו"": 1, ""ידידיה"": 1, ""מזבחי"": 1, ""מזבנין"": 1, ""הואילו"": 1, ""אפוטרופוסין"": 1, ""אפוטרופיאו"": 1, ""מזבנינן"": 1, ""עבדיון"": 1, ""מזבנינא"": 1, ""ידידיהון"": 1, ""לאריסייהוון"": 1, ""הואילוון"": 1, ""אפוטרופיאוות"": 1, ""אפוטרופיאוותא"": 1, ""מזבנינאון"": 1}","{""על"": [""על""], ""הוא"": [""הוא""], ""עשו"": [""עשו""], ""דא"": [""דא""], ""ארע"": [""ארע""], ""ביד"": [""ביד""], ""ארעא"": [""ארעא""], ""עבד"": [""עבד""], ""ליה"": [""ליה""], ""דנפק"": [""דנפק""], ""אינון"": [""אינון""], ""בידן"": [""בידן""], ""לאריסייה"": [""לאריסייה""], ""עלינו"": [""עלינו""], ""דנפקין"": [""דנפקין""], ""אפוטרופיא"": [""אפוטרופיא""], ""קא"": [""קא""], ""לארעא"": [""לארעא""], ""קרייה"": [""קרייה""], ""מאי"": [""מאי""], ""אריסין"": [""אריסין""], ""עבדי"": [""עבדי""], ""קריית"": [""קריית""], ""נפשי"": [""נפשי""], ""הואיל"": [""הואיל""], ""עשוין"": [""עשוין""], ""בזין"": [""בזין""], ""מזון"": [""מזון""], ""אפוטרופוס"": [""אפוטרופוס""], ""דנשון"": [""דנשון""], ""ידיד"": [""ידיד""], ""ידינו"": [""ידינו""], ""קרייתא"": [""קרייתא""], ""לאריסייהו"": [""לאריסייהו""], ""קרייהו"": [""קרייהו""], ""ידידיה"": [""ידידיה""], ""מזבחי"": [""מזבחי""], ""מזבנין"": [""מזבנין""], ""הואילו"": [""הואילו""], ""אפוטרופוסין"": [""אפוטרופוסין""], ""אפוטרופיאו"": [""אפוטרופיאו""], ""מזבנינן"": [""מזבנינן""], ""עבדיון"": [""עבדיון""], ""מזבנינא"": [""מזבנינא""], ""ידידיהון"": [""ידידיהון""], ""לאריסייהוון"": [""לאריסייהוון""], ""הואילוון"": [""הואילוון""], ""אפוטרופיאוות"": [""אפוטרופיאוות""], ""אפוטרופיאוותא"": [""אפוטרופיאוותא""], ""מזבנינאון"": [""מזבנינאון""]}",על,0.022836,הוא,0.021453,עשו,0.009098,דא,0.007326,ארע,0.004799,ביד,0.004558,ארעא,0.003779,עבד,0.003619,ליה,0.002867,דנפק,0.002607,אינון,0.001999,בידן,0.001877,לאריסייה,0.001308,עלינו,0.001215,דנפקין,0.001185,אפוטרופיא,0.001074,קא,0.000811,לארעא,0.000756,קרייה,0.00073,מאי,0.000615,אריסין,0.000518,עבדי,0.000467,קריית,0.000416,נפשי,0.000259,הואיל,0.000248,עשוין,0.000248,בזין,0.000235,מזון,0.000197,אפוטרופוס,0.000175,דנשון,0.000131,ידיד,0.000117,ידינו,0.000106,קרייתא,7.1e-05,לאריסייהו,5.9e-05,קרייהו,1.7e-05,ידידיה,1.5e-05,מזבחי,1.3e-05,מזבנין,1.2e-05,הואילו,9e-06,אפוטרופוסין,9e-06,אפוטרופיאו,3e-06,מזבנינן,3e-06,עבדיון,0.0,מזבנינא,0.0,ידידיהון,0.0,לאריסייהוון,0.0,הואילוון,0.0,אפוטרופיאוות,0.0,אפוטרופיאוותא,0.0,מזבנינאון,0.0,X,False,מיסכנייה,[BLANK],False,False,False,True,True,True,False,,,,False,False
Midrash_Aggadic_Midrash_Pesikta_DRav_Kahanna__10_1,pesikta_drk,191,ואנן,9.7937,0.7992,0.5303,0.1723,50,-1,False,"{""ולא"": 1, ""ועל"": 1, ""דכת"": 1, ""ר"": 1, ""על"": 1, ""ואמר"": 1, ""ואמרין"": 1, ""כנשון"": 1, ""דנפקין"": 1, ""ועלין"": 1, ""וגו"": 1, ""וכת"": 1, ""מיסכני"": 1, ""רבי"": 1, ""אינון"": 1, ""והא"": 1, ""מיסכנייה"": 1, ""ואמרו"": 1, ""ליה"": 1, ""מאי"": 1, ""ולאו"": 1, ""דנפקו"": 1, ""והוון"": 1, ""וכתיב"": 1, ""בזין"": 1, ""לאריסייה"": 1, ""לארעא"": 1, ""בידן"": 1, ""אפוטרופיא"": 1, ""והוינן"": 1, ""מיסכון"": 1, ""מיסכנייהו"": 1, ""אפוטרופין"": 1, ""וגוון"": 1, ""כנשונא"": 1, ""והוינא"": 1, ""לאריסייהו"": 1, ""כנשוניה"": 1, ""רביי"": 1, ""ולאוון"": 1, ""וכתיבא"": 1, ""דנפקוון"": 1, ""אפוטרופיאו"": 1, ""כנשוניהון"": 1, ""לאריסייהוון"": 1, ""רבייון"": 1, ""וכתיבאנו"": 1, ""אפוטרופיאוות"": 1, ""אפוטרופיאוותא"": 1, ""אפוטרופיאוותאון"": 1}","{""ולא"": [""ולא""], ""ועל"": [""ועל""], ""דכת"": [""דכת""], ""ר"": [""ר""], ""על"": [""על""], ""ואמר"": [""ואמר""], ""ואמרין"": [""ואמרין""], ""כנשון"": [""כנשון""], ""דנפקין"": [""דנפקין""], ""ועלין"": [""ועלין""], ""וגו"": [""וגו""], ""וכת"": [""וכת""], ""מיסכני"": [""מיסכני""], ""רבי"": [""רבי""], ""אינון"": [""אינון""], ""והא"": [""והא""], ""מיסכנייה"": [""מיסכנייה""], ""ואמרו"": [""ואמרו""], ""ליה"": [""ליה""], ""מאי"": [""מאי""], ""ולאו"": [""ולאו""], ""דנפקו"": [""דנפקו""], ""והוון"": [""והוון""], ""וכתיב"": [""וכתיב""], ""בזין"": [""בזין""], ""לאריסייה"": [""לאריסייה""], ""לארעא"": [""לארעא""], ""בידן"": [""בידן""], ""אפוטרופיא"": [""אפוטרופיא""], ""והוינן"": [""והוינן""], ""מיסכון"": [""מיסכון""], ""מיסכנייהו"": [""מיסכנייהו""], ""אפוטרופין"": [""אפוטרופין""], ""וגוון"": [""וגוון""], ""כנשונא"": [""כנשונא""], ""והוינא"": [""והוינא""], ""לאריסייהו"": [""לאריסייהו""], ""כנשוניה"": [""כנשוניה""], ""רביי"": [""רביי""], ""ולאוון"": [""ולאוון""], ""וכתיבא"": [""וכתיבא""], ""דנפקוון"": [""דנפקוון""], ""אפוטרופיאו"": [""אפוטרופיאו""], ""כנשוניהון"": [""כנשוניהון""], ""לאריסייהוון"": [""לאריסייהוון""], ""רבייון"": [""רבייון""], ""וכתיבאנו"": [""וכתיבאנו""], ""אפוטרופיאוות"": [""אפוטרופיאוות""], ""אפוטרופיאוותא"": [""אפוטרופיאוותא""], ""אפוטרופיאוותאון"": [""אפוטרופיאוותאון""]}",ולא,0.024868,ועל,0.020941,דכת,0.019089,ר,0.018771,על,0.017634,ואמר,0.014841,ואמרין,0.008428,כנשון,0.008166,דנפקין,0.004903,ועלין,0.004675,וגו,0.004375,וכת,0.004375,מיסכני,0.002433,רבי,0.002191,אינון,0.001956,והא,0.001857,מיסכנייה,0.001797,ואמרו,0.001493,ליה,0.001389,מאי,0.001322,ולאו,0.001126,דנפקו,0.000981,והוון,0.000819,וכתיב,0.000681,בזין,0.000617,לאריסייה,0.000573,לארעא,0.000492,בידן,0.000405,אפוטרופיא,0.000365,והוינן,0.000168,מיסכון,0.000133,מיסכנייהו,8.4e-05,אפוטרופין,7.3e-05,וגוון,5.9e-05,כנשונא,5e-05,והוינא,4.5e-05,לאריסייהו,4e-05,כנשוניה,2.1e-05,רביי,5e-06,ולאוון,4e-06,וכתיבא,4e-06,דנפקוון,3e-06,אפוטרופיאו,2e-06,כנשוניהון,2e-06,לאריסייהוון,0.0,רבייון,0.0,וכתיבאנו,0.0,אפוטרופיאוות,0.0,אפוטרופיאוותא,0.0,אפוטרופיאוותאון,0.0,SYM,True,ואנן,אני,False,True,False,True,True,True,False,,,,False,False
Midrash_Aggadic_Midrash_Pesikta_DRav_Kahanna__10_1,pesikta_drk,192,בעיי,13.8025,0.8188,0.5332,0.2143,50,-1,False,"{""לא"": 1, ""אמרין"": 1, ""קיימין"": 1, ""אינון"": 1, ""נמי"": 1, ""בעינן"": 1, ""קא"": 1, ""הוו"": 1, ""אמרי"": 1, ""ידעין"": 1, ""נפקין"": 1, ""אמרינן"": 1, ""דנין"": 1, ""דא"": 1, ""בזין"": 1, ""ידעינן"": 1, ""כנשון"": 1, ""קיימא"": 1, ""הוה"": 1, ""עבדין"": 1, ""עבדינן"": 1, ""איננו"": 1, ""מיסכני"": 1, ""לאו"": 1, ""סמכינן"": 1, ""בזינן"": 1, ""בעו"": 1, ""מיסכינן"": 1, ""נפקינן"": 1, ""בעינא"": 1, ""סלקין"": 1, ""מיסכנייה"": 1, ""כנשין"": 1, ""דנפקין"": 1, ""בזינא"": 1, ""מיסכנייהו"": 1, ""הווין"": 1, ""עבדינא"": 1, ""אמרינין"": 1, ""ידעינא"": 1, ""דנפקן"": 1, ""נפקינון"": 1, ""הוהון"": 1, ""סמכינא"": 1, ""לאויר"": 1, ""קיימאנו"": 1, ""לאוירא"": 1, ""בזינאנו"": 1, ""עבדינאון"": 1, ""בזינאנוון"": 1}","{""לא"": [""לא""], ""אמרין"": [""אמרין""], ""קיימין"": [""קיימין""], ""אינון"": [""אינון""], ""נמי"": [""נמי""], ""בעינן"": [""בעינן""], ""קא"": [""קא""], ""הוו"": [""הוו""], ""אמרי"": [""אמרי""], ""ידעין"": [""ידעין""], ""נפקין"": [""נפקין""], ""אמרינן"": [""אמרינן""], ""דנין"": [""דנין""], ""דא"": [""דא""], ""בזין"": [""בזין""], ""ידעינן"": [""ידעינן""], ""כנשון"": [""כנשון""], ""קיימא"": [""קיימא""], ""הוה"": [""הוה""], ""עבדין"": [""עבדין""], ""עבדינן"": [""עבדינן""], ""איננו"": [""איננו""], ""מיסכני"": [""מיסכני""], ""לאו"": [""לאו""], ""סמכינן"": [""סמכינן""], ""בזינן"": [""בזינן""], ""בעו"": [""בעו""], ""מיסכינן"": [""מיסכינן""], ""נפקינן"": [""נפקינן""], ""בעינא"": [""בעינא""], ""סלקין"": [""סלקין""], ""מיסכנייה"": [""מיסכנייה""], ""כנשין"": [""כנשין""], ""דנפקין"": [""דנפקין""], ""בזינא"": [""בזינא""], ""מיסכנייהו"": [""מיסכנייהו""], ""הווין"": [""הווין""], ""עבדינא"": [""עבדינא""], ""אמרינין"": [""אמרינין""], ""ידעינא"": [""ידעינא""], ""דנפקן"": [""דנפקן""], ""נפקינון"": [""נפקינון""], ""הוהון"": [""הוהון""], ""סמכינא"": [""סמכינא""], ""לאויר"": [""לאויר""], ""קיימאנו"": [""קיימאנו""], ""לאוירא"": [""לאוירא""], ""בזינאנו"": [""בזינאנו""], ""עבדינאון"": [""עבדינאון""], ""בזינאנוון"": [""בזינאנוון""]}",לא,0.080203,אמרין,0.011568,קיימין,0.010346,אינון,0.009637,נמי,0.009132,בעינן,0.008221,קא,0.007812,הוו,0.007405,אמרי,0.007369,ידעין,0.006302,נפקין,0.005516,אמרינן,0.005134,דנין,0.004546,דא,0.004399,בזין,0.004199,ידעינן,0.004029,כנשון,0.003639,קיימא,0.003307,הוה,0.003185,עבדין,0.002266,עבדינן,0.002064,איננו,0.001898,מיסכני,0.001548,לאו,0.001509,סמכינן,0.001357,בזינן,0.001154,בעו,0.001147,מיסכינן,0.001084,נפקינן,0.001034,בעינא,0.000894,סלקין,0.000631,מיסכנייה,0.000582,כנשין,0.000268,דנפקין,0.000231,בזינא,0.000144,מיסכנייהו,0.000125,הווין,0.000111,עבדינא,6.8e-05,אמרינין,6.6e-05,ידעינא,6.4e-05,דנפקן,3.4e-05,נפקינון,3e-05,הוהון,2.4e-05,סמכינא,1.7e-05,לאויר,5e-06,קיימאנו,3e-06,לאוירא,1e-06,בזינאנו,1e-06,עבדינאון,0.0,בזינאנוון,0.0,SYM,False,בעיי,עי,False,False,False,True,True,True,False,,,,False,False
Midrash_Aggadic_Midrash_Pesikta_DRav_Kahanna__10_1,pesikta_drk,193,מעבד,14.864,0.8657,0.8191,0.108,50,-1,False,"{""לא"": 1, ""דלא"": 1, ""כנשון"": 1, ""להון"": 1, ""דא"": 1, ""ליה"": 1, ""להו"": 1, ""אינון"": 1, ""נמי"": 1, ""למדינתא"": 1, ""למיסק"": 1, ""לאו"": 1, ""מיסכני"": 1, ""בזין"": 1, ""מאי"": 1, ""נפשין"": 1, ""למדינתה"": 1, ""מיסכנייה"": 1, ""כנישת"": 1, ""למיסכון"": 1, ""אפוטרופיא"": 1, ""מיסכון"": 1, ""קרייה"": 1, ""נפשא"": 1, ""דאינון"": 1, ""קיימין"": 1, ""ליהון"": 1, ""כנישתא"": 1, ""דלאו"": 1, ""בדינא"": 1, ""אפוטרופוס"": 1, ""למיסכני"": 1, ""למיסכנייה"": 1, ""להוון"": 1, ""בדיניה"": 1, ""מיסכנייהו"": 1, ""לאוון"": 1, ""למדינתהון"": 1, ""אפוטרופוסא"": 1, ""דאינן"": 1, ""למיסכנייהו"": 1, ""בדיניהון"": 1, ""אפוטרופיאו"": 1, ""נפשאנו"": 1, ""אפוטרופוסאנו"": 1, ""אפוטרופיאוות"": 1, ""נפשאנוון"": 1, ""אפוטרופיאוותא"": 1, ""אפוטרופוסאנווי"": 1, ""אפוטרופוסאנוויי"": 1}","{""לא"": [""לא""], ""דלא"": [""דלא""], ""כנשון"": [""כנשון""], ""להון"": [""להון""], ""דא"": [""דא""], ""ליה"": [""ליה""], ""להו"": [""להו""], ""אינון"": [""אינון""], ""נמי"": [""נמי""], ""למדינתא"": [""למדינתא""], ""למיסק"": [""למיסק""], ""לאו"": [""לאו""], ""מיסכני"": [""מיסכני""], ""בזין"": [""בזין""], ""מאי"": [""מאי""], ""נפשין"": [""נפשין""], ""למדינתה"": [""למדינתה""], ""מיסכנייה"": [""מיסכנייה""], ""כנישת"": [""כנישת""], ""למיסכון"": [""למיסכון""], ""אפוטרופיא"": [""אפוטרופיא""], ""מיסכון"": [""מיסכון""], ""קרייה"": [""קרייה""], ""נפשא"": [""נפשא""], ""דאינון"": [""דאינון""], ""קיימין"": [""קיימין""], ""ליהון"": [""ליהון""], ""כנישתא"": [""כנישתא""], ""דלאו"": [""דלאו""], ""בדינא"": [""בדינא""], ""אפוטרופוס"": [""אפוטרופוס""], ""למיסכני"": [""למיסכני""], ""למיסכנייה"": [""למיסכנייה""], ""להוון"": [""להוון""], ""בדיניה"": [""בדיניה""], ""מיסכנייהו"": [""מיסכנייהו""], ""לאוון"": [""לאוון""], ""למדינתהון"": [""למדינתהון""], ""אפוטרופוסא"": [""אפוטרופוסא""], ""דאינן"": [""דאינן""], ""למיסכנייהו"": [""למיסכנייהו""], ""בדיניהון"": [""בדיניהון""], ""אפוטרופיאו"": [""אפוטרופיאו""], ""נפשאנו"": [""נפשאנו""], ""אפוטרופוסאנו"": [""אפוטרופוסאנו""], ""אפוטרופיאוות"": [""אפוטרופיאוות""], ""נפשאנוון"": [""נפשאנוון""], ""אפוטרופיאוותא"": [""אפוטרופיאוותא""], ""אפוטרופוסאנווי"": [""אפוטרופוסאנווי""], ""אפוטרופוסאנוויי"": [""אפוטרופוסאנוויי""]}",לא,0.035118,דלא,0.014725,כנשון,0.010294,להון,0.007066,דא,0.006534,ליה,0.004016,להו,0.003444,אינון,0.002957,נמי,0.002605,למדינתא,0.002406,למיסק,0.00228,לאו,0.001927,מיסכני,0.001721,בזין,0.001223,מאי,0.001143,נפשין,0.000965,למדינתה,0.000927,מיסכנייה,0.000918,כנישת,0.000846,למיסכון,0.000747,אפוטרופיא,0.000652,מיסכון,0.000633,קרייה,0.000605,נפשא,0.000604,דאינון,0.00056,קיימין,0.000539,ליהון,0.000469,כנישתא,0.000428,דלאו,0.000402,בדינא,0.000287,אפוטרופוס,0.000268,למיסכני,0.000211,למיסכנייה,0.000132,להוון,0.00012,בדיניה,8.5e-05,מיסכנייהו,7.5e-05,לאוון,2.6e-05,למדינתהון,2.5e-05,אפוטרופוסא,2.2e-05,דאינן,1.1e-05,למיסכנייהו,1e-05,בדיניהון,1e-05,אפוטרופיאו,2e-06,נפשאנו,1e-06,אפוטרופוסאנו,0.0,אפוטרופיאוות,0.0,נפשאנוון,0.0,אפוטרופיאוותא,0.0,אפוטרופוסאנווי,0.0,אפוטרופוסאנוויי,0.0,NUM,True,מעבד,עיבד,False,False,False,True,True,True,False,,,,False,False
Midrash_Aggadic_Midrash_Pesikta_DRav_Kahanna__10_1,pesikta_drk,194,עמהון,16.3408,0.6354,0.3912,0.1727,50,-1,False,"{""להון"": 1, ""ליה"": 1, ""להו"": 1, ""עבד"": 1, ""ארעא"": 1, ""כנשון"": 1, ""ואנן"": 1, ""אינון"": 1, ""דלא"": 1, ""דידן"": 1, ""ארבע"": 1, ""עלי"": 1, ""נפשין"": 1, ""ועבד"": 1, ""ואמר"": 1, ""לאריסייה"": 1, ""נפשא"": 1, ""לארעא"": 1, ""עבדינן"": 1, ""קרייה"": 1, ""עלייהו"": 1, ""אפוטרופיא"": 1, ""ובעי"": 1, ""כנישתא"": 1, ""ובעיי"": 1, ""ארעיה"": 1, ""קיימא"": 1, ""אפוטרופוס"": 1, ""דלאו"": 1, ""קיימין"": 1, ""להוון"": 1, ""כנישתנו"": 1, ""לאריסייהו"": 1, ""אפוטרופוסא"": 1, ""ארעיהו"": 1, ""ובעיינן"": 1, ""אפוטרופיאו"": 1, ""נפשאנו"": 1, ""קיימאנו"": 1, ""ובעיינא"": 1, ""דלאוון"": 1, ""ובעייי"": 1, ""כנישתנוון"": 1, ""אפוטרופוסאנו"": 1, ""אפוטרופיאוות"": 1, ""אפוטרופיאוותא"": 1, ""נפשאנוון"": 1, ""ובעיינאון"": 1, ""אפוטרופוסאנווי"": 1, ""אפוטרופוסאנוויי"": 1}","{""להון"": [""להון""], ""ליה"": [""ליה""], ""להו"": [""להו""], ""עבד"": [""עבד""], ""ארעא"": [""ארעא""], ""כנשון"": [""כנשון""], ""ואנן"": [""ואנן""], ""אינון"": [""אינון""], ""דלא"": [""דלא""], ""דידן"": [""דידן""], ""ארבע"": [""ארבע""], ""עלי"": [""עלי""], ""נפשין"": [""נפשין""], ""ועבד"": [""ועבד""], ""ואמר"": [""ואמר""], ""לאריסייה"": [""לאריסייה""], ""נפשא"": [""נפשא""], ""לארעא"": [""לארעא""], ""עבדינן"": [""עבדינן""], ""קרייה"": [""קרייה""], ""עלייהו"": [""עלייהו""], ""אפוטרופיא"": [""אפוטרופיא""], ""ובעי"": [""ובעי""], ""כנישתא"": [""כנישתא""], ""ובעיי"": [""ובעיי""], ""ארעיה"": [""ארעיה""], ""קיימא"": [""קיימא""], ""אפוטרופוס"": [""אפוטרופוס""], ""דלאו"": [""דלאו""], ""קיימין"": [""קיימין""], ""להוון"": [""להוון""], ""כנישתנו"": [""כנישתנו""], ""לאריסייהו"": [""לאריסייהו""], ""אפוטרופוסא"": [""אפוטרופוסא""], ""ארעיהו"": [""ארעיהו""], ""ובעיינן"": [""ובעיינן""], ""אפוטרופיאו"": [""אפוטרופיאו""], ""נפשאנו"": [""נפשאנו""], ""קיימאנו"": [""קיימאנו""], ""ובעיינא"": [""ובעיינא""], ""דלאוון"": [""דלאוון""], ""ובעייי"": [""ובעייי""], ""כנישתנוון"": [""כנישתנוון""], ""אפוטרופוסאנו"": [""אפוטרופוסאנו""], ""אפוטרופיאוות"": [""אפוטרופיאוות""], ""אפוטרופיאוותא"": [""אפוטרופיאוותא""], ""נפשאנוון"": [""נפשאנוון""], ""ובעיינאון"": [""ובעיינאון""], ""אפוטרופוסאנווי"": [""אפוטרופוסאנווי""], ""אפוטרופוסאנוויי"": [""אפוטרופוסאנוויי""]}",להון,0.061366,ליה,0.024414,להו,0.020237,עבד,0.011014,ארעא,0.007562,כנשון,0.006671,ואנן,0.006546,אינון,0.004637,דלא,0.003813,דידן,0.00354,ארבע,0.003217,עלי,0.002742,נפשין,0.002571,ועבד,0.002182,ואמר,0.001996,לאריסייה,0.001412,נפשא,0.001141,לארעא,0.000938,עבדינן,0.000863,קרייה,0.000856,עלייהו,0.000747,אפוטרופיא,0.000627,ובעי,0.000624,כנישתא,0.000614,ובעיי,0.000605,ארעיה,0.000407,קיימא,0.000386,אפוטרופוס,0.000301,דלאו,0.000229,קיימין,0.000161,להוון,0.000119,כנישתנו,9.1e-05,לאריסייהו,6.1e-05,אפוטרופוסא,3.3e-05,ארעיהו,8e-06,ובעיינן,6e-06,אפוטרופיאו,3e-06,נפשאנו,2e-06,קיימאנו,1e-06,ובעיינא,1e-06,דלאוון,1e-06,ובעייי,0.0,כנישתנוון,0.0,אפוטרופוסאנו,0.0,אפוטרופיאוות,0.0,אפוטרופיאוותא,0.0,נפשאנוון,0.0,ובעיינאון,0.0,אפוטרופוסאנווי,0.0,אפוטרופוסאנוויי,0.0,VERB,False,עמהון,[BLANK],True,False,True,True,True,True,True,18.0,60.0,-42.0,True,False
Midrash_Aggadic_Midrash_Pesikta_DRav_Kahanna__10_1,pesikta_drk,195,מצוה,12.665,0.872,0.7663,0.2175,50,-1,False,"{""ולא"": 1, ""דכת"": 1, ""ואנן"": 1, ""ועל"": 1, ""ואמר"": 1, ""ר"": 1, ""ואמרין"": 1, ""דא"": 1, ""ואתו"": 1, ""ובזין"": 1, ""ועלין"": 1, ""והא"": 1, ""ואתון"": 1, ""ובעי"": 1, ""אינון"": 1, ""ובעיי"": 1, ""ואתוון"": 1, ""בתר"": 1, ""קא"": 1, ""ולאו"": 1, ""והוון"": 1, ""לית"": 1, ""בזין"": 1, ""רחמנא"": 1, ""ובזינן"": 1, ""קיימא"": 1, ""קיימין"": 1, ""לארעא"": 1, ""והוינן"": 1, ""דכתיב"": 1, ""רחמי"": 1, ""בזוזי"": 1, ""לאריסייה"": 1, ""אדעתא"": 1, ""והוינא"": 1, ""בזוזא"": 1, ""דאילין"": 1, ""דאילו"": 1, ""אדעתין"": 1, ""ובזינון"": 1, ""רחמנן"": 1, ""ובעיינן"": 1, ""לאריסייהו"": 1, ""ובעיינין"": 1, ""ולאוון"": 1, ""קיימאנו"": 1, ""בזוזיון"": 1, ""ובעייי"": 1, ""דאילוון"": 1, ""והוינאון"": 1}","{""ולא"": [""ולא""], ""דכת"": [""דכת""], ""ואנן"": [""ואנן""], ""ועל"": [""ועל""], ""ואמר"": [""ואמר""], ""ר"": [""ר""], ""ואמרין"": [""ואמרין""], ""דא"": [""דא""], ""ואתו"": [""ואתו""], ""ובזין"": [""ובזין""], ""ועלין"": [""ועלין""], ""והא"": [""והא""], ""ואתון"": [""ואתון""], ""ובעי"": [""ובעי""], ""אינון"": [""אינון""], ""ובעיי"": [""ובעיי""], ""ואתוון"": [""ואתוון""], ""בתר"": [""בתר""], ""קא"": [""קא""], ""ולאו"": [""ולאו""], ""והוון"": [""והוון""], ""לית"": [""לית""], ""בזין"": [""בזין""], ""רחמנא"": [""רחמנא""], ""ובזינן"": [""ובזינן""], ""קיימא"": [""קיימא""], ""קיימין"": [""קיימין""], ""לארעא"": [""לארעא""], ""והוינן"": [""והוינן""], ""דכתיב"": [""דכתיב""], ""רחמי"": [""רחמי""], ""בזוזי"": [""בזוזי""], ""לאריסייה"": [""לאריסייה""], ""אדעתא"": [""אדעתא""], ""והוינא"": [""והוינא""], ""בזוזא"": [""בזוזא""], ""דאילין"": [""דאילין""], ""דאילו"": [""דאילו""], ""אדעתין"": [""אדעתין""], ""ובזינון"": [""ובזינון""], ""רחמנן"": [""רחמנן""], ""ובעיינן"": [""ובעיינן""], ""לאריסייהו"": [""לאריסייהו""], ""ובעיינין"": [""ובעיינין""], ""ולאוון"": [""ולאוון""], ""קיימאנו"": [""קיימאנו""], ""בזוזיון"": [""בזוזיון""], ""ובעייי"": [""ובעייי""], ""דאילוון"": [""דאילוון""], ""והוינאון"": [""והוינאון""]}",ולא,0.048928,דכת,0.029923,ואנן,0.025608,ועל,0.022753,ואמר,0.021229,ר,0.015396,ואמרין,0.012961,דא,0.007929,ואתו,0.005398,ובזין,0.003755,ועלין,0.003058,והא,0.0025,ואתון,0.002081,ובעי,0.001995,אינון,0.001672,ובעיי,0.001393,ואתוון,0.001325,בתר,0.0013,קא,0.001282,ולאו,0.000972,והוון,0.000922,לית,0.000684,בזין,0.000576,רחמנא,0.000512,ובזינן,0.000453,קיימא,0.00033,קיימין,0.000296,לארעא,0.000269,והוינן,0.000269,דכתיב,0.000242,רחמי,0.000229,בזוזי,0.000223,לאריסייה,0.000217,אדעתא,0.00015,והוינא,0.000142,בזוזא,0.000109,דאילין,9.2e-05,דאילו,7.8e-05,אדעתין,6.9e-05,ובזינון,4.6e-05,רחמנן,3.2e-05,ובעיינן,3e-05,לאריסייהו,1.7e-05,ובעיינין,5e-06,ולאוון,4e-06,קיימאנו,3e-06,בזוזיון,1e-06,ובעייי,1e-06,דאילוון,0.0,והוינאון,0.0,VERB,True,מצוה,מצווה,True,False,True,True,True,True,True,33.0,19.0,14.0,False,True
Midrash_Aggadic_Midrash_Pesikta_DRav_Kahanna__10_1,pesikta_drk,196,מיתלה,21.7064,0.8399,0.5311,0.1912,50,-1,False,"{""דכת"": 1, ""על"": 1, ""לא"": 1, ""מצוה"": 1, ""דא"": 1, ""ואנן"": 1, ""עבד"": 1, ""ומצוה"": 1, ""ואמר"": 1, ""בעי"": 1, ""קא"": 1, ""דכתיב"": 1, ""עביד"": 1, ""בידן"": 1, ""ואמרין"": 1, ""ומצות"": 1, ""מאי"": 1, ""בתר"": 1, ""עבדינן"": 1, ""עלינו"": 1, ""מצות"": 1, ""אינון"": 1, ""גביה"": 1, ""גביהון"": 1, ""אמרי"": 1, ""בידך"": 1, ""קטרינה"": 1, ""ליהנות"": 1, ""מלתא"": 1, ""גמירי"": 1, ""קטרינהו"": 1, ""דאילו"": 1, ""ליהוי"": 1, ""דאילין"": 1, ""עבידן"": 1, ""קטרת"": 1, ""מלתת"": 1, ""ומצותי"": 1, ""אינן"": 1, ""מצותי"": 1, ""קטרתא"": 1, ""ליהנותן"": 1, ""ליהויי"": 1, ""מלתתא"": 1, ""ומצותיון"": 1, ""מצותיון"": 1, ""גמיריין"": 1, ""דאילוון"": 1, ""מלתתאון"": 1, ""ליהוייון"": 1}","{""דכת"": [""דכת""], ""על"": [""על""], ""לא"": [""לא""], ""מצוה"": [""מצוה""], ""דא"": [""דא""], ""ואנן"": [""ואנן""], ""עבד"": [""עבד""], ""ומצוה"": [""ומצוה""], ""ואמר"": [""ואמר""], ""בעי"": [""בעי""], ""קא"": [""קא""], ""דכתיב"": [""דכתיב""], ""עביד"": [""עביד""], ""בידן"": [""בידן""], ""ואמרין"": [""ואמרין""], ""ומצות"": [""ומצות""], ""מאי"": [""מאי""], ""בתר"": [""בתר""], ""עבדינן"": [""עבדינן""], ""עלינו"": [""עלינו""], ""מצות"": [""מצות""], ""אינון"": [""אינון""], ""גביה"": [""גביה""], ""גביהון"": [""גביהון""], ""אמרי"": [""אמרי""], ""בידך"": [""בידך""], ""קטרינה"": [""קטרינה""], ""ליהנות"": [""ליהנות""], ""מלתא"": [""מלתא""], ""גמירי"": [""גמירי""], ""קטרינהו"": [""קטרינהו""], ""דאילו"": [""דאילו""], ""ליהוי"": [""ליהוי""], ""דאילין"": [""דאילין""], ""עבידן"": [""עבידן""], ""קטרת"": [""קטרת""], ""מלתת"": [""מלתת""], ""ומצותי"": [""ומצותי""], ""אינן"": [""אינן""], ""מצותי"": [""מצותי""], ""קטרתא"": [""קטרתא""], ""ליהנותן"": [""ליהנותן""], ""ליהויי"": [""ליהויי""], ""מלתתא"": [""מלתתא""], ""ומצותיון"": [""ומצותיון""], ""מצותיון"": [""מצותיון""], ""גמיריין"": [""גמיריין""], ""דאילוון"": [""דאילוון""], ""מלתתאון"": [""מלתתאון""], ""ליהוייון"": [""ליהוייון""]}",דכת,0.077213,על,0.01728,לא,0.016748,מצוה,0.012603,דא,0.011657,ואנן,0.010347,עבד,0.008563,ומצוה,0.005714,ואמר,0.003256,בעי,0.002891,קא,0.00239,דכתיב,0.002334,עביד,0.001831,בידן,0.001659,ואמרין,0.001641,ומצות,0.001422,מאי,0.001413,בתר,0.00132,עבדינן,0.001218,עלינו,0.001201,מצות,0.001154,אינון,0.001056,גביה,0.000802,גביהון,0.000684,אמרי,0.00065,בידך,0.00061,קטרינה,0.000555,ליהנות,0.000478,מלתא,0.000449,גמירי,0.000393,קטרינהו,0.000263,דאילו,0.000252,ליהוי,0.000252,דאילין,0.000184,עבידן,0.000184,קטרת,0.000166,מלתת,0.000155,ומצותי,0.000103,אינן,7.8e-05,מצותי,4.5e-05,קטרתא,7e-06,ליהנותן,6e-06,ליהויי,4e-06,מלתתא,4e-06,ומצותיון,2e-06,מצותיון,1e-06,גמיריין,0.0,דאילוון,0.0,מלתתאון,0.0,ליהוייון,0.0,VERB,True,מיתלה,מית,True,False,True,True,True,True,True,8.0,40.0,-32.0,True,False
Midrash_Aggadic_Midrash_Pesikta_DRav_Kahanna__10_1,pesikta_drk,197,אמר,8.4044,0.8852,0.7716,0.1818,50,-1,False,"{""על"": 1, ""להון"": 1, ""ליה"": 1, ""דכת"": 1, ""להו"": 1, ""דא"": 1, ""ביה"": 1, ""עלי"": 1, ""ואנן"": 1, ""ואמר"": 1, ""ליהון"": 1, ""עבד"": 1, ""בידן"": 1, ""אינון"": 1, ""ואמרין"": 1, ""עלון"": 1, ""ומצוה"": 1, ""עלייהו"": 1, ""עלייהון"": 1, ""לארעא"": 1, ""קא"": 1, ""בידיה"": 1, ""קרייה"": 1, ""בידיהון"": 1, ""עבדין"": 1, ""מיסכני"": 1, ""מיסכנייה"": 1, ""ועביד"": 1, ""דאינון"": 1, ""מיתלה"": 1, ""לארעיה"": 1, ""קריית"": 1, ""דכתיב"": 1, ""מיסכון"": 1, ""אפיטרופיא"": 1, ""מיסכנייהון"": 1, ""להוון"": 1, ""קרייהו"": 1, ""ועבידין"": 1, ""אפיטרופוס"": 1, ""קרייתא"": 1, ""אפיטרופא"": 1, ""לארעיהון"": 1, ""ועבידי"": 1, ""דאינן"": 1, ""אפיטרופוסא"": 1, ""אפיטרופיאן"": 1, ""קרייהוון"": 1, ""ועבידיי"": 1, ""ועבידייון"": 1}","{""על"": [""על""], ""להון"": [""להון""], ""ליה"": [""ליה""], ""דכת"": [""דכת""], ""להו"": [""להו""], ""דא"": [""דא""], ""ביה"": [""ביה""], ""עלי"": [""עלי""], ""ואנן"": [""ואנן""], ""ואמר"": [""ואמר""], ""ליהון"": [""ליהון""], ""עבד"": [""עבד""], ""בידן"": [""בידן""], ""אינון"": [""אינון""], ""ואמרין"": [""ואמרין""], ""עלון"": [""עלון""], ""ומצוה"": [""ומצוה""], ""עלייהו"": [""עלייהו""], ""עלייהון"": [""עלייהון""], ""לארעא"": [""לארעא""], ""קא"": [""קא""], ""בידיה"": [""בידיה""], ""קרייה"": [""קרייה""], ""בידיהון"": [""בידיהון""], ""עבדין"": [""עבדין""], ""מיסכני"": [""מיסכני""], ""מיסכנייה"": [""מיסכנייה""], ""ועביד"": [""ועביד""], ""דאינון"": [""דאינון""], ""מיתלה"": [""מיתלה""], ""לארעיה"": [""לארעיה""], ""קריית"": [""קריית""], ""דכתיב"": [""דכתיב""], ""מיסכון"": [""מיסכון""], ""אפיטרופיא"": [""אפיטרופיא""], ""מיסכנייהון"": [""מיסכנייהון""], ""להוון"": [""להוון""], ""קרייהו"": [""קרייהו""], ""ועבידין"": [""ועבידין""], ""אפיטרופוס"": [""אפיטרופוס""], ""קרייתא"": [""קרייתא""], ""אפיטרופא"": [""אפיטרופא""], ""לארעיהון"": [""לארעיהון""], ""ועבידי"": [""ועבידי""], ""דאינן"": [""דאינן""], ""אפיטרופוסא"": [""אפיטרופוסא""], ""אפיטרופיאן"": [""אפיטרופיאן""], ""קרייהוון"": [""קרייהוון""], ""ועבידיי"": [""ועבידיי""], ""ועבידייון"": [""ועבידייון""]}",על,0.043369,להון,0.033545,ליה,0.019778,דכת,0.009931,להו,0.007844,דא,0.007153,ביה,0.007044,עלי,0.006742,ואנן,0.006347,ואמר,0.005514,ליהון,0.004261,עבד,0.003723,בידן,0.003489,אינון,0.003471,ואמרין,0.002982,עלון,0.002626,ומצוה,0.002347,עלייהו,0.001729,עלייהון,0.001624,לארעא,0.001241,קא,0.001182,בידיה,0.000896,קרייה,0.000691,בידיהון,0.000643,עבדין,0.000507,מיסכני,0.000505,מיסכנייה,0.000406,ועביד,0.000402,דאינון,0.000386,מיתלה,0.000347,לארעיה,0.000277,קריית,0.000147,דכתיב,0.000131,מיסכון,0.00013,אפיטרופיא,9.7e-05,מיסכנייהון,5.7e-05,להוון,4.1e-05,קרייהו,4.1e-05,ועבידין,4e-05,אפיטרופוס,3.5e-05,קרייתא,2e-05,אפיטרופא,1.9e-05,לארעיהון,1.7e-05,ועבידי,1.3e-05,דאינן,6e-06,אפיטרופוסא,2e-06,אפיטרופיאן,1e-06,קרייהוון,0.0,ועבידיי,0.0,ועבידייון,0.0,SYM,True,אמר,אמר,False,False,False,True,True,True,False,,,,False,False
Midrash_Aggadic_Midrash_Pesikta_DRav_Kahanna__10_1,pesikta_drk,198,גיירה,24.3403,0.8377,0.4427,0.5422,50,-1,False,"{""רבי"": 1, ""רב"": 1, ""לון"": 1, ""ליה"": 1, ""לי"": 1, ""להון"": 1, ""להו"": 1, ""אבי"": 1, ""אביי"": 1, ""ריש"": 1, ""קרא"": 1, ""לו"": 1, ""להם"": 1, ""לא"": 1, ""עשו"": 1, ""דוד"": 1, ""רבא"": 1, ""דבי"": 1, ""עול"": 1, ""עולא"": 1, ""אבא"": 1, ""קרח"": 1, ""לאבי"": 1, ""לאביי"": 1, ""אבוי"": 1, ""ליהון"": 1, ""אבימי"": 1, ""רביי"": 1, ""דודו"": 1, ""ליורש"": 1, ""לוון"": 1, ""להוון"": 1, ""קראן"": 1, ""ליורשי"": 1, ""ליורשין"": 1, ""עשויה"": 1, ""קרחא"": 1, ""דבייתך"": 1, ""דבייתא"": 1, ""אבויי"": 1, ""ליורשיי"": 1, ""רבייון"": 1, ""עשויהו"": 1, ""לאבייון"": 1, ""אבימיי"": 1, ""קרחאוי"": 1, ""דבייתאון"": 1, ""ליורשייון"": 1, ""קרחאויי"": 1, ""קרחאוייון"": 1}","{""רבי"": [""רבי""], ""רב"": [""רב""], ""לון"": [""לון""], ""ליה"": [""ליה""], ""לי"": [""לי""], ""להון"": [""להון""], ""להו"": [""להו""], ""אבי"": [""אבי""], ""אביי"": [""אביי""], ""ריש"": [""ריש""], ""קרא"": [""קרא""], ""לו"": [""לו""], ""להם"": [""להם""], ""לא"": [""לא""], ""עשו"": [""עשו""], ""דוד"": [""דוד""], ""רבא"": [""רבא""], ""דבי"": [""דבי""], ""עול"": [""עול""], ""עולא"": [""עולא""], ""אבא"": [""אבא""], ""קרח"": [""קרח""], ""לאבי"": [""לאבי""], ""לאביי"": [""לאביי""], ""אבוי"": [""אבוי""], ""ליהון"": [""ליהון""], ""אבימי"": [""אבימי""], ""רביי"": [""רביי""], ""דודו"": [""דודו""], ""ליורש"": [""ליורש""], ""לוון"": [""לוון""], ""להוון"": [""להוון""], ""קראן"": [""קראן""], ""ליורשי"": [""ליורשי""], ""ליורשין"": [""ליורשין""], ""עשויה"": [""עשויה""], ""קרחא"": [""קרחא""], ""דבייתך"": [""דבייתך""], ""דבייתא"": [""דבייתא""], ""אבויי"": [""אבויי""], ""ליורשיי"": [""ליורשיי""], ""רבייון"": [""רבייון""], ""עשויהו"": [""עשויהו""], ""לאבייון"": [""לאבייון""], ""אבימיי"": [""אבימיי""], ""קרחאוי"": [""קרחאוי""], ""דבייתאון"": [""דבייתאון""], ""ליורשייון"": [""ליורשייון""], ""קרחאויי"": [""קרחאויי""], ""קרחאוייון"": [""קרחאוייון""]}",רבי,0.140074,רב,0.060969,לון,0.049158,ליה,0.038285,לי,0.03367,להון,0.033665,להו,0.028349,אבי,0.025816,אביי,0.020537,ריש,0.016993,קרא,0.01645,לו,0.013818,להם,0.012195,לא,0.011636,עשו,0.011032,דוד,0.009608,רבא,0.005502,דבי,0.003647,עול,0.003261,עולא,0.002603,אבא,0.001764,קרח,0.000638,לאבי,0.00063,לאביי,0.000394,אבוי,0.000372,ליהון,0.00035,אבימי,0.000148,רביי,0.000139,דודו,0.000101,ליורש,9.7e-05,לוון,7.2e-05,להוון,5.3e-05,קראן,4.9e-05,ליורשי,4.5e-05,ליורשין,3.4e-05,עשויה,2.9e-05,קרחא,1.9e-05,דבייתך,1.6e-05,דבייתא,1.4e-05,אבויי,1.2e-05,ליורשיי,2e-06,רבייון,1e-06,עשויהו,0.0,לאבייון,0.0,אבימיי,0.0,קרחאוי,0.0,דבייתאון,0.0,ליורשייון,0.0,קרחאויי,0.0,קרחאוייון,0.0,SYM,True,גיירה,גייר,False,False,False,True,True,True,False,,,,False,False
Midrash_Aggadic_Midrash_Pesikta_DRav_Kahanna__10_1,pesikta_drk,199,בחזורי',25.1075,0.8484,0.7434,0.0924,50,-1,False,"{""דכת"": 1, ""רבי"": 1, ""ליה"": 1, ""דנפק"": 1, ""גיירה"": 1, ""ואמר"": 1, ""ואנן"": 1, ""רחמנא"": 1, ""דנפקין"": 1, ""גייר"": 1, ""לון"": 1, ""עשו"": 1, ""עלי"": 1, ""וגו"": 1, ""קרת"": 1, ""אינון"": 1, ""מיתלה"": 1, ""קרתא"": 1, ""ביה"": 1, ""קמיה"": 1, ""גיירן"": 1, ""בידן"": 1, ""ליהון"": 1, ""בידיה"": 1, ""מיסכני"": 1, ""ואמרין"": 1, ""מיסכנייה"": 1, ""אבוי"": 1, ""עליון"": 1, ""דנפקי"": 1, ""ועביד"": 1, ""רחמי"": 1, ""בידיהון"": 1, ""רחמניה"": 1, ""קמיהון"": 1, ""מיסכיה"": 1, ""עשויה"": 1, ""גיירהון"": 1, ""ועיברה"": 1, ""מיסכיהון"": 1, ""מיסכנייהו"": 1, ""אבויי"": 1, ""ועבידא"": 1, ""דנפקיין"": 1, ""רחמניהון"": 1, ""ועיברהון"": 1, ""עשויהו"": 1, ""אבוייון"": 1, ""ועבידאון"": 1, ""עשויהוון"": 1}","{""דכת"": [""דכת""], ""רבי"": [""רבי""], ""ליה"": [""ליה""], ""דנפק"": [""דנפק""], ""גיירה"": [""גיירה""], ""ואמר"": [""ואמר""], ""ואנן"": [""ואנן""], ""רחמנא"": [""רחמנא""], ""דנפקין"": [""דנפקין""], ""גייר"": [""גייר""], ""לון"": [""לון""], ""עשו"": [""עשו""], ""עלי"": [""עלי""], ""וגו"": [""וגו""], ""קרת"": [""קרת""], ""אינון"": [""אינון""], ""מיתלה"": [""מיתלה""], ""קרתא"": [""קרתא""], ""ביה"": [""ביה""], ""קמיה"": [""קמיה""], ""גיירן"": [""גיירן""], ""בידן"": [""בידן""], ""ליהון"": [""ליהון""], ""בידיה"": [""בידיה""], ""מיסכני"": [""מיסכני""], ""ואמרין"": [""ואמרין""], ""מיסכנייה"": [""מיסכנייה""], ""אבוי"": [""אבוי""], ""עליון"": [""עליון""], ""דנפקי"": [""דנפקי""], ""ועביד"": [""ועביד""], ""רחמי"": [""רחמי""], ""בידיהון"": [""בידיהון""], ""רחמניה"": [""רחמניה""], ""קמיהון"": [""קמיהון""], ""מיסכיה"": [""מיסכיה""], ""עשויה"": [""עשויה""], ""גיירהון"": [""גיירהון""], ""ועיברה"": [""ועיברה""], ""מיסכיהון"": [""מיסכיהון""], ""מיסכנייהו"": [""מיסכנייהו""], ""אבויי"": [""אבויי""], ""ועבידא"": [""ועבידא""], ""דנפקיין"": [""דנפקיין""], ""רחמניהון"": [""רחמניהון""], ""ועיברהון"": [""ועיברהון""], ""עשויהו"": [""עשויהו""], ""אבוייון"": [""אבוייון""], ""ועבידאון"": [""ועבידאון""], ""עשויהוון"": [""עשויהוון""]}",דכת,0.021962,רבי,0.007995,ליה,0.007484,דנפק,0.006741,גיירה,0.006586,ואמר,0.005702,ואנן,0.004877,רחמנא,0.004005,דנפקין,0.00367,גייר,0.002745,לון,0.00243,עשו,0.002265,עלי,0.002095,וגו,0.001811,קרת,0.001645,אינון,0.001604,מיתלה,0.001063,קרתא,0.001035,ביה,0.000866,קמיה,0.000658,גיירן,0.000545,בידן,0.000543,ליהון,0.000543,בידיה,0.000487,מיסכני,0.000477,ואמרין,0.000424,מיסכנייה,0.000381,אבוי,0.000336,עליון,0.000328,דנפקי,0.000264,ועביד,0.00025,רחמי,0.00022,בידיהון,8.7e-05,רחמניה,6e-05,קמיהון,4.7e-05,מיסכיה,4.4e-05,עשויה,3.6e-05,גיירהון,3.2e-05,ועיברה,2.8e-05,מיסכיהון,2.1e-05,מיסכנייהו,1.5e-05,אבויי,1e-05,ועבידא,6e-06,דנפקיין,1e-06,רחמניהון,1e-06,ועיברהון,1e-06,עשויהו,0.0,אבוייון,0.0,ועבידאון,0.0,עשויהוון,0.0,PUNCT,False,בחזורי,[BLANK],False,False,False,True,True,True,False,,,,False,False
Midrash_Aggadic_Midrash_Pesikta_DRav_Kahanna__10_1,pesikta_drk,200,ומפלגא,21.7489,0.7995,0.4484,0.1397,50,-1,False,"{""דכת"": 1, ""אמר"": 1, ""ר"": 1, ""ולא"": 1, ""ואמר"": 1, ""ואנן"": 1, ""דא"": 1, ""גיירה"": 1, ""והא"": 1, ""רבי"": 1, ""מאי"": 1, ""גייר"": 1, ""והדר"": 1, ""ואמרין"": 1, ""אמרו"": 1, ""אינון"": 1, ""ולאו"": 1, ""מיתלה"": 1, ""דכתיב"": 1, ""ובעי"": 1, ""ועביד"": 1, ""מיתל"": 1, ""גיירן"": 1, ""דאילו"": 1, ""אדעתא"": 1, ""דאילין"": 1, ""והאידנא"": 1, ""והדרי"": 1, ""מיתליא"": 1, ""ועבורי"": 1, ""אדעתך"": 1, ""ועבידין"": 1, ""גיירהו"": 1, ""רביי"": 1, ""והאידנ"": 1, ""ולאויר"": 1, ""מיתלהו"": 1, ""והאידנין"": 1, ""מיתליאו"": 1, ""ולאוירא"": 1, ""ועבוריי"": 1, ""גיירהוון"": 1, ""רבייון"": 1, ""דאילוון"": 1, ""מיתלהוון"": 1, ""מיתליאוון"": 1, ""ולאויראוי"": 1, ""ועבורייון"": 1, ""ולאויראויי"": 1, ""ולאויראוייון"": 1}","{""דכת"": [""דכת""], ""אמר"": [""אמר""], ""ר"": [""ר""], ""ולא"": [""ולא""], ""ואמר"": [""ואמר""], ""ואנן"": [""ואנן""], ""דא"": [""דא""], ""גיירה"": [""גיירה""], ""והא"": [""והא""], ""רבי"": [""רבי""], ""מאי"": [""מאי""], ""גייר"": [""גייר""], ""והדר"": [""והדר""], ""ואמרין"": [""ואמרין""], ""אמרו"": [""אמרו""], ""אינון"": [""אינון""], ""ולאו"": [""ולאו""], ""מיתלה"": [""מיתלה""], ""דכתיב"": [""דכתיב""], ""ובעי"": [""ובעי""], ""ועביד"": [""ועביד""], ""מיתל"": [""מיתל""], ""גיירן"": [""גיירן""], ""דאילו"": [""דאילו""], ""אדעתא"": [""אדעתא""], ""דאילין"": [""דאילין""], ""והאידנא"": [""והאידנא""], ""והדרי"": [""והדרי""], ""מיתליא"": [""מיתליא""], ""ועבורי"": [""ועבורי""], ""אדעתך"": [""אדעתך""], ""ועבידין"": [""ועבידין""], ""גיירהו"": [""גיירהו""], ""רביי"": [""רביי""], ""והאידנ"": [""והאידנ""], ""ולאויר"": [""ולאויר""], ""מיתלהו"": [""מיתלהו""], ""והאידנין"": [""והאידנין""], ""מיתליאו"": [""מיתליאו""], ""ולאוירא"": [""ולאוירא""], ""ועבוריי"": [""ועבוריי""], ""גיירהוון"": [""גיירהוון""], ""רבייון"": [""רבייון""], ""דאילוון"": [""דאילוון""], ""מיתלהוון"": [""מיתלהוון""], ""מיתליאוון"": [""מיתליאוון""], ""ולאויראוי"": [""ולאויראוי""], ""ועבורייון"": [""ועבורייון""], ""ולאויראויי"": [""ולאויראויי""], ""ולאויראוייון"": [""ולאויראוייון""]}",דכת,0.025507,אמר,0.022034,ר,0.021693,ולא,0.020063,ואמר,0.01616,ואנן,0.009802,דא,0.00754,גיירה,0.003623,והא,0.001868,רבי,0.001689,מאי,0.001687,גייר,0.001397,והדר,0.001264,ואמרין,0.00103,אמרו,0.000983,אינון,0.000694,ולאו,0.000449,מיתלה,0.000442,דכתיב,0.000349,ובעי,0.000339,ועביד,0.000315,מיתל,0.000222,גיירן,0.000193,דאילו,7.4e-05,אדעתא,5.7e-05,דאילין,4.4e-05,והאידנא,3.7e-05,והדרי,3.6e-05,מיתליא,2.8e-05,ועבורי,2.2e-05,אדעתך,1.4e-05,ועבידין,1e-05,גיירהו,9e-06,רביי,4e-06,והאידנ,2e-06,ולאויר,1e-06,מיתלהו,1e-06,והאידנין,0.0,מיתליאו,0.0,ולאוירא,0.0,ועבוריי,0.0,גיירהוון,0.0,רבייון,0.0,דאילוון,0.0,מיתלהוון,0.0,מיתליאוון,0.0,ולאויראוי,0.0,ועבורייון,0.0,ולאויראויי,0.0,ולאויראוייון,0.0,SYM,False,ומפלגא,[BLANK],False,False,False,True,True,True,False,,,,False,False
Midrash_Aggadic_Midrash_Pesikta_DRav_Kahanna__10_1,pesikta_drk,201,לביישיה,22.8631,0.7207,0.2906,0.0407,50,-1,False,"{""דרב"": 1, ""לית"": 1, ""ואנן"": 1, ""ואמר"": 1, ""ליה"": 1, ""דידיה"": 1, ""גיירה"": 1, ""קא"": 1, ""דידן"": 1, ""בתר"": 1, ""גייר"": 1, ""מיתלה"": 1, ""מיניה"": 1, ""שמע"": 1, ""נפק"": 1, ""שית"": 1, ""אינון"": 1, ""אמרי"": 1, ""שיתא"": 1, ""ורביע"": 1, ""ותלת"": 1, ""קמיה"": 1, ""בידא"": 1, ""נפשא"": 1, ""בידיה"": 1, ""ורביעא"": 1, ""נפשאי"": 1, ""ותלתא"": 1, ""ליהון"": 1, ""מיניהו"": 1, ""גיירן"": 1, ""ליתו"": 1, ""ואמרין"": 1, ""שמעתתא"": 1, ""איניש"": 1, ""שמעתא"": 1, ""קמך"": 1, ""קמיהון"": 1, ""דידיהון"": 1, ""בידיהון"": 1, ""ליתוון"": 1, ""שמעתתיה"": 1, ""גיירהו"": 1, ""נפשאיי"": 1, ""מיתלהו"": 1, ""בידאון"": 1, ""אינישא"": 1, ""מיניהוון"": 1, ""גיירהוון"": 1, ""מיתלהוון"": 1}","{""דרב"": [""דרב""], ""לית"": [""לית""], ""ואנן"": [""ואנן""], ""ואמר"": [""ואמר""], ""ליה"": [""ליה""], ""דידיה"": [""דידיה""], ""גיירה"": [""גיירה""], ""קא"": [""קא""], ""דידן"": [""דידן""], ""בתר"": [""בתר""], ""גייר"": [""גייר""], ""מיתלה"": [""מיתלה""], ""מיניה"": [""מיניה""], ""שמע"": [""שמע""], ""נפק"": [""נפק""], ""שית"": [""שית""], ""אינון"": [""אינון""], ""אמרי"": [""אמרי""], ""שיתא"": [""שיתא""], ""ורביע"": [""ורביע""], ""ותלת"": [""ותלת""], ""קמיה"": [""קמיה""], ""בידא"": [""בידא""], ""נפשא"": [""נפשא""], ""בידיה"": [""בידיה""], ""ורביעא"": [""ורביעא""], ""נפשאי"": [""נפשאי""], ""ותלתא"": [""ותלתא""], ""ליהון"": [""ליהון""], ""מיניהו"": [""מיניהו""], ""גיירן"": [""גיירן""], ""ליתו"": [""ליתו""], ""ואמרין"": [""ואמרין""], ""שמעתתא"": [""שמעתתא""], ""איניש"": [""איניש""], ""שמעתא"": [""שמעתא""], ""קמך"": [""קמך""], ""קמיהון"": [""קמיהון""], ""דידיהון"": [""דידיהון""], ""בידיהון"": [""בידיהון""], ""ליתוון"": [""ליתוון""], ""שמעתתיה"": [""שמעתתיה""], ""גיירהו"": [""גיירהו""], ""נפשאיי"": [""נפשאיי""], ""מיתלהו"": [""מיתלהו""], ""בידאון"": [""בידאון""], ""אינישא"": [""אינישא""], ""מיניהוון"": [""מיניהוון""], ""גיירהוון"": [""גיירהוון""], ""מיתלהוון"": [""מיתלהוון""]}",דרב,0.005309,לית,0.004047,ואנן,0.003725,ואמר,0.002683,ליה,0.002613,דידיה,0.002441,גיירה,0.001646,קא,0.001635,דידן,0.001626,בתר,0.001455,גייר,0.001302,מיתלה,0.001295,מיניה,0.001265,שמע,0.001182,נפק,0.001086,שית,0.001076,אינון,0.000893,אמרי,0.000668,שיתא,0.000446,ורביע,0.00044,ותלת,0.000406,קמיה,0.000364,בידא,0.00033,נפשא,0.000328,בידיה,0.00032,ורביעא,0.000316,נפשאי,0.000313,ותלתא,0.000284,ליהון,0.000274,מיניהו,0.00017,גיירן,0.000144,ליתו,0.00012,ואמרין,9.2e-05,שמעתתא,8.5e-05,איניש,8.4e-05,שמעתא,7.7e-05,קמך,6.5e-05,קמיהון,6.1e-05,דידיהון,2.2e-05,בידיהון,1.9e-05,ליתוון,1.8e-05,שמעתתיה,5e-06,גיירהו,4e-06,נפשאיי,3e-06,מיתלהו,2e-06,בידאון,1e-06,אינישא,0.0,מיניהוון,0.0,גיירהוון,0.0,מיתלהוון,0.0,VERB,True,לביישיה,ביישנות,True,False,True,True,True,True,True,6.0,57.0,-51.0,True,False
Midrash_Aggadic_Midrash_Pesikta_DRav_Kahanna__10_1,pesikta_drk,202,ר',6.4421,0.8682,0.7266,0.2013,50,-1,False,"{""אמר"": 1, ""ולא"": 1, ""ואמר"": 1, ""על"": 1, ""ואנן"": 1, ""דכת"": 1, ""דא"": 1, ""והא"": 1, ""ולאו"": 1, ""אמרי"": 1, ""אמרו"": 1, ""לבייש"": 1, ""אמ"": 1, ""והדר"": 1, ""מפלג"": 1, ""ואמרין"": 1, ""מפלגא"": 1, ""עלין"": 1, ""ולית"": 1, ""מיתלה"": 1, ""לביישיה"": 1, ""לאריסייה"": 1, ""ועביד"": 1, ""דכתיב"": 1, ""ותלת"": 1, ""דאילו"": 1, ""דאילין"": 1, ""אמימר"": 1, ""ותלתא"": 1, ""ולמיכל"": 1, ""והאידנא"": 1, ""ולמיסר"": 1, ""ועבידין"": 1, ""לאריסייהו"": 1, ""והדרת"": 1, ""ולמיסריה"": 1, ""ולאוין"": 1, ""לביישיהו"": 1, ""אמימרא"": 1, ""אמריין"": 1, ""מיתלהו"": 1, ""ולמיכלון"": 1, ""אמימריה"": 1, ""דאילוון"": 1, ""ולמיסריהו"": 1, ""לאריסייהוון"": 1, ""לביישיהוון"": 1, ""מיתלהוון"": 1, ""אמימריהון"": 1, ""ולמיסריהוון"": 1}","{""אמר"": [""אמר""], ""ולא"": [""ולא""], ""ואמר"": [""ואמר""], ""על"": [""על""], ""ואנן"": [""ואנן""], ""דכת"": [""דכת""], ""דא"": [""דא""], ""והא"": [""והא""], ""ולאו"": [""ולאו""], ""אמרי"": [""אמרי""], ""אמרו"": [""אמרו""], ""לבייש"": [""לבייש""], ""אמ"": [""אמ""], ""והדר"": [""והדר""], ""מפלג"": [""מפלג""], ""ואמרין"": [""ואמרין""], ""מפלגא"": [""מפלגא""], ""עלין"": [""עלין""], ""ולית"": [""ולית""], ""מיתלה"": [""מיתלה""], ""לביישיה"": [""לביישיה""], ""לאריסייה"": [""לאריסייה""], ""ועביד"": [""ועביד""], ""דכתיב"": [""דכתיב""], ""ותלת"": [""ותלת""], ""דאילו"": [""דאילו""], ""דאילין"": [""דאילין""], ""אמימר"": [""אמימר""], ""ותלתא"": [""ותלתא""], ""ולמיכל"": [""ולמיכל""], ""והאידנא"": [""והאידנא""], ""ולמיסר"": [""ולמיסר""], ""ועבידין"": [""ועבידין""], ""לאריסייהו"": [""לאריסייהו""], ""והדרת"": [""והדרת""], ""ולמיסריה"": [""ולמיסריה""], ""ולאוין"": [""ולאוין""], ""לביישיהו"": [""לביישיהו""], ""אמימרא"": [""אמימרא""], ""אמריין"": [""אמריין""], ""מיתלהו"": [""מיתלהו""], ""ולמיכלון"": [""ולמיכלון""], ""אמימריה"": [""אמימריה""], ""דאילוון"": [""דאילוון""], ""ולמיסריהו"": [""ולמיסריהו""], ""לאריסייהוון"": [""לאריסייהוון""], ""לביישיהוון"": [""לביישיהוון""], ""מיתלהוון"": [""מיתלהוון""], ""אמימריהון"": [""אמימריהון""], ""ולמיסריהוון"": [""ולמיסריהוון""]}",אמר,0.056609,ולא,0.030301,ואמר,0.027121,על,0.021486,ואנן,0.01864,דכת,0.016188,דא,0.007767,והא,0.002725,ולאו,0.002366,אמרי,0.002267,אמרו,0.001766,לבייש,0.001734,אמ,0.001711,והדר,0.001653,מפלג,0.001358,ואמרין,0.00125,מפלגא,0.001226,עלין,0.000794,ולית,0.000722,מיתלה,0.000614,לביישיה,0.000544,לאריסייה,0.000469,ועביד,0.000451,דכתיב,0.000345,ותלת,0.000274,דאילו,0.000198,דאילין,0.000177,אמימר,0.000175,ותלתא,7e-05,ולמיכל,6.6e-05,והאידנא,5.4e-05,ולמיסר,3.5e-05,ועבידין,2.2e-05,לאריסייהו,2.2e-05,והדרת,1.9e-05,ולמיסריה,1.7e-05,ולאוין,1e-05,לביישיהו,7e-06,אמימרא,2e-06,אמריין,1e-06,מיתלהו,1e-06,ולמיכלון,1e-06,אמימריה,0.0,דאילוון,0.0,ולמיסריהו,0.0,לאריסייהוון,0.0,לביישיהוון,0.0,מיתלהוון,0.0,אמימריהון,0.0,ולמיסריהוון,0.0,PRON,False,ר,ר,False,False,False,True,True,True,False,,,,False,False
Midrash_Aggadic_Midrash_Pesikta_DRav_Kahanna__10_1,pesikta_drk,203,לוי,7.41,0.8799,0.7343,0.345,50,-1,False,"{""יצחק"": 1, ""חנינה"": 1, ""יהודה"": 1, ""יוסי"": 1, ""חזק"": 1, ""חזקיה"": 1, ""יהושע"": 1, ""שמעון"": 1, ""אבא"": 1, ""פנחס"": 1, ""יוחנן"": 1, ""עשו"": 1, ""אמי"": 1, ""רבי"": 1, ""חנינא"": 1, ""שמעיה"": 1, ""עוקבא"": 1, ""ר"": 1, ""גיירה"": 1, ""חזקי"": 1, ""מרי"": 1, ""פינחס"": 1, ""דניאל"": 1, ""יהוד"": 1, ""גמל"": 1, ""גמליאל"": 1, ""יהודא"": 1, ""חזקיהו"": 1, ""שמו"": 1, ""מיכל"": 1, ""יצחקי"": 1, ""חזקייה"": 1, ""עוקב"": 1, ""מיכאל"": 1, ""חנינן"": 1, ""חזקייהו"": 1, ""אמיי"": 1, ""עוקביה"": 1, ""שמעיהו"": 1, ""רביי"": 1, ""גיירהו"": 1, ""עוקביהון"": 1, ""מיכלמא"": 1, ""יצחקיון"": 1, ""מיכאלין"": 1, ""שמעיהוון"": 1, ""מיכלמאן"": 1, ""אמייון"": 1, ""גיירהוון"": 1, ""רבייון"": 1}","{""יצחק"": [""יצחק""], ""חנינה"": [""חנינה""], ""יהודה"": [""יהודה""], ""יוסי"": [""יוסי""], ""חזק"": [""חזק""], ""חזקיה"": [""חזקיה""], ""יהושע"": [""יהושע""], ""שמעון"": [""שמעון""], ""אבא"": [""אבא""], ""פנחס"": [""פנחס""], ""יוחנן"": [""יוחנן""], ""עשו"": [""עשו""], ""אמי"": [""אמי""], ""רבי"": [""רבי""], ""חנינא"": [""חנינא""], ""שמעיה"": [""שמעיה""], ""עוקבא"": [""עוקבא""], ""ר"": [""ר""], ""גיירה"": [""גיירה""], ""חזקי"": [""חזקי""], ""מרי"": [""מרי""], ""פינחס"": [""פינחס""], ""דניאל"": [""דניאל""], ""יהוד"": [""יהוד""], ""גמל"": [""גמל""], ""גמליאל"": [""גמליאל""], ""יהודא"": [""יהודא""], ""חזקיהו"": [""חזקיהו""], ""שמו"": [""שמו""], ""מיכל"": [""מיכל""], ""יצחקי"": [""יצחקי""], ""חזקייה"": [""חזקייה""], ""עוקב"": [""עוקב""], ""מיכאל"": [""מיכאל""], ""חנינן"": [""חנינן""], ""חזקייהו"": [""חזקייהו""], ""אמיי"": [""אמיי""], ""עוקביה"": [""עוקביה""], ""שמעיהו"": [""שמעיהו""], ""רביי"": [""רביי""], ""גיירהו"": [""גיירהו""], ""עוקביהון"": [""עוקביהון""], ""מיכלמא"": [""מיכלמא""], ""יצחקיון"": [""יצחקיון""], ""מיכאלין"": [""מיכאלין""], ""שמעיהוון"": [""שמעיהוון""], ""מיכלמאן"": [""מיכלמאן""], ""אמייון"": [""אמייון""], ""גיירהוון"": [""גיירהוון""], ""רבייון"": [""רבייון""]}",יצחק,0.0987,חנינה,0.036146,יהודה,0.025348,יוסי,0.0162,חזק,0.016198,חזקיה,0.01579,יהושע,0.015595,שמעון,0.013572,אבא,0.011674,פנחס,0.010358,יוחנן,0.010214,עשו,0.010123,אמי,0.009091,רבי,0.009068,חנינא,0.007763,שמעיה,0.005152,עוקבא,0.004735,ר,0.00456,גיירה,0.004539,חזקי,0.004095,מרי,0.002724,פינחס,0.002192,דניאל,0.002186,יהוד,0.001537,גמל,0.001327,גמליאל,0.00124,יהודא,0.000881,חזקיהו,0.000828,שמו,0.000759,מיכל,0.000545,יצחקי,0.000488,חזקייה,0.000434,עוקב,0.000414,מיכאל,0.000201,חנינן,0.000183,חזקייהו,6.9e-05,אמיי,3.6e-05,עוקביה,2.7e-05,שמעיהו,1.6e-05,רביי,8e-06,גיירהו,7e-06,עוקביהון,3e-06,מיכלמא,1e-06,יצחקיון,1e-06,מיכאלין,1e-06,שמעיהוון,0.0,מיכלמאן,0.0,אמייון,0.0,גיירהוון,0.0,רבייון,0.0,ADP,False,לוי,לוי,False,False,False,True,True,True,False,,,,False,False
Midrash_Aggadic_Midrash_Pesikta_DRav_Kahanna__10_1,pesikta_drk,204,פתר,0.9668,0.1842,0.0,0.652,42,1,True,"{""פתר"": 1, ""אמר"": 1, ""בר"": 1, ""ר"": 1, ""דכת"": 1, ""ברבי"": 1, ""דא"": 1, ""ור"": 1, ""אמ"": 1, ""פתרו"": 1, ""אמרה"": 1, ""ורב"": 1, ""פירש"": 1, ""מאי"": 1, ""ורבי"": 1, ""אמרי"": 1, ""מפלג"": 1, ""מפלגא"": 1, ""דכתיב"": 1, ""ורבנן"": 1, ""דאמרי"": 1, ""מפליג"": 1, ""אמרהון"": 1, ""פירשוה"": 1, ""פתרויה"": 1, ""מפליגא"": 1, ""פירשוהו"": 1, ""ברביי"": 1, ""פתרויהו"": 1, ""ורביי"": 1, ""דכתיבא"": 1, ""אמריי"": 1, ""ברבייון"": 1, ""אמריה"": 1, ""ורבייון"": 1, ""פתרויהוון"": 1, ""אמריהון"": 1, ""דכתיבאנו"": 1, ""אמרייון"": 1, ""דכתיבאנוו"": 1, ""דכתיבאנוויה"": 1, ""דכתיבאנוויהו"": 1}","{""פתר"": [""פתר""], ""אמר"": [""אמר""], ""בר"": [""בר""], ""ר"": [""ר""], ""דכת"": [""דכת""], ""ברבי"": [""ברבי""], ""דא"": [""דא""], ""ור"": [""ור""], ""אמ"": [""אמ""], ""פתרו"": [""פתרו""], ""אמרה"": [""אמרה""], ""ורב"": [""ורב""], ""פירש"": [""פירש""], ""מאי"": [""מאי""], ""ורבי"": [""ורבי""], ""אמרי"": [""אמרי""], ""מפלג"": [""מפלג""], ""מפלגא"": [""מפלגא""], ""דכתיב"": [""דכתיב""], ""ורבנן"": [""ורבנן""], ""דאמרי"": [""דאמרי""], ""מפליג"": [""מפליג""], ""אמרהון"": [""אמרהון""], ""פירשוה"": [""פירשוה""], ""פתרויה"": [""פתרויה""], ""מפליגא"": [""מפליגא""], ""פירשוהו"": [""פירשוהו""], ""ברביי"": [""ברביי""], ""פתרויהו"": [""פתרויהו""], ""ורביי"": [""ורביי""], ""דכתיבא"": [""דכתיבא""], ""אמריי"": [""אמריי""], ""ברבייון"": [""ברבייון""], ""אמריה"": [""אמריה""], ""ורבייון"": [""ורבייון""], ""פתרויהוון"": [""פתרויהוון""], ""אמריהון"": [""אמריהון""], ""דכתיבאנו"": [""דכתיבאנו""], ""אמרייון"": [""אמרייון""], ""דכתיבאנוו"": [""דכתיבאנוו""], ""דכתיבאנוויה"": [""דכתיבאנוויה""], ""דכתיבאנוויהו"": [""דכתיבאנוויהו""]}",פתר,0.511646,אמר,0.059399,בר,0.031794,ר,0.012451,דכת,0.00961,ברבי,0.006233,דא,0.004832,ור,0.00308,אמ,0.002567,פתרו,0.002064,אמרה,0.001367,ורב,0.001187,פירש,0.001185,מאי,0.001033,ורבי,0.000976,אמרי,0.000944,מפלג,0.000529,מפלגא,0.00046,דכתיב,0.000155,ורבנן,0.000116,דאמרי,9.5e-05,מפליג,7.7e-05,אמרהון,7.1e-05,פירשוה,3e-05,פתרויה,2.5e-05,מפליגא,2.2e-05,פירשוהו,1.5e-05,ברביי,1.4e-05,פתרויהו,2e-06,ורביי,1e-06,דכתיבא,1e-06,אמריי,0.0,ברבייון,0.0,אמריה,0.0,ורבייון,0.0,פתרויהוון,0.0,אמריהון,0.0,דכתיבאנו,0.0,אמרייון,0.0,דכתיבאנוו,0.0,דכתיבאנוויה,0.0,דכתיבאנוויהו,0.0,,,,,,,,,,,,,,,,,SYM,True,פתר,פתר,False,False,False,True,True,True,False,,,,False,False
Midrash_Aggadic_Midrash_Pesikta_DRav_Kahanna__10_1,pesikta_drk,205,קריה,9.9441,0.4418,0.3998,0.8905,5,-1,False,"{""קרייה"": 1, ""קרייא"": 1, ""קראי"": 1, ""קרייהו"": 1, ""קרייאו"": 1}","{""קרייה"": [""קרייה""], ""קרייא"": [""קרייא""], ""קראי"": [""קראי""], ""קרייהו"": [""קרייהו""], ""קרייאו"": [""קרייאו""]}",קרייה,0.792347,קרייא,0.064031,קראי,0.033077,קרייהו,0.001032,קרייאו,5.9e-05,,,,,,,,,,,,,,,,,,,,,,,,,,,,,,,,,,,,,,,,,,,,,,,,,,,,,,,,,,,,,,,,,,,,,,,,,,,,,,,,,,,,,,,,,,,NUM,True,קריה,קריה,False,False,False,True,True,True,False,,,,False,False
Midrash_Aggadic_Midrash_Pesikta_DRav_Kahanna__10_1,pesikta_drk,206,בזה,3.5395,0.5149,-0.0,0.1973,50,1,True,"{""בזה"": 1, ""על"": 1, ""דכת"": 1, ""בחזורי"": 1, ""בשואל"": 1, ""בעי"": 1, ""דא"": 1, ""באומר"": 1, ""באדם"": 1, ""כנשון"": 1, ""במלוה"": 1, ""בשני"": 1, ""בריש"": 1, ""בענין"": 1, ""בהא"": 1, ""ברוח"": 1, ""בהון"": 1, ""במלא"": 1, ""במלווה"": 1, ""בעיור"": 1, ""ברישא"": 1, ""בחזירי"": 1, ""באומרו"": 1, ""בשואלין"": 1, ""כמי"": 1, ""עליה"": 1, ""בדינא"": 1, ""עליהון"": 1, ""דכתיב"": 1, ""במלאכה"": 1, ""בעיורין"": 1, ""בזהר"": 1, ""ברוחב"": 1, ""בדינר"": 1, ""דאילין"": 1, ""דאילו"": 1, ""בדינרין"": 1, ""בחזוריי"": 1, ""כנשונא"": 1, ""במלווהו"": 1, ""כנשוניה"": 1, ""בחזיריון"": 1, ""בהאילין"": 1, ""בהאילן"": 1, ""כנשוניהון"": 1, ""בזהרין"": 1, ""בחזורייון"": 1, ""דאילוון"": 1, ""במלווהוות"": 1, ""במלווהוותא"": 1}","{""בזה"": [""בזה""], ""על"": [""על""], ""דכת"": [""דכת""], ""בחזורי"": [""בחזורי""], ""בשואל"": [""בשואל""], ""בעי"": [""בעי""], ""דא"": [""דא""], ""באומר"": [""באומר""], ""באדם"": [""באדם""], ""כנשון"": [""כנשון""], ""במלוה"": [""במלוה""], ""בשני"": [""בשני""], ""בריש"": [""בריש""], ""בענין"": [""בענין""], ""בהא"": [""בהא""], ""ברוח"": [""ברוח""], ""בהון"": [""בהון""], ""במלא"": [""במלא""], ""במלווה"": [""במלווה""], ""בעיור"": [""בעיור""], ""ברישא"": [""ברישא""], ""בחזירי"": [""בחזירי""], ""באומרו"": [""באומרו""], ""בשואלין"": [""בשואלין""], ""כמי"": [""כמי""], ""עליה"": [""עליה""], ""בדינא"": [""בדינא""], ""עליהון"": [""עליהון""], ""דכתיב"": [""דכתיב""], ""במלאכה"": [""במלאכה""], ""בעיורין"": [""בעיורין""], ""בזהר"": [""בזהר""], ""ברוחב"": [""ברוחב""], ""בדינר"": [""בדינר""], ""דאילין"": [""דאילין""], ""דאילו"": [""דאילו""], ""בדינרין"": [""בדינרין""], ""בחזוריי"": [""בחזוריי""], ""כנשונא"": [""כנשונא""], ""במלווהו"": [""במלווהו""], ""כנשוניה"": [""כנשוניה""], ""בחזיריון"": [""בחזיריון""], ""בהאילין"": [""בהאילין""], ""בהאילן"": [""בהאילן""], ""כנשוניהון"": [""כנשוניהון""], ""בזהרין"": [""בזהרין""], ""בחזורייון"": [""בחזורייון""], ""דאילוון"": [""דאילוון""], ""במלווהוות"": [""במלווהוות""], ""במלווהוותא"": [""במלווהוותא""]}",בזה,0.086001,על,0.032136,דכת,0.019149,בחזורי,0.013178,בשואל,0.008218,בעי,0.006686,דא,0.005486,באומר,0.00318,באדם,0.003035,כנשון,0.003027,במלוה,0.00283,בשני,0.002259,בריש,0.001516,בענין,0.001505,בהא,0.001058,ברוח,0.001026,בהון,0.000963,במלא,0.000772,במלווה,0.000757,בעיור,0.000663,ברישא,0.000607,בחזירי,0.000588,באומרו,0.000578,בשואלין,0.000403,כמי,0.000384,עליה,0.00027,בדינא,0.000154,עליהון,0.000139,דכתיב,0.000135,במלאכה,0.000128,בעיורין,0.000125,בזהר,8.5e-05,ברוחב,6.2e-05,בדינר,5.3e-05,דאילין,3.2e-05,דאילו,2.6e-05,בדינרין,2.4e-05,בחזוריי,1.9e-05,כנשונא,1.5e-05,במלווהו,1.1e-05,כנשוניה,1e-05,בחזיריון,9e-06,בהאילין,7e-06,בהאילן,6e-06,כנשוניהון,1e-06,בזהרין,0.0,בחזורייון,0.0,דאילוון,0.0,במלווהוות,0.0,במלווהוותא,0.0,SYM,True,בזה,בזה,False,False,False,True,True,True,False,,,,False,False
Midrash_Aggadic_Midrash_Pesikta_DRav_Kahanna__10_1,pesikta_drk,207,שאינו,5.996,0.6622,0.0,0.4106,50,9,True,"{""שהוא"": 1, ""שהיה"": 1, ""שלא"": 1, ""שהכניס"": 1, ""שאמר"": 1, ""שאין"": 1, ""הוא"": 1, ""שאם"": 1, ""שאינו"": 1, ""דכת"": 1, ""שהיא"": 1, ""שעושה"": 1, ""שהיתה"": 1, ""שמלוה"": 1, ""שנכנס"": 1, ""שלוקח"": 1, ""שבא"": 1, ""שעשו"": 1, ""שעושק"": 1, ""שנוטל"": 1, ""שמלווה"": 1, ""שלקח"": 1, ""דא"": 1, ""שהכניסו"": 1, ""שנכנסו"": 1, ""שמוכר"": 1, ""שגוזל"": 1, ""שמלוין"": 1, ""שכופר"": 1, ""הואיל"": 1, ""שגוזר"": 1, ""שלוקחין"": 1, ""שמלווהו"": 1, ""שעושהו"": 1, ""שאמרנו"": 1, ""דכתיב"": 1, ""שגוזרין"": 1, ""שעושקין"": 1, ""שלאחר"": 1, ""שבזאת"": 1, ""שבזין"": 1, ""דאילו"": 1, ""דאילין"": 1, ""שלקחוה"": 1, ""שהיהודים"": 1, ""שלקחוהו"": 1, ""שגוזלן"": 1, ""שנוטלן"": 1, ""שהיהודית"": 1, ""שהיהודיתים"": 1}","{""שהוא"": [""שהוא""], ""שהיה"": [""שהיה""], ""שלא"": [""שלא""], ""שהכניס"": [""שהכניס""], ""שאמר"": [""שאמר""], ""שאין"": [""שאין""], ""הוא"": [""הוא""], ""שאם"": [""שאם""], ""שאינו"": [""שאינו""], ""דכת"": [""דכת""], ""שהיא"": [""שהיא""], ""שעושה"": [""שעושה""], ""שהיתה"": [""שהיתה""], ""שמלוה"": [""שמלוה""], ""שנכנס"": [""שנכנס""], ""שלוקח"": [""שלוקח""], ""שבא"": [""שבא""], ""שעשו"": [""שעשו""], ""שעושק"": [""שעושק""], ""שנוטל"": [""שנוטל""], ""שמלווה"": [""שמלווה""], ""שלקח"": [""שלקח""], ""דא"": [""דא""], ""שהכניסו"": [""שהכניסו""], ""שנכנסו"": [""שנכנסו""], ""שמוכר"": [""שמוכר""], ""שגוזל"": [""שגוזל""], ""שמלוין"": [""שמלוין""], ""שכופר"": [""שכופר""], ""הואיל"": [""הואיל""], ""שגוזר"": [""שגוזר""], ""שלוקחין"": [""שלוקחין""], ""שמלווהו"": [""שמלווהו""], ""שעושהו"": [""שעושהו""], ""שאמרנו"": [""שאמרנו""], ""דכתיב"": [""דכתיב""], ""שגוזרין"": [""שגוזרין""], ""שעושקין"": [""שעושקין""], ""שלאחר"": [""שלאחר""], ""שבזאת"": [""שבזאת""], ""שבזין"": [""שבזין""], ""דאילו"": [""דאילו""], ""דאילין"": [""דאילין""], ""שלקחוה"": [""שלקחוה""], ""שהיהודים"": [""שהיהודים""], ""שלקחוהו"": [""שלקחוהו""], ""שגוזלן"": [""שגוזלן""], ""שנוטלן"": [""שנוטלן""], ""שהיהודית"": [""שהיהודית""], ""שהיהודיתים"": [""שהיהודיתים""]}",שהוא,0.160737,שהיה,0.026653,שלא,0.023891,שהכניס,0.023112,שאמר,0.018472,שאין,0.018318,הוא,0.01642,שאם,0.016302,שאינו,0.015668,דכת,0.014925,שהיא,0.010276,שעושה,0.009881,שהיתה,0.008241,שמלוה,0.006313,שנכנס,0.005856,שלוקח,0.004644,שבא,0.004349,שעשו,0.004085,שעושק,0.003061,שנוטל,0.002416,שמלווה,0.002237,שלקח,0.002102,דא,0.001755,שהכניסו,0.001571,שנכנסו,0.001533,שמוכר,0.001495,שגוזל,0.001034,שמלוין,0.000749,שכופר,0.000733,הואיל,0.000721,שגוזר,0.0007,שלוקחין,0.000678,שמלווהו,0.000256,שעושהו,0.00025,שאמרנו,0.000246,דכתיב,0.000207,שגוזרין,0.000187,שעושקין,0.000149,שלאחר,0.000119,שבזאת,5.3e-05,שבזין,5.2e-05,דאילו,3e-05,דאילין,2.4e-05,שלקחוה,2.2e-05,שהיהודים,2.1e-05,שלקחוהו,2e-05,שגוזלן,1.8e-05,שנוטלן,1.3e-05,שהיהודית,0.0,שהיהודיתים,0.0,SYM,True,שאינו,[BLANK],False,False,False,True,True,True,False,,,,False,False
Midrash_Aggadic_Midrash_Pesikta_DRav_Kahanna__10_1,pesikta_drk,208,מוציא,7.3616,0.8178,0.5292,0.3107,50,-1,False,"{""עושה"": 1, ""נותן"": 1, ""יכול"": 1, ""משלם"": 1, ""מלוה"": 1, ""יודע"": 1, ""רוצה"": 1, ""מוסר"": 1, ""גובה"": 1, ""מקפיד"": 1, ""נוטל"": 1, ""מחזיר"": 1, ""נושא"": 1, ""מקיים"": 1, ""מחזר"": 1, ""שואל"": 1, ""מתבייש"": 1, ""מעמיד"": 1, ""מתעסק"": 1, ""משים"": 1, ""שוכר"": 1, ""גוזל"": 1, ""מעבד"": 1, ""משכיר"": 1, ""מלוהו"": 1, ""גוזר"": 1, ""מחזירו"": 1, ""עושהו"": 1, ""מלין"": 1, ""נוטלו"": 1, ""שואלו"": 1, ""מעמידה"": 1, ""מוסרו"": 1, ""מתביישת"": 1, ""משכירו"": 1, ""יכולין"": 1, ""מעבדה"": 1, ""מקפידין"": 1, ""מוסרין"": 1, ""יודעין"": 1, ""מחזירין"": 1, ""מתעסקת"": 1, ""מעמידהו"": 1, ""גוזרין"": 1, ""מעבדהו"": 1, ""מוסרוין"": 1, ""משכירוון"": 1, ""שואלוין"": 1, ""עושהוון"": 1, ""מעבדהוון"": 1}","{""עושה"": [""עושה""], ""נותן"": [""נותן""], ""יכול"": [""יכול""], ""משלם"": [""משלם""], ""מלוה"": [""מלוה""], ""יודע"": [""יודע""], ""רוצה"": [""רוצה""], ""מוסר"": [""מוסר""], ""גובה"": [""גובה""], ""מקפיד"": [""מקפיד""], ""נוטל"": [""נוטל""], ""מחזיר"": [""מחזיר""], ""נושא"": [""נושא""], ""מקיים"": [""מקיים""], ""מחזר"": [""מחזר""], ""שואל"": [""שואל""], ""מתבייש"": [""מתבייש""], ""מעמיד"": [""מעמיד""], ""מתעסק"": [""מתעסק""], ""משים"": [""משים""], ""שוכר"": [""שוכר""], ""גוזל"": [""גוזל""], ""מעבד"": [""מעבד""], ""משכיר"": [""משכיר""], ""מלוהו"": [""מלוהו""], ""גוזר"": [""גוזר""], ""מחזירו"": [""מחזירו""], ""עושהו"": [""עושהו""], ""מלין"": [""מלין""], ""נוטלו"": [""נוטלו""], ""שואלו"": [""שואלו""], ""מעמידה"": [""מעמידה""], ""מוסרו"": [""מוסרו""], ""מתביישת"": [""מתביישת""], ""משכירו"": [""משכירו""], ""יכולין"": [""יכולין""], ""מעבדה"": [""מעבדה""], ""מקפידין"": [""מקפידין""], ""מוסרין"": [""מוסרין""], ""יודעין"": [""יודעין""], ""מחזירין"": [""מחזירין""], ""מתעסקת"": [""מתעסקת""], ""מעמידהו"": [""מעמידהו""], ""גוזרין"": [""גוזרין""], ""מעבדהו"": [""מעבדהו""], ""מוסרוין"": [""מוסרוין""], ""משכירוון"": [""משכירוון""], ""שואלוין"": [""שואלוין""], ""עושהוון"": [""עושהוון""], ""מעבדהוון"": [""מעבדהוון""]}",עושה,0.060459,נותן,0.037834,יכול,0.037248,משלם,0.029465,מלוה,0.026722,יודע,0.0256,רוצה,0.017594,מוסר,0.008078,גובה,0.007477,מקפיד,0.007294,נוטל,0.006214,מחזיר,0.005607,נושא,0.004938,מקיים,0.004221,מחזר,0.003673,שואל,0.003481,מתבייש,0.003281,מעמיד,0.003101,מתעסק,0.003038,משים,0.00301,שוכר,0.002939,גוזל,0.002598,מעבד,0.001739,משכיר,0.001715,מלוהו,0.001154,גוזר,0.000805,מחזירו,0.000235,עושהו,0.00023,מלין,0.000217,נוטלו,0.000146,שואלו,0.000125,מעמידה,0.000118,מוסרו,5.5e-05,מתביישת,4.7e-05,משכירו,4.5e-05,יכולין,4.2e-05,מעבדה,4e-05,מקפידין,1.8e-05,מוסרין,1.7e-05,יודעין,1.7e-05,מחזירין,1.6e-05,מתעסקת,1.3e-05,מעמידהו,8e-06,גוזרין,7e-06,מעבדהו,1e-06,מוסרוין,0.0,משכירוון,0.0,שואלוין,0.0,עושהוון,0.0,מעבדהוון,0.0,SYM,True,מוציא,הוציא,False,False,False,True,True,True,False,,,,False,False
Midrash_Aggadic_Midrash_Pesikta_DRav_Kahanna__10_1,pesikta_drk,209,מעשרותיו,11.8258,0.8325,0.2974,0.4177,50,-1,False,"{""ממון"": 1, ""את"": 1, ""עליו"": 1, ""כל"": 1, ""ממונו"": 1, ""מעות"": 1, ""מיד"": 1, ""על"": 1, ""מידו"": 1, ""לו"": 1, ""מעותיו"": 1, ""שטר"": 1, ""הוצאות"": 1, ""לעז"": 1, ""ידו"": 1, ""דמים"": 1, ""ממעות"": 1, ""להן"": 1, ""יד"": 1, ""שכר"": 1, ""עיניו"": 1, ""הון"": 1, ""מידם"": 1, ""דינר"": 1, ""הוצאותיו"": 1, ""לעצמו"": 1, ""בידו"": 1, ""ממעותיו"": 1, ""מעשר"": 1, ""להוציא"": 1, ""ביד"": 1, ""כלום"": 1, ""עבדיו"": 1, ""שטרות"": 1, ""עליה"": 1, ""בידים"": 1, ""שטרותיו"": 1, ""מעשרו"": 1, ""להוציאו"": 1, ""דיניו"": 1, ""אתו"": 1, ""שכרו"": 1, ""דינרין"": 1, ""לעצמיו"": 1, ""לוון"": 1, ""עליהון"": 1, ""מידוות"": 1, ""לעצמך"": 1, ""מידוותיו"": 1, ""לעצמיוון"": 1}","{""ממון"": [""ממון""], ""את"": [""את""], ""עליו"": [""עליו""], ""כל"": [""כל""], ""ממונו"": [""ממונו""], ""מעות"": [""מעות""], ""מיד"": [""מיד""], ""על"": [""על""], ""מידו"": [""מידו""], ""לו"": [""לו""], ""מעותיו"": [""מעותיו""], ""שטר"": [""שטר""], ""הוצאות"": [""הוצאות""], ""לעז"": [""לעז""], ""ידו"": [""ידו""], ""דמים"": [""דמים""], ""ממעות"": [""ממעות""], ""להן"": [""להן""], ""יד"": [""יד""], ""שכר"": [""שכר""], ""עיניו"": [""עיניו""], ""הון"": [""הון""], ""מידם"": [""מידם""], ""דינר"": [""דינר""], ""הוצאותיו"": [""הוצאותיו""], ""לעצמו"": [""לעצמו""], ""בידו"": [""בידו""], ""ממעותיו"": [""ממעותיו""], ""מעשר"": [""מעשר""], ""להוציא"": [""להוציא""], ""ביד"": [""ביד""], ""כלום"": [""כלום""], ""עבדיו"": [""עבדיו""], ""שטרות"": [""שטרות""], ""עליה"": [""עליה""], ""בידים"": [""בידים""], ""שטרותיו"": [""שטרותיו""], ""מעשרו"": [""מעשרו""], ""להוציאו"": [""להוציאו""], ""דיניו"": [""דיניו""], ""אתו"": [""אתו""], ""שכרו"": [""שכרו""], ""דינרין"": [""דינרין""], ""לעצמיו"": [""לעצמיו""], ""לוון"": [""לוון""], ""עליהון"": [""עליהון""], ""מידוות"": [""מידוות""], ""לעצמך"": [""לעצמך""], ""מידוותיו"": [""מידוותיו""], ""לעצמיוון"": [""לעצמיוון""]}",ממון,0.089833,את,0.079501,עליו,0.036972,כל,0.031133,ממונו,0.019127,מעות,0.018597,מיד,0.016406,על,0.014033,מידו,0.012837,לו,0.012579,מעותיו,0.012359,שטר,0.010486,הוצאות,0.01009,לעז,0.009375,ידו,0.005769,דמים,0.004022,ממעות,0.003621,להן,0.003063,יד,0.002641,שכר,0.002452,עיניו,0.002341,הון,0.002251,מידם,0.001846,דינר,0.00182,הוצאותיו,0.001693,לעצמו,0.001673,בידו,0.001347,ממעותיו,0.001334,מעשר,0.001285,להוציא,0.001092,ביד,0.001049,כלום,0.001012,עבדיו,0.000905,שטרות,0.000834,עליה,0.000578,בידים,0.000393,שטרותיו,0.000248,מעשרו,0.000248,להוציאו,0.000241,דיניו,0.000186,אתו,0.000158,שכרו,0.000104,דינרין,8.6e-05,לעצמיו,1e-05,לוון,9e-06,עליהון,9e-06,מידוות,3e-06,לעצמך,2e-06,מידוותיו,1e-06,לעצמיוון,0.0,NUM,False,מעשרותיו,מעשר,False,False,False,True,True,True,False,,,,False,False
Midrash_Aggadic_Midrash_Pesikta_DRav_Kahanna__10_1,pesikta_drk,210,כראוי,7.9885,0.8678,0.7164,0.3307,50,-1,False,"{""מן"": 1, ""על"": 1, ""אלא"": 1, ""כדי"": 1, ""ולא"": 1, ""שלא"": 1, ""בזמן"": 1, ""קודם"": 1, ""דכת"": 1, ""לפני"": 1, ""ואינו"": 1, ""בפירות"": 1, ""ומעשר"": 1, ""והיה"": 1, ""בחנם"": 1, ""בשעת"": 1, ""ועושה"": 1, ""והיו"": 1, ""ביד"": 1, ""מידו"": 1, ""ואומר"": 1, ""משל"": 1, ""ובא"": 1, ""בידים"": 1, ""דהו"": 1, ""דהוון"": 1, ""בחזקת"": 1, ""לכהן"": 1, ""ומעשרין"": 1, ""לנדבה"": 1, ""בחזורי"": 1, ""בשווקים"": 1, ""בשוורים"": 1, ""ועושהו"": 1, ""משלו"": 1, ""בפירותיו"": 1, ""ואומרין"": 1, ""דכתיב"": 1, ""בשווקין"": 1, ""שלאחר"": 1, ""עליהן"": 1, ""שלאחריו"": 1, ""בחזוריין"": 1, ""דכתיבא"": 1, ""משלוות"": 1, ""משלוותן"": 1, ""שלאחריוון"": 1, ""דכתיבאנו"": 1, ""דכתיבאנוו"": 1, ""דכתיבאנווין"": 1}","{""מן"": [""מן""], ""על"": [""על""], ""אלא"": [""אלא""], ""כדי"": [""כדי""], ""ולא"": [""ולא""], ""שלא"": [""שלא""], ""בזמן"": [""בזמן""], ""קודם"": [""קודם""], ""דכת"": [""דכת""], ""לפני"": [""לפני""], ""ואינו"": [""ואינו""], ""בפירות"": [""בפירות""], ""ומעשר"": [""ומעשר""], ""והיה"": [""והיה""], ""בחנם"": [""בחנם""], ""בשעת"": [""בשעת""], ""ועושה"": [""ועושה""], ""והיו"": [""והיו""], ""ביד"": [""ביד""], ""מידו"": [""מידו""], ""ואומר"": [""ואומר""], ""משל"": [""משל""], ""ובא"": [""ובא""], ""בידים"": [""בידים""], ""דהו"": [""דהו""], ""דהוון"": [""דהוון""], ""בחזקת"": [""בחזקת""], ""לכהן"": [""לכהן""], ""ומעשרין"": [""ומעשרין""], ""לנדבה"": [""לנדבה""], ""בחזורי"": [""בחזורי""], ""בשווקים"": [""בשווקים""], ""בשוורים"": [""בשוורים""], ""ועושהו"": [""ועושהו""], ""משלו"": [""משלו""], ""בפירותיו"": [""בפירותיו""], ""ואומרין"": [""ואומרין""], ""דכתיב"": [""דכתיב""], ""בשווקין"": [""בשווקין""], ""שלאחר"": [""שלאחר""], ""עליהן"": [""עליהן""], ""שלאחריו"": [""שלאחריו""], ""בחזוריין"": [""בחזוריין""], ""דכתיבא"": [""דכתיבא""], ""משלוות"": [""משלוות""], ""משלוותן"": [""משלוותן""], ""שלאחריוון"": [""שלאחריוון""], ""דכתיבאנו"": [""דכתיבאנו""], ""דכתיבאנוו"": [""דכתיבאנוו""], ""דכתיבאנווין"": [""דכתיבאנווין""]}",מן,0.054013,על,0.044779,אלא,0.039517,כדי,0.02716,ולא,0.021485,שלא,0.018377,בזמן,0.017536,קודם,0.016218,דכת,0.013891,לפני,0.012242,ואינו,0.011704,בפירות,0.006344,ומעשר,0.005674,והיה,0.004823,בחנם,0.004422,בשעת,0.003905,ועושה,0.003508,והיו,0.003018,ביד,0.003005,מידו,0.002681,ואומר,0.002492,משל,0.001872,ובא,0.001646,בידים,0.001514,דהו,0.000958,דהוון,0.00089,בחזקת,0.000835,לכהן,0.000798,ומעשרין,0.000762,לנדבה,0.000733,בחזורי,0.000714,בשווקים,0.000686,בשוורים,0.000678,ועושהו,0.000528,משלו,0.000402,בפירותיו,0.000271,ואומרין,0.000171,דכתיב,0.000161,בשווקין,0.0001,שלאחר,9.9e-05,עליהן,6e-05,שלאחריו,9e-06,בחזוריין,2e-06,דכתיבא,1e-06,משלוות,1e-06,משלוותן,0.0,שלאחריוון,0.0,דכתיבאנו,0.0,דכתיבאנוו,0.0,דכתיבאנווין,0.0,PROPN,True,כראוי,כראוי,False,False,False,True,True,True,False,,,,False,False
Midrash_Aggadic_Midrash_Pesikta_DRav_Kahanna__10_1,pesikta_drk,211,"דא""ר",13.9768,0.8323,0.5417,0.3787,50,-1,False,"{""דכת"": 1, ""ולא"": 1, ""והוא"": 1, ""ואינו"": 1, ""והיה"": 1, ""על"": 1, ""והיתה"": 1, ""ועל"": 1, ""ואין"": 1, ""ואמר"": 1, ""ר"": 1, ""שנאמר"": 1, ""אלא"": 1, ""ועושה"": 1, ""דהו"": 1, ""ובא"": 1, ""דהוון"": 1, ""ונמצא"": 1, ""ונוטל"": 1, ""ומוכר"": 1, ""שנאמרו"": 1, ""שנא"": 1, ""רבי"": 1, ""ועושהו"": 1, ""ועובר"": 1, ""ולאו"": 1, ""דכתיב"": 1, ""ועושק"": 1, ""ומוציא"": 1, ""ועלין"": 1, ""ואמרינ"": 1, ""ואמרינן"": 1, ""ומוכרו"": 1, ""ונוטלו"": 1, ""ובזוי"": 1, ""ובזאת"": 1, ""ונוטלן"": 1, ""ובזויי"": 1, ""ומוציאו"": 1, ""ועושקן"": 1, ""דכתיבא"": 1, ""ולאויר"": 1, ""רביי"": 1, ""ולאוירא"": 1, ""ומוכרוין"": 1, ""ומוציאוין"": 1, ""רבייון"": 1, ""דכתיבאנו"": 1, ""דכתיבאנוו"": 1, ""דכתיבאנווין"": 1}","{""דכת"": [""דכת""], ""ולא"": [""ולא""], ""והוא"": [""והוא""], ""ואינו"": [""ואינו""], ""והיה"": [""והיה""], ""על"": [""על""], ""והיתה"": [""והיתה""], ""ועל"": [""ועל""], ""ואין"": [""ואין""], ""ואמר"": [""ואמר""], ""ר"": [""ר""], ""שנאמר"": [""שנאמר""], ""אלא"": [""אלא""], ""ועושה"": [""ועושה""], ""דהו"": [""דהו""], ""ובא"": [""ובא""], ""דהוון"": [""דהוון""], ""ונמצא"": [""ונמצא""], ""ונוטל"": [""ונוטל""], ""ומוכר"": [""ומוכר""], ""שנאמרו"": [""שנאמרו""], ""שנא"": [""שנא""], ""רבי"": [""רבי""], ""ועושהו"": [""ועושהו""], ""ועובר"": [""ועובר""], ""ולאו"": [""ולאו""], ""דכתיב"": [""דכתיב""], ""ועושק"": [""ועושק""], ""ומוציא"": [""ומוציא""], ""ועלין"": [""ועלין""], ""ואמרינ"": [""ואמרינ""], ""ואמרינן"": [""ואמרינן""], ""ומוכרו"": [""ומוכרו""], ""ונוטלו"": [""ונוטלו""], ""ובזוי"": [""ובזוי""], ""ובזאת"": [""ובזאת""], ""ונוטלן"": [""ונוטלן""], ""ובזויי"": [""ובזויי""], ""ומוציאו"": [""ומוציאו""], ""ועושקן"": [""ועושקן""], ""דכתיבא"": [""דכתיבא""], ""ולאויר"": [""ולאויר""], ""רביי"": [""רביי""], ""ולאוירא"": [""ולאוירא""], ""ומוכרוין"": [""ומוכרוין""], ""ומוציאוין"": [""ומוציאוין""], ""רבייון"": [""רבייון""], ""דכתיבאנו"": [""דכתיבאנו""], ""דכתיבאנוו"": [""דכתיבאנוו""], ""דכתיבאנווין"": [""דכתיבאנווין""]}",דכת,0.062907,ולא,0.054189,והוא,0.048575,ואינו,0.04152,והיה,0.024532,על,0.022239,והיתה,0.013761,ועל,0.013701,ואין,0.01328,ואמר,0.012663,ר,0.011538,שנאמר,0.010734,אלא,0.010671,ועושה,0.007253,דהו,0.003731,ובא,0.003637,דהוון,0.003489,ונמצא,0.00331,ונוטל,0.002181,ומוכר,0.001796,שנאמרו,0.001747,שנא,0.001698,רבי,0.001357,ועושהו,0.001217,ועובר,0.001182,ולאו,0.000857,דכתיב,0.000763,ועושק,0.000729,ומוציא,0.000651,ועלין,0.000611,ואמרינ,0.000488,ואמרינן,0.00047,ומוכרו,0.000287,ונוטלו,0.00026,ובזוי,0.000253,ובזאת,0.000227,ונוטלן,6.8e-05,ובזויי,6.4e-05,ומוציאו,6.2e-05,ועושקן,2.8e-05,דכתיבא,6e-06,ולאויר,5e-06,רביי,2e-06,ולאוירא,1e-06,ומוכרוין,0.0,ומוציאוין,0.0,רבייון,0.0,דכתיבאנו,0.0,דכתיבאנוו,0.0,דכתיבאנווין,0.0,PRON,True,דאר,דאר,False,False,False,True,True,True,False,,,,False,False
Midrash_Aggadic_Midrash_Pesikta_DRav_Kahanna__10_1,pesikta_drk,212,לוי,1.7493,0.3886,0.0,0.5573,50,1,True,"{""לוי"": 1, ""רבי"": 1, ""חזק"": 1, ""חזקיה"": 1, ""ר"": 1, ""עול"": 1, ""יוסי"": 1, ""עולא"": 1, ""רב"": 1, ""חייא"": 1, ""יודה"": 1, ""חנינא"": 1, ""שמעון"": 1, ""שמעיה"": 1, ""אבא"": 1, ""חנינה"": 1, ""לויי"": 1, ""חזקי"": 1, ""אבימי"": 1, ""חזקיהו"": 1, ""עוקבא"": 1, ""יוסה"": 1, ""רבא"": 1, ""חייה"": 1, ""שמו"": 1, ""חזקייה"": 1, ""ליה"": 1, ""אבוי"": 1, ""חייהו"": 1, ""חזקייהו"": 1, ""רביי"": 1, ""חנינהו"": 1, ""אבויי"": 1, ""שמעיהו"": 1, ""ליהוי"": 1, ""יוסהו"": 1, ""לוייון"": 1, ""אבימיי"": 1, ""חזקיהוון"": 1, ""רבייון"": 1, ""חייהוון"": 1, ""ליהויי"": 1, ""יוסהויל"": 1, ""שמעיהוון"": 1, ""אבוייון"": 1, ""חנינהוון"": 1, ""יוסהוילן"": 1, ""אבימייי"": 1, ""ליהוייון"": 1, ""אבימיייון"": 1}","{""לוי"": [""לוי""], ""רבי"": [""רבי""], ""חזק"": [""חזק""], ""חזקיה"": [""חזקיה""], ""ר"": [""ר""], ""עול"": [""עול""], ""יוסי"": [""יוסי""], ""עולא"": [""עולא""], ""רב"": [""רב""], ""חייא"": [""חייא""], ""יודה"": [""יודה""], ""חנינא"": [""חנינא""], ""שמעון"": [""שמעון""], ""שמעיה"": [""שמעיה""], ""אבא"": [""אבא""], ""חנינה"": [""חנינה""], ""לויי"": [""לויי""], ""חזקי"": [""חזקי""], ""אבימי"": [""אבימי""], ""חזקיהו"": [""חזקיהו""], ""עוקבא"": [""עוקבא""], ""יוסה"": [""יוסה""], ""רבא"": [""רבא""], ""חייה"": [""חייה""], ""שמו"": [""שמו""], ""חזקייה"": [""חזקייה""], ""ליה"": [""ליה""], ""אבוי"": [""אבוי""], ""חייהו"": [""חייהו""], ""חזקייהו"": [""חזקייהו""], ""רביי"": [""רביי""], ""חנינהו"": [""חנינהו""], ""אבויי"": [""אבויי""], ""שמעיהו"": [""שמעיהו""], ""ליהוי"": [""ליהוי""], ""יוסהו"": [""יוסהו""], ""לוייון"": [""לוייון""], ""אבימיי"": [""אבימיי""], ""חזקיהוון"": [""חזקיהוון""], ""רבייון"": [""רבייון""], ""חייהוון"": [""חייהוון""], ""ליהויי"": [""ליהויי""], ""יוסהויל"": [""יוסהויל""], ""שמעיהוון"": [""שמעיהוון""], ""אבוייון"": [""אבוייון""], ""חנינהוון"": [""חנינהוון""], ""יוסהוילן"": [""יוסהוילן""], ""אבימייי"": [""אבימייי""], ""ליהוייון"": [""ליהוייון""], ""אבימיייון"": [""אבימיייון""]}",לוי,0.297449,רבי,0.035401,חזק,0.027529,חזקיה,0.027321,ר,0.021472,עול,0.018135,יוסי,0.017564,עולא,0.017478,רב,0.014952,חייא,0.011691,יודה,0.010805,חנינא,0.008804,שמעון,0.007788,שמעיה,0.007667,אבא,0.007368,חנינה,0.005459,לויי,0.004297,חזקי,0.003611,אבימי,0.002218,חזקיהו,0.002139,עוקבא,0.001854,יוסה,0.001559,רבא,0.001155,חייה,0.000975,שמו,0.000957,חזקייה,0.000578,ליה,0.000476,אבוי,0.000345,חייהו,0.00012,חזקייהו,7.3e-05,רביי,3.5e-05,חנינהו,2.6e-05,אבויי,1.7e-05,שמעיהו,1.2e-05,ליהוי,4e-06,יוסהו,4e-06,לוייון,1e-06,אבימיי,0.0,חזקיהוון,0.0,רבייון,0.0,חייהוון,0.0,ליהויי,0.0,יוסהויל,0.0,שמעיהוון,0.0,אבוייון,0.0,חנינהוון,0.0,יוסהוילן,0.0,אבימייי,0.0,ליהוייון,0.0,אבימיייון,0.0,X,False,לוי,לוי,False,False,False,True,True,True,False,,,,False,False
Midrash_Aggadic_Midrash_Pesikta_DRav_Kahanna__10_1,pesikta_drk,213,מעשה,10.4024,0.8239,0.4942,0.3658,50,-1,False,"{""פתר"": 1, ""כל"": 1, ""אין"": 1, ""מעשר"": 1, ""אמר"": 1, ""לא"": 1, ""מוציא"": 1, ""מעשרין"": 1, ""מעשרות"": 1, ""אמרו"": 1, ""עשר"": 1, ""חסר"": 1, ""מאי"": 1, ""דכת"": 1, ""אמ"": 1, ""חמש"": 1, ""דאמר"": 1, ""מעשרותיו"": 1, ""עמר"": 1, ""אבא"": 1, ""במעשר"": 1, ""לאו"": 1, ""פליג"": 1, ""עשרו"": 1, ""מוציאין"": 1, ""פתרו"": 1, ""חמשה"": 1, ""בפירוש"": 1, ""פליגא"": 1, ""חסרה"": 1, ""עמרם"": 1, ""כלום"": 1, ""דאמרו"": 1, ""חסרהו"": 1, ""לאויר"": 1, ""דכתה"": 1, ""פתרויה"": 1, ""לאוירא"": 1, ""פתרויהו"": 1, ""עשרוון"": 1, ""אבאוי"": 1, ""דכתהון"": 1, ""פליגאוי"": 1, ""אבאויי"": 1, ""פליגאויי"": 1, ""חסרהוון"": 1, ""אמרש"": 1, ""אמרשמעון"": 1, ""אמרשמעיה"": 1, ""אבאוייון"": 1}","{""פתר"": [""פתר""], ""כל"": [""כל""], ""אין"": [""אין""], ""מעשר"": [""מעשר""], ""אמר"": [""אמר""], ""לא"": [""לא""], ""מוציא"": [""מוציא""], ""מעשרין"": [""מעשרין""], ""מעשרות"": [""מעשרות""], ""אמרו"": [""אמרו""], ""עשר"": [""עשר""], ""חסר"": [""חסר""], ""מאי"": [""מאי""], ""דכת"": [""דכת""], ""אמ"": [""אמ""], ""חמש"": [""חמש""], ""דאמר"": [""דאמר""], ""מעשרותיו"": [""מעשרותיו""], ""עמר"": [""עמר""], ""אבא"": [""אבא""], ""במעשר"": [""במעשר""], ""לאו"": [""לאו""], ""פליג"": [""פליג""], ""עשרו"": [""עשרו""], ""מוציאין"": [""מוציאין""], ""פתרו"": [""פתרו""], ""חמשה"": [""חמשה""], ""בפירוש"": [""בפירוש""], ""פליגא"": [""פליגא""], ""חסרה"": [""חסרה""], ""עמרם"": [""עמרם""], ""כלום"": [""כלום""], ""דאמרו"": [""דאמרו""], ""חסרהו"": [""חסרהו""], ""לאויר"": [""לאויר""], ""דכתה"": [""דכתה""], ""פתרויה"": [""פתרויה""], ""לאוירא"": [""לאוירא""], ""פתרויהו"": [""פתרויהו""], ""עשרוון"": [""עשרוון""], ""אבאוי"": [""אבאוי""], ""דכתהון"": [""דכתהון""], ""פליגאוי"": [""פליגאוי""], ""אבאויי"": [""אבאויי""], ""פליגאויי"": [""פליגאויי""], ""חסרהוון"": [""חסרהוון""], ""אמרש"": [""אמרש""], ""אמרשמעון"": [""אמרשמעון""], ""אמרשמעיה"": [""אמרשמעיה""], ""אבאוייון"": [""אבאוייון""]}",פתר,0.068354,כל,0.066783,אין,0.059864,מעשר,0.046431,אמר,0.031057,לא,0.024187,מוציא,0.011671,מעשרין,0.009672,מעשרות,0.007121,אמרו,0.006107,עשר,0.005265,חסר,0.004656,מאי,0.00443,דכת,0.002939,אמ,0.002934,חמש,0.002003,דאמר,0.001623,מעשרותיו,0.001576,עמר,0.001395,אבא,0.001386,במעשר,0.000861,לאו,0.000739,פליג,0.000679,עשרו,0.000648,מוציאין,0.000645,פתרו,0.000594,חמשה,0.000591,בפירוש,0.000468,פליגא,0.000365,חסרה,0.000257,עמרם,0.000211,כלום,0.000142,דאמרו,6e-05,חסרהו,3.4e-05,לאויר,1.1e-05,דכתה,1e-05,פתרויה,7e-06,לאוירא,2e-06,פתרויהו,1e-06,עשרוון,1e-06,אבאוי,1e-06,דכתהון,0.0,פליגאוי,0.0,אבאויי,0.0,פליגאויי,0.0,חסרהוון,0.0,אמרש,0.0,אמרשמעון,0.0,אמרשמעיה,0.0,אבאוייון,0.0,NUM,True,מעשה,מעשה,False,False,False,True,True,True,False,,,,False,False
Midrash_Aggadic_Midrash_Pesikta_DRav_Kahanna__10_1,pesikta_drk,214,באחד,2.9207,0.5293,0.0,0.4201,50,1,True,"{""באחד"": 1, ""באדם"": 1, ""ברבי"": 1, ""לפני"": 1, ""ברבן"": 1, ""ביהושע"": 1, ""ביהודה"": 1, ""אחת"": 1, ""בי"": 1, ""שהיה"": 1, ""בכה"": 1, ""בלוי"": 1, ""בחסיד"": 1, ""בבן"": 1, ""בבני"": 1, ""בשני"": 1, ""בחמש"": 1, ""בשמעון"": 1, ""בעשרה"": 1, ""אחתא"": 1, ""בנכרי"": 1, ""ביהושפט"": 1, ""בלויי"": 1, ""בעובד"": 1, ""בנער"": 1, ""בחמשה"": 1, ""ביושב"": 1, ""בעובדא"": 1, ""בחסידא"": 1, ""ביושבי"": 1, ""לפניי"": 1, ""בלוקח"": 1, ""בשמעיה"": 1, ""ברביי"": 1, ""בנכסי"": 1, ""בבניו"": 1, ""בעובדיה"": 1, ""בלוקחין"": 1, ""בשמעיהו"": 1, ""ביהושפטו"": 1, ""בנכסיי"": 1, ""בעובדיהו"": 1, ""ביושבך"": 1, ""ביושביי"": 1, ""ברבייון"": 1, ""ביהושפטות"": 1, ""ביושבייור"": 1, ""ביושבייורק"": 1, ""ביושבייורקאי"": 1, ""ביושבייורקאיי"": 1}","{""באחד"": [""באחד""], ""באדם"": [""באדם""], ""ברבי"": [""ברבי""], ""לפני"": [""לפני""], ""ברבן"": [""ברבן""], ""ביהושע"": [""ביהושע""], ""ביהודה"": [""ביהודה""], ""אחת"": [""אחת""], ""בי"": [""בי""], ""שהיה"": [""שהיה""], ""בכה"": [""בכה""], ""בלוי"": [""בלוי""], ""בחסיד"": [""בחסיד""], ""בבן"": [""בבן""], ""בבני"": [""בבני""], ""בשני"": [""בשני""], ""בחמש"": [""בחמש""], ""בשמעון"": [""בשמעון""], ""בעשרה"": [""בעשרה""], ""אחתא"": [""אחתא""], ""בנכרי"": [""בנכרי""], ""ביהושפט"": [""ביהושפט""], ""בלויי"": [""בלויי""], ""בעובד"": [""בעובד""], ""בנער"": [""בנער""], ""בחמשה"": [""בחמשה""], ""ביושב"": [""ביושב""], ""בעובדא"": [""בעובדא""], ""בחסידא"": [""בחסידא""], ""ביושבי"": [""ביושבי""], ""לפניי"": [""לפניי""], ""בלוקח"": [""בלוקח""], ""בשמעיה"": [""בשמעיה""], ""ברביי"": [""ברביי""], ""בנכסי"": [""בנכסי""], ""בבניו"": [""בבניו""], ""בעובדיה"": [""בעובדיה""], ""בלוקחין"": [""בלוקחין""], ""בשמעיהו"": [""בשמעיהו""], ""ביהושפטו"": [""ביהושפטו""], ""בנכסיי"": [""בנכסיי""], ""בעובדיהו"": [""בעובדיהו""], ""ביושבך"": [""ביושבך""], ""ביושביי"": [""ביושביי""], ""ברבייון"": [""ברבייון""], ""ביהושפטות"": [""ביהושפטות""], ""ביושבייור"": [""ביושבייור""], ""ביושבייורק"": [""ביושבייורק""], ""ביושבייורקאי"": [""ביושבייורקאי""], ""ביושבייורקאיי"": [""ביושבייורקאיי""]}",באחד,0.13206,באדם,0.064361,ברבי,0.051795,לפני,0.028423,ברבן,0.017622,ביהושע,0.016047,ביהודה,0.01499,אחת,0.014292,בי,0.012811,שהיה,0.009977,בכה,0.009579,בלוי,0.00879,בחסיד,0.008705,בבן,0.007605,בבני,0.005651,בשני,0.003855,בחמש,0.001447,בשמעון,0.001318,בעשרה,0.001247,אחתא,0.001215,בנכרי,0.0012,ביהושפט,0.000979,בלויי,0.000885,בעובד,0.000772,בנער,0.000768,בחמשה,0.000742,ביושב,0.00059,בעובדא,0.000565,בחסידא,0.000329,ביושבי,0.00027,לפניי,0.000263,בלוקח,0.000258,בשמעיה,0.000255,ברביי,0.000194,בנכסי,7.8e-05,בבניו,4.7e-05,בעובדיה,3.3e-05,בלוקחין,2e-05,בשמעיהו,1.4e-05,ביהושפטו,7e-06,בנכסיי,2e-06,בעובדיהו,1e-06,ביושבך,1e-06,ביושביי,0.0,ברבייון,0.0,ביהושפטות,0.0,ביושבייור,0.0,ביושבייורק,0.0,ביושבייורקאי,0.0,ביושבייורקאיי,0.0,X,True,באחד,אחד,False,False,False,True,True,True,False,,,,False,False
Midrash_Aggadic_Midrash_Pesikta_DRav_Kahanna__10_1,pesikta_drk,215,שהיה,2.9654,0.5556,0.0,0.4219,50,1,True,"{""שהיה"": 1, ""שהוציא"": 1, ""שבא"": 1, ""שיצא"": 1, ""שעשה"": 1, ""מן"": 1, ""שנכנס"": 1, ""שאכל"": 1, ""שאמר"": 1, ""ששנה"": 1, ""ששחט"": 1, ""שהיתה"": 1, ""שגנב"": 1, ""שמוציא"": 1, ""מישראל"": 1, ""שביקש"": 1, ""שנשא"": 1, ""שעלה"": 1, ""שמחל"": 1, ""שהוציאו"": 1, ""שאכלו"": 1, ""דהוה"": 1, ""שנכנסו"": 1, ""ששחטו"": 1, ""מגדולי"": 1, ""דאכל"": 1, ""שאמרנו"": 1, ""שביקשו"": 1, ""שמוציאו"": 1, ""שעלהו"": 1, ""שמחלקו"": 1, ""שיצאנו"": 1, ""ששחטן"": 1, ""שגנבן"": 1, ""שביקשנו"": 1, ""שנשאלה"": 1, ""מגדיש"": 1, ""דאכלו"": 1, ""שנשאלהו"": 1, ""מגדישו"": 1, ""שאמרנוו"": 1, ""דהוהו"": 1, ""שאכלוון"": 1, ""שיצאנוו"": 1, ""שעלהוון"": 1, ""שאמרנווין"": 1, ""שביקשנוו"": 1, ""שיצאנווין"": 1, ""דאכלוון"": 1, ""שביקשנווין"": 1}","{""שהיה"": [""שהיה""], ""שהוציא"": [""שהוציא""], ""שבא"": [""שבא""], ""שיצא"": [""שיצא""], ""שעשה"": [""שעשה""], ""מן"": [""מן""], ""שנכנס"": [""שנכנס""], ""שאכל"": [""שאכל""], ""שאמר"": [""שאמר""], ""ששנה"": [""ששנה""], ""ששחט"": [""ששחט""], ""שהיתה"": [""שהיתה""], ""שגנב"": [""שגנב""], ""שמוציא"": [""שמוציא""], ""מישראל"": [""מישראל""], ""שביקש"": [""שביקש""], ""שנשא"": [""שנשא""], ""שעלה"": [""שעלה""], ""שמחל"": [""שמחל""], ""שהוציאו"": [""שהוציאו""], ""שאכלו"": [""שאכלו""], ""דהוה"": [""דהוה""], ""שנכנסו"": [""שנכנסו""], ""ששחטו"": [""ששחטו""], ""מגדולי"": [""מגדולי""], ""דאכל"": [""דאכל""], ""שאמרנו"": [""שאמרנו""], ""שביקשו"": [""שביקשו""], ""שמוציאו"": [""שמוציאו""], ""שעלהו"": [""שעלהו""], ""שמחלקו"": [""שמחלקו""], ""שיצאנו"": [""שיצאנו""], ""ששחטן"": [""ששחטן""], ""שגנבן"": [""שגנבן""], ""שביקשנו"": [""שביקשנו""], ""שנשאלה"": [""שנשאלה""], ""מגדיש"": [""מגדיש""], ""דאכלו"": [""דאכלו""], ""שנשאלהו"": [""שנשאלהו""], ""מגדישו"": [""מגדישו""], ""שאמרנוו"": [""שאמרנוו""], ""דהוהו"": [""דהוהו""], ""שאכלוון"": [""שאכלוון""], ""שיצאנוו"": [""שיצאנוו""], ""שעלהוון"": [""שעלהוון""], ""שאמרנווין"": [""שאמרנווין""], ""שביקשנוו"": [""שביקשנוו""], ""שיצאנווין"": [""שיצאנווין""], ""דאכלוון"": [""דאכלוון""], ""שביקשנווין"": [""שביקשנווין""]}",שהיה,0.128036,שהוציא,0.097915,שבא,0.040966,שיצא,0.023656,שעשה,0.017407,מן,0.016026,שנכנס,0.013242,שאכל,0.012793,שאמר,0.012793,ששנה,0.008665,ששחט,0.008396,שהיתה,0.008164,שגנב,0.00722,שמוציא,0.006348,מישראל,0.004691,שביקש,0.004234,שנשא,0.002566,שעלה,0.001778,שמחל,0.001395,שהוציאו,0.001332,שאכלו,0.000932,דהוה,0.000736,שנכנסו,0.000712,ששחטו,0.000474,מגדולי,0.000458,דאכל,0.000258,שאמרנו,0.000194,שביקשו,0.000183,שמוציאו,7.5e-05,שעלהו,6.2e-05,שמחלקו,5.5e-05,שיצאנו,5.1e-05,ששחטן,3e-05,שגנבן,2.1e-05,שביקשנו,1.1e-05,שנשאלה,6e-06,מגדיש,3e-06,דאכלו,2e-06,שנשאלהו,2e-06,מגדישו,1e-06,שאמרנוו,0.0,דהוהו,0.0,שאכלוון,0.0,שיצאנוו,0.0,שעלהוון,0.0,שאמרנווין,0.0,שביקשנוו,0.0,שיצאנווין,0.0,דאכלוון,0.0,שביקשנווין,0.0,SYM,True,שהיה,הווה,False,False,False,True,True,True,False,,,,False,False
Midrash_Aggadic_Midrash_Pesikta_DRav_Kahanna__10_1,pesikta_drk,216,מוצי',10.4,0.7759,0.4715,0.4094,50,-1,False,"{""לו"": 1, ""מוציא"": 1, ""מניח"": 1, ""עושה"": 1, ""מביא"": 1, ""אוכל"": 1, ""רגיל"": 1, ""יושב"": 1, ""נוטל"": 1, ""רועה"": 1, ""נושא"": 1, ""קוצר"": 1, ""אב"": 1, ""מפריש"": 1, ""שוחט"": 1, ""שוכר"": 1, ""אביו"": 1, ""קונה"": 1, ""יורד"": 1, ""נוטע"": 1, ""חכם"": 1, ""חורש"": 1, ""מנחת"": 1, ""מנחתו"": 1, ""מבשל"": 1, ""מוציאו"": 1, ""מניחו"": 1, ""שוחטין"": 1, ""מביאו"": 1, ""אוכלן"": 1, ""רועי"": 1, ""קוצרין"": 1, ""חורשין"": 1, ""עושהו"": 1, ""יושן"": 1, ""מפרישין"": 1, ""נוטען"": 1, ""רועהו"": 1, ""נוטלן"": 1, ""שוחטן"": 1, ""קונהו"": 1, ""חורשן"": 1, ""מבשלת"": 1, ""מביאוין"": 1, ""מניחוון"": 1, ""רועהוות"": 1, ""קונהוין"": 1, ""רועהוותא"": 1, ""רועהוותאוי"": 1, ""רועהוותאויי"": 1}","{""לו"": [""לו""], ""מוציא"": [""מוציא""], ""מניח"": [""מניח""], ""עושה"": [""עושה""], ""מביא"": [""מביא""], ""אוכל"": [""אוכל""], ""רגיל"": [""רגיל""], ""יושב"": [""יושב""], ""נוטל"": [""נוטל""], ""רועה"": [""רועה""], ""נושא"": [""נושא""], ""קוצר"": [""קוצר""], ""אב"": [""אב""], ""מפריש"": [""מפריש""], ""שוחט"": [""שוחט""], ""שוכר"": [""שוכר""], ""אביו"": [""אביו""], ""קונה"": [""קונה""], ""יורד"": [""יורד""], ""נוטע"": [""נוטע""], ""חכם"": [""חכם""], ""חורש"": [""חורש""], ""מנחת"": [""מנחת""], ""מנחתו"": [""מנחתו""], ""מבשל"": [""מבשל""], ""מוציאו"": [""מוציאו""], ""מניחו"": [""מניחו""], ""שוחטין"": [""שוחטין""], ""מביאו"": [""מביאו""], ""אוכלן"": [""אוכלן""], ""רועי"": [""רועי""], ""קוצרין"": [""קוצרין""], ""חורשין"": [""חורשין""], ""עושהו"": [""עושהו""], ""יושן"": [""יושן""], ""מפרישין"": [""מפרישין""], ""נוטען"": [""נוטען""], ""רועהו"": [""רועהו""], ""נוטלן"": [""נוטלן""], ""שוחטן"": [""שוחטן""], ""קונהו"": [""קונהו""], ""חורשן"": [""חורשן""], ""מבשלת"": [""מבשלת""], ""מביאוין"": [""מביאוין""], ""מניחוון"": [""מניחוון""], ""רועהוות"": [""רועהוות""], ""קונהוין"": [""קונהוין""], ""רועהוותא"": [""רועהוותא""], ""רועהוותאוי"": [""רועהוותאוי""], ""רועהוותאויי"": [""רועהוותאויי""]}",לו,0.142722,מוציא,0.103276,מניח,0.021272,עושה,0.021214,מביא,0.012521,אוכל,0.01235,רגיל,0.011952,יושב,0.011445,נוטל,0.011093,רועה,0.010819,נושא,0.009061,קוצר,0.007664,אב,0.004912,מפריש,0.003944,שוחט,0.00352,שוכר,0.003084,אביו,0.002954,קונה,0.002864,יורד,0.002661,נוטע,0.002219,חכם,0.001657,חורש,0.001651,מנחת,0.001219,מנחתו,0.000879,מבשל,0.000839,מוציאו,0.000513,מניחו,0.000198,שוחטין,0.000173,מביאו,0.000163,אוכלן,0.000163,רועי,8.7e-05,קוצרין,6.7e-05,חורשין,4.5e-05,עושהו,3.1e-05,יושן,3.1e-05,מפרישין,2.8e-05,נוטען,2.4e-05,רועהו,2.4e-05,נוטלן,1.7e-05,שוחטן,1.6e-05,קונהו,1.1e-05,חורשן,1e-05,מבשלת,7e-06,מביאוין,0.0,מניחוון,0.0,רועהוות,0.0,קונהוין,0.0,רועהוותא,0.0,רועהוותאוי,0.0,רועהוותאויי,0.0,PRON,True,מוצי,מוצ,False,False,False,True,True,True,False,,,,False,False
Midrash_Aggadic_Midrash_Pesikta_DRav_Kahanna__10_1,pesikta_drk,217,מעשרותיו,0.8705,0.1494,0.0,0.7809,5,1,True,"{""מעשרותיו"": 1, ""מעשר"": 1, ""מעשרו"": 1, ""מעשרותיוו"": 1, ""מעשרוין"": 1}","{""מעשרותיו"": [""מעשרותיו""], ""מעשר"": [""מעשר""], ""מעשרו"": [""מעשרו""], ""מעשרותיוו"": [""מעשרותיוו""], ""מעשרוין"": [""מעשרוין""]}",מעשרותיו,0.546963,מעשר,0.164769,מעשרו,0.069133,מעשרותיוו,7.3e-05,מעשרוין,6e-06,,,,,,,,,,,,,,,,,,,,,,,,,,,,,,,,,,,,,,,,,,,,,,,,,,,,,,,,,,,,,,,,,,,,,,,,,,,,,,,,,,,,,,,,,,,PUNCT,False,מעשרותיו,מעשר,False,False,False,True,True,True,False,,,,False,False
Midrash_Aggadic_Midrash_Pesikta_DRav_Kahanna__10_1,pesikta_drk,218,כראוי,1.3996,0.2523,0.0,0.5369,50,1,True,"{""כראוי"": 1, ""שלא"": 1, ""ולא"": 1, ""על"": 1, ""לא"": 1, ""לפני"": 1, ""והיה"": 1, ""ואמר"": 1, ""והיו"": 1, ""ביד"": 1, ""בחזורי"": 1, ""ונכנס"": 1, ""בשוק"": 1, ""כדרך"": 1, ""לאכילה"": 1, ""בחנות"": 1, ""ואמרין"": 1, ""ברגל"": 1, ""ונמצא"": 1, ""בידיו"": 1, ""בחנותו"": 1, ""ועושה"": 1, ""בשכר"": 1, ""ואומר"": 1, ""לאכילת"": 1, ""ונכנסו"": 1, ""ונתן"": 1, ""כראויו"": 1, ""ולאו"": 1, ""ועושהו"": 1, ""מבעוד"": 1, ""ואומרין"": 1, ""בשוקא"": 1, ""ועושי"": 1, ""כראיה"": 1, ""בשכרן"": 1, ""בחזוריין"": 1, ""ונמצאין"": 1, ""ולאויר"": 1, ""ברגלון"": 1, ""לפניי"": 1, ""כראויוון"": 1, ""ולאוירא"": 1, ""כראיהו"": 1, ""לאכילתן"": 1, ""ועושהוין"": 1, ""בשוקאוי"": 1, ""לפנייון"": 1, ""בשוקאויי"": 1, ""כראיהוון"": 1}","{""כראוי"": [""כראוי""], ""שלא"": [""שלא""], ""ולא"": [""ולא""], ""על"": [""על""], ""לא"": [""לא""], ""לפני"": [""לפני""], ""והיה"": [""והיה""], ""ואמר"": [""ואמר""], ""והיו"": [""והיו""], ""ביד"": [""ביד""], ""בחזורי"": [""בחזורי""], ""ונכנס"": [""ונכנס""], ""בשוק"": [""בשוק""], ""כדרך"": [""כדרך""], ""לאכילה"": [""לאכילה""], ""בחנות"": [""בחנות""], ""ואמרין"": [""ואמרין""], ""ברגל"": [""ברגל""], ""ונמצא"": [""ונמצא""], ""בידיו"": [""בידיו""], ""בחנותו"": [""בחנותו""], ""ועושה"": [""ועושה""], ""בשכר"": [""בשכר""], ""ואומר"": [""ואומר""], ""לאכילת"": [""לאכילת""], ""ונכנסו"": [""ונכנסו""], ""ונתן"": [""ונתן""], ""כראויו"": [""כראויו""], ""ולאו"": [""ולאו""], ""ועושהו"": [""ועושהו""], ""מבעוד"": [""מבעוד""], ""ואומרין"": [""ואומרין""], ""בשוקא"": [""בשוקא""], ""ועושי"": [""ועושי""], ""כראיה"": [""כראיה""], ""בשכרן"": [""בשכרן""], ""בחזוריין"": [""בחזוריין""], ""ונמצאין"": [""ונמצאין""], ""ולאויר"": [""ולאויר""], ""ברגלון"": [""ברגלון""], ""לפניי"": [""לפניי""], ""כראויוון"": [""כראויוון""], ""ולאוירא"": [""ולאוירא""], ""כראיהו"": [""כראיהו""], ""לאכילתן"": [""לאכילתן""], ""ועושהוין"": [""ועושהוין""], ""בשוקאוי"": [""בשוקאוי""], ""לפנייון"": [""לפנייון""], ""בשוקאויי"": [""בשוקאויי""], ""כראיהוון"": [""כראיהוון""]}",כראוי,0.379034,שלא,0.043814,ולא,0.020375,על,0.017158,לא,0.011609,לפני,0.011078,והיה,0.010987,ואמר,0.009222,והיו,0.00626,ביד,0.004748,בחזורי,0.002529,ונכנס,0.002094,בשוק,0.001682,כדרך,0.001575,לאכילה,0.001323,בחנות,0.00131,ואמרין,0.001271,ברגל,0.001247,ונמצא,0.001156,בידיו,0.001131,בחנותו,0.001101,ועושה,0.001056,בשכר,0.000859,ואומר,0.000781,לאכילת,0.000731,ונכנסו,0.000641,ונתן,0.000623,כראויו,0.000349,ולאו,0.000327,ועושהו,0.000227,מבעוד,0.000181,ואומרין,0.00014,בשוקא,8.2e-05,ועושי,6.9e-05,כראיה,4.7e-05,בשכרן,1.6e-05,בחזוריין,1.1e-05,ונמצאין,9e-06,ולאויר,6e-06,ברגלון,4e-06,לפניי,3e-06,כראויוון,1e-06,ולאוירא,1e-06,כראיהו,1e-06,לאכילתן,1e-06,ועושהוין,0.0,בשוקאוי,0.0,לפנייון,0.0,בשוקאויי,0.0,כראיהוון,0.0,PROPN,True,כראוי,כראוי,False,False,False,True,True,True,False,,,,False,False
Midrash_Aggadic_Midrash_Pesikta_DRav_Kahanna__10_1,pesikta_drk,219,והיתה,6.2082,0.7537,0.5201,0.4294,50,-1,False,"{""והיה"": 1, ""ולא"": 1, ""והיו"": 1, ""ואמר"": 1, ""עד"": 1, ""ובא"": 1, ""אמר"": 1, ""ונכנס"": 1, ""אמרו"": 1, ""והוא"": 1, ""וכל"": 1, ""וחזר"": 1, ""ונכנסו"": 1, ""ונפל"": 1, ""שנאמר"": 1, ""ואחר"": 1, ""ועמד"": 1, ""ואמרין"": 1, ""ונתן"": 1, ""ובאו"": 1, ""וכש"": 1, ""ושאלו"": 1, ""ושמע"": 1, ""שנא"": 1, ""וכשהגיע"": 1, ""וחזרו"": 1, ""ולאו"": 1, ""נטל"": 1, ""שנאמרו"": 1, ""וחסר"": 1, ""נטלו"": 1, ""וכשהיו"": 1, ""ואחרי"": 1, ""ובאנו"": 1, ""עדין"": 1, ""וכשהגיעו"": 1, ""וכלב"": 1, ""ושמעו"": 1, ""נטמא"": 1, ""נטמאו"": 1, ""וחסרה"": 1, ""ועמדו"": 1, ""ונפלע"": 1, ""וחסרהו"": 1, ""וכלביו"": 1, ""ולאויר"": 1, ""ובאנוו"": 1, ""ולאוירא"": 1, ""ונפלען"": 1, ""ובאנווין"": 1}","{""והיה"": [""והיה""], ""ולא"": [""ולא""], ""והיו"": [""והיו""], ""ואמר"": [""ואמר""], ""עד"": [""עד""], ""ובא"": [""ובא""], ""אמר"": [""אמר""], ""ונכנס"": [""ונכנס""], ""אמרו"": [""אמרו""], ""והוא"": [""והוא""], ""וכל"": [""וכל""], ""וחזר"": [""וחזר""], ""ונכנסו"": [""ונכנסו""], ""ונפל"": [""ונפל""], ""שנאמר"": [""שנאמר""], ""ואחר"": [""ואחר""], ""ועמד"": [""ועמד""], ""ואמרין"": [""ואמרין""], ""ונתן"": [""ונתן""], ""ובאו"": [""ובאו""], ""וכש"": [""וכש""], ""ושאלו"": [""ושאלו""], ""ושמע"": [""ושמע""], ""שנא"": [""שנא""], ""וכשהגיע"": [""וכשהגיע""], ""וחזרו"": [""וחזרו""], ""ולאו"": [""ולאו""], ""נטל"": [""נטל""], ""שנאמרו"": [""שנאמרו""], ""וחסר"": [""וחסר""], ""נטלו"": [""נטלו""], ""וכשהיו"": [""וכשהיו""], ""ואחרי"": [""ואחרי""], ""ובאנו"": [""ובאנו""], ""עדין"": [""עדין""], ""וכשהגיעו"": [""וכשהגיעו""], ""וכלב"": [""וכלב""], ""ושמעו"": [""ושמעו""], ""נטמא"": [""נטמא""], ""נטמאו"": [""נטמאו""], ""וחסרה"": [""וחסרה""], ""ועמדו"": [""ועמדו""], ""ונפלע"": [""ונפלע""], ""וחסרהו"": [""וחסרהו""], ""וכלביו"": [""וכלביו""], ""ולאויר"": [""ולאויר""], ""ובאנוו"": [""ובאנוו""], ""ולאוירא"": [""ולאוירא""], ""ונפלען"": [""ונפלען""], ""ובאנווין"": [""ובאנווין""]}",והיה,0.092429,ולא,0.05295,והיו,0.046476,ואמר,0.040213,עד,0.029241,ובא,0.024104,אמר,0.022773,ונכנס,0.021414,אמרו,0.018027,והוא,0.017461,וכל,0.01219,וחזר,0.008716,ונכנסו,0.00731,ונפל,0.005674,שנאמר,0.004898,ואחר,0.004305,ועמד,0.003623,ואמרין,0.002891,ונתן,0.0023,ובאו,0.001774,וכש,0.001133,ושאלו,0.000974,ושמע,0.00091,שנא,0.000878,וכשהגיע,0.000809,וחזרו,0.000734,ולאו,0.000726,נטל,0.000686,שנאמרו,0.000627,וחסר,0.000622,נטלו,0.000496,וכשהיו,0.000401,ואחרי,0.000295,ובאנו,0.000267,עדין,0.000213,וכשהגיעו,0.000201,וכלב,0.000175,ושמעו,0.000153,נטמא,0.000114,נטמאו,6.3e-05,וחסרה,3.6e-05,ועמדו,3.2e-05,ונפלע,1.9e-05,וחסרהו,1.7e-05,וכלביו,9e-06,ולאויר,4e-06,ובאנוו,1e-06,ולאוירא,1e-06,ונפלען,0.0,ובאנווין,0.0,SCONJ,False,והיתה,היי,False,False,False,True,True,True,False,,,,False,False
Midrash_Aggadic_Midrash_Pesikta_DRav_Kahanna__10_1,pesikta_drk,220,לו,2.0189,0.5682,0.0,0.6875,6,2,True,"{""עינו"": 1, ""לו"": 1, ""עליו"": 1, ""עיניו"": 1, ""עינית"": 1, ""עיניתו"": 1}","{""עינו"": [""עינו""], ""לו"": [""לו""], ""עליו"": [""עליו""], ""עיניו"": [""עיניו""], ""עינית"": [""עינית""], ""עיניתו"": [""עיניתו""]}",עינו,0.393824,לו,0.246747,עליו,0.044936,עיניו,0.001905,עינית,4.5e-05,עיניתו,3e-05,,,,,,,,,,,,,,,,,,,,,,,,,,,,,,,,,,,,,,,,,,,,,,,,,,,,,,,,,,,,,,,,,,,,,,,,,,,,,,,,,,,,,,,,,SYM,True,לו,לו,False,True,False,True,True,True,False,,,,False,False
Midrash_Aggadic_Midrash_Pesikta_DRav_Kahanna__10_1,pesikta_drk,221,שדה,5.4608,0.7567,0.0,0.2626,50,5,True,"{""אשה"": 1, ""פרה"": 1, ""בת"": 1, ""אשת"": 1, ""שדה"": 1, ""אשתו"": 1, ""עין"": 1, ""בתולה"": 1, ""סאה"": 1, ""חנות"": 1, ""חמה"": 1, ""בור"": 1, ""פרת"": 1, ""עינו"": 1, ""ספינה"": 1, ""בנו"": 1, ""מנה"": 1, ""שדהו"": 1, ""שפחה"": 1, ""ארנבת"": 1, ""אריסיה"": 1, ""מעה"": 1, ""ספינת"": 1, ""בורית"": 1, ""חנותו"": 1, ""ספינתו"": 1, ""ארנבתו"": 1, ""בוריתו"": 1, ""פרתא"": 1, ""בנוות"": 1, ""חמהו"": 1, ""בתולהו"": 1, ""בנוותא"": 1, ""אריסיהו"": 1, ""ספינהו"": 1, ""שדהוון"": 1, ""ספינתוון"": 1, ""חמהוות"": 1, ""חמהוותא"": 1, ""ספינהוון"": 1, ""ארנבתוון"": 1, ""אריסיהוות"": 1, ""בתולהוות"": 1, ""בתולהוותא"": 1, ""אריסיהוותא"": 1, ""אריסיהוותאוי"": 1, ""בתולהוותאוי"": 1, ""אריסיהוותאויי"": 1, ""בתולהוותאויי"": 1, ""בתולהוותאוייון"": 1}","{""אשה"": [""אשה""], ""פרה"": [""פרה""], ""בת"": [""בת""], ""אשת"": [""אשת""], ""שדה"": [""שדה""], ""אשתו"": [""אשתו""], ""עין"": [""עין""], ""בתולה"": [""בתולה""], ""סאה"": [""סאה""], ""חנות"": [""חנות""], ""חמה"": [""חמה""], ""בור"": [""בור""], ""פרת"": [""פרת""], ""עינו"": [""עינו""], ""ספינה"": [""ספינה""], ""בנו"": [""בנו""], ""מנה"": [""מנה""], ""שדהו"": [""שדהו""], ""שפחה"": [""שפחה""], ""ארנבת"": [""ארנבת""], ""אריסיה"": [""אריסיה""], ""מעה"": [""מעה""], ""ספינת"": [""ספינת""], ""בורית"": [""בורית""], ""חנותו"": [""חנותו""], ""ספינתו"": [""ספינתו""], ""ארנבתו"": [""ארנבתו""], ""בוריתו"": [""בוריתו""], ""פרתא"": [""פרתא""], ""בנוות"": [""בנוות""], ""חמהו"": [""חמהו""], ""בתולהו"": [""בתולהו""], ""בנוותא"": [""בנוותא""], ""אריסיהו"": [""אריסיהו""], ""ספינהו"": [""ספינהו""], ""שדהוון"": [""שדהוון""], ""ספינתוון"": [""ספינתוון""], ""חמהוות"": [""חמהוות""], ""חמהוותא"": [""חמהוותא""], ""ספינהוון"": [""ספינהוון""], ""ארנבתוון"": [""ארנבתוון""], ""אריסיהוות"": [""אריסיהוות""], ""בתולהוות"": [""בתולהוות""], ""בתולהוותא"": [""בתולהוותא""], ""אריסיהוותא"": [""אריסיהוותא""], ""אריסיהוותאוי"": [""אריסיהוותאוי""], ""בתולהוותאוי"": [""בתולהוותאוי""], ""אריסיהוותאויי"": [""אריסיהוותאויי""], ""בתולהוותאויי"": [""בתולהוותאויי""], ""בתולהוותאוייון"": [""בתולהוותאוייון""]}",אשה,0.044713,פרה,0.042933,בת,0.034601,אשת,0.031707,שדה,0.022706,אשתו,0.019117,עין,0.009973,בתולה,0.007139,סאה,0.005917,חנות,0.005522,חמה,0.004723,בור,0.003698,פרת,0.00347,עינו,0.003447,ספינה,0.003362,בנו,0.003264,מנה,0.003206,שדהו,0.002831,שפחה,0.002764,ארנבת,0.001779,אריסיה,0.001666,מעה,0.001295,ספינת,0.000877,בורית,0.000651,חנותו,0.000649,ספינתו,0.000464,ארנבתו,4e-05,בוריתו,3.9e-05,פרתא,2.5e-05,בנוות,2e-05,חמהו,9e-06,בתולהו,7e-06,בנוותא,7e-06,אריסיהו,6e-06,ספינהו,6e-06,שדהוון,0.0,ספינתוון,0.0,חמהוות,0.0,חמהוותא,0.0,ספינהוון,0.0,ארנבתוון,0.0,אריסיהוות,0.0,בתולהוות,0.0,בתולהוותא,0.0,אריסיהוותא,0.0,אריסיהוותאוי,0.0,בתולהוותאוי,0.0,אריסיהוותאויי,0.0,בתולהוותאויי,0.0,בתולהוותאוייון,0.0,VERB,True,שדה,שדה,True,False,True,True,True,True,True,58.0,54.0,4.0,False,True
Midrash_Aggadic_Midrash_Pesikta_DRav_Kahanna__10_1,pesikta_drk,222,אחת,2.6425,0.4351,0.0,0.3487,50,1,True,"{""אחת"": 1, ""של"": 1, ""אחד"": 1, ""מעשר"": 1, ""שליש"": 1, ""שלישית"": 1, ""חטים"": 1, ""נאה"": 1, ""חטה"": 1, ""פשתן"": 1, ""מעשרות"": 1, ""בור"": 1, ""נטוע"": 1, ""נטועה"": 1, ""טמאה"": 1, ""בירושלם"": 1, ""שור"": 1, ""טרשים"": 1, ""טריפה"": 1, ""מוצי"": 1, ""נטיעה"": 1, ""פלשתים"": 1, ""מוציאה"": 1, ""מעשרת"": 1, ""בורית"": 1, ""שזרעה"": 1, ""שלישיתו"": 1, ""שורש"": 1, ""פלשתית"": 1, ""מעשרותו"": 1, ""בוריתא"": 1, ""שורשיה"": 1, ""שזרעהו"": 1, ""אחדו"": 1, ""פלשתיתא"": 1, ""מעשרתא"": 1, ""נטיעהו"": 1, ""נטועהו"": 1, ""מוציאהו"": 1, ""טריפהו"": 1, ""שורשיהו"": 1, ""אחדוות"": 1, ""אחדוותא"": 1, ""נטיעהוות"": 1, ""טריפהוות"": 1, ""נטיעהוותא"": 1, ""טריפהוותא"": 1, ""נטועהוון"": 1, ""אחדוותאוי"": 1, ""אחדוותאויי"": 1}","{""אחת"": [""אחת""], ""של"": [""של""], ""אחד"": [""אחד""], ""מעשר"": [""מעשר""], ""שליש"": [""שליש""], ""שלישית"": [""שלישית""], ""חטים"": [""חטים""], ""נאה"": [""נאה""], ""חטה"": [""חטה""], ""פשתן"": [""פשתן""], ""מעשרות"": [""מעשרות""], ""בור"": [""בור""], ""נטוע"": [""נטוע""], ""נטועה"": [""נטועה""], ""טמאה"": [""טמאה""], ""בירושלם"": [""בירושלם""], ""שור"": [""שור""], ""טרשים"": [""טרשים""], ""טריפה"": [""טריפה""], ""מוצי"": [""מוצי""], ""נטיעה"": [""נטיעה""], ""פלשתים"": [""פלשתים""], ""מוציאה"": [""מוציאה""], ""מעשרת"": [""מעשרת""], ""בורית"": [""בורית""], ""שזרעה"": [""שזרעה""], ""שלישיתו"": [""שלישיתו""], ""שורש"": [""שורש""], ""פלשתית"": [""פלשתית""], ""מעשרותו"": [""מעשרותו""], ""בוריתא"": [""בוריתא""], ""שורשיה"": [""שורשיה""], ""שזרעהו"": [""שזרעהו""], ""אחדו"": [""אחדו""], ""פלשתיתא"": [""פלשתיתא""], ""מעשרתא"": [""מעשרתא""], ""נטיעהו"": [""נטיעהו""], ""נטועהו"": [""נטועהו""], ""מוציאהו"": [""מוציאהו""], ""טריפהו"": [""טריפהו""], ""שורשיהו"": [""שורשיהו""], ""אחדוות"": [""אחדוות""], ""אחדוותא"": [""אחדוותא""], ""נטיעהוות"": [""נטיעהוות""], ""טריפהוות"": [""טריפהוות""], ""נטיעהוותא"": [""נטיעהוותא""], ""טריפהוותא"": [""טריפהוותא""], ""נטועהוון"": [""נטועהוון""], ""אחדוותאוי"": [""אחדוותאוי""], ""אחדוותאויי"": [""אחדוותאויי""]}",אחת,0.160155,של,0.076843,אחד,0.035735,מעשר,0.014319,שליש,0.008541,שלישית,0.006332,חטים,0.005689,נאה,0.005164,חטה,0.004866,פשתן,0.004047,מעשרות,0.003735,בור,0.003351,נטוע,0.003272,נטועה,0.00316,טמאה,0.002541,בירושלם,0.002191,שור,0.001342,טרשים,0.001095,טריפה,0.000866,מוצי,0.000715,נטיעה,0.000697,פלשתים,0.000667,מוציאה,0.000651,מעשרת,0.000523,בורית,0.000515,שזרעה,0.000452,שלישיתו,0.000303,שורש,0.000292,פלשתית,0.000257,מעשרותו,0.000167,בוריתא,7.1e-05,שורשיה,7.1e-05,שזרעהו,2.3e-05,אחדו,8e-06,פלשתיתא,7e-06,מעשרתא,5e-06,נטיעהו,4e-06,נטועהו,2e-06,מוציאהו,2e-06,טריפהו,1e-06,שורשיהו,0.0,אחדוות,0.0,אחדוותא,0.0,נטיעהוות,0.0,טריפהוות,0.0,נטיעהוותא,0.0,טריפהוותא,0.0,נטועהוון,0.0,אחדוותאוי,0.0,אחדוותאויי,0.0,ADP,True,אחת,אחת,False,False,False,True,True,True,False,,,,False,False
Midrash_Aggadic_Midrash_Pesikta_DRav_Kahanna__10_1,pesikta_drk,223,עושה,12.7539,0.9118,0.8702,0.2471,50,-1,False,"{""של"": 1, ""שהיה"": 1, ""והוא"": 1, ""שהיתה"": 1, ""גדולה"": 1, ""והיה"": 1, ""והיו"": 1, ""שליש"": 1, ""שלישית"": 1, ""בירושלם"": 1, ""ובא"": 1, ""חטה"": 1, ""שזרעה"": 1, ""בדרום"": 1, ""ונתן"": 1, ""שהוציא"": 1, ""ובנה"": 1, ""שנטע"": 1, ""ועמד"": 1, ""חוצה"": 1, ""מוציאה"": 1, ""שנאכל"": 1, ""ובאחת"": 1, ""שנאכלת"": 1, ""בירושל"": 1, ""שנוטע"": 1, ""מפוזרת"": 1, ""מפוזר"": 1, ""שהוציאו"": 1, ""שלישיתו"": 1, ""מפוזרין"": 1, ""שזרעהו"": 1, ""בירושלמ"": 1, ""שנוטעין"": 1, ""ובנהו"": 1, ""והואיל"": 1, ""ועמדת"": 1, ""בירושלמיה"": 1, ""שנטעת"": 1, ""ובאחתה"": 1, ""ועמדתיה"": 1, ""שנטעתיה"": 1, ""והואילו"": 1, ""ועמדתיהו"": 1, ""בירושלמיהו"": 1, ""ובאחתהו"": 1, ""שנטעתיהו"": 1, ""ובאחתהוות"": 1, ""ובאחתהוותיה"": 1, ""ובאחתהוותיהו"": 1}","{""של"": [""של""], ""שהיה"": [""שהיה""], ""והוא"": [""והוא""], ""שהיתה"": [""שהיתה""], ""גדולה"": [""גדולה""], ""והיה"": [""והיה""], ""והיו"": [""והיו""], ""שליש"": [""שליש""], ""שלישית"": [""שלישית""], ""בירושלם"": [""בירושלם""], ""ובא"": [""ובא""], ""חטה"": [""חטה""], ""שזרעה"": [""שזרעה""], ""בדרום"": [""בדרום""], ""ונתן"": [""ונתן""], ""שהוציא"": [""שהוציא""], ""ובנה"": [""ובנה""], ""שנטע"": [""שנטע""], ""ועמד"": [""ועמד""], ""חוצה"": [""חוצה""], ""מוציאה"": [""מוציאה""], ""שנאכל"": [""שנאכל""], ""ובאחת"": [""ובאחת""], ""שנאכלת"": [""שנאכלת""], ""בירושל"": [""בירושל""], ""שנוטע"": [""שנוטע""], ""מפוזרת"": [""מפוזרת""], ""מפוזר"": [""מפוזר""], ""שהוציאו"": [""שהוציאו""], ""שלישיתו"": [""שלישיתו""], ""מפוזרין"": [""מפוזרין""], ""שזרעהו"": [""שזרעהו""], ""בירושלמ"": [""בירושלמ""], ""שנוטעין"": [""שנוטעין""], ""ובנהו"": [""ובנהו""], ""והואיל"": [""והואיל""], ""ועמדת"": [""ועמדת""], ""בירושלמיה"": [""בירושלמיה""], ""שנטעת"": [""שנטעת""], ""ובאחתה"": [""ובאחתה""], ""ועמדתיה"": [""ועמדתיה""], ""שנטעתיה"": [""שנטעתיה""], ""והואילו"": [""והואילו""], ""ועמדתיהו"": [""ועמדתיהו""], ""בירושלמיהו"": [""בירושלמיהו""], ""ובאחתהו"": [""ובאחתהו""], ""שנטעתיהו"": [""שנטעתיהו""], ""ובאחתהוות"": [""ובאחתהוות""], ""ובאחתהוותיה"": [""ובאחתהוותיה""], ""ובאחתהוותיהו"": [""ובאחתהוותיהו""]}",של,0.105763,שהיה,0.033804,והוא,0.019261,שהיתה,0.014708,גדולה,0.013873,והיה,0.012316,והיו,0.008077,שליש,0.008015,שלישית,0.006166,בירושלם,0.005222,ובא,0.00339,חטה,0.002787,שזרעה,0.001695,בדרום,0.001652,ונתן,0.001538,שהוציא,0.001347,ובנה,0.001153,שנטע,0.000858,ועמד,0.0008,חוצה,0.000786,מוציאה,0.000659,שנאכל,0.000586,ובאחת,0.000445,שנאכלת,0.000378,בירושל,0.000372,שנוטע,0.000317,מפוזרת,0.000288,מפוזר,0.000243,שהוציאו,0.000185,שלישיתו,0.000182,מפוזרין,6.5e-05,שזרעהו,6.5e-05,בירושלמ,3.3e-05,שנוטעין,2e-05,ובנהו,1.3e-05,והואיל,1e-05,ועמדת,9e-06,בירושלמיה,8e-06,שנטעת,5e-06,ובאחתה,2e-06,ועמדתיה,2e-06,שנטעתיה,0.0,והואילו,0.0,ועמדתיהו,0.0,בירושלמיהו,0.0,ובאחתהו,0.0,שנטעתיהו,0.0,ובאחתהוות,0.0,ובאחתהוותיה,0.0,ובאחתהוותיהו,0.0,X,True,עושה,עושה,False,False,False,True,True,True,False,,,,False,False
Midrash_Aggadic_Midrash_Pesikta_DRav_Kahanna__10_1,pesikta_drk,224,אלף,10.9324,0.9314,0.8582,0.4861,50,-1,False,"{""פירות"": 1, ""מעשר"": 1, ""מעשרות"": 1, ""בה"": 1, ""לה"": 1, ""את"": 1, ""פרי"": 1, ""זית"": 1, ""תבואה"": 1, ""מעשרותיו"": 1, ""ממנה"": 1, ""זיתים"": 1, ""עמה"": 1, ""מעשרין"": 1, ""תרומה"": 1, ""זרע"": 1, ""שמן"": 1, ""פירותיו"": 1, ""שכר"": 1, ""חטין"": 1, ""חוצה"": 1, ""אתו"": 1, ""עשר"": 1, ""בכרם"": 1, ""עמהן"": 1, ""פתו"": 1, ""ממעשרות"": 1, ""ביטון"": 1, ""ממעשר"": 1, ""זרעונים"": 1, ""ממעשרותיו"": 1, ""עשרין"": 1, ""שכרה"": 1, ""ממעשרו"": 1, ""פריין"": 1, ""פתוות"": 1, ""פתוותיה"": 1, ""אתוון"": 1, ""פירותיוו"": 1, ""שכרהו"": 1, ""ממעשרותיוו"": 1, ""פתוותיהו"": 1, ""פירותיווין"": 1, ""שכרהוות"": 1, ""ממעשרותיוויה"": 1, ""שכרהוותא"": 1, ""פתוותיהוון"": 1, ""ממעשרותיוויהו"": 1, ""שכרהוותאוי"": 1, ""שכרהוותאויי"": 1}","{""פירות"": [""פירות""], ""מעשר"": [""מעשר""], ""מעשרות"": [""מעשרות""], ""בה"": [""בה""], ""לה"": [""לה""], ""את"": [""את""], ""פרי"": [""פרי""], ""זית"": [""זית""], ""תבואה"": [""תבואה""], ""מעשרותיו"": [""מעשרותיו""], ""ממנה"": [""ממנה""], ""זיתים"": [""זיתים""], ""עמה"": [""עמה""], ""מעשרין"": [""מעשרין""], ""תרומה"": [""תרומה""], ""זרע"": [""זרע""], ""שמן"": [""שמן""], ""פירותיו"": [""פירותיו""], ""שכר"": [""שכר""], ""חטין"": [""חטין""], ""חוצה"": [""חוצה""], ""אתו"": [""אתו""], ""עשר"": [""עשר""], ""בכרם"": [""בכרם""], ""עמהן"": [""עמהן""], ""פתו"": [""פתו""], ""ממעשרות"": [""ממעשרות""], ""ביטון"": [""ביטון""], ""ממעשר"": [""ממעשר""], ""זרעונים"": [""זרעונים""], ""ממעשרותיו"": [""ממעשרותיו""], ""עשרין"": [""עשרין""], ""שכרה"": [""שכרה""], ""ממעשרו"": [""ממעשרו""], ""פריין"": [""פריין""], ""פתוות"": [""פתוות""], ""פתוותיה"": [""פתוותיה""], ""אתוון"": [""אתוון""], ""פירותיוו"": [""פירותיוו""], ""שכרהו"": [""שכרהו""], ""ממעשרותיוו"": [""ממעשרותיוו""], ""פתוותיהו"": [""פתוותיהו""], ""פירותיווין"": [""פירותיווין""], ""שכרהוות"": [""שכרהוות""], ""ממעשרותיוויה"": [""ממעשרותיוויה""], ""שכרהוותא"": [""שכרהוותא""], ""פתוותיהוון"": [""פתוותיהוון""], ""ממעשרותיוויהו"": [""ממעשרותיוויהו""], ""שכרהוותאוי"": [""שכרהוותאוי""], ""שכרהוותאויי"": [""שכרהוותאויי""]}",פירות,0.126612,מעשר,0.088537,מעשרות,0.070039,בה,0.05059,לה,0.027938,את,0.021421,פרי,0.016945,זית,0.011138,תבואה,0.011026,מעשרותיו,0.008916,ממנה,0.007888,זיתים,0.007655,עמה,0.005718,מעשרין,0.004492,תרומה,0.004015,זרע,0.003045,שמן,0.002734,פירותיו,0.002345,שכר,0.002163,חטין,0.002094,חוצה,0.002029,אתו,0.002005,עשר,0.001638,בכרם,0.001255,עמהן,0.000749,פתו,0.000685,ממעשרות,0.000447,ביטון,0.000427,ממעשר,0.000414,זרעונים,0.000354,ממעשרותיו,0.000215,עשרין,0.000165,שכרה,0.000112,ממעשרו,0.000111,פריין,0.000109,פתוות,5e-05,פתוותיה,5e-06,אתוון,0.0,פירותיוו,0.0,שכרהו,0.0,ממעשרותיוו,0.0,פתוותיהו,0.0,פירותיווין,0.0,שכרהוות,0.0,ממעשרותיוויה,0.0,שכרהוותא,0.0,פתוותיהוון,0.0,ממעשרותיוויהו,0.0,שכרהוותאוי,0.0,שכרהוותאויי,0.0,X,True,אלף,אלף,False,False,False,True,True,True,False,,,,False,False
Midrash_Aggadic_Midrash_Pesikta_DRav_Kahanna__10_1,pesikta_drk,225,מידות,13.3768,0.8826,0.4152,0.4503,50,-1,False,"{""דינר"": 1, ""דינרין"": 1, ""זוז"": 1, ""שקל"": 1, ""וחמש"": 1, ""דינרי"": 1, ""זית"": 1, ""אמה"": 1, ""ועשר"": 1, ""זיתים"": 1, ""זוזי"": 1, ""ושתי"": 1, ""והיתה"": 1, ""וארבע"": 1, ""ועשרים"": 1, ""שערים"": 1, ""ושדה"": 1, ""ביצים"": 1, ""דרה"": 1, ""שקלין"": 1, ""תרין"": 1, ""תרומות"": 1, ""אגורות"": 1, ""אגורין"": 1, ""בדינר"": 1, ""דינריי"": 1, ""בדינרין"": 1, ""שדיא"": 1, ""וחצי"": 1, ""שדונים"": 1, ""ושתיו"": 1, ""בדינרי"": 1, ""תרומותיו"": 1, ""ושדהו"": 1, ""זוזיון"": 1, ""שדיאן"": 1, ""אגורותי"": 1, ""דינרייון"": 1, ""בדינריי"": 1, ""ושתיוות"": 1, ""וחציין"": 1, ""ושתיוותה"": 1, ""ושדהוות"": 1, ""בדינרייון"": 1, ""ושתיוותהו"": 1, ""ושדהוותא"": 1, ""ושתיוותהוות"": 1, ""ושדהוותאחת"": 1, ""ושתיוותהוותה"": 1, ""ושדהוותאחתעוש"": 1}","{""דינר"": [""דינר""], ""דינרין"": [""דינרין""], ""זוז"": [""זוז""], ""שקל"": [""שקל""], ""וחמש"": [""וחמש""], ""דינרי"": [""דינרי""], ""זית"": [""זית""], ""אמה"": [""אמה""], ""ועשר"": [""ועשר""], ""זיתים"": [""זיתים""], ""זוזי"": [""זוזי""], ""ושתי"": [""ושתי""], ""והיתה"": [""והיתה""], ""וארבע"": [""וארבע""], ""ועשרים"": [""ועשרים""], ""שערים"": [""שערים""], ""ושדה"": [""ושדה""], ""ביצים"": [""ביצים""], ""דרה"": [""דרה""], ""שקלין"": [""שקלין""], ""תרין"": [""תרין""], ""תרומות"": [""תרומות""], ""אגורות"": [""אגורות""], ""אגורין"": [""אגורין""], ""בדינר"": [""בדינר""], ""דינריי"": [""דינריי""], ""בדינרין"": [""בדינרין""], ""שדיא"": [""שדיא""], ""וחצי"": [""וחצי""], ""שדונים"": [""שדונים""], ""ושתיו"": [""ושתיו""], ""בדינרי"": [""בדינרי""], ""תרומותיו"": [""תרומותיו""], ""ושדהו"": [""ושדהו""], ""זוזיון"": [""זוזיון""], ""שדיאן"": [""שדיאן""], ""אגורותי"": [""אגורותי""], ""דינרייון"": [""דינרייון""], ""בדינריי"": [""בדינריי""], ""ושתיוות"": [""ושתיוות""], ""וחציין"": [""וחציין""], ""ושתיוותה"": [""ושתיוותה""], ""ושדהוות"": [""ושדהוות""], ""בדינרייון"": [""בדינרייון""], ""ושתיוותהו"": [""ושתיוותהו""], ""ושדהוותא"": [""ושדהוותא""], ""ושתיוותהוות"": [""ושתיוותהוות""], ""ושדהוותאחת"": [""ושדהוותאחת""], ""ושתיוותהוותה"": [""ושתיוותהוותה""], ""ושדהוותאחתעוש"": [""ושדהוותאחתעוש""]}",דינר,0.094012,דינרין,0.073433,זוז,0.052683,שקל,0.04568,וחמש,0.026041,דינרי,0.020332,זית,0.019996,אמה,0.019699,ועשר,0.016228,זיתים,0.014895,זוזי,0.013451,ושתי,0.009778,והיתה,0.008046,וארבע,0.007547,ועשרים,0.00427,שערים,0.003873,ושדה,0.003597,ביצים,0.003102,דרה,0.003092,שקלין,0.003058,תרין,0.001802,תרומות,0.001615,אגורות,0.001412,אגורין,0.000721,בדינר,0.000619,דינריי,0.000588,בדינרין,0.000193,שדיא,0.000156,וחצי,0.000152,שדונים,0.000111,ושתיו,2.8e-05,בדינרי,2.7e-05,תרומותיו,2e-05,ושדהו,4e-06,זוזיון,3e-06,שדיאן,2e-06,אגורותי,2e-06,דינרייון,1e-06,בדינריי,1e-06,ושתיוות,0.0,וחציין,0.0,ושתיוותה,0.0,ושדהוות,0.0,בדינרייון,0.0,ושתיוותהו,0.0,ושדהוותא,0.0,ושתיוותהוות,0.0,ושדהוותאחת,0.0,ושתיוותהוותה,0.0,ושדהוותאחתעוש,0.0,NUM,True,מידות,מידה,False,False,False,True,True,True,False,,,,False,False
Midrash_Aggadic_Midrash_Pesikta_DRav_Kahanna__10_1,pesikta_drk,226,והיה,5.2718,0.6927,0.0,0.1829,50,2,True,"{""של"": 1, ""והיה"": 1, ""והיתה"": 1, ""ואחת"": 1, ""ואמר"": 1, ""ובא"": 1, ""שליש"": 1, ""ונוטל"": 1, ""ועושה"": 1, ""ושתי"": 1, ""שלישית"": 1, ""ונתן"": 1, ""ושני"": 1, ""ומוציא"": 1, ""ובין"": 1, ""ונכנס"": 1, ""ונוטלה"": 1, ""ואמרין"": 1, ""ובאחת"": 1, ""מוציא"": 1, ""מנה"": 1, ""ליטר"": 1, ""ליטרין"": 1, ""בדינר"": 1, ""ליטרא"": 1, ""בפירות"": 1, ""בדינרין"": 1, ""מנהר"": 1, ""ושנייה"": 1, ""ועושין"": 1, ""מוציאין"": 1, ""שלישיתו"": 1, ""ועושהו"": 1, ""בפירותיו"": 1, ""ליטראות"": 1, ""ונוטלהו"": 1, ""ונוטלן"": 1, ""ושתיו"": 1, ""ואחתו"": 1, ""ובאחתו"": 1, ""מנהרין"": 1, ""ושנייהו"": 1, ""ושתיוות"": 1, ""ושתיוותה"": 1, ""ואחתוות"": 1, ""ואחתוותא"": 1, ""ובאחתוון"": 1, ""ושתיוותהו"": 1, ""ושתיוותהוות"": 1, ""ושתיוותהוותה"": 1}","{""של"": [""של""], ""והיה"": [""והיה""], ""והיתה"": [""והיתה""], ""ואחת"": [""ואחת""], ""ואמר"": [""ואמר""], ""ובא"": [""ובא""], ""שליש"": [""שליש""], ""ונוטל"": [""ונוטל""], ""ועושה"": [""ועושה""], ""ושתי"": [""ושתי""], ""שלישית"": [""שלישית""], ""ונתן"": [""ונתן""], ""ושני"": [""ושני""], ""ומוציא"": [""ומוציא""], ""ובין"": [""ובין""], ""ונכנס"": [""ונכנס""], ""ונוטלה"": [""ונוטלה""], ""ואמרין"": [""ואמרין""], ""ובאחת"": [""ובאחת""], ""מוציא"": [""מוציא""], ""מנה"": [""מנה""], ""ליטר"": [""ליטר""], ""ליטרין"": [""ליטרין""], ""בדינר"": [""בדינר""], ""ליטרא"": [""ליטרא""], ""בפירות"": [""בפירות""], ""בדינרין"": [""בדינרין""], ""מנהר"": [""מנהר""], ""ושנייה"": [""ושנייה""], ""ועושין"": [""ועושין""], ""מוציאין"": [""מוציאין""], ""שלישיתו"": [""שלישיתו""], ""ועושהו"": [""ועושהו""], ""בפירותיו"": [""בפירותיו""], ""ליטראות"": [""ליטראות""], ""ונוטלהו"": [""ונוטלהו""], ""ונוטלן"": [""ונוטלן""], ""ושתיו"": [""ושתיו""], ""ואחתו"": [""ואחתו""], ""ובאחתו"": [""ובאחתו""], ""מנהרין"": [""מנהרין""], ""ושנייהו"": [""ושנייהו""], ""ושתיוות"": [""ושתיוות""], ""ושתיוותה"": [""ושתיוותה""], ""ואחתוות"": [""ואחתוות""], ""ואחתוותא"": [""ואחתוותא""], ""ובאחתוון"": [""ובאחתוון""], ""ושתיוותהו"": [""ושתיוותהו""], ""ושתיוותהוות"": [""ושתיוותהוות""], ""ושתיוותהוותה"": [""ושתיוותהוותה""]}",של,0.068805,והיה,0.025883,והיתה,0.017513,ואחת,0.013267,ואמר,0.011172,ובא,0.007912,שליש,0.00547,ונוטל,0.004288,ועושה,0.003994,ושתי,0.003048,שלישית,0.002939,ונתן,0.002848,ושני,0.002732,ומוציא,0.002558,ובין,0.002097,ונכנס,0.001965,ונוטלה,0.000913,ואמרין,0.000908,ובאחת,0.000889,מוציא,0.000761,מנה,0.000661,ליטר,0.000403,ליטרין,0.000363,בדינר,0.000355,ליטרא,0.000334,בפירות,0.000281,בדינרין,0.000117,מנהר,6.7e-05,ושנייה,6.4e-05,ועושין,6.1e-05,מוציאין,4.9e-05,שלישיתו,4.3e-05,ועושהו,4.1e-05,בפירותיו,3.8e-05,ליטראות,2.6e-05,ונוטלהו,2.5e-05,ונוטלן,1.5e-05,ושתיו,5e-06,ואחתו,3e-06,ובאחתו,1e-06,מנהרין,0.0,ושנייהו,0.0,ושתיוות,0.0,ושתיוותה,0.0,ואחתוות,0.0,ואחתוותא,0.0,ובאחתוון,0.0,ושתיוותהו,0.0,ושתיוותהוות,0.0,ושתיוותהוותה,0.0,SYM,True,והיה,היי,False,False,False,True,True,True,False,,,,False,False
Midrash_Aggadic_Midrash_Pesikta_DRav_Kahanna__10_1,pesikta_drk,227,מוציא,4.1003,0.6724,0.0,0.3037,50,1,True,"{""מוציא"": 1, ""נותן"": 1, ""עושה"": 1, ""לוקח"": 1, ""לו"": 1, ""מניח"": 1, ""מוצי"": 1, ""מביא"": 1, ""נוטל"": 1, ""מעשר"": 1, ""רגיל"": 1, ""נוטלה"": 1, ""קוצר"": 1, ""קונה"": 1, ""מנכה"": 1, ""מוציאה"": 1, ""מביאה"": 1, ""מעשה"": 1, ""רוכש"": 1, ""רוכב"": 1, ""נוה"": 1, ""קוצרה"": 1, ""עושהו"": 1, ""מניחו"": 1, ""מעשרין"": 1, ""לוקחין"": 1, ""מנכהו"": 1, ""נוטלהו"": 1, ""קונהו"": 1, ""נוטלן"": 1, ""מוציאהו"": 1, ""קוצרהו"": 1, ""לוות"": 1, ""רוכשין"": 1, ""לוותה"": 1, ""מעשהו"": 1, ""לוותהו"": 1, ""עושהוין"": 1, ""מניחוין"": 1, ""קונהוין"": 1, ""מוציאהוין"": 1, ""לוותהוות"": 1, ""לוותהוותה"": 1, ""לוותהוותהו"": 1, ""מעשהויה"": 1, ""לוותהוותהוות"": 1, ""מעשהויהו"": 1, ""מעשהויהויה"": 1, ""מעשהויהויהו"": 1, ""מעשהויהויהויה"": 1}","{""מוציא"": [""מוציא""], ""נותן"": [""נותן""], ""עושה"": [""עושה""], ""לוקח"": [""לוקח""], ""לו"": [""לו""], ""מניח"": [""מניח""], ""מוצי"": [""מוצי""], ""מביא"": [""מביא""], ""נוטל"": [""נוטל""], ""מעשר"": [""מעשר""], ""רגיל"": [""רגיל""], ""נוטלה"": [""נוטלה""], ""קוצר"": [""קוצר""], ""קונה"": [""קונה""], ""מנכה"": [""מנכה""], ""מוציאה"": [""מוציאה""], ""מביאה"": [""מביאה""], ""מעשה"": [""מעשה""], ""רוכש"": [""רוכש""], ""רוכב"": [""רוכב""], ""נוה"": [""נוה""], ""קוצרה"": [""קוצרה""], ""עושהו"": [""עושהו""], ""מניחו"": [""מניחו""], ""מעשרין"": [""מעשרין""], ""לוקחין"": [""לוקחין""], ""מנכהו"": [""מנכהו""], ""נוטלהו"": [""נוטלהו""], ""קונהו"": [""קונהו""], ""נוטלן"": [""נוטלן""], ""מוציאהו"": [""מוציאהו""], ""קוצרהו"": [""קוצרהו""], ""לוות"": [""לוות""], ""רוכשין"": [""רוכשין""], ""לוותה"": [""לוותה""], ""מעשהו"": [""מעשהו""], ""לוותהו"": [""לוותהו""], ""עושהוין"": [""עושהוין""], ""מניחוין"": [""מניחוין""], ""קונהוין"": [""קונהוין""], ""מוציאהוין"": [""מוציאהוין""], ""לוותהוות"": [""לוותהוות""], ""לוותהוותה"": [""לוותהוותה""], ""לוותהוותהו"": [""לוותהוותהו""], ""מעשהויה"": [""מעשהויה""], ""לוותהוותהוות"": [""לוותהוותהוות""], ""מעשהויהו"": [""מעשהויהו""], ""מעשהויהויה"": [""מעשהויהויה""], ""מעשהויהויהו"": [""מעשהויהויהו""], ""מעשהויהויהויה"": [""מעשהויהויהויה""]}",מוציא,0.058304,נותן,0.042918,עושה,0.039077,לוקח,0.035029,לו,0.02192,מניח,0.017013,מוצי,0.015267,מביא,0.012534,נוטל,0.011799,מעשר,0.011631,רגיל,0.008185,נוטלה,0.006026,קוצר,0.005392,קונה,0.004134,מנכה,0.003978,מוציאה,0.003102,מביאה,0.002078,מעשה,0.001207,רוכש,0.000879,רוכב,0.000674,נוה,0.000648,קוצרה,0.000456,עושהו,0.000338,מניחו,0.000314,מעשרין,0.000247,לוקחין,0.000203,מנכהו,9.4e-05,נוטלהו,8.1e-05,קונהו,6.4e-05,נוטלן,3.8e-05,מוציאהו,2.7e-05,קוצרהו,8e-06,לוות,6e-06,רוכשין,5e-06,לוותה,4e-06,מעשהו,1e-06,לוותהו,1e-06,עושהוין,0.0,מניחוין,0.0,קונהוין,0.0,מוציאהוין,0.0,לוותהוות,0.0,לוותהוותה,0.0,לוותהוותהו,0.0,מעשהויה,0.0,לוותהוותהוות,0.0,מעשהויהו,0.0,מעשהויהויה,0.0,מעשהויהויהו,0.0,מעשהויהויהויה,0.0,X,True,מוציא,הוציא,False,False,False,True,True,True,False,,,,False,False
Midrash_Aggadic_Midrash_Pesikta_DRav_Kahanna__10_1,pesikta_drk,228,ממנה,3.7738,0.7517,0.0,0.6636,17,3,True,"{""מעשרות"": 1, ""מעשרותיו"": 1, ""ממנה"": 1, ""את"": 1, ""מעשר"": 1, ""בה"": 1, ""מה"": 1, ""מן"": 1, ""כל"": 1, ""מהן"": 1, ""בהן"": 1, ""מידה"": 1, ""מעשרו"": 1, ""אתו"": 1, ""מעשרותיוו"": 1, ""מידהו"": 1, ""אתוין"": 1}","{""מעשרות"": [""מעשרות""], ""מעשרותיו"": [""מעשרותיו""], ""ממנה"": [""ממנה""], ""את"": [""את""], ""מעשר"": [""מעשר""], ""בה"": [""בה""], ""מה"": [""מה""], ""מן"": [""מן""], ""כל"": [""כל""], ""מהן"": [""מהן""], ""בהן"": [""בהן""], ""מידה"": [""מידה""], ""מעשרו"": [""מעשרו""], ""אתו"": [""אתו""], ""מעשרותיוו"": [""מעשרותיוו""], ""מידהו"": [""מידהו""], ""אתוין"": [""אתוין""]}",מעשרות,0.16229,מעשרותיו,0.131508,ממנה,0.073112,את,0.050457,מעשר,0.048728,בה,0.04523,מה,0.036343,מן,0.034679,כל,0.034141,מהן,0.028613,בהן,0.011195,מידה,0.003263,מעשרו,0.003205,אתו,0.000811,מעשרותיוו,1.2e-05,מידהו,4e-06,אתוין,1e-06,,,,,,,,,,,,,,,,,,,,,,,,,,,,,,,,,,,,,,,,,,,,,,,,,,,,,,,,,,,,,,,,,,,VERB,False,ממנה,ממנה,True,False,True,True,True,True,True,61.0,55.0,6.0,False,True
Midrash_Aggadic_Midrash_Pesikta_DRav_Kahanna__10_1,pesikta_drk,229,מאה,6.2981,0.8642,0.7254,0.3699,50,-1,False,"{""מעשרות"": 1, ""מעשרותיו"": 1, ""מעשר"": 1, ""כל"": 1, ""עשר"": 1, ""אלף"": 1, ""תרומה"": 1, ""חמש"": 1, ""תבואה"": 1, ""שלש"": 1, ""ששים"": 1, ""שליש"": 1, ""ששה"": 1, ""דינר"": 1, ""דמאי"": 1, ""כראוי"": 1, ""מנה"": 1, ""יין"": 1, ""עשרה"": 1, ""עשרין"": 1, ""חטין"": 1, ""דינרין"": 1, ""כזית"": 1, ""חמשת"": 1, ""באלף"": 1, ""מידי"": 1, ""מעשרו"": 1, ""בתרומת"": 1, ""כליל"": 1, ""דינרי"": 1, ""שלישית"": 1, ""מנהל"": 1, ""כלילין"": 1, ""כראיה"": 1, ""בתרומתן"": 1, ""שלישיתו"": 1, ""חמשתין"": 1, ""כראויי"": 1, ""דינריי"": 1, ""בתרומתין"": 1, ""מנהלכל"": 1, ""כראיהו"": 1, ""מעשרוין"": 1, ""מנהלכלכל"": 1, ""דינרייון"": 1, ""מנהלכלכלת"": 1, ""כראוייון"": 1, ""כראיהוון"": 1, ""מנהלכלכלתנו"": 1, ""מנהלכלכלתנווא"": 1}","{""מעשרות"": [""מעשרות""], ""מעשרותיו"": [""מעשרותיו""], ""מעשר"": [""מעשר""], ""כל"": [""כל""], ""עשר"": [""עשר""], ""אלף"": [""אלף""], ""תרומה"": [""תרומה""], ""חמש"": [""חמש""], ""תבואה"": [""תבואה""], ""שלש"": [""שלש""], ""ששים"": [""ששים""], ""שליש"": [""שליש""], ""ששה"": [""ששה""], ""דינר"": [""דינר""], ""דמאי"": [""דמאי""], ""כראוי"": [""כראוי""], ""מנה"": [""מנה""], ""יין"": [""יין""], ""עשרה"": [""עשרה""], ""עשרין"": [""עשרין""], ""חטין"": [""חטין""], ""דינרין"": [""דינרין""], ""כזית"": [""כזית""], ""חמשת"": [""חמשת""], ""באלף"": [""באלף""], ""מידי"": [""מידי""], ""מעשרו"": [""מעשרו""], ""בתרומת"": [""בתרומת""], ""כליל"": [""כליל""], ""דינרי"": [""דינרי""], ""שלישית"": [""שלישית""], ""מנהל"": [""מנהל""], ""כלילין"": [""כלילין""], ""כראיה"": [""כראיה""], ""בתרומתן"": [""בתרומתן""], ""שלישיתו"": [""שלישיתו""], ""חמשתין"": [""חמשתין""], ""כראויי"": [""כראויי""], ""דינריי"": [""דינריי""], ""בתרומתין"": [""בתרומתין""], ""מנהלכל"": [""מנהלכל""], ""כראיהו"": [""כראיהו""], ""מעשרוין"": [""מעשרוין""], ""מנהלכלכל"": [""מנהלכלכל""], ""דינרייון"": [""דינרייון""], ""מנהלכלכלת"": [""מנהלכלכלת""], ""כראוייון"": [""כראוייון""], ""כראיהוון"": [""כראיהוון""], ""מנהלכלכלתנו"": [""מנהלכלכלתנו""], ""מנהלכלכלתנווא"": [""מנהלכלכלתנווא""]}",מעשרות,0.085375,מעשרותיו,0.05502,מעשר,0.037297,כל,0.033479,עשר,0.028814,אלף,0.02128,תרומה,0.015637,חמש,0.010692,תבואה,0.010675,שלש,0.009084,ששים,0.008515,שליש,0.007414,ששה,0.005498,דינר,0.005373,דמאי,0.004878,כראוי,0.004591,מנה,0.004098,יין,0.003883,עשרה,0.003839,עשרין,0.003672,חטין,0.002833,דינרין,0.001504,כזית,0.001432,חמשת,0.001229,באלף,0.001196,מידי,0.001156,מעשרו,0.000706,בתרומת,0.000209,כליל,0.000155,דינרי,0.000152,שלישית,0.000152,מנהל,3.4e-05,כלילין,3e-05,כראיה,1.6e-05,בתרומתן,1.5e-05,שלישיתו,8e-06,חמשתין,3e-06,כראויי,2e-06,דינריי,1e-06,בתרומתין,1e-06,מנהלכל,0.0,כראיהו,0.0,מעשרוין,0.0,מנהלכלכל,0.0,דינרייון,0.0,מנהלכלכלת,0.0,כראוייון,0.0,כראיהוון,0.0,מנהלכלכלתנו,0.0,מנהלכלכלתנווא,0.0,ADP,True,מאה,מאה,False,False,False,True,True,True,False,,,,False,False
Midrash_Aggadic_Midrash_Pesikta_DRav_Kahanna__10_1,pesikta_drk,230,מידות,2.1055,0.3924,0.0,0.4257,50,1,True,"{""מידות"": 1, ""עשר"": 1, ""שקל"": 1, ""דינר"": 1, ""ועשר"": 1, ""זוז"": 1, ""דינרין"": 1, ""עשרון"": 1, ""לוג"": 1, ""מידת"": 1, ""מנה"": 1, ""לוגין"": 1, ""ועשרים"": 1, ""זוזי"": 1, ""אמה"": 1, ""ליטר"": 1, ""ליטרין"": 1, ""דינרי"": 1, ""תבואה"": 1, ""מיני"": 1, ""אמות"": 1, ""תרין"": 1, ""שערים"": 1, ""ומחצה"": 1, ""ביצים"": 1, ""שיטין"": 1, ""שקלין"": 1, ""דמאי"": 1, ""עשרה"": 1, ""מידותיו"": 1, ""מנהו"": 1, ""אמהות"": 1, ""בדוק"": 1, ""מידתין"": 1, ""בדוקין"": 1, ""שיטים"": 1, ""אמותו"": 1, ""מיניין"": 1, ""מנהוות"": 1, ""ומחצהו"": 1, ""אמהותי"": 1, ""מידותיוון"": 1, ""אמותוון"": 1, ""מנהוותי"": 1, ""אמהותיון"": 1, ""ומחצהוות"": 1, ""ומחצהוותא"": 1, ""מנהוותיון"": 1, ""ומחצהוותאוי"": 1, ""ומחצהוותאויי"": 1}","{""מידות"": [""מידות""], ""עשר"": [""עשר""], ""שקל"": [""שקל""], ""דינר"": [""דינר""], ""ועשר"": [""ועשר""], ""זוז"": [""זוז""], ""דינרין"": [""דינרין""], ""עשרון"": [""עשרון""], ""לוג"": [""לוג""], ""מידת"": [""מידת""], ""מנה"": [""מנה""], ""לוגין"": [""לוגין""], ""ועשרים"": [""ועשרים""], ""זוזי"": [""זוזי""], ""אמה"": [""אמה""], ""ליטר"": [""ליטר""], ""ליטרין"": [""ליטרין""], ""דינרי"": [""דינרי""], ""תבואה"": [""תבואה""], ""מיני"": [""מיני""], ""אמות"": [""אמות""], ""תרין"": [""תרין""], ""שערים"": [""שערים""], ""ומחצה"": [""ומחצה""], ""ביצים"": [""ביצים""], ""שיטין"": [""שיטין""], ""שקלין"": [""שקלין""], ""דמאי"": [""דמאי""], ""עשרה"": [""עשרה""], ""מידותיו"": [""מידותיו""], ""מנהו"": [""מנהו""], ""אמהות"": [""אמהות""], ""בדוק"": [""בדוק""], ""מידתין"": [""מידתין""], ""בדוקין"": [""בדוקין""], ""שיטים"": [""שיטים""], ""אמותו"": [""אמותו""], ""מיניין"": [""מיניין""], ""מנהוות"": [""מנהוות""], ""ומחצהו"": [""ומחצהו""], ""אמהותי"": [""אמהותי""], ""מידותיוון"": [""מידותיוון""], ""אמותוון"": [""אמותוון""], ""מנהוותי"": [""מנהוותי""], ""אמהותיון"": [""אמהותיון""], ""ומחצהוות"": [""ומחצהוות""], ""ומחצהוותא"": [""ומחצהוותא""], ""מנהוותיון"": [""מנהוותיון""], ""ומחצהוותאוי"": [""ומחצהוותאוי""], ""ומחצהוותאויי"": [""ומחצהוותאויי""]}",מידות,0.232376,עשר,0.024338,שקל,0.020878,דינר,0.015001,ועשר,0.014999,זוז,0.014103,דינרין,0.013408,עשרון,0.009586,לוג,0.008893,מידת,0.008871,מנה,0.007977,לוגין,0.006826,ועשרים,0.006462,זוזי,0.006234,אמה,0.004701,ליטר,0.004205,ליטרין,0.003996,דינרי,0.0034,תבואה,0.00316,מיני,0.002889,אמות,0.002556,תרין,0.002158,שערים,0.001595,ומחצה,0.001537,ביצים,0.001427,שיטין,0.001024,שקלין,0.000938,דמאי,0.0007,עשרה,0.000629,מידותיו,0.00035,מנהו,0.000134,אמהות,0.000127,בדוק,0.000109,מידתין,4.2e-05,בדוקין,3.7e-05,שיטים,3.3e-05,אמותו,7e-06,מיניין,5e-06,מנהוות,1e-06,ומחצהו,1e-06,אמהותי,0.0,מידותיוון,0.0,אמותוון,0.0,מנהוותי,0.0,אמהותיון,0.0,ומחצהוות,0.0,ומחצהוותא,0.0,מנהוותיון,0.0,ומחצהוותאוי,0.0,ומחצהוותאויי,0.0,NUM,False,מידות,מידה,False,False,False,True,True,True,False,,,,False,False
Midrash_Aggadic_Midrash_Pesikta_DRav_Kahanna__10_1,pesikta_drk,231,למעשר,8.7582,0.8245,0.2687,0.3238,50,-1,False,"{""של"": 1, ""והיה"": 1, ""מעשר"": 1, ""מעשרות"": 1, ""והיו"": 1, ""כדי"": 1, ""ואמר"": 1, ""מעשרותיו"": 1, ""ובא"": 1, ""ועושה"": 1, ""ונתן"": 1, ""ואחר"": 1, ""שליש"": 1, ""ובאה"": 1, ""ושאר"": 1, ""ושנים"": 1, ""שלישית"": 1, ""ואמרין"": 1, ""מנה"": 1, ""מותר"": 1, ""מעשרין"": 1, ""בפירות"": 1, ""לכהן"": 1, ""ובאהבת"": 1, ""לתרומה"": 1, ""מותרת"": 1, ""ובאחת"": 1, ""ובאהבתו"": 1, ""ואחרי"": 1, ""בדינר"": 1, ""מנהגו"": 1, ""ועושין"": 1, ""ושארית"": 1, ""ועושהו"": 1, ""בפירותיו"": 1, ""שלישיתו"": 1, ""בדינרין"": 1, ""כדיי"": 1, ""ובאחתה"": 1, ""מנהגוות"": 1, ""ועושהוין"": 1, ""שלישיתוון"": 1, ""מנהגוותיו"": 1, ""ובאחתהו"": 1, ""מנהגוותיוות"": 1, ""ובאחתהוואה"": 1, ""מנהגוותיוותיו"": 1, ""ובאחתהוואהו"": 1, ""מנהגוותיוותיוות"": 1, ""ובאחתהוואהוואה"": 1}","{""של"": [""של""], ""והיה"": [""והיה""], ""מעשר"": [""מעשר""], ""מעשרות"": [""מעשרות""], ""והיו"": [""והיו""], ""כדי"": [""כדי""], ""ואמר"": [""ואמר""], ""מעשרותיו"": [""מעשרותיו""], ""ובא"": [""ובא""], ""ועושה"": [""ועושה""], ""ונתן"": [""ונתן""], ""ואחר"": [""ואחר""], ""שליש"": [""שליש""], ""ובאה"": [""ובאה""], ""ושאר"": [""ושאר""], ""ושנים"": [""ושנים""], ""שלישית"": [""שלישית""], ""ואמרין"": [""ואמרין""], ""מנה"": [""מנה""], ""מותר"": [""מותר""], ""מעשרין"": [""מעשרין""], ""בפירות"": [""בפירות""], ""לכהן"": [""לכהן""], ""ובאהבת"": [""ובאהבת""], ""לתרומה"": [""לתרומה""], ""מותרת"": [""מותרת""], ""ובאחת"": [""ובאחת""], ""ובאהבתו"": [""ובאהבתו""], ""ואחרי"": [""ואחרי""], ""בדינר"": [""בדינר""], ""מנהגו"": [""מנהגו""], ""ועושין"": [""ועושין""], ""ושארית"": [""ושארית""], ""ועושהו"": [""ועושהו""], ""בפירותיו"": [""בפירותיו""], ""שלישיתו"": [""שלישיתו""], ""בדינרין"": [""בדינרין""], ""כדיי"": [""כדיי""], ""ובאחתה"": [""ובאחתה""], ""מנהגוות"": [""מנהגוות""], ""ועושהוין"": [""ועושהוין""], ""שלישיתוון"": [""שלישיתוון""], ""מנהגוותיו"": [""מנהגוותיו""], ""ובאחתהו"": [""ובאחתהו""], ""מנהגוותיוות"": [""מנהגוותיוות""], ""ובאחתהוואה"": [""ובאחתהוואה""], ""מנהגוותיוותיו"": [""מנהגוותיוותיו""], ""ובאחתהוואהו"": [""ובאחתהוואהו""], ""מנהגוותיוותיוות"": [""מנהגוותיוותיוות""], ""ובאחתהוואהוואה"": [""ובאחתהוואהוואה""]}",של,0.143413,והיה,0.045394,מעשר,0.033968,מעשרות,0.016555,והיו,0.015935,כדי,0.015116,ואמר,0.014553,מעשרותיו,0.00653,ובא,0.005619,ועושה,0.003564,ונתן,0.003066,ואחר,0.003003,שליש,0.002926,ובאה,0.0022,ושאר,0.001745,ושנים,0.001614,שלישית,0.001493,ואמרין,0.001114,מנה,0.000984,מותר,0.000939,מעשרין,0.000694,בפירות,0.00058,לכהן,0.000533,ובאהבת,0.000496,לתרומה,0.000429,מותרת,0.000292,ובאחת,0.000247,ובאהבתו,0.000232,ואחרי,0.000167,בדינר,9.5e-05,מנהגו,5.1e-05,ועושין,5.1e-05,ושארית,5e-05,ועושהו,3.6e-05,בפירותיו,2.2e-05,שלישיתו,2.2e-05,בדינרין,1.6e-05,כדיי,6e-06,ובאחתה,0.0,מנהגוות,0.0,ועושהוין,0.0,שלישיתוון,0.0,מנהגוותיו,0.0,ובאחתהו,0.0,מנהגוותיוות,0.0,ובאחתהוואה,0.0,מנהגוותיוותיו,0.0,ובאחתהוואהו,0.0,מנהגוותיוותיוות,0.0,ובאחתהוואהוואה,0.0,X,True,למעשר,מעשר,False,False,False,True,True,True,False,,,,False,False
Midrash_Aggadic_Midrash_Pesikta_DRav_Kahanna__10_1,pesikta_drk,232,ממנה,12.2382,0.8636,0.8134,0.3549,50,-1,False,"{""והיה"": 1, ""ואמר"": 1, ""והיו"": 1, ""אחת"": 1, ""מיד"": 1, ""ולא"": 1, ""וחזר"": 1, ""אחד"": 1, ""ובא"": 1, ""ואחר"": 1, ""דכת"": 1, ""מידות"": 1, ""וחוזר"": 1, ""ולמעשר"": 1, ""ובאה"": 1, ""ואמרין"": 1, ""ונתן"": 1, ""ועושה"": 1, ""דאמר"": 1, ""ולתרומה"": 1, ""וחזרה"": 1, ""ובאהבת"": 1, ""ואחרי"": 1, ""מידותיו"": 1, ""ובאהבתו"": 1, ""ולאו"": 1, ""דכתיב"": 1, ""ובאחת"": 1, ""דאמרו"": 1, ""וחוזרין"": 1, ""אחדות"": 1, ""ולמעשרו"": 1, ""ועושין"": 1, ""אחתא"": 1, ""ועושהו"": 1, ""אחדותיו"": 1, ""ולאויר"": 1, ""דכתיבא"": 1, ""ובאחתו"": 1, ""אחתאחת"": 1, ""ולאוירון"": 1, ""ולמעשרוון"": 1, ""אחתאחתא"": 1, ""אחתאחתאחת"": 1, ""ועושהוין"": 1, ""אחתאחתאחתא"": 1, ""אחתאחתאחתאחת"": 1, ""אחתאחתאחתאחתא"": 1, ""דכתיבאון"": 1, ""ובאחתוון"": 1}","{""והיה"": [""והיה""], ""ואמר"": [""ואמר""], ""והיו"": [""והיו""], ""אחת"": [""אחת""], ""מיד"": [""מיד""], ""ולא"": [""ולא""], ""וחזר"": [""וחזר""], ""אחד"": [""אחד""], ""ובא"": [""ובא""], ""ואחר"": [""ואחר""], ""דכת"": [""דכת""], ""מידות"": [""מידות""], ""וחוזר"": [""וחוזר""], ""ולמעשר"": [""ולמעשר""], ""ובאה"": [""ובאה""], ""ואמרין"": [""ואמרין""], ""ונתן"": [""ונתן""], ""ועושה"": [""ועושה""], ""דאמר"": [""דאמר""], ""ולתרומה"": [""ולתרומה""], ""וחזרה"": [""וחזרה""], ""ובאהבת"": [""ובאהבת""], ""ואחרי"": [""ואחרי""], ""מידותיו"": [""מידותיו""], ""ובאהבתו"": [""ובאהבתו""], ""ולאו"": [""ולאו""], ""דכתיב"": [""דכתיב""], ""ובאחת"": [""ובאחת""], ""דאמרו"": [""דאמרו""], ""וחוזרין"": [""וחוזרין""], ""אחדות"": [""אחדות""], ""ולמעשרו"": [""ולמעשרו""], ""ועושין"": [""ועושין""], ""אחתא"": [""אחתא""], ""ועושהו"": [""ועושהו""], ""אחדותיו"": [""אחדותיו""], ""ולאויר"": [""ולאויר""], ""דכתיבא"": [""דכתיבא""], ""ובאחתו"": [""ובאחתו""], ""אחתאחת"": [""אחתאחת""], ""ולאוירון"": [""ולאוירון""], ""ולמעשרוון"": [""ולמעשרוון""], ""אחתאחתא"": [""אחתאחתא""], ""אחתאחתאחת"": [""אחתאחתאחת""], ""ועושהוין"": [""ועושהוין""], ""אחתאחתאחתא"": [""אחתאחתאחתא""], ""אחתאחתאחתאחת"": [""אחתאחתאחתאחת""], ""אחתאחתאחתאחתא"": [""אחתאחתאחתאחתא""], ""דכתיבאון"": [""דכתיבאון""], ""ובאחתוון"": [""ובאחתוון""]}",והיה,0.122987,ואמר,0.054913,והיו,0.028313,אחת,0.025615,מיד,0.020907,ולא,0.016282,וחזר,0.016074,אחד,0.01603,ובא,0.012166,ואחר,0.007668,דכת,0.006795,מידות,0.005284,וחוזר,0.003261,ולמעשר,0.003022,ובאה,0.002631,ואמרין,0.002531,ונתן,0.002496,ועושה,0.001918,דאמר,0.001277,ולתרומה,0.001227,וחזרה,0.001083,ובאהבת,0.000517,ואחרי,0.0004,מידותיו,0.000332,ובאהבתו,0.000293,ולאו,0.000229,דכתיב,0.000205,ובאחת,0.000198,דאמרו,7.3e-05,וחוזרין,6.9e-05,אחדות,6.9e-05,ולמעשרו,3.5e-05,ועושין,1.8e-05,אחתא,1.5e-05,ועושהו,1.1e-05,אחדותיו,3e-06,ולאויר,2e-06,דכתיבא,1e-06,ובאחתו,0.0,אחתאחת,0.0,ולאוירון,0.0,ולמעשרוון,0.0,אחתאחתא,0.0,אחתאחתאחת,0.0,ועושהוין,0.0,אחתאחתאחתא,0.0,אחתאחתאחתאחת,0.0,אחתאחתאחתאחתא,0.0,דכתיבאון,0.0,ובאחתוון,0.0,VERB,False,ממנה,ממנה,True,False,True,True,True,True,True,37.0,23.0,14.0,False,True
Midrash_Aggadic_Midrash_Pesikta_DRav_Kahanna__10_1,pesikta_drk,233,היה,5.625,0.811,0.0,0.3725,50,7,True,"{""מאה"": 1, ""אחת"": 1, ""אלף"": 1, ""היתה"": 1, ""עשר"": 1, ""והיה"": 1, ""היה"": 1, ""ואמר"": 1, ""עשרה"": 1, ""ומאה"": 1, ""חמש"": 1, ""מוציא"": 1, ""שבע"": 1, ""ששה"": 1, ""מנה"": 1, ""ואחד"": 1, ""שלש"": 1, ""שלשים"": 1, ""והיו"": 1, ""ועשר"": 1, ""ומוציא"": 1, ""ועושה"": 1, ""שבעת"": 1, ""עשרים"": 1, ""חצי"": 1, ""מאחת"": 1, ""ואמרין"": 1, ""ועשת"": 1, ""ועשתה"": 1, ""מנהלת"": 1, ""מוציאת"": 1, ""ומוציאו"": 1, ""שבעתים"": 1, ""מנהלתה"": 1, ""אחתת"": 1, ""ועושהו"": 1, ""מאחתו"": 1, ""אחתתא"": 1, ""מנהלתהו"": 1, ""ועשתהו"": 1, ""מוציאתנו"": 1, ""מאחתוות"": 1, ""ומוציאוין"": 1, ""אחתתאין"": 1, ""מאחתוותה"": 1, ""מנהלתהוון"": 1, ""ועושהוין"": 1, ""מאחתוותהו"": 1, ""מאחתוותהוות"": 1, ""מאחתוותהוותה"": 1}","{""מאה"": [""מאה""], ""אחת"": [""אחת""], ""אלף"": [""אלף""], ""היתה"": [""היתה""], ""עשר"": [""עשר""], ""והיה"": [""והיה""], ""היה"": [""היה""], ""ואמר"": [""ואמר""], ""עשרה"": [""עשרה""], ""ומאה"": [""ומאה""], ""חמש"": [""חמש""], ""מוציא"": [""מוציא""], ""שבע"": [""שבע""], ""ששה"": [""ששה""], ""מנה"": [""מנה""], ""ואחד"": [""ואחד""], ""שלש"": [""שלש""], ""שלשים"": [""שלשים""], ""והיו"": [""והיו""], ""ועשר"": [""ועשר""], ""ומוציא"": [""ומוציא""], ""ועושה"": [""ועושה""], ""שבעת"": [""שבעת""], ""עשרים"": [""עשרים""], ""חצי"": [""חצי""], ""מאחת"": [""מאחת""], ""ואמרין"": [""ואמרין""], ""ועשת"": [""ועשת""], ""ועשתה"": [""ועשתה""], ""מנהלת"": [""מנהלת""], ""מוציאת"": [""מוציאת""], ""ומוציאו"": [""ומוציאו""], ""שבעתים"": [""שבעתים""], ""מנהלתה"": [""מנהלתה""], ""אחתת"": [""אחתת""], ""ועושהו"": [""ועושהו""], ""מאחתו"": [""מאחתו""], ""אחתתא"": [""אחתתא""], ""מנהלתהו"": [""מנהלתהו""], ""ועשתהו"": [""ועשתהו""], ""מוציאתנו"": [""מוציאתנו""], ""מאחתוות"": [""מאחתוות""], ""ומוציאוין"": [""ומוציאוין""], ""אחתתאין"": [""אחתתאין""], ""מאחתוותה"": [""מאחתוותה""], ""מנהלתהוון"": [""מנהלתהוון""], ""ועושהוין"": [""ועושהוין""], ""מאחתוותהו"": [""מאחתוותהו""], ""מאחתוותהוות"": [""מאחתוותהוות""], ""מאחתוותהוותה"": [""מאחתוותהוותה""]}",מאה,0.052465,אחת,0.046383,אלף,0.039059,היתה,0.03727,עשר,0.034997,והיה,0.026498,היה,0.020263,ואמר,0.01476,עשרה,0.013705,ומאה,0.0104,חמש,0.00931,מוציא,0.009086,שבע,0.006998,ששה,0.006677,מנה,0.006544,ואחד,0.006448,שלש,0.006324,שלשים,0.00613,והיו,0.005912,ועשר,0.002434,ומוציא,0.001865,ועושה,0.00153,שבעת,0.001424,עשרים,0.001315,חצי,0.00128,מאחת,0.001273,ואמרין,0.000879,ועשת,0.000541,ועשתה,0.000482,מנהלת,0.000108,מוציאת,7.1e-05,ומוציאו,3e-05,שבעתים,2e-05,מנהלתה,1.7e-05,אחתת,1.3e-05,ועושהו,8e-06,מאחתו,8e-06,אחתתא,3e-06,מנהלתהו,3e-06,ועשתהו,2e-06,מוציאתנו,0.0,מאחתוות,0.0,ומוציאוין,0.0,אחתתאין,0.0,מאחתוותה,0.0,מנהלתהוון,0.0,ועושהוין,0.0,מאחתוותהו,0.0,מאחתוותהוות,0.0,מאחתוותהוותה,0.0,SYM,True,היה,היי,False,True,False,True,True,True,False,,,,False,False
Midrash_Aggadic_Midrash_Pesikta_DRav_Kahanna__10_1,pesikta_drk,234,ניזון,17.0939,0.8505,0.4851,0.6174,50,-1,False,"{""מוציא"": 1, ""עושה"": 1, ""נותן"": 1, ""לוקח"": 1, ""מוצי"": 1, ""יוצא"": 1, ""הולך"": 1, ""מניח"": 1, ""אומר"": 1, ""מעשר"": 1, ""מביא"": 1, ""יורד"": 1, ""נוטל"": 1, ""מוציאה"": 1, ""משי"": 1, ""גוזר"": 1, ""מנכה"": 1, ""נוטלה"": 1, ""משייר"": 1, ""גובה"": 1, ""גוזל"": 1, ""יושב"": 1, ""משקה"": 1, ""מביאה"": 1, ""מעשה"": 1, ""הולכ"": 1, ""הולכין"": 1, ""מביאהו"": 1, ""אומרת"": 1, ""מביאו"": 1, ""מעשרן"": 1, ""עושהו"": 1, ""לוקחין"": 1, ""מניחן"": 1, ""יוצאין"": 1, ""יורדין"": 1, ""משקהו"": 1, ""מוציאהו"": 1, ""נוטלן"": 1, ""גוזרין"": 1, ""נוטלהו"": 1, ""מנכהו"": 1, ""משיירין"": 1, ""מעשהו"": 1, ""אומרתנו"": 1, ""עושהוין"": 1, ""מביאוון"": 1, ""מוציאהוין"": 1, ""אומרתנוו"": 1, ""אומרתנווין"": 1}","{""מוציא"": [""מוציא""], ""עושה"": [""עושה""], ""נותן"": [""נותן""], ""לוקח"": [""לוקח""], ""מוצי"": [""מוצי""], ""יוצא"": [""יוצא""], ""הולך"": [""הולך""], ""מניח"": [""מניח""], ""אומר"": [""אומר""], ""מעשר"": [""מעשר""], ""מביא"": [""מביא""], ""יורד"": [""יורד""], ""נוטל"": [""נוטל""], ""מוציאה"": [""מוציאה""], ""משי"": [""משי""], ""גוזר"": [""גוזר""], ""מנכה"": [""מנכה""], ""נוטלה"": [""נוטלה""], ""משייר"": [""משייר""], ""גובה"": [""גובה""], ""גוזל"": [""גוזל""], ""יושב"": [""יושב""], ""משקה"": [""משקה""], ""מביאה"": [""מביאה""], ""מעשה"": [""מעשה""], ""הולכ"": [""הולכ""], ""הולכין"": [""הולכין""], ""מביאהו"": [""מביאהו""], ""אומרת"": [""אומרת""], ""מביאו"": [""מביאו""], ""מעשרן"": [""מעשרן""], ""עושהו"": [""עושהו""], ""לוקחין"": [""לוקחין""], ""מניחן"": [""מניחן""], ""יוצאין"": [""יוצאין""], ""יורדין"": [""יורדין""], ""משקהו"": [""משקהו""], ""מוציאהו"": [""מוציאהו""], ""נוטלן"": [""נוטלן""], ""גוזרין"": [""גוזרין""], ""נוטלהו"": [""נוטלהו""], ""מנכהו"": [""מנכהו""], ""משיירין"": [""משיירין""], ""מעשהו"": [""מעשהו""], ""אומרתנו"": [""אומרתנו""], ""עושהוין"": [""עושהוין""], ""מביאוון"": [""מביאוון""], ""מוציאהוין"": [""מוציאהוין""], ""אומרתנוו"": [""אומרתנוו""], ""אומרתנווין"": [""אומרתנווין""]}",מוציא,0.314039,עושה,0.083025,נותן,0.039218,לוקח,0.036271,מוצי,0.031181,יוצא,0.020031,הולך,0.016352,מניח,0.011065,אומר,0.010555,מעשר,0.009435,מביא,0.009104,יורד,0.008426,נוטל,0.006362,מוציאה,0.003338,משי,0.002648,גוזר,0.00257,מנכה,0.002015,נוטלה,0.001465,משייר,0.001402,גובה,0.001282,גוזל,0.001195,יושב,0.001189,משקה,0.001087,מביאה,0.001054,מעשה,0.000762,הולכ,0.000605,הולכין,0.000372,מביאהו,0.000337,אומרת,0.000217,מביאו,0.000158,מעשרן,0.00011,עושהו,0.000108,לוקחין,8.1e-05,מניחן,5.9e-05,יוצאין,5.1e-05,יורדין,4.9e-05,משקהו,4.4e-05,מוציאהו,3.5e-05,נוטלן,3.5e-05,גוזרין,3e-05,נוטלהו,2.7e-05,מנכהו,2.3e-05,משיירין,3e-06,מעשהו,0.0,אומרתנו,0.0,עושהוין,0.0,מביאוון,0.0,מוציאהוין,0.0,אומרתנוו,0.0,אומרתנווין,0.0,SYM,True,ניזון,ניזון,False,False,False,True,True,True,False,,,,False,False
Midrash_Aggadic_Midrash_Pesikta_DRav_Kahanna__10_1,pesikta_drk,235,כל,4.6044,0.7734,0.0,0.3097,50,3,True,"{""והיה"": 1, ""עד"": 1, ""כל"": 1, ""ולא"": 1, ""ואמר"": 1, ""והיו"": 1, ""והוא"": 1, ""וחזר"": 1, ""ואחר"": 1, ""ממנה"": 1, ""ובא"": 1, ""כראוי"": 1, ""ומוציא"": 1, ""ונוטל"": 1, ""ומאה"": 1, ""וחוזר"": 1, ""ועוש"": 1, ""ועושה"": 1, ""ונתן"": 1, ""מנה"": 1, ""ונכנס"": 1, ""כדרך"": 1, ""ובשנה"": 1, ""ובשעת"": 1, ""ואמרין"": 1, ""ואחרי"": 1, ""וחזרה"": 1, ""ולאח"": 1, ""ומוציאו"": 1, ""עדין"": 1, ""ולאחיו"": 1, ""מנהו"": 1, ""ובשעתו"": 1, ""וחוזרין"": 1, ""כראיה"": 1, ""ועושהו"": 1, ""ממנהו"": 1, ""וחזרהו"": 1, ""כראיהו"": 1, ""מנהוון"": 1, ""ולאחיוות"": 1, ""ובשעתוון"": 1, ""ממנהוון"": 1, ""ולאחיוותא"": 1, ""ועושהוין"": 1, ""כראיהוון"": 1, ""וחזרהוון"": 1, ""ולאחיוותאוי"": 1, ""ולאחיוותאויי"": 1, ""ולאחיוותאוייון"": 1}","{""והיה"": [""והיה""], ""עד"": [""עד""], ""כל"": [""כל""], ""ולא"": [""ולא""], ""ואמר"": [""ואמר""], ""והיו"": [""והיו""], ""והוא"": [""והוא""], ""וחזר"": [""וחזר""], ""ואחר"": [""ואחר""], ""ממנה"": [""ממנה""], ""ובא"": [""ובא""], ""כראוי"": [""כראוי""], ""ומוציא"": [""ומוציא""], ""ונוטל"": [""ונוטל""], ""ומאה"": [""ומאה""], ""וחוזר"": [""וחוזר""], ""ועוש"": [""ועוש""], ""ועושה"": [""ועושה""], ""ונתן"": [""ונתן""], ""מנה"": [""מנה""], ""ונכנס"": [""ונכנס""], ""כדרך"": [""כדרך""], ""ובשנה"": [""ובשנה""], ""ובשעת"": [""ובשעת""], ""ואמרין"": [""ואמרין""], ""ואחרי"": [""ואחרי""], ""וחזרה"": [""וחזרה""], ""ולאח"": [""ולאח""], ""ומוציאו"": [""ומוציאו""], ""עדין"": [""עדין""], ""ולאחיו"": [""ולאחיו""], ""מנהו"": [""מנהו""], ""ובשעתו"": [""ובשעתו""], ""וחוזרין"": [""וחוזרין""], ""כראיה"": [""כראיה""], ""ועושהו"": [""ועושהו""], ""ממנהו"": [""ממנהו""], ""וחזרהו"": [""וחזרהו""], ""כראיהו"": [""כראיהו""], ""מנהוון"": [""מנהוון""], ""ולאחיוות"": [""ולאחיוות""], ""ובשעתוון"": [""ובשעתוון""], ""ממנהוון"": [""ממנהוון""], ""ולאחיוותא"": [""ולאחיוותא""], ""ועושהוין"": [""ועושהוין""], ""כראיהוון"": [""כראיהוון""], ""וחזרהוון"": [""וחזרהוון""], ""ולאחיוותאוי"": [""ולאחיוותאוי""], ""ולאחיוותאויי"": [""ולאחיוותאויי""], ""ולאחיוותאוייון"": [""ולאחיוותאוייון""]}",והיה,0.086847,עד,0.041757,כל,0.04111,ולא,0.033553,ואמר,0.021355,והיו,0.017922,והוא,0.015123,וחזר,0.007674,ואחר,0.00672,ממנה,0.006457,ובא,0.005118,כראוי,0.004353,ומוציא,0.003385,ונוטל,0.00271,ומאה,0.002477,וחוזר,0.002392,ועוש,0.001675,ועושה,0.00164,ונתן,0.00123,מנה,0.001022,ונכנס,0.000918,כדרך,0.000899,ובשנה,0.000644,ובשעת,0.000634,ואמרין,0.000568,ואחרי,0.000452,וחזרה,0.000411,ולאח,0.00023,ומוציאו,0.000109,עדין,7.4e-05,ולאחיו,4.7e-05,מנהו,4.3e-05,ובשעתו,3.8e-05,וחוזרין,3.6e-05,כראיה,2.9e-05,ועושהו,1.2e-05,ממנהו,6e-06,וחזרהו,1e-06,כראיהו,0.0,מנהוון,0.0,ולאחיוות,0.0,ובשעתוון,0.0,ממנהוון,0.0,ולאחיוותא,0.0,ועושהוין,0.0,כראיהוון,0.0,וחזרהוון,0.0,ולאחיוותאוי,0.0,ולאחיוותאויי,0.0,ולאחיוותאוייון,0.0,AUX,False,כל,כל,False,True,False,True,True,True,False,,,,False,False
Midrash_Aggadic_Midrash_Pesikta_DRav_Kahanna__10_1,pesikta_drk,236,ימיו,2.6833,0.6092,-0.0,0.6543,33,2,True,"{""השנה"": 1, ""ימיו"": 1, ""ימי"": 1, ""חייו"": 1, ""אותו"": 1, ""שנה"": 1, ""השנים"": 1, ""שבעה"": 1, ""הימים"": 1, ""היום"": 1, ""אותה"": 1, ""שבעת"": 1, ""אותן"": 1, ""שאר"": 1, ""החמש"": 1, ""היכא"": 1, ""החורף"": 1, ""עשר"": 1, ""החורש"": 1, ""חייה"": 1, ""עמא"": 1, ""ימיה"": 1, ""היכן"": 1, ""עשרו"": 1, ""החורשין"": 1, ""חייהו"": 1, ""שבעתא"": 1, ""ימיהו"": 1, ""שבעהו"": 1, ""עשרוון"": 1, ""שבעתאוי"": 1, ""שבעהוון"": 1, ""שבעתאויין"": 1}","{""השנה"": [""השנה""], ""ימיו"": [""ימיו""], ""ימי"": [""ימי""], ""חייו"": [""חייו""], ""אותו"": [""אותו""], ""שנה"": [""שנה""], ""השנים"": [""השנים""], ""שבעה"": [""שבעה""], ""הימים"": [""הימים""], ""היום"": [""היום""], ""אותה"": [""אותה""], ""שבעת"": [""שבעת""], ""אותן"": [""אותן""], ""שאר"": [""שאר""], ""החמש"": [""החמש""], ""היכא"": [""היכא""], ""החורף"": [""החורף""], ""עשר"": [""עשר""], ""החורש"": [""החורש""], ""חייה"": [""חייה""], ""עמא"": [""עמא""], ""ימיה"": [""ימיה""], ""היכן"": [""היכן""], ""עשרו"": [""עשרו""], ""החורשין"": [""החורשין""], ""חייהו"": [""חייהו""], ""שבעתא"": [""שבעתא""], ""ימיהו"": [""ימיהו""], ""שבעהו"": [""שבעהו""], ""עשרוון"": [""עשרוון""], ""שבעתאוי"": [""שבעתאוי""], ""שבעהוון"": [""שבעהוון""], ""שבעתאויין"": [""שבעתאויין""]}",השנה,0.180444,ימיו,0.155686,ימי,0.072648,חייו,0.052146,אותו,0.040262,שנה,0.03087,השנים,0.028108,שבעה,0.014681,הימים,0.013774,היום,0.011535,אותה,0.009269,שבעת,0.008235,אותן,0.00818,שאר,0.005832,החמש,0.005196,היכא,0.004246,החורף,0.003736,עשר,0.003645,החורש,0.001938,חייה,0.001347,עמא,0.00128,ימיה,0.000437,היכן,0.000308,עשרו,0.00025,החורשין,0.000167,חייהו,3e-05,שבעתא,8e-06,ימיהו,4e-06,שבעהו,3e-06,עשרוון,1e-06,שבעתאוי,0.0,שבעהוון,0.0,שבעתאויין,0.0,,,,,,,,,,,,,,,,,,,,,,,,,,,,,,,,,,,VERB,True,ימיו,[BLANK],True,False,True,True,True,True,True,65.0,62.0,3.0,False,True
Midrash_Aggadic_Midrash_Pesikta_DRav_Kahanna__10_1,pesikta_drk,237,וממנה,13.8976,0.8521,0.7416,0.4131,50,-1,False,"{""עד"": 1, ""והיה"": 1, ""אמר"": 1, ""ולא"": 1, ""ואמר"": 1, ""ר"": 1, ""אמרו"": 1, ""והיו"": 1, ""דכת"": 1, ""ובא"": 1, ""ואחר"": 1, ""ונכנס"": 1, ""ועת"": 1, ""ועתה"": 1, ""ועמד"": 1, ""אמ"": 1, ""נפק"": 1, ""רבי"": 1, ""ונפל"": 1, ""ונכנסו"": 1, ""ובשעת"": 1, ""דהו"": 1, ""דהוון"": 1, ""ואחרי"": 1, ""ובשנה"": 1, ""ואמרנו"": 1, ""איבר"": 1, ""דכתיב"": 1, ""ולאח"": 1, ""איבעיא"": 1, ""ובשעתו"": 1, ""עדין"": 1, ""איבעא"": 1, ""ולאחיו"": 1, ""ועמדו"": 1, ""ונפלע"": 1, ""דכתיבא"": 1, ""ואמרנוו"": 1, ""ונפלעא"": 1, ""ולאחיוו"": 1, ""ובשעתוון"": 1, ""ואמרנווין"": 1, ""דכתיבאלה"": 1, ""ולאחיווותיה"": 1, ""ולאחיווותא"": 1, ""דכתיבאלהי"": 1, ""ולאחיווותיהו"": 1, ""דכתיבאלהיינו"": 1, ""ולאחיווותיהוון"": 1, ""דכתיבאלהיינווא"": 1}","{""עד"": [""עד""], ""והיה"": [""והיה""], ""אמר"": [""אמר""], ""ולא"": [""ולא""], ""ואמר"": [""ואמר""], ""ר"": [""ר""], ""אמרו"": [""אמרו""], ""והיו"": [""והיו""], ""דכת"": [""דכת""], ""ובא"": [""ובא""], ""ואחר"": [""ואחר""], ""ונכנס"": [""ונכנס""], ""ועת"": [""ועת""], ""ועתה"": [""ועתה""], ""ועמד"": [""ועמד""], ""אמ"": [""אמ""], ""נפק"": [""נפק""], ""רבי"": [""רבי""], ""ונפל"": [""ונפל""], ""ונכנסו"": [""ונכנסו""], ""ובשעת"": [""ובשעת""], ""דהו"": [""דהו""], ""דהוון"": [""דהוון""], ""ואחרי"": [""ואחרי""], ""ובשנה"": [""ובשנה""], ""ואמרנו"": [""ואמרנו""], ""איבר"": [""איבר""], ""דכתיב"": [""דכתיב""], ""ולאח"": [""ולאח""], ""איבעיא"": [""איבעיא""], ""ובשעתו"": [""ובשעתו""], ""עדין"": [""עדין""], ""איבעא"": [""איבעא""], ""ולאחיו"": [""ולאחיו""], ""ועמדו"": [""ועמדו""], ""ונפלע"": [""ונפלע""], ""דכתיבא"": [""דכתיבא""], ""ואמרנוו"": [""ואמרנוו""], ""ונפלעא"": [""ונפלעא""], ""ולאחיוו"": [""ולאחיוו""], ""ובשעתוון"": [""ובשעתוון""], ""ואמרנווין"": [""ואמרנווין""], ""דכתיבאלה"": [""דכתיבאלה""], ""ולאחיווותיה"": [""ולאחיווותיה""], ""ולאחיווותא"": [""ולאחיווותא""], ""דכתיבאלהי"": [""דכתיבאלהי""], ""ולאחיווותיהו"": [""ולאחיווותיהו""], ""דכתיבאלהיינו"": [""דכתיבאלהיינו""], ""ולאחיווותיהוון"": [""ולאחיווותיהוון""], ""דכתיבאלהיינווא"": [""דכתיבאלהיינווא""]}",עד,0.075735,והיה,0.071281,אמר,0.055409,ולא,0.03991,ואמר,0.030062,ר,0.0283,אמרו,0.017711,והיו,0.016668,דכת,0.01327,ובא,0.011706,ואחר,0.011233,ונכנס,0.007467,ועת,0.006134,ועתה,0.005265,ועמד,0.003242,אמ,0.002544,נפק,0.002454,רבי,0.002442,ונפל,0.002207,ונכנסו,0.00177,ובשעת,0.001577,דהו,0.001441,דהוון,0.001329,ואחרי,0.000967,ובשנה,0.000857,ואמרנו,0.000665,איבר,0.000296,דכתיב,0.000284,ולאח,0.000236,איבעיא,0.00019,ובשעתו,0.000133,עדין,0.000113,איבעא,7.8e-05,ולאחיו,7.6e-05,ועמדו,2.8e-05,ונפלע,9e-06,דכתיבא,1e-06,ואמרנוו,0.0,ונפלעא,0.0,ולאחיוו,0.0,ובשעתוון,0.0,ואמרנווין,0.0,דכתיבאלה,0.0,ולאחיווותיה,0.0,ולאחיווותא,0.0,דכתיבאלהי,0.0,ולאחיווותיהו,0.0,דכתיבאלהיינו,0.0,ולאחיווותיהוון,0.0,דכתיבאלהיינווא,0.0,VERB,False,וממנה,ממנה,True,False,True,True,True,True,True,27.0,31.0,-4.0,True,False
Midrash_Aggadic_Midrash_Pesikta_DRav_Kahanna__10_1,pesikta_drk,238,היה,1.0745,0.1686,0.0,0.6503,12,1,True,"{""היה"": 1, ""היתה"": 1, ""לא"": 1, ""היו"": 1, ""הוציא"": 1, ""מוציא"": 1, ""נוטל"": 1, ""נזון"": 1, ""מוצי"": 1, ""מוציאה"": 1, ""מוציאהו"": 1, ""נוטלן"": 1}","{""היה"": [""היה""], ""היתה"": [""היתה""], ""לא"": [""לא""], ""היו"": [""היו""], ""הוציא"": [""הוציא""], ""מוציא"": [""מוציא""], ""נוטל"": [""נוטל""], ""נזון"": [""נזון""], ""מוצי"": [""מוצי""], ""מוציאה"": [""מוציאה""], ""מוציאהו"": [""מוציאהו""], ""נוטלן"": [""נוטלן""]}",היה,0.47483,היתה,0.071689,לא,0.043481,היו,0.042807,הוציא,0.007365,מוציא,0.004262,נוטל,0.002517,נזון,0.001974,מוצי,0.001236,מוציאה,0.000119,מוציאהו,4e-06,נוטלן,3e-06,,,,,,,,,,,,,,,,,,,,,,,,,,,,,,,,,,,,,,,,,,,,,,,,,,,,,,,,,,,,,,,,,,,,,,,,,,,,,SYM,True,היה,היי,False,True,False,True,True,True,False,,,,False,False
Midrash_Aggadic_Midrash_Pesikta_DRav_Kahanna__10_1,pesikta_drk,239,מתפרנס,6.4168,0.7958,0.0,0.4204,50,9,True,"{""ניזון"": 1, ""מוציא"": 1, ""עושה"": 1, ""נזון"": 1, ""נותן"": 1, ""יוצא"": 1, ""מפריש"": 1, ""מוכר"": 1, ""מתפרנס"": 1, ""מפרנס"": 1, ""קוצר"": 1, ""משקה"": 1, ""קובר"": 1, ""גוזל"": 1, ""גוזר"": 1, ""מתעשר"": 1, ""גובה"": 1, ""משכיר"": 1, ""מוכרת"": 1, ""מתפרע"": 1, ""מתפרנסת"": 1, ""מפרנסת"": 1, ""משקהו"": 1, ""קוברת"": 1, ""קוצרת"": 1, ""משכירו"": 1, ""גוזרין"": 1, ""מפרישת"": 1, ""עושהו"": 1, ""יוצאין"": 1, ""גוזלן"": 1, ""מתפרעין"": 1, ""קוברתא"": 1, ""מפרנסתא"": 1, ""מפרישתא"": 1, ""משכירוון"": 1, ""קוצרתא"": 1, ""עושהוון"": 1, ""מפרנסתאוי"": 1, ""מפרישתאכל"": 1, ""קוברתאוי"": 1, ""קוצרתאוי"": 1, ""מפרנסתאויי"": 1, ""מפרישתאכלת"": 1, ""מפרישתאכלתא"": 1, ""קוברתאויי"": 1, ""קוצרתאויי"": 1, ""מפרנסתאוייון"": 1, ""קוברתאוייון"": 1, ""קוצרתאוייון"": 1}","{""ניזון"": [""ניזון""], ""מוציא"": [""מוציא""], ""עושה"": [""עושה""], ""נזון"": [""נזון""], ""נותן"": [""נותן""], ""יוצא"": [""יוצא""], ""מפריש"": [""מפריש""], ""מוכר"": [""מוכר""], ""מתפרנס"": [""מתפרנס""], ""מפרנס"": [""מפרנס""], ""קוצר"": [""קוצר""], ""משקה"": [""משקה""], ""קובר"": [""קובר""], ""גוזל"": [""גוזל""], ""גוזר"": [""גוזר""], ""מתעשר"": [""מתעשר""], ""גובה"": [""גובה""], ""משכיר"": [""משכיר""], ""מוכרת"": [""מוכרת""], ""מתפרע"": [""מתפרע""], ""מתפרנסת"": [""מתפרנסת""], ""מפרנסת"": [""מפרנסת""], ""משקהו"": [""משקהו""], ""קוברת"": [""קוברת""], ""קוצרת"": [""קוצרת""], ""משכירו"": [""משכירו""], ""גוזרין"": [""גוזרין""], ""מפרישת"": [""מפרישת""], ""עושהו"": [""עושהו""], ""יוצאין"": [""יוצאין""], ""גוזלן"": [""גוזלן""], ""מתפרעין"": [""מתפרעין""], ""קוברתא"": [""קוברתא""], ""מפרנסתא"": [""מפרנסתא""], ""מפרישתא"": [""מפרישתא""], ""משכירוון"": [""משכירוון""], ""קוצרתא"": [""קוצרתא""], ""עושהוון"": [""עושהוון""], ""מפרנסתאוי"": [""מפרנסתאוי""], ""מפרישתאכל"": [""מפרישתאכל""], ""קוברתאוי"": [""קוברתאוי""], ""קוצרתאוי"": [""קוצרתאוי""], ""מפרנסתאויי"": [""מפרנסתאויי""], ""מפרישתאכלת"": [""מפרישתאכלת""], ""מפרישתאכלתא"": [""מפרישתאכלתא""], ""קוברתאויי"": [""קוברתאויי""], ""קוצרתאויי"": [""קוצרתאויי""], ""מפרנסתאוייון"": [""מפרנסתאוייון""], ""קוברתאוייון"": [""קוברתאוייון""], ""קוצרתאוייון"": [""קוצרתאוייון""]}",ניזון,0.133127,מוציא,0.07813,עושה,0.055479,נזון,0.025865,נותן,0.0258,יוצא,0.017732,מפריש,0.017089,מוכר,0.012973,מתפרנס,0.011705,מפרנס,0.006692,קוצר,0.006372,משקה,0.006174,קובר,0.004886,גוזל,0.004832,גוזר,0.004757,מתעשר,0.004033,גובה,0.002004,משכיר,0.001611,מוכרת,0.000344,מתפרע,0.000247,מתפרנסת,0.000154,מפרנסת,9.4e-05,משקהו,7.2e-05,קוברת,6e-05,קוצרת,5.7e-05,משכירו,4.6e-05,גוזרין,3.7e-05,מפרישת,3.1e-05,עושהו,1.7e-05,יוצאין,1.3e-05,גוזלן,1.1e-05,מתפרעין,0.0,קוברתא,0.0,מפרנסתא,0.0,מפרישתא,0.0,משכירוון,0.0,קוצרתא,0.0,עושהוון,0.0,מפרנסתאוי,0.0,מפרישתאכל,0.0,קוברתאוי,0.0,קוצרתאוי,0.0,מפרנסתאויי,0.0,מפרישתאכלת,0.0,מפרישתאכלתא,0.0,קוברתאויי,0.0,קוצרתאויי,0.0,מפרנסתאוייון,0.0,קוברתאוייון,0.0,קוצרתאוייון,0.0,X,True,מתפרנס,מתפרנס,False,False,False,True,True,True,False,,,,False,False
Midrash_Aggadic_Midrash_Pesikta_DRav_Kahanna__10_1,pesikta_drk,240,כל,2.3687,0.4435,0.0,0.3971,50,1,True,"{""כל"": 1, ""עד"": 1, ""והיה"": 1, ""וכל"": 1, ""ולא"": 1, ""ר"": 1, ""אמר"": 1, ""והיו"": 1, ""וממנה"": 1, ""כראוי"": 1, ""ואמר"": 1, ""דכת"": 1, ""ואחר"": 1, ""ועמד"": 1, ""בלא"": 1, ""משל"": 1, ""רבי"": 1, ""כדרך"": 1, ""ממנה"": 1, ""ונתן"": 1, ""דהו"": 1, ""דהוון"": 1, ""וממנו"": 1, ""כלכל"": 1, ""משלשים"": 1, ""ואמרין"": 1, ""בזקנות"": 1, ""בזקנותו"": 1, ""כראיה"": 1, ""עדין"": 1, ""דכתיב"": 1, ""בזמנו"": 1, ""ואחרי"": 1, ""בזקנת"": 1, ""בזקנתו"": 1, ""כלכלת"": 1, ""וכלו"": 1, ""ועמדו"": 1, ""ממנהו"": 1, ""רביי"": 1, ""דכתיבא"": 1, ""כראיהו"": 1, ""כלכלתנו"": 1, ""וכלוות"": 1, ""וכלוותא"": 1, ""רבייון"": 1, ""כראיהוון"": 1, ""דכתיבאנו"": 1, ""דכתיבאנוו"": 1, ""דכתיבאנווין"": 1}","{""כל"": [""כל""], ""עד"": [""עד""], ""והיה"": [""והיה""], ""וכל"": [""וכל""], ""ולא"": [""ולא""], ""ר"": [""ר""], ""אמר"": [""אמר""], ""והיו"": [""והיו""], ""וממנה"": [""וממנה""], ""כראוי"": [""כראוי""], ""ואמר"": [""ואמר""], ""דכת"": [""דכת""], ""ואחר"": [""ואחר""], ""ועמד"": [""ועמד""], ""בלא"": [""בלא""], ""משל"": [""משל""], ""רבי"": [""רבי""], ""כדרך"": [""כדרך""], ""ממנה"": [""ממנה""], ""ונתן"": [""ונתן""], ""דהו"": [""דהו""], ""דהוון"": [""דהוון""], ""וממנו"": [""וממנו""], ""כלכל"": [""כלכל""], ""משלשים"": [""משלשים""], ""ואמרין"": [""ואמרין""], ""בזקנות"": [""בזקנות""], ""בזקנותו"": [""בזקנותו""], ""כראיה"": [""כראיה""], ""עדין"": [""עדין""], ""דכתיב"": [""דכתיב""], ""בזמנו"": [""בזמנו""], ""ואחרי"": [""ואחרי""], ""בזקנת"": [""בזקנת""], ""בזקנתו"": [""בזקנתו""], ""כלכלת"": [""כלכלת""], ""וכלו"": [""וכלו""], ""ועמדו"": [""ועמדו""], ""ממנהו"": [""ממנהו""], ""רביי"": [""רביי""], ""דכתיבא"": [""דכתיבא""], ""כראיהו"": [""כראיהו""], ""כלכלתנו"": [""כלכלתנו""], ""וכלוות"": [""וכלוות""], ""וכלוותא"": [""וכלוותא""], ""רבייון"": [""רבייון""], ""כראיהוון"": [""כראיהוון""], ""דכתיבאנו"": [""דכתיבאנו""], ""דכתיבאנוו"": [""דכתיבאנוו""], ""דכתיבאנווין"": [""דכתיבאנווין""]}",כל,0.193618,עד,0.065875,והיה,0.0249,וכל,0.019473,ולא,0.016143,ר,0.012378,אמר,0.010587,והיו,0.008605,וממנה,0.008604,כראוי,0.008179,ואמר,0.008004,דכת,0.006408,ואחר,0.002899,ועמד,0.001857,בלא,0.001254,משל,0.000908,רבי,0.000902,כדרך,0.00081,ממנה,0.000753,ונתן,0.000684,דהו,0.000673,דהוון,0.000624,וממנו,0.000604,כלכל,0.000547,משלשים,0.000203,ואמרין,0.000182,בזקנות,0.000181,בזקנותו,0.000174,כראיה,0.000143,עדין,0.000143,דכתיב,0.000139,בזמנו,0.000136,ואחרי,0.000135,בזקנת,0.000108,בזקנתו,0.000107,כלכלת,0.000101,וכלו,7.8e-05,ועמדו,1.4e-05,ממנהו,1e-06,רביי,1e-06,דכתיבא,1e-06,כראיהו,0.0,כלכלתנו,0.0,וכלוות,0.0,וכלוותא,0.0,רבייון,0.0,כראיהוון,0.0,דכתיבאנו,0.0,דכתיבאנוו,0.0,דכתיבאנווין,0.0,INTJ,False,כל,כל,False,True,False,True,True,True,False,,,,False,False
Midrash_Aggadic_Midrash_Pesikta_DRav_Kahanna__10_1,pesikta_drk,241,ימיו,0.4874,0.0334,-0.0,0.7678,5,1,True,"{""ימיו"": 1, ""חייו"": 1, ""ימי"": 1, ""ימיה"": 1, ""ימיהו"": 1}","{""ימיו"": [""ימיו""], ""חייו"": [""חייו""], ""ימי"": [""ימי""], ""ימיה"": [""ימיה""], ""ימיהו"": [""ימיהו""]}",ימיו,0.713292,חייו,0.030188,ימי,0.02368,ימיה,0.000574,ימיהו,2.1e-05,,,,,,,,,,,,,,,,,,,,,,,,,,,,,,,,,,,,,,,,,,,,,,,,,,,,,,,,,,,,,,,,,,,,,,,,,,,,,,,,,,,,,,,,,,,VERB,True,ימיו,[BLANK],True,False,True,True,True,True,True,76.0,76.0,0.0,False,False
Midrash_Aggadic_Midrash_Pesikta_DRav_Kahanna__10_1,pesikta_drk,242,בשעת,12.9263,0.8916,0.3504,0.4282,50,-1,False,"{""והיה"": 1, ""עד"": 1, ""אמר"": 1, ""ולא"": 1, ""ואמר"": 1, ""והיו"": 1, ""ר"": 1, ""אמרו"": 1, ""ובא"": 1, ""על"": 1, ""ואחר"": 1, ""וממנה"": 1, ""ונכנס"": 1, ""דכת"": 1, ""ויום"": 1, ""ועמד"": 1, ""ונכנסו"": 1, ""נפק"": 1, ""רבי"": 1, ""ונפל"": 1, ""ובשעת"": 1, ""דהו"": 1, ""דהוון"": 1, ""מאי"": 1, ""מנה"": 1, ""ואמרין"": 1, ""ובשנה"": 1, ""ואחרי"": 1, ""ועושה"": 1, ""וממנו"": 1, ""דהא"": 1, ""עדין"": 1, ""ובשעתו"": 1, ""עלתה"": 1, ""מנהו"": 1, ""ועמדו"": 1, ""ונפלת"": 1, ""ועושהו"": 1, ""מאיין"": 1, ""עלתהו"": 1, ""דהאידנא"": 1, ""ונפלתיה"": 1, ""דהאידך"": 1, ""ובשעתוון"": 1, ""ונפלתיהו"": 1, ""מנהות"": 1, ""מנהור"": 1, ""עלתהוון"": 1, ""מנהותא"": 1, ""ונפלתיהוון"": 1}","{""והיה"": [""והיה""], ""עד"": [""עד""], ""אמר"": [""אמר""], ""ולא"": [""ולא""], ""ואמר"": [""ואמר""], ""והיו"": [""והיו""], ""ר"": [""ר""], ""אמרו"": [""אמרו""], ""ובא"": [""ובא""], ""על"": [""על""], ""ואחר"": [""ואחר""], ""וממנה"": [""וממנה""], ""ונכנס"": [""ונכנס""], ""דכת"": [""דכת""], ""ויום"": [""ויום""], ""ועמד"": [""ועמד""], ""ונכנסו"": [""ונכנסו""], ""נפק"": [""נפק""], ""רבי"": [""רבי""], ""ונפל"": [""ונפל""], ""ובשעת"": [""ובשעת""], ""דהו"": [""דהו""], ""דהוון"": [""דהוון""], ""מאי"": [""מאי""], ""מנה"": [""מנה""], ""ואמרין"": [""ואמרין""], ""ובשנה"": [""ובשנה""], ""ואחרי"": [""ואחרי""], ""ועושה"": [""ועושה""], ""וממנו"": [""וממנו""], ""דהא"": [""דהא""], ""עדין"": [""עדין""], ""ובשעתו"": [""ובשעתו""], ""עלתה"": [""עלתה""], ""מנהו"": [""מנהו""], ""ועמדו"": [""ועמדו""], ""ונפלת"": [""ונפלת""], ""ועושהו"": [""ועושהו""], ""מאיין"": [""מאיין""], ""עלתהו"": [""עלתהו""], ""דהאידנא"": [""דהאידנא""], ""ונפלתיה"": [""ונפלתיה""], ""דהאידך"": [""דהאידך""], ""ובשעתוון"": [""ובשעתוון""], ""ונפלתיהו"": [""ונפלתיהו""], ""מנהות"": [""מנהות""], ""מנהור"": [""מנהור""], ""עלתהוון"": [""עלתהוון""], ""מנהותא"": [""מנהותא""], ""ונפלתיהוון"": [""ונפלתיהוון""]}",והיה,0.081212,עד,0.070434,אמר,0.049945,ולא,0.038897,ואמר,0.031145,והיו,0.025158,ר,0.024341,אמרו,0.019283,ובא,0.011605,על,0.011144,ואחר,0.010763,וממנה,0.00974,ונכנס,0.009437,דכת,0.009244,ויום,0.004524,ועמד,0.003149,ונכנסו,0.002619,נפק,0.002196,רבי,0.002002,ונפל,0.001773,ובשעת,0.001279,דהו,0.001276,דהוון,0.00118,מאי,0.00099,מנה,0.000945,ואמרין,0.000925,ובשנה,0.000776,ואחרי,0.000662,ועושה,0.000633,וממנו,0.000372,דהא,0.000165,עדין,0.000131,ובשעתו,0.00011,עלתה,9.7e-05,מנהו,4.7e-05,ועמדו,2.9e-05,ונפלת,7e-06,ועושהו,6e-06,מאיין,1e-06,עלתהו,0.0,דהאידנא,0.0,ונפלתיה,0.0,דהאידך,0.0,ובשעתוון,0.0,ונפלתיהו,0.0,מנהות,0.0,מנהור,0.0,עלתהוון,0.0,מנהותא,0.0,ונפלתיהוון,0.0,VERB,True,בשעת,שעה,True,False,True,True,True,True,True,30.0,9.0,21.0,False,True
Midrash_Aggadic_Midrash_Pesikta_DRav_Kahanna__10_1,pesikta_drk,243,מיתתו,3.5486,0.5834,0.0,0.3627,50,1,True,"{""מיתתו"": 1, ""פטירת"": 1, ""פטירתו"": 1, ""דין"": 1, ""מיתה"": 1, ""הדחק"": 1, ""המלחמה"": 1, ""מיתתה"": 1, ""הרג"": 1, ""הרגל"": 1, ""הוצאה"": 1, ""חליו"": 1, ""פטיר"": 1, ""קצירה"": 1, ""המגפה"": 1, ""חירום"": 1, ""קרב"": 1, ""קצירו"": 1, ""ניסן"": 1, ""נטיעתה"": 1, ""הדוח"": 1, ""הדוחק"": 1, ""נטיעות"": 1, ""פטירא"": 1, ""נטיעותיו"": 1, ""חירוף"": 1, ""הדחקו"": 1, ""מיתתהו"": 1, ""הרגלון"": 1, ""הוצאהו"": 1, ""המלחמהו"": 1, ""קצירהו"": 1, ""המגפהו"": 1, ""נטיעתהו"": 1, ""פטיראוי"": 1, ""הדוחקון"": 1, ""הדחקוון"": 1, ""המלחמהוות"": 1, ""המלחמהוותא"": 1, ""המגפהוות"": 1, ""הוצאהוין"": 1, ""קצירהוות"": 1, ""המגפהוותא"": 1, ""נטיעתהוון"": 1, ""קצירהוותא"": 1, ""המלחמהוותאיל"": 1, ""המלחמהוותאילו"": 1, ""המגפהוותאיל"": 1, ""המגפהוותאילו"": 1, ""קצירהוותאכל"": 1}","{""מיתתו"": [""מיתתו""], ""פטירת"": [""פטירת""], ""פטירתו"": [""פטירתו""], ""דין"": [""דין""], ""מיתה"": [""מיתה""], ""הדחק"": [""הדחק""], ""המלחמה"": [""המלחמה""], ""מיתתה"": [""מיתתה""], ""הרג"": [""הרג""], ""הרגל"": [""הרגל""], ""הוצאה"": [""הוצאה""], ""חליו"": [""חליו""], ""פטיר"": [""פטיר""], ""קצירה"": [""קצירה""], ""המגפה"": [""המגפה""], ""חירום"": [""חירום""], ""קרב"": [""קרב""], ""קצירו"": [""קצירו""], ""ניסן"": [""ניסן""], ""נטיעתה"": [""נטיעתה""], ""הדוח"": [""הדוח""], ""הדוחק"": [""הדוחק""], ""נטיעות"": [""נטיעות""], ""פטירא"": [""פטירא""], ""נטיעותיו"": [""נטיעותיו""], ""חירוף"": [""חירוף""], ""הדחקו"": [""הדחקו""], ""מיתתהו"": [""מיתתהו""], ""הרגלון"": [""הרגלון""], ""הוצאהו"": [""הוצאהו""], ""המלחמהו"": [""המלחמהו""], ""קצירהו"": [""קצירהו""], ""המגפהו"": [""המגפהו""], ""נטיעתהו"": [""נטיעתהו""], ""פטיראוי"": [""פטיראוי""], ""הדוחקון"": [""הדוחקון""], ""הדחקוון"": [""הדחקוון""], ""המלחמהוות"": [""המלחמהוות""], ""המלחמהוותא"": [""המלחמהוותא""], ""המגפהוות"": [""המגפהוות""], ""הוצאהוין"": [""הוצאהוין""], ""קצירהוות"": [""קצירהוות""], ""המגפהוותא"": [""המגפהוותא""], ""נטיעתהוון"": [""נטיעתהוון""], ""קצירהוותא"": [""קצירהוותא""], ""המלחמהוותאיל"": [""המלחמהוותאיל""], ""המלחמהוותאילו"": [""המלחמהוותאילו""], ""המגפהוותאיל"": [""המגפהוותאיל""], ""המגפהוותאילו"": [""המגפהוותאילו""], ""קצירהוותאכל"": [""קצירהוותאכל""]}",מיתתו,0.085458,פטירת,0.0651,פטירתו,0.057737,דין,0.027147,מיתה,0.024164,הדחק,0.023261,המלחמה,0.011963,מיתתה,0.011565,הרג,0.008163,הרגל,0.007604,הוצאה,0.007432,חליו,0.006725,פטיר,0.005513,קצירה,0.005066,המגפה,0.004449,חירום,0.002791,קרב,0.002181,קצירו,0.001569,ניסן,0.001517,נטיעתה,0.000672,הדוח,0.00062,הדוחק,0.000551,נטיעות,0.000507,פטירא,0.000389,נטיעותיו,0.000221,חירוף,0.000148,הדחקו,0.00012,מיתתהו,2e-05,הרגלון,7e-06,הוצאהו,6e-06,המלחמהו,4e-06,קצירהו,3e-06,המגפהו,1e-06,נטיעתהו,1e-06,פטיראוי,0.0,הדוחקון,0.0,הדחקוון,0.0,המלחמהוות,0.0,המלחמהוותא,0.0,המגפהוות,0.0,הוצאהוין,0.0,קצירהוות,0.0,המגפהוותא,0.0,נטיעתהוון,0.0,קצירהוותא,0.0,המלחמהוותאיל,0.0,המלחמהוותאילו,0.0,המגפהוותאיל,0.0,המגפהוותאילו,0.0,קצירהוותאכל,0.0,VERB,True,מיתתו,מיתה,True,False,True,True,True,True,True,62.0,63.0,-1.0,True,False
Midrash_Aggadic_Midrash_Pesikta_DRav_Kahanna__10_1,pesikta_drk,244,קרא,10.5105,0.8807,0.7895,0.4805,50,-1,False,"{""היה"": 1, ""אמר"": 1, ""לא"": 1, ""אמרו"": 1, ""היתה"": 1, ""מצא"": 1, ""נתן"": 1, ""הוציא"": 1, ""נטל"": 1, ""לקח"": 1, ""עמד"": 1, ""מכר"": 1, ""מצאו"": 1, ""ראה"": 1, ""אמ"": 1, ""התחיל"": 1, ""רצה"": 1, ""לקחו"": 1, ""התחילו"": 1, ""הוציאו"": 1, ""נתנו"": 1, ""נטלו"": 1, ""מכרה"": 1, ""אשת"": 1, ""מנה"": 1, ""עמדו"": 1, ""אשתו"": 1, ""נטלה"": 1, ""מצאנו"": 1, ""מכרהו"": 1, ""ראהו"": 1, ""מנהגו"": 1, ""היהו"": 1, ""נטלהו"": 1, ""אמו"": 1, ""נתנוו"": 1, ""רצהו"": 1, ""מצאוין"": 1, ""מצאנוו"": 1, ""נתנווין"": 1, ""נטלווה"": 1, ""מנהגוון"": 1, ""נטלווהו"": 1, ""מצאנווין"": 1, ""היהוון"": 1, ""אמות"": 1, ""אמול"": 1, ""אמותני"": 1, ""רצהוו"": 1, ""רצהווו"": 1}","{""היה"": [""היה""], ""אמר"": [""אמר""], ""לא"": [""לא""], ""אמרו"": [""אמרו""], ""היתה"": [""היתה""], ""מצא"": [""מצא""], ""נתן"": [""נתן""], ""הוציא"": [""הוציא""], ""נטל"": [""נטל""], ""לקח"": [""לקח""], ""עמד"": [""עמד""], ""מכר"": [""מכר""], ""מצאו"": [""מצאו""], ""ראה"": [""ראה""], ""אמ"": [""אמ""], ""התחיל"": [""התחיל""], ""רצה"": [""רצה""], ""לקחו"": [""לקחו""], ""התחילו"": [""התחילו""], ""הוציאו"": [""הוציאו""], ""נתנו"": [""נתנו""], ""נטלו"": [""נטלו""], ""מכרה"": [""מכרה""], ""אשת"": [""אשת""], ""מנה"": [""מנה""], ""עמדו"": [""עמדו""], ""אשתו"": [""אשתו""], ""נטלה"": [""נטלה""], ""מצאנו"": [""מצאנו""], ""מכרהו"": [""מכרהו""], ""ראהו"": [""ראהו""], ""מנהגו"": [""מנהגו""], ""היהו"": [""היהו""], ""נטלהו"": [""נטלהו""], ""אמו"": [""אמו""], ""נתנוו"": [""נתנוו""], ""רצהו"": [""רצהו""], ""מצאוין"": [""מצאוין""], ""מצאנוו"": [""מצאנוו""], ""נתנווין"": [""נתנווין""], ""נטלווה"": [""נטלווה""], ""מנהגוון"": [""מנהגוון""], ""נטלווהו"": [""נטלווהו""], ""מצאנווין"": [""מצאנווין""], ""היהוון"": [""היהוון""], ""אמות"": [""אמות""], ""אמול"": [""אמול""], ""אמותני"": [""אמותני""], ""רצהוו"": [""רצהוו""], ""רצהווו"": [""רצהווו""]}",היה,0.104743,אמר,0.073123,לא,0.041664,אמרו,0.039446,היתה,0.03914,מצא,0.029928,נתן,0.027849,הוציא,0.019471,נטל,0.019206,לקח,0.011475,עמד,0.010883,מכר,0.008253,מצאו,0.008055,ראה,0.006778,אמ,0.00658,התחיל,0.006321,רצה,0.005532,לקחו,0.002993,התחילו,0.002904,הוציאו,0.002847,נתנו,0.002673,נטלו,0.002069,מכרה,0.00192,אשת,0.001337,מנה,0.001208,עמדו,0.001202,אשתו,0.00106,נטלה,0.000933,מצאנו,0.000255,מכרהו,0.000247,ראהו,0.000165,מנהגו,0.000131,היהו,4.9e-05,נטלהו,3e-05,אמו,2.6e-05,נתנוו,8e-06,רצהו,5e-06,מצאוין,1e-06,מצאנוו,1e-06,נתנווין,0.0,נטלווה,0.0,מנהגוון,0.0,נטלווהו,0.0,מצאנווין,0.0,היהוון,0.0,אמות,0.0,אמול,0.0,אמותני,0.0,רצהוו,0.0,רצהווו,0.0,SYM,True,קרא,קרא,False,False,False,True,True,True,False,,,,False,False
Midrash_Aggadic_Midrash_Pesikta_DRav_Kahanna__10_1,pesikta_drk,245,לבנו,4.6587,0.7492,-0.0,0.4515,50,3,True,"{""לו"": 1, ""לה"": 1, ""לבנו"": 1, ""על"": 1, ""להו"": 1, ""לבניו"": 1, ""לרב"": 1, ""עליו"": 1, ""רבי"": 1, ""עליה"": 1, ""לאשת"": 1, ""לאשתו"": 1, ""לרבי"": 1, ""אב"": 1, ""אביו"": 1, ""בנו"": 1, ""ליה"": 1, ""לרבו"": 1, ""ביה"": 1, ""לאחד"": 1, ""אבוה"": 1, ""רחמנא"": 1, ""אבוהון"": 1, ""לרעה"": 1, ""לרעהו"": 1, ""רחמן"": 1, ""ליהוי"": 1, ""עליהו"": 1, ""רחמנן"": 1, ""לבנוות"": 1, ""להוון"": 1, ""לרבוותא"": 1, ""לרביי"": 1, ""ביהון"": 1, ""בנויה"": 1, ""לאחדו"": 1, ""לבנוותא"": 1, ""לרבוותיה"": 1, ""ליהויי"": 1, ""אביוו"": 1, ""בנויהו"": 1, ""לרבוותיהון"": 1, ""לרבייון"": 1, ""עליהוון"": 1, ""לאחדוון"": 1, ""אביווון"": 1, ""לבנוותאוי"": 1, ""בנויהוון"": 1, ""לבנוותאויי"": 1, ""לבנוותאוייון"": 1}","{""לו"": [""לו""], ""לה"": [""לה""], ""לבנו"": [""לבנו""], ""על"": [""על""], ""להו"": [""להו""], ""לבניו"": [""לבניו""], ""לרב"": [""לרב""], ""עליו"": [""עליו""], ""רבי"": [""רבי""], ""עליה"": [""עליה""], ""לאשת"": [""לאשת""], ""לאשתו"": [""לאשתו""], ""לרבי"": [""לרבי""], ""אב"": [""אב""], ""אביו"": [""אביו""], ""בנו"": [""בנו""], ""ליה"": [""ליה""], ""לרבו"": [""לרבו""], ""ביה"": [""ביה""], ""לאחד"": [""לאחד""], ""אבוה"": [""אבוה""], ""רחמנא"": [""רחמנא""], ""אבוהון"": [""אבוהון""], ""לרעה"": [""לרעה""], ""לרעהו"": [""לרעהו""], ""רחמן"": [""רחמן""], ""ליהוי"": [""ליהוי""], ""עליהו"": [""עליהו""], ""רחמנן"": [""רחמנן""], ""לבנוות"": [""לבנוות""], ""להוון"": [""להוון""], ""לרבוותא"": [""לרבוותא""], ""לרביי"": [""לרביי""], ""ביהון"": [""ביהון""], ""בנויה"": [""בנויה""], ""לאחדו"": [""לאחדו""], ""לבנוותא"": [""לבנוותא""], ""לרבוותיה"": [""לרבוותיה""], ""ליהויי"": [""ליהויי""], ""אביוו"": [""אביוו""], ""בנויהו"": [""בנויהו""], ""לרבוותיהון"": [""לרבוותיהון""], ""לרבייון"": [""לרבייון""], ""עליהוון"": [""עליהוון""], ""לאחדוון"": [""לאחדוון""], ""אביווון"": [""אביווון""], ""לבנוותאוי"": [""לבנוותאוי""], ""בנויהוון"": [""בנויהוון""], ""לבנוותאויי"": [""לבנוותאויי""], ""לבנוותאוייון"": [""לבנוותאוייון""]}",לו,0.101407,לה,0.063459,לבנו,0.03959,על,0.037893,להו,0.02309,לבניו,0.021864,לרב,0.021559,עליו,0.021256,רבי,0.018548,עליה,0.016434,לאשת,0.010863,לאשתו,0.009606,לרבי,0.008622,אב,0.007907,אביו,0.007307,בנו,0.007211,ליה,0.006473,לרבו,0.005711,ביה,0.004239,לאחד,0.004188,אבוה,0.004102,רחמנא,0.00331,אבוהון,0.002415,לרעה,0.002048,לרעהו,0.001928,רחמן,0.000135,ליהוי,8.7e-05,עליהו,5.4e-05,רחמנן,3.2e-05,לבנוות,3e-05,להוון,2e-05,לרבוותא,1.8e-05,לרביי,1.8e-05,ביהון,1.1e-05,בנויה,8e-06,לאחדו,7e-06,לבנוותא,4e-06,לרבוותיה,4e-06,ליהויי,1e-06,אביוו,1e-06,בנויהו,0.0,לרבוותיהון,0.0,לרבייון,0.0,עליהוון,0.0,לאחדוון,0.0,אביווון,0.0,לבנוותאוי,0.0,בנויהוון,0.0,לבנוותאויי,0.0,לבנוותאוייון,0.0,NUM,True,לבנו,לבן,False,False,False,True,True,True,False,,,,False,False
Midrash_Aggadic_Midrash_Pesikta_DRav_Kahanna__10_1,pesikta_drk,246,ואמר,3.1383,0.4293,0.0,0.2482,50,1,True,"{""ואמר"": 1, ""והיה"": 1, ""אחד"": 1, ""וקרא"": 1, ""ואמרנו"": 1, ""ונתן"": 1, ""ובנו"": 1, ""והיו"": 1, ""שמו"": 1, ""שמעון"": 1, ""רבי"": 1, ""ובא"": 1, ""אב"": 1, ""ר"": 1, ""ונתנו"": 1, ""שמעיה"": 1, ""אפרים"": 1, ""ולית"": 1, ""ניזון"": 1, ""נזיר"": 1, ""אבשלום"": 1, ""וליתן"": 1, ""ואחר"": 1, ""ובאנו"": 1, ""אחדו"": 1, ""ואחרי"": 1, ""ואמרנוו"": 1, ""שמעיהו"": 1, ""נזירא"": 1, ""רביי"": 1, ""ובנוות"": 1, ""ונתנוו"": 1, ""ואמרנווין"": 1, ""אחדוון"": 1, ""ובנוותיו"": 1, ""ובאנוו"": 1, ""שמעיהוון"": 1, ""רבייון"": 1, ""ואחריון"": 1, ""ובאנוויה"": 1, ""נזיראון"": 1, ""ונתנוויה"": 1, ""ונתנוויהו"": 1, ""ובאנוויהו"": 1, ""ובנוותיוו"": 1, ""ונתנוויהוון"": 1, ""ובאנוויהוון"": 1, ""ובנוותיווות"": 1, ""ובנוותיווותיו"": 1, ""ובנוותיווותיוו"": 1}","{""ואמר"": [""ואמר""], ""והיה"": [""והיה""], ""אחד"": [""אחד""], ""וקרא"": [""וקרא""], ""ואמרנו"": [""ואמרנו""], ""ונתן"": [""ונתן""], ""ובנו"": [""ובנו""], ""והיו"": [""והיו""], ""שמו"": [""שמו""], ""שמעון"": [""שמעון""], ""רבי"": [""רבי""], ""ובא"": [""ובא""], ""אב"": [""אב""], ""ר"": [""ר""], ""ונתנו"": [""ונתנו""], ""שמעיה"": [""שמעיה""], ""אפרים"": [""אפרים""], ""ולית"": [""ולית""], ""ניזון"": [""ניזון""], ""נזיר"": [""נזיר""], ""אבשלום"": [""אבשלום""], ""וליתן"": [""וליתן""], ""ואחר"": [""ואחר""], ""ובאנו"": [""ובאנו""], ""אחדו"": [""אחדו""], ""ואחרי"": [""ואחרי""], ""ואמרנוו"": [""ואמרנוו""], ""שמעיהו"": [""שמעיהו""], ""נזירא"": [""נזירא""], ""רביי"": [""רביי""], ""ובנוות"": [""ובנוות""], ""ונתנוו"": [""ונתנוו""], ""ואמרנווין"": [""ואמרנווין""], ""אחדוון"": [""אחדוון""], ""ובנוותיו"": [""ובנוותיו""], ""ובאנוו"": [""ובאנוו""], ""שמעיהוון"": [""שמעיהוון""], ""רבייון"": [""רבייון""], ""ואחריון"": [""ואחריון""], ""ובאנוויה"": [""ובאנוויה""], ""נזיראון"": [""נזיראון""], ""ונתנוויה"": [""ונתנוויה""], ""ונתנוויהו"": [""ונתנוויהו""], ""ובאנוויהו"": [""ובאנוויהו""], ""ובנוותיוו"": [""ובנוותיוו""], ""ונתנוויהוון"": [""ונתנוויהוון""], ""ובאנוויהוון"": [""ובאנוויהוון""], ""ובנוותיווות"": [""ובנוותיווות""], ""ובנוותיווותיו"": [""ובנוותיווותיו""], ""ובנוותיווותיוו"": [""ובנוותיווותיוו""]}",ואמר,0.113576,והיה,0.043768,אחד,0.020462,וקרא,0.011563,ואמרנו,0.008281,ונתן,0.00721,ובנו,0.005865,והיו,0.005832,שמו,0.005806,שמעון,0.005783,רבי,0.005249,ובא,0.004159,אב,0.002391,ר,0.001992,ונתנו,0.001159,שמעיה,0.000989,אפרים,0.000931,ולית,0.000779,ניזון,0.000627,נזיר,0.00053,אבשלום,0.000388,וליתן,0.000322,ואחר,0.000282,ובאנו,7.9e-05,אחדו,4e-05,ואחרי,3.9e-05,ואמרנוו,2.5e-05,שמעיהו,2.2e-05,נזירא,1.2e-05,רביי,5e-06,ובנוות,1e-06,ונתנוו,1e-06,ואמרנווין,0.0,אחדוון,0.0,ובנוותיו,0.0,ובאנוו,0.0,שמעיהוון,0.0,רבייון,0.0,ואחריון,0.0,ובאנוויה,0.0,נזיראון,0.0,ונתנוויה,0.0,ונתנוויהו,0.0,ובאנוויהו,0.0,ובנוותיוו,0.0,ונתנוויהוון,0.0,ובאנוויהוון,0.0,ובנוותיווות,0.0,ובנוותיווותיו,0.0,ובנוותיווותיוו,0.0,SYM,True,ואמר,אמר,False,False,False,True,True,True,False,,,,False,False
Midrash_Aggadic_Midrash_Pesikta_DRav_Kahanna__10_1,pesikta_drk,247,לו,1.2239,0.2716,0.0,0.6432,50,1,True,"{""לו"": 1, ""ליה"": 1, ""לבנו"": 1, ""בני"": 1, ""לך"": 1, ""בנו"": 1, ""אליו"": 1, ""אל"": 1, ""לי"": 1, ""לה"": 1, ""לא"": 1, ""עשה"": 1, ""להו"": 1, ""לבן"": 1, ""לעבדיו"": 1, ""אלך"": 1, ""בתי"": 1, ""לעבדו"": 1, ""ליתן"": 1, ""עתיד"": 1, ""לעשו"": 1, ""לאב"": 1, ""לאביו"": 1, ""בניי"": 1, ""ליי"": 1, ""ליהון"": 1, ""עתידה"": 1, ""עתידין"": 1, ""לוון"": 1, ""להוון"": 1, ""בנויה"": 1, ""בתיי"": 1, ""לבנוו"": 1, ""עתידהו"": 1, ""בנויהו"": 1, ""לייון"": 1, ""לעבדיוו"": 1, ""לעבדוון"": 1, ""בנייי"": 1, ""בתייון"": 1, ""לבנווית"": 1, ""לבנוויתו"": 1, ""בנויהוון"": 1, ""בניייי"": 1, ""לעבדיווין"": 1, ""לבנוויתוון"": 1, ""בנייייי"": 1, ""בניייייי"": 1, ""בנייייייי"": 1, ""בניייייייי"": 1}","{""לו"": [""לו""], ""ליה"": [""ליה""], ""לבנו"": [""לבנו""], ""בני"": [""בני""], ""לך"": [""לך""], ""בנו"": [""בנו""], ""אליו"": [""אליו""], ""אל"": [""אל""], ""לי"": [""לי""], ""לה"": [""לה""], ""לא"": [""לא""], ""עשה"": [""עשה""], ""להו"": [""להו""], ""לבן"": [""לבן""], ""לעבדיו"": [""לעבדיו""], ""אלך"": [""אלך""], ""בתי"": [""בתי""], ""לעבדו"": [""לעבדו""], ""ליתן"": [""ליתן""], ""עתיד"": [""עתיד""], ""לעשו"": [""לעשו""], ""לאב"": [""לאב""], ""לאביו"": [""לאביו""], ""בניי"": [""בניי""], ""ליי"": [""ליי""], ""ליהון"": [""ליהון""], ""עתידה"": [""עתידה""], ""עתידין"": [""עתידין""], ""לוון"": [""לוון""], ""להוון"": [""להוון""], ""בנויה"": [""בנויה""], ""בתיי"": [""בתיי""], ""לבנוו"": [""לבנוו""], ""עתידהו"": [""עתידהו""], ""בנויהו"": [""בנויהו""], ""לייון"": [""לייון""], ""לעבדיוו"": [""לעבדיוו""], ""לעבדוון"": [""לעבדוון""], ""בנייי"": [""בנייי""], ""בתייון"": [""בתייון""], ""לבנווית"": [""לבנווית""], ""לבנוויתו"": [""לבנוויתו""], ""בנויהוון"": [""בנויהוון""], ""בניייי"": [""בניייי""], ""לעבדיווין"": [""לעבדיווין""], ""לבנוויתוון"": [""לבנוויתוון""], ""בנייייי"": [""בנייייי""], ""בניייייי"": [""בניייייי""], ""בנייייייי"": [""בנייייייי""], ""בניייייייי"": [""בניייייייי""]}",לו,0.42813,ליה,0.042298,לבנו,0.023991,בני,0.021651,לך,0.02066,בנו,0.018269,אליו,0.017949,אל,0.014199,לי,0.013762,לה,0.011957,לא,0.010552,עשה,0.003548,להו,0.002791,לבן,0.002777,לעבדיו,0.002206,אלך,0.001326,בתי,0.000968,לעבדו,0.000949,ליתן,0.000915,עתיד,0.000915,לעשו,0.000879,לאב,0.000855,לאביו,0.000683,בניי,0.000226,ליי,0.000203,ליהון,0.000165,עתידה,0.000157,עתידין,0.000135,לוון,4.2e-05,להוון,2.2e-05,בנויה,1.5e-05,בתיי,1e-05,לבנוו,3e-06,עתידהו,1e-06,בנויהו,1e-06,לייון,1e-06,לעבדיוו,0.0,לעבדוון,0.0,בנייי,0.0,בתייון,0.0,לבנווית,0.0,לבנוויתו,0.0,בנויהוון,0.0,בניייי,0.0,לעבדיווין,0.0,לבנוויתוון,0.0,בנייייי,0.0,בניייייי,0.0,בנייייייי,0.0,בניייייייי,0.0,SYM,True,לו,לו,False,True,False,True,True,True,False,,,,False,False
Midrash_Aggadic_Midrash_Pesikta_DRav_Kahanna__10_1,pesikta_drk,248,בני,2.8313,0.5436,-0.0,0.3617,50,1,True,"{""בני"": 1, ""לך"": 1, ""אל"": 1, ""בן"": 1, ""אתה"": 1, ""בנו"": 1, ""תן"": 1, ""עשה"": 1, ""אלך"": 1, ""קח"": 1, ""בנה"": 1, ""אבא"": 1, ""חזור"": 1, ""אמור"": 1, ""שמע"": 1, ""שדה"": 1, ""חביב"": 1, ""תנו"": 1, ""קנה"": 1, ""עתיד"": 1, ""חביבי"": 1, ""בניי"": 1, ""עתידה"": 1, ""שמעון"": 1, ""עתידין"": 1, ""בנהו"": 1, ""אמורו"": 1, ""שדהו"": 1, ""בנווי"": 1, ""קחנו"": 1, ""קנהו"": 1, ""אתהך"": 1, ""אבאך"": 1, ""בנוויי"": 1, ""עתידהו"": 1, ""בנייי"": 1, ""חביביי"": 1, ""קחנוו"": 1, ""בנווייון"": 1, ""אמורוון"": 1, ""בניייי"": 1, ""חביבייי"": 1, ""קחנווון"": 1, ""בנייייי"": 1, ""חביביייי"": 1, ""חביבייייי"": 1, ""בניייייי"": 1, ""חביביייייי"": 1, ""בנייייייי"": 1, ""בניייייייי"": 1}","{""בני"": [""בני""], ""לך"": [""לך""], ""אל"": [""אל""], ""בן"": [""בן""], ""אתה"": [""אתה""], ""בנו"": [""בנו""], ""תן"": [""תן""], ""עשה"": [""עשה""], ""אלך"": [""אלך""], ""קח"": [""קח""], ""בנה"": [""בנה""], ""אבא"": [""אבא""], ""חזור"": [""חזור""], ""אמור"": [""אמור""], ""שמע"": [""שמע""], ""שדה"": [""שדה""], ""חביב"": [""חביב""], ""תנו"": [""תנו""], ""קנה"": [""קנה""], ""עתיד"": [""עתיד""], ""חביבי"": [""חביבי""], ""בניי"": [""בניי""], ""עתידה"": [""עתידה""], ""שמעון"": [""שמעון""], ""עתידין"": [""עתידין""], ""בנהו"": [""בנהו""], ""אמורו"": [""אמורו""], ""שדהו"": [""שדהו""], ""בנווי"": [""בנווי""], ""קחנו"": [""קחנו""], ""קנהו"": [""קנהו""], ""אתהך"": [""אתהך""], ""אבאך"": [""אבאך""], ""בנוויי"": [""בנוויי""], ""עתידהו"": [""עתידהו""], ""בנייי"": [""בנייי""], ""חביביי"": [""חביביי""], ""קחנוו"": [""קחנוו""], ""בנווייון"": [""בנווייון""], ""אמורוון"": [""אמורוון""], ""בניייי"": [""בניייי""], ""חביבייי"": [""חביבייי""], ""קחנווון"": [""קחנווון""], ""בנייייי"": [""בנייייי""], ""חביביייי"": [""חביביייי""], ""חביבייייי"": [""חביבייייי""], ""בניייייי"": [""בניייייי""], ""חביביייייי"": [""חביביייייי""], ""בנייייייי"": [""בנייייייי""], ""בניייייייי"": [""בניייייייי""]}",בני,0.140508,לך,0.063332,אל,0.039632,בן,0.019619,אתה,0.018721,בנו,0.017136,תן,0.009266,עשה,0.008381,אלך,0.00704,קח,0.005804,בנה,0.005651,אבא,0.004389,חזור,0.003199,אמור,0.003112,שמע,0.002936,שדה,0.002251,חביב,0.002034,תנו,0.001882,קנה,0.001798,עתיד,0.001774,חביבי,0.001196,בניי,0.000983,עתידה,0.000299,שמעון,0.000277,עתידין,0.000178,בנהו,0.000133,אמורו,5.5e-05,שדהו,4.3e-05,בנווי,3.2e-05,קחנו,2.6e-05,קנהו,2.2e-05,אתהך,1.7e-05,אבאך,1.2e-05,בנוויי,7e-06,עתידהו,1e-06,בנייי,0.0,חביביי,0.0,קחנוו,0.0,בנווייון,0.0,אמורוון,0.0,בניייי,0.0,חביבייי,0.0,קחנווון,0.0,בנייייי,0.0,חביביייי,0.0,חביבייייי,0.0,בניייייי,0.0,חביביייייי,0.0,בנייייייי,0.0,בניייייייי,0.0,PRON,False,בני,בני,False,False,False,True,True,True,False,,,,False,False
Midrash_Aggadic_Midrash_Pesikta_DRav_Kahanna__10_1,pesikta_drk,249,תן,6.6636,0.8446,0.0,0.2523,50,7,True,"{""בני"": 1, ""אתה"": 1, ""אל"": 1, ""אני"": 1, ""לך"": 1, ""עשה"": 1, ""תן"": 1, ""שמע"": 1, ""הוציא"": 1, ""חזור"": 1, ""אלך"": 1, ""אמור"": 1, ""הוצא"": 1, ""עתה"": 1, ""אבא"": 1, ""מתי"": 1, ""מחר"": 1, ""חביב"": 1, ""שמא"": 1, ""חביבי"": 1, ""תקח"": 1, ""הוציאו"": 1, ""בניו"": 1, ""שמעון"": 1, ""הוצאנו"": 1, ""אתהך"": 1, ""מתיו"": 1, ""אמורו"": 1, ""מחרת"": 1, ""שמאחר"": 1, ""תקצור"": 1, ""אניי"": 1, ""תקחנה"": 1, ""אבאך"": 1, ""עשהך"": 1, ""מתיוון"": 1, ""מחרתך"": 1, ""תקחנהו"": 1, ""תקצורנו"": 1, ""שמאחרי"": 1, ""חביביי"": 1, ""אנייוצא"": 1, ""אמורוון"": 1, ""אנייוצאך"": 1, ""תקצורנוו"": 1, ""חביבייי"": 1, ""תקצורנווין"": 1, ""חביביייי"": 1, ""חביבייייי"": 1, ""חביביייייי"": 1}","{""בני"": [""בני""], ""אתה"": [""אתה""], ""אל"": [""אל""], ""אני"": [""אני""], ""לך"": [""לך""], ""עשה"": [""עשה""], ""תן"": [""תן""], ""שמע"": [""שמע""], ""הוציא"": [""הוציא""], ""חזור"": [""חזור""], ""אלך"": [""אלך""], ""אמור"": [""אמור""], ""הוצא"": [""הוצא""], ""עתה"": [""עתה""], ""אבא"": [""אבא""], ""מתי"": [""מתי""], ""מחר"": [""מחר""], ""חביב"": [""חביב""], ""שמא"": [""שמא""], ""חביבי"": [""חביבי""], ""תקח"": [""תקח""], ""הוציאו"": [""הוציאו""], ""בניו"": [""בניו""], ""שמעון"": [""שמעון""], ""הוצאנו"": [""הוצאנו""], ""אתהך"": [""אתהך""], ""מתיו"": [""מתיו""], ""אמורו"": [""אמורו""], ""מחרת"": [""מחרת""], ""שמאחר"": [""שמאחר""], ""תקצור"": [""תקצור""], ""אניי"": [""אניי""], ""תקחנה"": [""תקחנה""], ""אבאך"": [""אבאך""], ""עשהך"": [""עשהך""], ""מתיוון"": [""מתיוון""], ""מחרתך"": [""מחרתך""], ""תקחנהו"": [""תקחנהו""], ""תקצורנו"": [""תקצורנו""], ""שמאחרי"": [""שמאחרי""], ""חביביי"": [""חביביי""], ""אנייוצא"": [""אנייוצא""], ""אמורוון"": [""אמורוון""], ""אנייוצאך"": [""אנייוצאך""], ""תקצורנוו"": [""תקצורנוו""], ""חביבייי"": [""חביבייי""], ""תקצורנווין"": [""תקצורנווין""], ""חביביייי"": [""חביביייי""], ""חביבייייי"": [""חביבייייי""], ""חביביייייי"": [""חביביייייי""]}",בני,0.04373,אתה,0.041727,אל,0.033529,אני,0.032497,לך,0.031009,עשה,0.010611,תן,0.009864,שמע,0.005837,הוציא,0.004751,חזור,0.004694,אלך,0.004669,אמור,0.004648,הוצא,0.004326,עתה,0.00304,אבא,0.002819,מתי,0.002811,מחר,0.002811,חביב,0.002397,שמא,0.001925,חביבי,0.001601,תקח,0.000968,הוציאו,0.000516,בניו,0.000497,שמעון,0.00025,הוצאנו,0.000208,אתהך,0.00013,מתיו,0.000102,אמורו,6.5e-05,מחרת,6.4e-05,שמאחר,6.2e-05,תקצור,4.3e-05,אניי,2.1e-05,תקחנה,1.3e-05,אבאך,1e-05,עשהך,8e-06,מתיוון,4e-06,מחרתך,3e-06,תקחנהו,2e-06,תקצורנו,1e-06,שמאחרי,0.0,חביביי,0.0,אנייוצא,0.0,אמורוון,0.0,אנייוצאך,0.0,תקצורנוו,0.0,חביבייי,0.0,תקצורנווין,0.0,חביביייי,0.0,חביבייייי,0.0,חביביייייי,0.0,NUM,False,תן,תן,False,False,False,True,True,True,False,,,,False,False
Midrash_Aggadic_Midrash_Pesikta_DRav_Kahanna__10_1,pesikta_drk,250,דעתך,8.4756,0.9169,0.322,0.5637,50,-1,False,"{""לי"": 1, ""מעשר"": 1, ""לך"": 1, ""שדה"": 1, ""את"": 1, ""יד"": 1, ""מנה"": 1, ""ידך"": 1, ""ממון"": 1, ""עשר"": 1, ""ביד"": 1, ""דינר"": 1, ""לבעלי"": 1, ""ממני"": 1, ""לפלוני"": 1, ""מעשרך"": 1, ""שכר"": 1, ""מעשרותיך"": 1, ""לפלני"": 1, ""אמת"": 1, ""בידך"": 1, ""דמי"": 1, ""שדהך"": 1, ""עלי"": 1, ""אמתך"": 1, ""עשרון"": 1, ""במתנה"": 1, ""שכרך"": 1, ""מזונות"": 1, ""דינרי"": 1, ""אדוני"": 1, ""מזון"": 1, ""יתיה"": 1, ""מזונותיך"": 1, ""ליי"": 1, ""דינרין"": 1, ""לפלנייה"": 1, ""דינריי"": 1, ""אתך"": 1, ""עליי"": 1, ""יתיהון"": 1, ""אדוניי"": 1, ""לפלוניים"": 1, ""ממניי"": 1, ""במתנהו"": 1, ""לייון"": 1, ""לפלנייהו"": 1, ""דינרייון"": 1, ""ממנייון"": 1, ""לפלנייהוון"": 1}","{""לי"": [""לי""], ""מעשר"": [""מעשר""], ""לך"": [""לך""], ""שדה"": [""שדה""], ""את"": [""את""], ""יד"": [""יד""], ""מנה"": [""מנה""], ""ידך"": [""ידך""], ""ממון"": [""ממון""], ""עשר"": [""עשר""], ""ביד"": [""ביד""], ""דינר"": [""דינר""], ""לבעלי"": [""לבעלי""], ""ממני"": [""ממני""], ""לפלוני"": [""לפלוני""], ""מעשרך"": [""מעשרך""], ""שכר"": [""שכר""], ""מעשרותיך"": [""מעשרותיך""], ""לפלני"": [""לפלני""], ""אמת"": [""אמת""], ""בידך"": [""בידך""], ""דמי"": [""דמי""], ""שדהך"": [""שדהך""], ""עלי"": [""עלי""], ""אמתך"": [""אמתך""], ""עשרון"": [""עשרון""], ""במתנה"": [""במתנה""], ""שכרך"": [""שכרך""], ""מזונות"": [""מזונות""], ""דינרי"": [""דינרי""], ""אדוני"": [""אדוני""], ""מזון"": [""מזון""], ""יתיה"": [""יתיה""], ""מזונותיך"": [""מזונותיך""], ""ליי"": [""ליי""], ""דינרין"": [""דינרין""], ""לפלנייה"": [""לפלנייה""], ""דינריי"": [""דינריי""], ""אתך"": [""אתך""], ""עליי"": [""עליי""], ""יתיהון"": [""יתיהון""], ""אדוניי"": [""אדוניי""], ""לפלוניים"": [""לפלוניים""], ""ממניי"": [""ממניי""], ""במתנהו"": [""במתנהו""], ""לייון"": [""לייון""], ""לפלנייהו"": [""לפלנייהו""], ""דינרייון"": [""דינרייון""], ""ממנייון"": [""ממנייון""], ""לפלנייהוון"": [""לפלנייהוון""]}",לי,0.393117,מעשר,0.035055,לך,0.021496,שדה,0.021123,את,0.013879,יד,0.008038,מנה,0.007025,ידך,0.006969,ממון,0.00682,עשר,0.006599,ביד,0.004981,דינר,0.004651,לבעלי,0.003751,ממני,0.003221,לפלוני,0.002874,מעשרך,0.002846,שכר,0.002484,מעשרותיך,0.002412,לפלני,0.002345,אמת,0.001431,בידך,0.001428,דמי,0.001384,שדהך,0.001366,עלי,0.0013,אמתך,0.001225,עשרון,0.00117,במתנה,0.001165,שכרך,0.000693,מזונות,0.000615,דינרי,0.000601,אדוני,0.000529,מזון,0.000324,יתיה,0.000206,מזונותיך,0.000201,ליי,0.000164,דינרין,9.8e-05,לפלנייה,5.7e-05,דינריי,3.4e-05,אתך,3.1e-05,עליי,1.8e-05,יתיהון,1.1e-05,אדוניי,6e-06,לפלוניים,3e-06,ממניי,1e-06,במתנהו,0.0,לייון,0.0,לפלנייהו,0.0,דינרייון,0.0,ממנייון,0.0,לפלנייהוון,0.0,NUM,True,דעתך,דעת,False,False,False,True,True,True,False,,,,False,False
Midrash_Aggadic_Midrash_Pesikta_DRav_Kahanna__10_1,pesikta_drk,251,בשדה,7.5832,0.8784,0.7864,0.3827,50,-1,False,"{""שלא"": 1, ""על"": 1, ""למה"": 1, ""במה"": 1, ""אם"": 1, ""מה"": 1, ""שתהא"": 1, ""כי"": 1, ""במעשר"": 1, ""במעשרות"": 1, ""להוציא"": 1, ""שתוציא"": 1, ""שאם"": 1, ""שמא"": 1, ""שתהיה"": 1, ""במעשרותי"": 1, ""להוצי"": 1, ""שתצא"": 1, ""במעשה"": 1, ""ודע"": 1, ""ליתן"": 1, ""עליך"": 1, ""כיון"": 1, ""במעשרך"": 1, ""שאיני"": 1, ""למהר"": 1, ""לירד"": 1, ""מהו"": 1, ""להוצאת"": 1, ""שתוציאו"": 1, ""שלאחיך"": 1, ""ותדע"": 1, ""שתצאנה"": 1, ""במהות"": 1, ""ותיזון"": 1, ""ותיזהר"": 1, ""במהותי"": 1, ""להוצאתו"": 1, ""לירדך"": 1, ""שלאחיכן"": 1, ""במעשרותיי"": 1, ""שתהיהו"": 1, ""מהוות"": 1, ""למהרואה"": 1, ""שלאחיכם"": 1, ""מהוותי"": 1, ""במהותיון"": 1, ""למהרואהו"": 1, ""במעשרותייון"": 1, ""מהוותייך"": 1}","{""שלא"": [""שלא""], ""על"": [""על""], ""למה"": [""למה""], ""במה"": [""במה""], ""אם"": [""אם""], ""מה"": [""מה""], ""שתהא"": [""שתהא""], ""כי"": [""כי""], ""במעשר"": [""במעשר""], ""במעשרות"": [""במעשרות""], ""להוציא"": [""להוציא""], ""שתוציא"": [""שתוציא""], ""שאם"": [""שאם""], ""שמא"": [""שמא""], ""שתהיה"": [""שתהיה""], ""במעשרותי"": [""במעשרותי""], ""להוצי"": [""להוצי""], ""שתצא"": [""שתצא""], ""במעשה"": [""במעשה""], ""ודע"": [""ודע""], ""ליתן"": [""ליתן""], ""עליך"": [""עליך""], ""כיון"": [""כיון""], ""במעשרך"": [""במעשרך""], ""שאיני"": [""שאיני""], ""למהר"": [""למהר""], ""לירד"": [""לירד""], ""מהו"": [""מהו""], ""להוצאת"": [""להוצאת""], ""שתוציאו"": [""שתוציאו""], ""שלאחיך"": [""שלאחיך""], ""ותדע"": [""ותדע""], ""שתצאנה"": [""שתצאנה""], ""במהות"": [""במהות""], ""ותיזון"": [""ותיזון""], ""ותיזהר"": [""ותיזהר""], ""במהותי"": [""במהותי""], ""להוצאתו"": [""להוצאתו""], ""לירדך"": [""לירדך""], ""שלאחיכן"": [""שלאחיכן""], ""במעשרותיי"": [""במעשרותיי""], ""שתהיהו"": [""שתהיהו""], ""מהוות"": [""מהוות""], ""למהרואה"": [""למהרואה""], ""שלאחיכם"": [""שלאחיכם""], ""מהוותי"": [""מהוותי""], ""במהותיון"": [""במהותיון""], ""למהרואהו"": [""למהרואהו""], ""במעשרותייון"": [""במעשרותייון""], ""מהוותייך"": [""מהוותייך""]}",שלא,0.114631,על,0.089275,למה,0.028092,במה,0.020234,אם,0.018137,מה,0.016006,שתהא,0.015777,כי,0.015758,במעשר,0.015616,במעשרות,0.00693,להוציא,0.006686,שתוציא,0.006194,שאם,0.005969,שמא,0.005605,שתהיה,0.004964,במעשרותי,0.001774,להוצי,0.00151,שתצא,0.001471,במעשה,0.00129,ודע,0.000996,ליתן,0.000922,עליך,0.000879,כיון,0.000859,במעשרך,0.000782,שאיני,0.000713,למהר,0.000411,לירד,0.000346,מהו,0.000206,להוצאת,0.000147,שתוציאו,0.000145,שלאחיך,0.000125,ותדע,7.8e-05,שתצאנה,7.7e-05,במהות,4.2e-05,ותיזון,3.1e-05,ותיזהר,2e-05,במהותי,8e-06,להוצאתו,4e-06,לירדך,2e-06,שלאחיכן,1e-06,במעשרותיי,1e-06,שתהיהו,0.0,מהוות,0.0,למהרואה,0.0,שלאחיכם,0.0,מהוותי,0.0,במהותיון,0.0,למהרואהו,0.0,במעשרותייון,0.0,מהוותייך,0.0,VERB,True,בשדה,שדה,True,False,True,True,True,True,True,51.0,14.0,37.0,False,True
Midrash_Aggadic_Midrash_Pesikta_DRav_Kahanna__10_1,pesikta_drk,252,זו,1.0402,0.2008,0.0,0.6515,19,1,True,"{""זו"": 1, ""הזאת"": 1, ""אחת"": 1, ""שלי"": 1, ""שעשית"": 1, ""שעשיתי"": 1, ""שעוש"": 1, ""שעושה"": 1, ""שתהא"": 1, ""הזאתו"": 1, ""שליי"": 1, ""אחתך"": 1, ""הזאתויש"": 1, ""שלייון"": 1, ""הזאתוישתה"": 1, ""הזאתוישתהיה"": 1, ""הזאתוישתהיהלך"": 1, ""הזאתוישתהיהלמעשר"": 1, ""הזאתוישתהיהלמעשרות"": 1}","{""זו"": [""זו""], ""הזאת"": [""הזאת""], ""אחת"": [""אחת""], ""שלי"": [""שלי""], ""שעשית"": [""שעשית""], ""שעשיתי"": [""שעשיתי""], ""שעוש"": [""שעוש""], ""שעושה"": [""שעושה""], ""שתהא"": [""שתהא""], ""הזאתו"": [""הזאתו""], ""שליי"": [""שליי""], ""אחתך"": [""אחתך""], ""הזאתויש"": [""הזאתויש""], ""שלייון"": [""שלייון""], ""הזאתוישתה"": [""הזאתוישתה""], ""הזאתוישתהיה"": [""הזאתוישתהיה""], ""הזאתוישתהיהלך"": [""הזאתוישתהיהלך""], ""הזאתוישתהיהלמעשר"": [""הזאתוישתהיהלמעשר""], ""הזאתוישתהיהלמעשרות"": [""הזאתוישתהיהלמעשרות""]}",זו,0.486243,הזאת,0.095747,אחת,0.029661,שלי,0.019151,שעשית,0.008644,שעשיתי,0.003901,שעוש,0.003718,שעושה,0.003629,שתהא,0.000628,הזאתו,0.000108,שליי,4.4e-05,אחתך,4.1e-05,הזאתויש,0.0,שלייון,0.0,הזאתוישתה,0.0,הזאתוישתהיה,0.0,הזאתוישתהיהלך,0.0,הזאתוישתהיהלמעשר,0.0,הזאתוישתהיהלמעשרות,0.0,,,,,,,,,,,,,,,,,,,,,,,,,,,,,,,,,,,,,,,,,,,,,,,,,,,,,,,,,,,,,,,SCONJ,False,זו,זה,False,True,False,True,True,True,False,,,,False,False
Midrash_Aggadic_Midrash_Pesikta_DRav_Kahanna__10_1,pesikta_drk,253,כך,10.4172,0.9008,0.8544,0.3457,50,-1,False,"{""שלא"": 1, ""שהיא"": 1, ""שאתה"": 1, ""אם"": 1, ""כי"": 1, ""שאין"": 1, ""שתוציא"": 1, ""שאני"": 1, ""שתהא"": 1, ""שיהא"": 1, ""שתעשה"": 1, ""שעשיתי"": 1, ""שעושה"": 1, ""שהיתה"": 1, ""שאם"": 1, ""שאיני"": 1, ""שעשית"": 1, ""שהרי"": 1, ""כיון"": 1, ""שיהיו"": 1, ""דכת"": 1, ""שנעשה"": 1, ""דהוון"": 1, ""שנאכל"": 1, ""ותוציא"": 1, ""ועשית"": 1, ""דהא"": 1, ""שתוציאו"": 1, ""שנאבד"": 1, ""שנאכלת"": 1, ""דהויא"": 1, ""שלאחר"": 1, ""שנאבדה"": 1, ""שעשיתיה"": 1, ""ועשיתיה"": 1, ""ותוציאו"": 1, ""שתעשהו"": 1, ""שעשיתיהו"": 1, ""שנאכלתך"": 1, ""שעושהו"": 1, ""שלאחרי"": 1, ""ועשיתיהו"": 1, ""שהיתהך"": 1, ""דהויאו"": 1, ""שנאבדהו"": 1, ""שלאחריי"": 1, ""שעשיתיהוון"": 1, ""דהויאוון"": 1, ""ועשיתיהוון"": 1, ""שלאחרייון"": 1}","{""שלא"": [""שלא""], ""שהיא"": [""שהיא""], ""שאתה"": [""שאתה""], ""אם"": [""אם""], ""כי"": [""כי""], ""שאין"": [""שאין""], ""שתוציא"": [""שתוציא""], ""שאני"": [""שאני""], ""שתהא"": [""שתהא""], ""שיהא"": [""שיהא""], ""שתעשה"": [""שתעשה""], ""שעשיתי"": [""שעשיתי""], ""שעושה"": [""שעושה""], ""שהיתה"": [""שהיתה""], ""שאם"": [""שאם""], ""שאיני"": [""שאיני""], ""שעשית"": [""שעשית""], ""שהרי"": [""שהרי""], ""כיון"": [""כיון""], ""שיהיו"": [""שיהיו""], ""דכת"": [""דכת""], ""שנעשה"": [""שנעשה""], ""דהוון"": [""דהוון""], ""שנאכל"": [""שנאכל""], ""ותוציא"": [""ותוציא""], ""ועשית"": [""ועשית""], ""דהא"": [""דהא""], ""שתוציאו"": [""שתוציאו""], ""שנאבד"": [""שנאבד""], ""שנאכלת"": [""שנאכלת""], ""דהויא"": [""דהויא""], ""שלאחר"": [""שלאחר""], ""שנאבדה"": [""שנאבדה""], ""שעשיתיה"": [""שעשיתיה""], ""ועשיתיה"": [""ועשיתיה""], ""ותוציאו"": [""ותוציאו""], ""שתעשהו"": [""שתעשהו""], ""שעשיתיהו"": [""שעשיתיהו""], ""שנאכלתך"": [""שנאכלתך""], ""שעושהו"": [""שעושהו""], ""שלאחרי"": [""שלאחרי""], ""ועשיתיהו"": [""ועשיתיהו""], ""שהיתהך"": [""שהיתהך""], ""דהויאו"": [""דהויאו""], ""שנאבדהו"": [""שנאבדהו""], ""שלאחריי"": [""שלאחריי""], ""שעשיתיהוון"": [""שעשיתיהוון""], ""דהויאוון"": [""דהויאוון""], ""ועשיתיהוון"": [""ועשיתיהוון""], ""שלאחרייון"": [""שלאחרייון""]}",שלא,0.08193,שהיא,0.033624,שאתה,0.033103,אם,0.029213,כי,0.024987,שאין,0.018281,שתוציא,0.017464,שאני,0.015883,שתהא,0.014897,שיהא,0.012652,שתעשה,0.010107,שעשיתי,0.009213,שעושה,0.007076,שהיתה,0.004937,שאם,0.004664,שאיני,0.004247,שעשית,0.003746,שהרי,0.003726,כיון,0.00333,שיהיו,0.003199,דכת,0.002485,שנעשה,0.001773,דהוון,0.000877,שנאכל,0.000844,ותוציא,0.000755,ועשית,0.000617,דהא,0.000523,שתוציאו,0.000511,שנאבד,0.000257,שנאכלת,0.000245,דהויא,0.000202,שלאחר,0.000101,שנאבדה,0.0001,שעשיתיה,8.7e-05,ועשיתיה,3.8e-05,ותוציאו,2.3e-05,שתעשהו,7e-06,שעשיתיהו,3e-06,שנאכלתך,2e-06,שעושהו,2e-06,שלאחרי,2e-06,ועשיתיהו,1e-06,שהיתהך,1e-06,דהויאו,0.0,שנאבדהו,0.0,שלאחריי,0.0,שעשיתיהוון,0.0,דהויאוון,0.0,ועשיתיהוון,0.0,שלאחרייון,0.0,ADJ,False,כך,כך,True,True,False,True,True,True,False,,,,False,False
Midrash_Aggadic_Midrash_Pesikta_DRav_Kahanna__10_1,pesikta_drk,254,וכך,2.0484,0.5389,-0.0,0.5767,50,1,True,"{""וכך"": 1, ""אמר"": 1, ""היה"": 1, ""אמרו"": 1, ""אני"": 1, ""הוא"": 1, ""אתה"": 1, ""שאם"": 1, ""תעשה"": 1, ""שמע"": 1, ""עשה"": 1, ""דע"": 1, ""עשו"": 1, ""שמעתי"": 1, ""יעשה"": 1, ""מנה"": 1, ""דכת"": 1, ""יאמר"": 1, ""אומ"": 1, ""שתהא"": 1, ""אומרים"": 1, ""אבא"": 1, ""תנה"": 1, ""יאמרו"": 1, ""מוציא"": 1, ""שאף"": 1, ""מנהגו"": 1, ""תנהוג"": 1, ""דעתי"": 1, ""דכתיב"": 1, ""היהודים"": 1, ""מוציאין"": 1, ""עשויה"": 1, ""הואיל"": 1, ""שמעתיו"": 1, ""תעשהו"": 1, ""תנהוגה"": 1, ""דעתיי"": 1, ""היהודית"": 1, ""תנהוגהו"": 1, ""אבאך"": 1, ""דכתיבת"": 1, ""עשויהו"": 1, ""דעתייון"": 1, ""דכתיבתא"": 1, ""היהודיתו"": 1, ""תנהוגהוון"": 1, ""דכתיבתאך"": 1, ""עשויהוון"": 1, ""היהודיתוון"": 1}","{""וכך"": [""וכך""], ""אמר"": [""אמר""], ""היה"": [""היה""], ""אמרו"": [""אמרו""], ""אני"": [""אני""], ""הוא"": [""הוא""], ""אתה"": [""אתה""], ""שאם"": [""שאם""], ""תעשה"": [""תעשה""], ""שמע"": [""שמע""], ""עשה"": [""עשה""], ""דע"": [""דע""], ""עשו"": [""עשו""], ""שמעתי"": [""שמעתי""], ""יעשה"": [""יעשה""], ""מנה"": [""מנה""], ""דכת"": [""דכת""], ""יאמר"": [""יאמר""], ""אומ"": [""אומ""], ""שתהא"": [""שתהא""], ""אומרים"": [""אומרים""], ""אבא"": [""אבא""], ""תנה"": [""תנה""], ""יאמרו"": [""יאמרו""], ""מוציא"": [""מוציא""], ""שאף"": [""שאף""], ""מנהגו"": [""מנהגו""], ""תנהוג"": [""תנהוג""], ""דעתי"": [""דעתי""], ""דכתיב"": [""דכתיב""], ""היהודים"": [""היהודים""], ""מוציאין"": [""מוציאין""], ""עשויה"": [""עשויה""], ""הואיל"": [""הואיל""], ""שמעתיו"": [""שמעתיו""], ""תעשהו"": [""תעשהו""], ""תנהוגה"": [""תנהוגה""], ""דעתיי"": [""דעתיי""], ""היהודית"": [""היהודית""], ""תנהוגהו"": [""תנהוגהו""], ""אבאך"": [""אבאך""], ""דכתיבת"": [""דכתיבת""], ""עשויהו"": [""עשויהו""], ""דעתייון"": [""דעתייון""], ""דכתיבתא"": [""דכתיבתא""], ""היהודיתו"": [""היהודיתו""], ""תנהוגהוון"": [""תנהוגהוון""], ""דכתיבתאך"": [""דכתיבתאך""], ""עשויהוון"": [""עשויהוון""], ""היהודיתוון"": [""היהודיתוון""]}",וכך,0.241752,אמר,0.125419,היה,0.040086,אמרו,0.029908,אני,0.026289,הוא,0.024697,אתה,0.018935,שאם,0.009901,תעשה,0.008022,שמע,0.007559,עשה,0.006164,דע,0.004237,עשו,0.004171,שמעתי,0.004121,יעשה,0.003724,מנה,0.003081,דכת,0.002822,יאמר,0.002725,אומ,0.002535,שתהא,0.00246,אומרים,0.001888,אבא,0.001798,תנה,0.00112,יאמרו,0.001023,מוציא,0.000732,שאף,0.000684,מנהגו,0.000347,תנהוג,0.000183,דעתי,0.00014,דכתיב,4.9e-05,היהודים,3.5e-05,מוציאין,3.3e-05,עשויה,3.2e-05,הואיל,2e-05,שמעתיו,1.7e-05,תעשהו,1.7e-05,תנהוגה,1e-05,דעתיי,2e-06,היהודית,1e-06,תנהוגהו,1e-06,אבאך,0.0,דכתיבת,0.0,עשויהו,0.0,דעתייון,0.0,דכתיבתא,0.0,היהודיתו,0.0,תנהוגהוון,0.0,דכתיבתאך,0.0,עשויהוון,0.0,היהודיתוון,0.0,SYM,False,וכך,כך,False,True,False,True,True,True,False,,,,False,False
Midrash_Aggadic_Midrash_Pesikta_DRav_Kahanna__10_1,pesikta_drk,255,היתה,5.4299,0.7671,-0.0,0.2864,50,5,True,"{""מידות"": 1, ""אתה"": 1, ""היה"": 1, ""אני"": 1, ""היתה"": 1, ""הוא"": 1, ""מוציא"": 1, ""עושין"": 1, ""מנה"": 1, ""עשה"": 1, ""שדה"": 1, ""ימים"": 1, ""תעשה"": 1, ""יתן"": 1, ""תתן"": 1, ""עשו"": 1, ""מידת"": 1, ""עושית"": 1, ""נוטל"": 1, ""שדות"": 1, ""מוציאין"": 1, ""נמכרה"": 1, ""מידותי"": 1, ""עשויה"": 1, ""מידתך"": 1, ""שדהו"": 1, ""נוטלתי"": 1, ""הואיל"": 1, ""מנהו"": 1, ""שדותי"": 1, ""היהודים"": 1, ""תעשהו"": 1, ""נמכרהו"": 1, ""נוטלתיו"": 1, ""היהודין"": 1, ""מידותייתי"": 1, ""עשויהה"": 1, ""מנהוות"": 1, ""שדהוות"": 1, ""מנהוותי"": 1, ""מידותייתיוצא"": 1, ""עשויההו"": 1, ""שדהוותא"": 1, ""נוטלתיוון"": 1, ""מידותייתיוצאממנה"": 1, ""מידותייתיוצאממנהל"": 1, ""מנהוותייך"": 1, ""עשויההוון"": 1, ""מידותייתיוצאמינה"": 1, ""מידותייתיוצאמינהל"": 1}","{""מידות"": [""מידות""], ""אתה"": [""אתה""], ""היה"": [""היה""], ""אני"": [""אני""], ""היתה"": [""היתה""], ""הוא"": [""הוא""], ""מוציא"": [""מוציא""], ""עושין"": [""עושין""], ""מנה"": [""מנה""], ""עשה"": [""עשה""], ""שדה"": [""שדה""], ""ימים"": [""ימים""], ""תעשה"": [""תעשה""], ""יתן"": [""יתן""], ""תתן"": [""תתן""], ""עשו"": [""עשו""], ""מידת"": [""מידת""], ""עושית"": [""עושית""], ""נוטל"": [""נוטל""], ""שדות"": [""שדות""], ""מוציאין"": [""מוציאין""], ""נמכרה"": [""נמכרה""], ""מידותי"": [""מידותי""], ""עשויה"": [""עשויה""], ""מידתך"": [""מידתך""], ""שדהו"": [""שדהו""], ""נוטלתי"": [""נוטלתי""], ""הואיל"": [""הואיל""], ""מנהו"": [""מנהו""], ""שדותי"": [""שדותי""], ""היהודים"": [""היהודים""], ""תעשהו"": [""תעשהו""], ""נמכרהו"": [""נמכרהו""], ""נוטלתיו"": [""נוטלתיו""], ""היהודין"": [""היהודין""], ""מידותייתי"": [""מידותייתי""], ""עשויהה"": [""עשויהה""], ""מנהוות"": [""מנהוות""], ""שדהוות"": [""שדהוות""], ""מנהוותי"": [""מנהוותי""], ""מידותייתיוצא"": [""מידותייתיוצא""], ""עשויההו"": [""עשויההו""], ""שדהוותא"": [""שדהוותא""], ""נוטלתיוון"": [""נוטלתיוון""], ""מידותייתיוצאממנה"": [""מידותייתיוצאממנה""], ""מידותייתיוצאממנהל"": [""מידותייתיוצאממנהל""], ""מנהוותייך"": [""מנהוותייך""], ""עשויההוון"": [""עשויההוון""], ""מידותייתיוצאמינה"": [""מידותייתיוצאמינה""], ""מידותייתיוצאמינהל"": [""מידותייתיוצאמינהל""]}",מידות,0.074352,אתה,0.046133,היה,0.033751,אני,0.032206,היתה,0.023197,הוא,0.022135,מוציא,0.008206,עושין,0.007164,מנה,0.005466,עשה,0.004339,שדה,0.004329,ימים,0.003556,תעשה,0.003168,יתן,0.002994,תתן,0.00293,עשו,0.002673,מידת,0.002044,עושית,0.00199,נוטל,0.001667,שדות,0.001221,מוציאין,0.000551,נמכרה,0.000498,מידותי,0.000476,עשויה,0.000438,מידתך,0.000307,שדהו,0.000166,נוטלתי,0.000117,הואיל,0.000103,מנהו,8.7e-05,שדותי,8.2e-05,היהודים,3.5e-05,תעשהו,5e-06,נמכרהו,4e-06,נוטלתיו,2e-06,היהודין,2e-06,מידותייתי,1e-06,עשויהה,0.0,מנהוות,0.0,שדהוות,0.0,מנהוותי,0.0,מידותייתיוצא,0.0,עשויההו,0.0,שדהוותא,0.0,נוטלתיוון,0.0,מידותייתיוצאממנה,0.0,מידותייתיוצאממנהל,0.0,מנהוותייך,0.0,עשויההוון,0.0,מידותייתיוצאמינה,0.0,מידותייתיוצאמינהל,0.0,SCONJ,False,היתה,היי,False,True,False,True,True,True,False,,,,False,False
Midrash_Aggadic_Midrash_Pesikta_DRav_Kahanna__10_1,pesikta_drk,256,עושה,1.5405,0.314,0.0,0.5434,50,1,True,"{""עושה"": 1, ""עוש"": 1, ""לי"": 1, ""מוציאה"": 1, ""לך"": 1, ""עושית"": 1, ""עשו"": 1, ""עשויה"": 1, ""נותנת"": 1, ""שדה"": 1, ""מוציא"": 1, ""שוה"": 1, ""מעשר"": 1, ""מוצי"": 1, ""נמכרת"": 1, ""יפה"": 1, ""נוטלת"": 1, ""עלי"": 1, ""שדהו"": 1, ""מעשורה"": 1, ""מעשורת"": 1, ""נותת"": 1, ""עושהו"": 1, ""עושיתו"": 1, ""עליי"": 1, ""מוציאהו"": 1, ""נוטלתו"": 1, ""נותנתו"": 1, ""מעשורתך"": 1, ""עשויהה"": 1, ""שוהו"": 1, ""ליי"": 1, ""נמכרתת"": 1, ""מעשורהו"": 1, ""נמכרתתת"": 1, ""נמכרתתתת"": 1, ""נמכרתתתתת"": 1, ""נותתך"": 1, ""נמכרתתתתתת"": 1, ""עשויההו"": 1, ""עושהוון"": 1, ""עושיתוון"": 1, ""עלייון"": 1, ""לייון"": 1, ""שוהוון"": 1, ""מעשורהוות"": 1, ""עשויההוון"": 1, ""מעשורהוותה"": 1, ""מעשורהוותהו"": 1, ""מעשורהוותהוות"": 1}","{""עושה"": [""עושה""], ""עוש"": [""עוש""], ""לי"": [""לי""], ""מוציאה"": [""מוציאה""], ""לך"": [""לך""], ""עושית"": [""עושית""], ""עשו"": [""עשו""], ""עשויה"": [""עשויה""], ""נותנת"": [""נותנת""], ""שדה"": [""שדה""], ""מוציא"": [""מוציא""], ""שוה"": [""שוה""], ""מעשר"": [""מעשר""], ""מוצי"": [""מוצי""], ""נמכרת"": [""נמכרת""], ""יפה"": [""יפה""], ""נוטלת"": [""נוטלת""], ""עלי"": [""עלי""], ""שדהו"": [""שדהו""], ""מעשורה"": [""מעשורה""], ""מעשורת"": [""מעשורת""], ""נותת"": [""נותת""], ""עושהו"": [""עושהו""], ""עושיתו"": [""עושיתו""], ""עליי"": [""עליי""], ""מוציאהו"": [""מוציאהו""], ""נוטלתו"": [""נוטלתו""], ""נותנתו"": [""נותנתו""], ""מעשורתך"": [""מעשורתך""], ""עשויהה"": [""עשויהה""], ""שוהו"": [""שוהו""], ""ליי"": [""ליי""], ""נמכרתת"": [""נמכרתת""], ""מעשורהו"": [""מעשורהו""], ""נמכרתתת"": [""נמכרתתת""], ""נמכרתתתת"": [""נמכרתתתת""], ""נמכרתתתתת"": [""נמכרתתתתת""], ""נותתך"": [""נותתך""], ""נמכרתתתתתת"": [""נמכרתתתתתת""], ""עשויההו"": [""עשויההו""], ""עושהוון"": [""עושהוון""], ""עושיתוון"": [""עושיתוון""], ""עלייון"": [""עלייון""], ""לייון"": [""לייון""], ""שוהוון"": [""שוהוון""], ""מעשורהוות"": [""מעשורהוות""], ""עשויההוון"": [""עשויההוון""], ""מעשורהוותה"": [""מעשורהוותה""], ""מעשורהוותהו"": [""מעשורהוותהו""], ""מעשורהוותהוות"": [""מעשורהוותהוות""]}",עושה,0.343771,עוש,0.030038,לי,0.023762,מוציאה,0.019898,לך,0.019394,עושית,0.01606,עשו,0.014685,עשויה,0.014337,נותנת,0.013865,שדה,0.00875,מוציא,0.006685,שוה,0.006205,מעשר,0.005638,מוצי,0.004303,נמכרת,0.004166,יפה,0.003773,נוטלת,0.002131,עלי,0.0017,שדהו,0.001584,מעשורה,0.000955,מעשורת,0.000911,נותת,0.000266,עושהו,0.000199,עושיתו,0.000184,עליי,6.8e-05,מוציאהו,2.1e-05,נוטלתו,2.1e-05,נותנתו,1.5e-05,מעשורתך,1.5e-05,עשויהה,1.1e-05,שוהו,7e-06,ליי,6e-06,נמכרתת,2e-06,מעשורהו,1e-06,נמכרתתת,1e-06,נמכרתתתת,0.0,נמכרתתתתת,0.0,נותתך,0.0,נמכרתתתתתת,0.0,עשויההו,0.0,עושהוון,0.0,עושיתוון,0.0,עלייון,0.0,לייון,0.0,שוהוון,0.0,מעשורהוות,0.0,עשויההוון,0.0,מעשורהוותה,0.0,מעשורהוותהו,0.0,מעשורהוותהוות,0.0,SYM,True,עושה,עושה,False,False,False,True,True,True,False,,,,False,False
Midrash_Aggadic_Midrash_Pesikta_DRav_Kahanna__10_1,pesikta_drk,257,וכך,9.7172,0.9181,0.8393,0.3968,50,-1,False,"{""מידות"": 1, ""כל"": 1, ""לך"": 1, ""ממנה"": 1, ""לי"": 1, ""אלף"": 1, ""מעשר"": 1, ""מידותיו"": 1, ""מידת"": 1, ""ואמר"": 1, ""והיה"": 1, ""מעשרות"": 1, ""עלי"": 1, ""ותן"": 1, ""מידה"": 1, ""עתה"": 1, ""והיו"": 1, ""ואחר"": 1, ""מעשרותיו"": 1, ""ותתן"": 1, ""מידתך"": 1, ""ואחרי"": 1, ""ואמרתי"": 1, ""מעשרי"": 1, ""עליי"": 1, ""ותנאי"": 1, ""מידהו"": 1, ""ותנני"": 1, ""ליי"": 1, ""ואמרתיו"": 1, ""מידותיוות"": 1, ""עתהו"": 1, ""ותנאיו"": 1, ""מידותיוותי"": 1, ""והיוותי"": 1, ""עלייי"": 1, ""לייון"": 1, ""והיוותה"": 1, ""ואחריון"": 1, ""מידהוון"": 1, ""ותנניו"": 1, ""עתהוון"": 1, ""מידותיוותיון"": 1, ""והיוותייך"": 1, ""ואמרתיוון"": 1, ""והיוותהו"": 1, ""ותנניוון"": 1, ""והיוותהוות"": 1, ""והיוותהוותה"": 1, ""והיוותהוותהו"": 1}","{""מידות"": [""מידות""], ""כל"": [""כל""], ""לך"": [""לך""], ""ממנה"": [""ממנה""], ""לי"": [""לי""], ""אלף"": [""אלף""], ""מעשר"": [""מעשר""], ""מידותיו"": [""מידותיו""], ""מידת"": [""מידת""], ""ואמר"": [""ואמר""], ""והיה"": [""והיה""], ""מעשרות"": [""מעשרות""], ""עלי"": [""עלי""], ""ותן"": [""ותן""], ""מידה"": [""מידה""], ""עתה"": [""עתה""], ""והיו"": [""והיו""], ""ואחר"": [""ואחר""], ""מעשרותיו"": [""מעשרותיו""], ""ותתן"": [""ותתן""], ""מידתך"": [""מידתך""], ""ואחרי"": [""ואחרי""], ""ואמרתי"": [""ואמרתי""], ""מעשרי"": [""מעשרי""], ""עליי"": [""עליי""], ""ותנאי"": [""ותנאי""], ""מידהו"": [""מידהו""], ""ותנני"": [""ותנני""], ""ליי"": [""ליי""], ""ואמרתיו"": [""ואמרתיו""], ""מידותיוות"": [""מידותיוות""], ""עתהו"": [""עתהו""], ""ותנאיו"": [""ותנאיו""], ""מידותיוותי"": [""מידותיוותי""], ""והיוותי"": [""והיוותי""], ""עלייי"": [""עלייי""], ""לייון"": [""לייון""], ""והיוותה"": [""והיוותה""], ""ואחריון"": [""ואחריון""], ""מידהוון"": [""מידהוון""], ""ותנניו"": [""ותנניו""], ""עתהוון"": [""עתהוון""], ""מידותיוותיון"": [""מידותיוותיון""], ""והיוותייך"": [""והיוותייך""], ""ואמרתיוון"": [""ואמרתיוון""], ""והיוותהו"": [""והיוותהו""], ""ותנניוון"": [""ותנניוון""], ""והיוותהוות"": [""והיוותהוות""], ""והיוותהוותה"": [""והיוותהוותה""], ""והיוותהוותהו"": [""והיוותהוותהו""]}",מידות,0.187392,כל,0.03313,לך,0.027465,ממנה,0.025669,לי,0.023128,אלף,0.02277,מעשר,0.015847,מידותיו,0.009387,מידת,0.008629,ואמר,0.006466,והיה,0.006449,מעשרות,0.005392,עלי,0.005018,ותן,0.00441,מידה,0.003474,עתה,0.003291,והיו,0.002264,ואחר,0.002067,מעשרותיו,0.001119,ותתן,0.000971,מידתך,0.0009,ואחרי,0.000406,ואמרתי,0.000378,מעשרי,0.000253,עליי,0.000242,ותנאי,0.000112,מידהו,8.6e-05,ותנני,5.9e-05,ליי,1.8e-05,ואמרתיו,3e-06,מידותיוות,2e-06,עתהו,2e-06,ותנאיו,1e-06,מידותיוותי,0.0,והיוותי,0.0,עלייי,0.0,לייון,0.0,והיוותה,0.0,ואחריון,0.0,מידהוון,0.0,ותנניו,0.0,עתהוון,0.0,מידותיוותיון,0.0,והיוותייך,0.0,ואמרתיוון,0.0,והיוותהו,0.0,ותנניוון,0.0,והיוותהוות,0.0,והיוותהוותה,0.0,והיוותהוותהו,0.0,SYM,False,וכך,כך,False,True,False,True,True,True,False,,,,False,False
Midrash_Aggadic_Midrash_Pesikta_DRav_Kahanna__10_1,pesikta_drk,258,וכך,0.2719,0.062,0.0,0.8902,5,1,True,"{""וכך"": 1, ""היה"": 1, ""כך"": 1, ""היתה"": 1, ""היו"": 1}","{""וכך"": [""וכך""], ""היה"": [""היה""], ""כך"": [""כך""], ""היתה"": [""היתה""], ""היו"": [""היו""]}",וכך,0.828211,היה,0.030643,כך,0.016148,היתה,0.008643,היו,0.006524,,,,,,,,,,,,,,,,,,,,,,,,,,,,,,,,,,,,,,,,,,,,,,,,,,,,,,,,,,,,,,,,,,,,,,,,,,,,,,,,,,,,,,,,,,,ADJ,False,וכך,כך,True,True,False,True,True,True,False,,,,False,False
Midrash_Aggadic_Midrash_Pesikta_DRav_Kahanna__10_1,pesikta_drk,259,הייתי,5.7877,0.7168,0.0,0.6574,28,10,True,"{""היתה"": 1, ""היה"": 1, ""מוציא"": 1, ""מוציאה"": 1, ""היא"": 1, ""הי"": 1, ""אתה"": 1, ""היו"": 1, ""היית"": 1, ""הייתי"": 1, ""הוא"": 1, ""הוצאת"": 1, ""הוציא"": 1, ""מוצאת"": 1, ""הוצאתה"": 1, ""נמכרה"": 1, ""נוטל"": 1, ""הוציאת"": 1, ""מוציאהו"": 1, ""היאך"": 1, ""מוצאתנו"": 1, ""הייתך"": 1, ""הוצאתהו"": 1, ""נוטלתי"": 1, ""הוציאתיה"": 1, ""נמכרהו"": 1, ""הוציאתיהו"": 1, ""נוטלתיו"": 1}","{""היתה"": [""היתה""], ""היה"": [""היה""], ""מוציא"": [""מוציא""], ""מוציאה"": [""מוציאה""], ""היא"": [""היא""], ""הי"": [""הי""], ""אתה"": [""אתה""], ""היו"": [""היו""], ""היית"": [""היית""], ""הייתי"": [""הייתי""], ""הוא"": [""הוא""], ""הוצאת"": [""הוצאת""], ""הוציא"": [""הוציא""], ""מוצאת"": [""מוצאת""], ""הוצאתה"": [""הוצאתה""], ""נמכרה"": [""נמכרה""], ""נוטל"": [""נוטל""], ""הוציאת"": [""הוציאת""], ""מוציאהו"": [""מוציאהו""], ""היאך"": [""היאך""], ""מוצאתנו"": [""מוצאתנו""], ""הייתך"": [""הייתך""], ""הוצאתהו"": [""הוצאתהו""], ""נוטלתי"": [""נוטלתי""], ""הוציאתיה"": [""הוציאתיה""], ""נמכרהו"": [""נמכרהו""], ""הוציאתיהו"": [""הוציאתיהו""], ""נוטלתיו"": [""נוטלתיו""]}",היתה,0.249896,היה,0.119901,מוציא,0.071937,מוציאה,0.038452,היא,0.028038,הי,0.022884,אתה,0.020836,היו,0.019573,היית,0.019194,הייתי,0.018102,הוא,0.01388,הוצאת,0.013314,הוציא,0.012744,מוצאת,0.004247,הוצאתה,0.001631,נמכרה,0.000855,נוטל,0.000806,הוציאת,0.000803,מוציאהו,7.1e-05,היאך,5.6e-05,מוצאתנו,4.9e-05,הייתך,3.7e-05,הוצאתהו,3.6e-05,נוטלתי,3.2e-05,הוציאתיה,2.3e-05,נמכרהו,8e-06,הוציאתיהו,3e-06,נוטלתיו,0.0,,,,,,,,,,,,,,,,,,,,,,,,,,,,,,,,,,,,,,,,,,,,,SYM,True,הייתי,הייתי,False,False,False,True,True,True,False,,,,False,False
Midrash_Aggadic_Midrash_Pesikta_DRav_Kahanna__10_1,pesikta_drk,260,מוציא,0.932,0.1909,0.0,0.7313,5,1,True,"{""מוציא"": 1, ""ניזון"": 1, ""מוציאה"": 1, ""מוצי"": 1, ""מוציאהו"": 1}","{""מוציא"": [""מוציא""], ""ניזון"": [""ניזון""], ""מוציאה"": [""מוציאה""], ""מוצי"": [""מוצי""], ""מוציאהו"": [""מוציאהו""]}",מוציא,0.524136,ניזון,0.103706,מוציאה,0.06585,מוצי,0.03752,מוציאהו,8.7e-05,,,,,,,,,,,,,,,,,,,,,,,,,,,,,,,,,,,,,,,,,,,,,,,,,,,,,,,,,,,,,,,,,,,,,,,,,,,,,,,,,,,,,,,,,,,SYM,True,מוציא,הוציא,False,False,False,True,True,True,False,,,,False,False
Midrash_Aggadic_Midrash_Pesikta_DRav_Kahanna__10_1,pesikta_drk,261,ממנה,0.3658,0.0007,0.0,0.7769,5,1,True,"{""ממנה"": 1, ""ממעשר"": 1, ""ממעשרות"": 1, ""ממעשרותיה"": 1, ""ממעשרו"": 1}","{""ממנה"": [""ממנה""], ""ממעשר"": [""ממעשר""], ""ממעשרות"": [""ממעשרות""], ""ממעשרותיה"": [""ממעשרותיה""], ""ממעשרו"": [""ממעשרו""]}",ממנה,0.77603,ממעשר,0.000379,ממעשרות,0.000329,ממעשרותיה,0.000127,ממעשרו,9e-06,,,,,,,,,,,,,,,,,,,,,,,,,,,,,,,,,,,,,,,,,,,,,,,,,,,,,,,,,,,,,,,,,,,,,,,,,,,,,,,,,,,,,,,,,,,VERB,False,ממנה,ממנה,True,False,True,True,True,True,True,78.0,80.0,-2.0,True,False
Midrash_Aggadic_Midrash_Pesikta_DRav_Kahanna__10_1,pesikta_drk,262,למעשר,2.3193,0.3363,0.0,0.4255,50,1,True,"{""למעשר"": 1, ""מעשר"": 1, ""מעשרות"": 1, ""כל"": 1, ""למעשרות"": 1, ""וכל"": 1, ""ועת"": 1, ""כדי"": 1, ""ועתה"": 1, ""תן"": 1, ""ממעשר"": 1, ""ועכשיו"": 1, ""והיה"": 1, ""מעשרותי"": 1, ""למעשרותי"": 1, ""ואמר"": 1, ""והנה"": 1, ""ואחר"": 1, ""למזון"": 1, ""מנה"": 1, ""ממעשרות"": 1, ""למזונות"": 1, ""תנו"": 1, ""למעשרי"": 1, ""למזונותי"": 1, ""מעשרי"": 1, ""ואחרי"": 1, ""ממעשרותי"": 1, ""ואמרתי"": 1, ""ממעשרו"": 1, ""והנהו"": 1, ""כלכלך"": 1, ""וכלו"": 1, ""כלכלת"": 1, ""כלכלתך"": 1, ""ואמרתיו"": 1, ""מעשרותיון"": 1, ""למעשרותיון"": 1, ""תנויה"": 1, ""למעשריון"": 1, ""מעשריון"": 1, ""תנויהו"": 1, ""וכלוות"": 1, ""ממעשרותיון"": 1, ""והנהוון"": 1, ""ואחריון"": 1, ""וכלוותי"": 1, ""ממעשרוון"": 1, ""ואמרתיוון"": 1, ""תנויהוון"": 1}","{""למעשר"": [""למעשר""], ""מעשר"": [""מעשר""], ""מעשרות"": [""מעשרות""], ""כל"": [""כל""], ""למעשרות"": [""למעשרות""], ""וכל"": [""וכל""], ""ועת"": [""ועת""], ""כדי"": [""כדי""], ""ועתה"": [""ועתה""], ""תן"": [""תן""], ""ממעשר"": [""ממעשר""], ""ועכשיו"": [""ועכשיו""], ""והיה"": [""והיה""], ""מעשרותי"": [""מעשרותי""], ""למעשרותי"": [""למעשרותי""], ""ואמר"": [""ואמר""], ""והנה"": [""והנה""], ""ואחר"": [""ואחר""], ""למזון"": [""למזון""], ""מנה"": [""מנה""], ""ממעשרות"": [""ממעשרות""], ""למזונות"": [""למזונות""], ""תנו"": [""תנו""], ""למעשרי"": [""למעשרי""], ""למזונותי"": [""למזונותי""], ""מעשרי"": [""מעשרי""], ""ואחרי"": [""ואחרי""], ""ממעשרותי"": [""ממעשרותי""], ""ואמרתי"": [""ואמרתי""], ""ממעשרו"": [""ממעשרו""], ""והנהו"": [""והנהו""], ""כלכלך"": [""כלכלך""], ""וכלו"": [""וכלו""], ""כלכלת"": [""כלכלת""], ""כלכלתך"": [""כלכלתך""], ""ואמרתיו"": [""ואמרתיו""], ""מעשרותיון"": [""מעשרותיון""], ""למעשרותיון"": [""למעשרותיון""], ""תנויה"": [""תנויה""], ""למעשריון"": [""למעשריון""], ""מעשריון"": [""מעשריון""], ""תנויהו"": [""תנויהו""], ""וכלוות"": [""וכלוות""], ""ממעשרותיון"": [""ממעשרותיון""], ""והנהוון"": [""והנהוון""], ""ואחריון"": [""ואחריון""], ""וכלוותי"": [""וכלוותי""], ""ממעשרוון"": [""ממעשרוון""], ""ואמרתיוון"": [""ואמרתיוון""], ""תנויהוון"": [""תנויהוון""]}",למעשר,0.200365,מעשר,0.057614,מעשרות,0.020543,כל,0.019448,למעשרות,0.017236,וכל,0.015146,ועת,0.013281,כדי,0.012955,ועתה,0.012909,תן,0.00897,ממעשר,0.007514,ועכשיו,0.007109,והיה,0.006813,מעשרותי,0.004084,למעשרותי,0.003208,ואמר,0.002559,והנה,0.002392,ואחר,0.002258,למזון,0.001765,מנה,0.001597,ממעשרות,0.001575,למזונות,0.001441,תנו,0.001333,למעשרי,0.001245,למזונותי,0.000747,מעשרי,0.000448,ואחרי,0.000444,ממעשרותי,0.000204,ואמרתי,0.00012,ממעשרו,7.6e-05,והנהו,4.9e-05,כלכלך,3.4e-05,וכלו,2.2e-05,כלכלת,2e-05,כלכלתך,7e-06,ואמרתיו,3e-06,מעשרותיון,2e-06,למעשרותיון,1e-06,תנויה,1e-06,למעשריון,1e-06,מעשריון,1e-06,תנויהו,0.0,וכלוות,0.0,ממעשרותיון,0.0,והנהוון,0.0,ואחריון,0.0,וכלוותי,0.0,ממעשרוון,0.0,ואמרתיוון,0.0,תנויהוון,0.0,VERB,True,למעשר,מעשר,True,False,True,True,True,True,True,66.0,67.0,-1.0,True,False
Midrash_Aggadic_Midrash_Pesikta_DRav_Kahanna__10_1,pesikta_drk,263,ממנה,4.0873,0.6858,0.0,0.333,50,1,True,"{""ממנה"": 1, ""כך"": 1, ""כל"": 1, ""ועת"": 1, ""ועתה"": 1, ""והיה"": 1, ""ולא"": 1, ""אמר"": 1, ""וממנה"": 1, ""ר"": 1, ""ואמר"": 1, ""תן"": 1, ""ואחר"": 1, ""ועכשיו"": 1, ""עתה"": 1, ""והיתה"": 1, ""ובשעת"": 1, ""מנה"": 1, ""ואחרי"": 1, ""ומפני"": 1, ""עכ"": 1, ""ובאת"": 1, ""אמרו"": 1, ""עכשו"": 1, ""ראה"": 1, ""ואמרתי"": 1, ""תנה"": 1, ""ובאתה"": 1, ""תנהו"": 1, ""ולאו"": 1, ""מנהל"": 1, ""ואמרתיו"": 1, ""ובשעתו"": 1, ""ראהו"": 1, ""והיהו"": 1, ""ובאתהו"": 1, ""מנהלך"": 1, ""והיתהו"": 1, ""ולאויר"": 1, ""ואחריון"": 1, ""ולאוירון"": 1, ""והיהוון"": 1, ""ובאתהוון"": 1, ""ואמרתיוון"": 1, ""ובשעתוון"": 1, ""והיתהוואה"": 1, ""והיתהוואהניזון"": 1, ""והיתהוואהניזונומ"": 1, ""והיתהוואהניתי"": 1, ""והיתהוואהניזונת"": 1}","{""ממנה"": [""ממנה""], ""כך"": [""כך""], ""כל"": [""כל""], ""ועת"": [""ועת""], ""ועתה"": [""ועתה""], ""והיה"": [""והיה""], ""ולא"": [""ולא""], ""אמר"": [""אמר""], ""וממנה"": [""וממנה""], ""ר"": [""ר""], ""ואמר"": [""ואמר""], ""תן"": [""תן""], ""ואחר"": [""ואחר""], ""ועכשיו"": [""ועכשיו""], ""עתה"": [""עתה""], ""והיתה"": [""והיתה""], ""ובשעת"": [""ובשעת""], ""מנה"": [""מנה""], ""ואחרי"": [""ואחרי""], ""ומפני"": [""ומפני""], ""עכ"": [""עכ""], ""ובאת"": [""ובאת""], ""אמרו"": [""אמרו""], ""עכשו"": [""עכשו""], ""ראה"": [""ראה""], ""ואמרתי"": [""ואמרתי""], ""תנה"": [""תנה""], ""ובאתה"": [""ובאתה""], ""תנהו"": [""תנהו""], ""ולאו"": [""ולאו""], ""מנהל"": [""מנהל""], ""ואמרתיו"": [""ואמרתיו""], ""ובשעתו"": [""ובשעתו""], ""ראהו"": [""ראהו""], ""והיהו"": [""והיהו""], ""ובאתהו"": [""ובאתהו""], ""מנהלך"": [""מנהלך""], ""והיתהו"": [""והיתהו""], ""ולאויר"": [""ולאויר""], ""ואחריון"": [""ואחריון""], ""ולאוירון"": [""ולאוירון""], ""והיהוון"": [""והיהוון""], ""ובאתהוון"": [""ובאתהוון""], ""ואמרתיוון"": [""ואמרתיוון""], ""ובשעתוון"": [""ובשעתוון""], ""והיתהוואה"": [""והיתהוואה""], ""והיתהוואהניזון"": [""והיתהוואהניזון""], ""והיתהוואהניזונומ"": [""והיתהוואהניזונומ""], ""והיתהוואהניתי"": [""והיתהוואהניתי""], ""והיתהוואהניזונת"": [""והיתהוואהניזונת""]}",ממנה,0.058829,כך,0.037273,כל,0.032384,ועת,0.023806,ועתה,0.02322,והיה,0.022714,ולא,0.019642,אמר,0.019337,וממנה,0.015383,ר,0.014596,ואמר,0.010586,תן,0.009723,ואחר,0.009343,ועכשיו,0.006508,עתה,0.006168,והיתה,0.005833,ובשעת,0.003429,מנה,0.002211,ואחרי,0.001514,ומפני,0.001387,עכ,0.001376,ובאת,0.001362,אמרו,0.001353,עכשו,0.001241,ראה,0.001156,ואמרתי,0.000872,תנה,0.000612,ובאתה,0.000398,תנהו,0.000394,ולאו,0.000276,מנהל,3.6e-05,ואמרתיו,2.7e-05,ובשעתו,1.7e-05,ראהו,9e-06,והיהו,5e-06,ובאתהו,4e-06,מנהלך,2e-06,והיתהו,2e-06,ולאויר,1e-06,ואחריון,0.0,ולאוירון,0.0,והיהוון,0.0,ובאתהוון,0.0,ואמרתיוון,0.0,ובשעתוון,0.0,והיתהוואה,0.0,והיתהוואהניזון,0.0,והיתהוואהניזונומ,0.0,והיתהוואהניתי,0.0,והיתהוואהניזונת,0.0,VERB,False,ממנה,ממנה,True,False,True,True,True,True,True,60.0,58.0,2.0,False,True
Midrash_Aggadic_Midrash_Pesikta_DRav_Kahanna__10_1,pesikta_drk,264,הייתי,3.5424,0.6474,-0.0,0.6357,50,2,True,"{""היה"": 1, ""הייתי"": 1, ""היתה"": 1, ""אתה"": 1, ""ניזונ"": 1, ""ניזונת"": 1, ""מתפרנס"": 1, ""ניזון"": 1, ""אני"": 1, ""לא"": 1, ""הוא"": 1, ""היית"": 1, ""תן"": 1, ""והיה"": 1, ""מתפרנסת"": 1, ""נתתי"": 1, ""נתת"": 1, ""ועת"": 1, ""ועתה"": 1, ""תתן"": 1, ""והיו"": 1, ""היינו"": 1, ""מנה"": 1, ""נתתיך"": 1, ""הוצא"": 1, ""יזון"": 1, ""הוי"": 1, ""מתי"": 1, ""יתננה"": 1, ""הוצאתי"": 1, ""ניזונתך"": 1, ""נתתיו"": 1, ""ותני"": 1, ""מתפרנסה"": 1, ""יתנני"": 1, ""מנהל"": 1, ""הייתנ"": 1, ""הואיל"": 1, ""יתננהו"": 1, ""מתפרנסתך"": 1, ""ותניין"": 1, ""הוצאתיו"": 1, ""הייתנין"": 1, ""מנהלתי"": 1, ""הויי"": 1, ""מתיישבת"": 1, ""והיוון"": 1, ""יתנניי"": 1, ""הוייון"": 1, ""יתנניייך"": 1}","{""היה"": [""היה""], ""הייתי"": [""הייתי""], ""היתה"": [""היתה""], ""אתה"": [""אתה""], ""ניזונ"": [""ניזונ""], ""ניזונת"": [""ניזונת""], ""מתפרנס"": [""מתפרנס""], ""ניזון"": [""ניזון""], ""אני"": [""אני""], ""לא"": [""לא""], ""הוא"": [""הוא""], ""היית"": [""היית""], ""תן"": [""תן""], ""והיה"": [""והיה""], ""מתפרנסת"": [""מתפרנסת""], ""נתתי"": [""נתתי""], ""נתת"": [""נתת""], ""ועת"": [""ועת""], ""ועתה"": [""ועתה""], ""תתן"": [""תתן""], ""והיו"": [""והיו""], ""היינו"": [""היינו""], ""מנה"": [""מנה""], ""נתתיך"": [""נתתיך""], ""הוצא"": [""הוצא""], ""יזון"": [""יזון""], ""הוי"": [""הוי""], ""מתי"": [""מתי""], ""יתננה"": [""יתננה""], ""הוצאתי"": [""הוצאתי""], ""ניזונתך"": [""ניזונתך""], ""נתתיו"": [""נתתיו""], ""ותני"": [""ותני""], ""מתפרנסה"": [""מתפרנסה""], ""יתנני"": [""יתנני""], ""מנהל"": [""מנהל""], ""הייתנ"": [""הייתנ""], ""הואיל"": [""הואיל""], ""יתננהו"": [""יתננהו""], ""מתפרנסתך"": [""מתפרנסתך""], ""ותניין"": [""ותניין""], ""הוצאתיו"": [""הוצאתיו""], ""הייתנין"": [""הייתנין""], ""מנהלתי"": [""מנהלתי""], ""הויי"": [""הויי""], ""מתיישבת"": [""מתיישבת""], ""והיוון"": [""והיוון""], ""יתנניי"": [""יתנניי""], ""הוייון"": [""הוייון""], ""יתנניייך"": [""יתנניייך""]}",היה,0.25226,הייתי,0.085827,היתה,0.065806,אתה,0.035778,ניזונ,0.025325,ניזונת,0.021952,מתפרנס,0.021904,ניזון,0.020995,אני,0.015149,לא,0.012958,הוא,0.011258,היית,0.011029,תן,0.009964,והיה,0.00814,מתפרנסת,0.00692,נתתי,0.00639,נתת,0.003641,ועת,0.00334,ועתה,0.003249,תתן,0.003135,והיו,0.00168,היינו,0.001564,מנה,0.001227,נתתיך,0.000962,הוצא,0.00095,יזון,0.000949,הוי,0.000878,מתי,0.000528,יתננה,0.000363,הוצאתי,0.000363,ניזונתך,0.000322,נתתיו,0.000267,ותני,0.000154,מתפרנסה,0.00012,יתנני,9e-05,מנהל,8.6e-05,הייתנ,4.8e-05,הואיל,4e-05,יתננהו,2.2e-05,מתפרנסתך,1.8e-05,ותניין,1e-05,הוצאתיו,5e-06,הייתנין,5e-06,מנהלתי,5e-06,הויי,3e-06,מתיישבת,2e-06,והיוון,1e-06,יתנניי,0.0,הוייון,0.0,יתנניייך,0.0,SYM,True,הייתי,הייתי,False,False,False,True,True,True,False,,,,False,False
Midrash_Aggadic_Midrash_Pesikta_DRav_Kahanna__10_1,pesikta_drk,265,ניזון,0.583,0.0112,0.0,0.6927,5,1,True,"{""ניזון"": 1, ""ניזונ"": 1, ""ניזונת"": 1, ""ניזונתת"": 1, ""ניזונתתת"": 1}","{""ניזון"": [""ניזון""], ""ניזונ"": [""ניזונ""], ""ניזונת"": [""ניזונת""], ""ניזונתת"": [""ניזונתת""], ""ניזונתתת"": [""ניזונתתת""]}",ניזון,0.667566,ניזונ,0.017514,ניזונת,0.00762,ניזונתת,8e-06,ניזונתתת,3e-06,,,,,,,,,,,,,,,,,,,,,,,,,,,,,,,,,,,,,,,,,,,,,,,,,,,,,,,,,,,,,,,,,,,,,,,,,,,,,,,,,,,,,,,,,,,X,True,ניזון,ניזון,False,False,False,True,True,True,False,,,,False,False
Midrash_Aggadic_Midrash_Pesikta_DRav_Kahanna__10_1,pesikta_drk,266,כל,1.0307,0.2485,0.0,0.677,10,1,True,"{""כל"": 1, ""וממנה"": 1, ""ממנה"": 1, ""ומעתה"": 1, ""ומעשר"": 1, ""וממנו"": 1, ""ומעשרו"": 1, ""ומעשרויה"": 1, ""ומעשרויהו"": 1, ""ומעשרויהוון"": 1}","{""כל"": [""כל""], ""וממנה"": [""וממנה""], ""ממנה"": [""ממנה""], ""ומעתה"": [""ומעתה""], ""ומעשר"": [""ומעשר""], ""וממנו"": [""וממנו""], ""ומעשרו"": [""ומעשרו""], ""ומעשרויה"": [""ומעשרויה""], ""ומעשרויהו"": [""ומעשרויהו""], ""ומעשרויהוון"": [""ומעשרויהוון""]}",כל,0.489463,וממנה,0.13695,ממנה,0.044827,ומעתה,0.00308,ומעשר,0.002218,וממנו,0.000379,ומעשרו,0.000101,ומעשרויה,0.0,ומעשרויהו,0.0,ומעשרויהוון,0.0,,,,,,,,,,,,,,,,,,,,,,,,,,,,,,,,,,,,,,,,,,,,,,,,,,,,,,,,,,,,,,,,,,,,,,,,,,,,,,,,,AUX,False,כל,כל,False,True,False,True,True,True,False,,,,False,False
Midrash_Aggadic_Midrash_Pesikta_DRav_Kahanna__10_1,pesikta_drk,267,ימי,2.0135,0.3843,0.0,0.9329,5,2,True,"{""ימיו"": 1, ""ימי"": 1, ""ימיך"": 1, ""הימים"": 1, ""הימיו"": 1}","{""ימיו"": [""ימיו""], ""ימי"": [""ימי""], ""ימיך"": [""ימיך""], ""הימים"": [""הימים""], ""הימיו"": [""הימיו""]}",ימיו,0.670208,ימי,0.247673,ימיך,0.008981,הימים,0.005762,הימיו,0.000301,,,,,,,,,,,,,,,,,,,,,,,,,,,,,,,,,,,,,,,,,,,,,,,,,,,,,,,,,,,,,,,,,,,,,,,,,,,,,,,,,,,,,,,,,,,PUNCT,False,ימי,ימי,False,False,False,True,True,True,False,,,,False,False
Midrash_Aggadic_Midrash_Pesikta_DRav_Kahanna__10_1,pesikta_drk,268,וממנה,2.1526,0.465,0.0,0.5121,50,1,True,"{""וממנה"": 1, ""חיי"": 1, ""וכך"": 1, ""חייך"": 1, ""ואני"": 1, ""ומת"": 1, ""והיה"": 1, ""כך"": 1, ""חייו"": 1, ""והיתה"": 1, ""ממנה"": 1, ""ובשעת"": 1, ""מיתה"": 1, ""ואמר"": 1, ""ושדה"": 1, ""ומתנה"": 1, ""ואחר"": 1, ""ועכשו"": 1, ""ושמה"": 1, ""ועמד"": 1, ""ובשעה"": 1, ""וממנו"": 1, ""ואמרתי"": 1, ""ואחרי"": 1, ""מיתהו"": 1, ""ועמדתי"": 1, ""חייי"": 1, ""ומתנהו"": 1, ""ובשע"": 1, ""ובשעתי"": 1, ""ובשעתו"": 1, ""ואמרתיו"": 1, ""ושדהו"": 1, ""ושמהו"": 1, ""והיהתי"": 1, ""ועמדתיו"": 1, ""והיתהו"": 1, ""ובשעתיי"": 1, ""מיתהוון"": 1, ""חיייון"": 1, ""ושמהוות"": 1, ""ואחריון"": 1, ""והיהתיו"": 1, ""ובשעתוות"": 1, ""ואמרתיוון"": 1, ""ובשעתוותי"": 1, ""ובשעתייי"": 1, ""והיהתיוון"": 1, ""ובשעתוותיי"": 1, ""ובשעתוותייון"": 1}","{""וממנה"": [""וממנה""], ""חיי"": [""חיי""], ""וכך"": [""וכך""], ""חייך"": [""חייך""], ""ואני"": [""ואני""], ""ומת"": [""ומת""], ""והיה"": [""והיה""], ""כך"": [""כך""], ""חייו"": [""חייו""], ""והיתה"": [""והיתה""], ""ממנה"": [""ממנה""], ""ובשעת"": [""ובשעת""], ""מיתה"": [""מיתה""], ""ואמר"": [""ואמר""], ""ושדה"": [""ושדה""], ""ומתנה"": [""ומתנה""], ""ואחר"": [""ואחר""], ""ועכשו"": [""ועכשו""], ""ושמה"": [""ושמה""], ""ועמד"": [""ועמד""], ""ובשעה"": [""ובשעה""], ""וממנו"": [""וממנו""], ""ואמרתי"": [""ואמרתי""], ""ואחרי"": [""ואחרי""], ""מיתהו"": [""מיתהו""], ""ועמדתי"": [""ועמדתי""], ""חייי"": [""חייי""], ""ומתנהו"": [""ומתנהו""], ""ובשע"": [""ובשע""], ""ובשעתי"": [""ובשעתי""], ""ובשעתו"": [""ובשעתו""], ""ואמרתיו"": [""ואמרתיו""], ""ושדהו"": [""ושדהו""], ""ושמהו"": [""ושמהו""], ""והיהתי"": [""והיהתי""], ""ועמדתיו"": [""ועמדתיו""], ""והיתהו"": [""והיתהו""], ""ובשעתיי"": [""ובשעתיי""], ""מיתהוון"": [""מיתהוון""], ""חיייון"": [""חיייון""], ""ושמהוות"": [""ושמהוות""], ""ואחריון"": [""ואחריון""], ""והיהתיו"": [""והיהתיו""], ""ובשעתוות"": [""ובשעתוות""], ""ואמרתיוון"": [""ואמרתיוון""], ""ובשעתוותי"": [""ובשעתוותי""], ""ובשעתייי"": [""ובשעתייי""], ""והיהתיוון"": [""והיהתיוון""], ""ובשעתוותיי"": [""ובשעתוותיי""], ""ובשעתוותייון"": [""ובשעתוותייון""]}",וממנה,0.224907,חיי,0.095863,וכך,0.025007,חייך,0.019971,ואני,0.019476,ומת,0.019476,והיה,0.017999,כך,0.015896,חייו,0.015312,והיתה,0.012964,ממנה,0.011222,ובשעת,0.008484,מיתה,0.00821,ואמר,0.003389,ושדה,0.002365,ומתנה,0.0021,ואחר,0.001901,ועכשו,0.001889,ושמה,0.001575,ועמד,0.001137,ובשעה,0.000799,וממנו,0.000492,ואמרתי,0.00044,ואחרי,0.000384,מיתהו,0.000333,ועמדתי,0.000162,חייי,0.000139,ומתנהו,7.1e-05,ובשע,4.5e-05,ובשעתי,3.9e-05,ובשעתו,3.8e-05,ואמרתיו,2.1e-05,ושדהו,1.8e-05,ושמהו,6e-06,והיהתי,5e-06,ועמדתיו,4e-06,והיתהו,3e-06,ובשעתיי,0.0,מיתהוון,0.0,חיייון,0.0,ושמהוות,0.0,ואחריון,0.0,והיהתיו,0.0,ובשעתוות,0.0,ואמרתיוון,0.0,ובשעתוותי,0.0,ובשעתייי,0.0,והיהתיוון,0.0,ובשעתוותיי,0.0,ובשעתוותייון,0.0,VERB,False,וממנה,ממנה,True,False,True,True,True,True,True,67.0,64.0,3.0,False,True
Midrash_Aggadic_Midrash_Pesikta_DRav_Kahanna__10_1,pesikta_drk,269,הייתי,0.1616,0.0363,0.0,0.931,5,1,True,"{""הייתי"": 1, ""מתפרנס"": 1, ""מתפרנסתי"": 1, ""מתפרי"": 1, ""מתפרנ"": 1}","{""הייתי"": [""הייתי""], ""מתפרנס"": [""מתפרנס""], ""מתפרנסתי"": [""מתפרנסתי""], ""מתפרי"": [""מתפרי""], ""מתפרנ"": [""מתפרנ""]}",הייתי,0.894044,מתפרנס,0.036,מתפרנסתי,0.000806,מתפרי,6.6e-05,מתפרנ,4.4e-05,,,,,,,,,,,,,,,,,,,,,,,,,,,,,,,,,,,,,,,,,,,,,,,,,,,,,,,,,,,,,,,,,,,,,,,,,,,,,,,,,,,,,,,,,,,PROPN,True,הייתי,הייתי,False,False,False,True,True,True,False,,,,False,False
Midrash_Aggadic_Midrash_Pesikta_DRav_Kahanna__10_1,pesikta_drk,270,מתפרנס,0.0335,0.0012,0.0,0.9813,5,1,True,"{""מתפרנס"": 1, ""מתפרנסת"": 1, ""מתפ"": 1, ""מתפרנ"": 1, ""מתפרנש"": 1}","{""מתפרנס"": [""מתפרנס""], ""מתפרנסת"": [""מתפרנסת""], ""מתפ"": [""מתפ""], ""מתפרנ"": [""מתפרנ""], ""מתפרנש"": [""מתפרנש""]}",מתפרנס,0.977026,מתפרנסת,0.002063,מתפ,0.000997,מתפרנ,0.00085,מתפרנש,0.000414,,,,,,,,,,,,,,,,,,,,,,,,,,,,,,,,,,,,,,,,,,,,,,,,,,,,,,,,,,,,,,,,,,,,,,,,,,,,,,,,,,,,,,,,,,,SYM,True,מתפרנס,מתפרנס,False,False,False,True,True,True,False,,,,False,False
Midrash_Aggadic_Midrash_Pesikta_DRav_Kahanna__10_1,pesikta_drk,271,כל,1.1028,0.3034,0.0,0.6868,5,1,True,"{""כל"": 1, ""בשעת"": 1, ""ועת"": 1, ""בשעה"": 1, ""בשעתו"": 1}","{""כל"": [""כל""], ""בשעת"": [""בשעת""], ""ועת"": [""ועת""], ""בשעה"": [""בשעה""], ""בשעתו"": [""בשעתו""]}",כל,0.465609,בשעת,0.202661,ועת,0.012599,בשעה,0.005074,בשעתו,0.00085,,,,,,,,,,,,,,,,,,,,,,,,,,,,,,,,,,,,,,,,,,,,,,,,,,,,,,,,,,,,,,,,,,,,,,,,,,,,,,,,,,,,,,,,,,,INTJ,False,כל,כל,False,True,False,True,True,True,False,,,,False,False
Midrash_Aggadic_Midrash_Pesikta_DRav_Kahanna__10_1,pesikta_drk,272,ימי,0.1421,0.0376,0.0,0.9806,5,1,True,"{""ימי"": 1, ""ימיו"": 1, ""ימיי"": 1, ""הימים"": 1, ""ימייון"": 1}","{""ימי"": [""ימי""], ""ימיו"": [""ימיו""], ""ימיי"": [""ימיי""], ""הימים"": [""הימים""], ""ימייון"": [""ימייון""]}",ימי,0.906227,ימיו,0.065401,ימיי,0.00696,הימים,0.002003,ימייון,5e-06,,,,,,,,,,,,,,,,,,,,,,,,,,,,,,,,,,,,,,,,,,,,,,,,,,,,,,,,,,,,,,,,,,,,,,,,,,,,,,,,,,,,,,,,,,,NUM,False,ימי,ימי,False,False,False,True,True,True,False,,,,False,False
Midrash_Aggadic_Midrash_Pesikta_DRav_Kahanna__10_1,pesikta_drk,273,בשנה,11.8761,0.9219,0.8501,0.405,50,-1,False,"{""בשעת"": 1, ""ועת"": 1, ""ועתה"": 1, ""אבל"": 1, ""אמר"": 1, ""והנה"": 1, ""ואם"": 1, ""ואני"": 1, ""עד"": 1, ""ובשעת"": 1, ""עתה"": 1, ""ואחר"": 1, ""ועכשיו"": 1, ""ואמר"": 1, ""והיה"": 1, ""ובאת"": 1, ""מעת"": 1, ""בשעה"": 1, ""מתי"": 1, ""ובאתה"": 1, ""עכ"": 1, ""עכשו"": 1, ""אמרו"": 1, ""ואחרי"": 1, ""אבא"": 1, ""אמ"": 1, ""מעתה"": 1, ""אמך"": 1, ""בשעתו"": 1, ""והנהו"": 1, ""ואמרתי"": 1, ""מתיו"": 1, ""ובשעתו"": 1, ""ובאתהו"": 1, ""אבלו"": 1, ""ואמרתיו"": 1, ""והיהוד"": 1, ""והיהודים"": 1, ""אבאך"": 1, ""בשעהו"": 1, ""מתיוון"": 1, ""אבלוון"": 1, ""והנהוון"": 1, ""בשעתוון"": 1, ""ואחריון"": 1, ""ובאתהוון"": 1, ""ואמרתיוון"": 1, ""בשעהוות"": 1, ""בשעהוותי"": 1, ""בשעהוותיון"": 1}","{""בשעת"": [""בשעת""], ""ועת"": [""ועת""], ""ועתה"": [""ועתה""], ""אבל"": [""אבל""], ""אמר"": [""אמר""], ""והנה"": [""והנה""], ""ואם"": [""ואם""], ""ואני"": [""ואני""], ""עד"": [""עד""], ""ובשעת"": [""ובשעת""], ""עתה"": [""עתה""], ""ואחר"": [""ואחר""], ""ועכשיו"": [""ועכשיו""], ""ואמר"": [""ואמר""], ""והיה"": [""והיה""], ""ובאת"": [""ובאת""], ""מעת"": [""מעת""], ""בשעה"": [""בשעה""], ""מתי"": [""מתי""], ""ובאתה"": [""ובאתה""], ""עכ"": [""עכ""], ""עכשו"": [""עכשו""], ""אמרו"": [""אמרו""], ""ואחרי"": [""ואחרי""], ""אבא"": [""אבא""], ""אמ"": [""אמ""], ""מעתה"": [""מעתה""], ""אמך"": [""אמך""], ""בשעתו"": [""בשעתו""], ""והנהו"": [""והנהו""], ""ואמרתי"": [""ואמרתי""], ""מתיו"": [""מתיו""], ""ובשעתו"": [""ובשעתו""], ""ובאתהו"": [""ובאתהו""], ""אבלו"": [""אבלו""], ""ואמרתיו"": [""ואמרתיו""], ""והיהוד"": [""והיהוד""], ""והיהודים"": [""והיהודים""], ""אבאך"": [""אבאך""], ""בשעהו"": [""בשעהו""], ""מתיוון"": [""מתיוון""], ""אבלוון"": [""אבלוון""], ""והנהוון"": [""והנהוון""], ""בשעתוון"": [""בשעתוון""], ""ואחריון"": [""ואחריון""], ""ובאתהוון"": [""ובאתהוון""], ""ואמרתיוון"": [""ואמרתיוון""], ""בשעהוות"": [""בשעהוות""], ""בשעהוותי"": [""בשעהוותי""], ""בשעהוותיון"": [""בשעהוותיון""]}",בשעת,0.106767,ועת,0.05765,ועתה,0.053342,אבל,0.023577,אמר,0.019546,והנה,0.017122,ואם,0.016982,ואני,0.016204,עד,0.014754,ובשעת,0.013706,עתה,0.010145,ואחר,0.008938,ועכשיו,0.006468,ואמר,0.006338,והיה,0.005825,ובאת,0.004882,מעת,0.003296,בשעה,0.002982,מתי,0.002488,ובאתה,0.002292,עכ,0.001763,עכשו,0.001657,אמרו,0.001644,ואחרי,0.001407,אבא,0.001244,אמ,0.000984,מעתה,0.000834,אמך,0.000559,בשעתו,0.000484,והנהו,0.000459,ואמרתי,0.000417,מתיו,8.2e-05,ובשעתו,5.2e-05,ובאתהו,5e-05,אבלו,4.8e-05,ואמרתיו,1.8e-05,והיהוד,1e-05,והיהודים,3e-06,אבאך,3e-06,בשעהו,1e-06,מתיוון,1e-06,אבלוון,0.0,והנהוון,0.0,בשעתוון,0.0,ואחריון,0.0,ובאתהוון,0.0,ואמרתיוון,0.0,בשעהוות,0.0,בשעהוותי,0.0,בשעהוותיון,0.0,VERB,True,בשנה,שנה,True,False,True,True,True,True,True,38.0,1.0,37.0,False,True
Midrash_Aggadic_Midrash_Pesikta_DRav_Kahanna__10_1,pesikta_drk,274,ראשונה,4.216,0.8128,0.0,0.6281,50,4,True,"{""זו"": 1, ""שעבר"": 1, ""שעברה"": 1, ""ראשונה"": 1, ""אחת"": 1, ""הבאה"": 1, ""הזאת"": 1, ""שאחר"": 1, ""זאת"": 1, ""הראשונה"": 1, ""שמת"": 1, ""היתה"": 1, ""שבאת"": 1, ""שמע"": 1, ""שבאה"": 1, ""שאוכל"": 1, ""ראשנה"": 1, ""שבאתה"": 1, ""פלשת"": 1, ""שאחרי"": 1, ""שמתתי"": 1, ""פלונית"": 1, ""פתר"": 1, ""פלשתים"": 1, ""שמעו"": 1, ""שאוכלת"": 1, ""הבאו"": 1, ""שבאהו"": 1, ""שבאתהו"": 1, ""הבאהו"": 1, ""היתהו"": 1, ""ראשנהו"": 1, ""הבאויה"": 1, ""שמתתיו"": 1, ""שאחריון"": 1, ""פלוניתו"": 1, ""שמעוון"": 1, ""שאוכלתך"": 1, ""שבאהוון"": 1, ""הבאויהו"": 1, ""הבאהוון"": 1, ""שבאתהוון"": 1, ""היתהוואה"": 1, ""פלוניתוון"": 1, ""שמתתיוון"": 1, ""היתהוואהו"": 1, ""הבאויהוות"": 1, ""הבאויהוותה"": 1, ""הבאויהוותהו"": 1, ""הבאויהוותהוות"": 1}","{""זו"": [""זו""], ""שעבר"": [""שעבר""], ""שעברה"": [""שעברה""], ""ראשונה"": [""ראשונה""], ""אחת"": [""אחת""], ""הבאה"": [""הבאה""], ""הזאת"": [""הזאת""], ""שאחר"": [""שאחר""], ""זאת"": [""זאת""], ""הראשונה"": [""הראשונה""], ""שמת"": [""שמת""], ""היתה"": [""היתה""], ""שבאת"": [""שבאת""], ""שמע"": [""שמע""], ""שבאה"": [""שבאה""], ""שאוכל"": [""שאוכל""], ""ראשנה"": [""ראשנה""], ""שבאתה"": [""שבאתה""], ""פלשת"": [""פלשת""], ""שאחרי"": [""שאחרי""], ""שמתתי"": [""שמתתי""], ""פלונית"": [""פלונית""], ""פתר"": [""פתר""], ""פלשתים"": [""פלשתים""], ""שמעו"": [""שמעו""], ""שאוכלת"": [""שאוכלת""], ""הבאו"": [""הבאו""], ""שבאהו"": [""שבאהו""], ""שבאתהו"": [""שבאתהו""], ""הבאהו"": [""הבאהו""], ""היתהו"": [""היתהו""], ""ראשנהו"": [""ראשנהו""], ""הבאויה"": [""הבאויה""], ""שמתתיו"": [""שמתתיו""], ""שאחריון"": [""שאחריון""], ""פלוניתו"": [""פלוניתו""], ""שמעוון"": [""שמעוון""], ""שאוכלתך"": [""שאוכלתך""], ""שבאהוון"": [""שבאהוון""], ""הבאויהו"": [""הבאויהו""], ""הבאהוון"": [""הבאהוון""], ""שבאתהוון"": [""שבאתהוון""], ""היתהוואה"": [""היתהוואה""], ""פלוניתוון"": [""פלוניתוון""], ""שמתתיוון"": [""שמתתיוון""], ""היתהוואהו"": [""היתהוואהו""], ""הבאויהוות"": [""הבאויהוות""], ""הבאויהוותה"": [""הבאויהוותה""], ""הבאויהוותהו"": [""הבאויהוותהו""], ""הבאויהוותהוות"": [""הבאויהוותהוות""]}",זו,0.176695,שעבר,0.093112,שעברה,0.088627,ראשונה,0.05381,אחת,0.053053,הבאה,0.02394,הזאת,0.023542,שאחר,0.020202,זאת,0.018335,הראשונה,0.018335,שמת,0.015233,היתה,0.014504,שבאת,0.006101,שמע,0.004036,שבאה,0.003476,שאוכל,0.002339,ראשנה,0.002328,שבאתה,0.002036,פלשת,0.001855,שאחרי,0.001559,שמתתי,0.001529,פלונית,0.00149,פתר,0.001044,פלשתים,0.00038,שמעו,0.000281,שאוכלת,0.000146,הבאו,4.4e-05,שבאהו,4.1e-05,שבאתהו,1e-05,הבאהו,6e-06,היתהו,4e-06,ראשנהו,3e-06,הבאויה,2e-06,שמתתיו,2e-06,שאחריון,1e-06,פלוניתו,1e-06,שמעוון,0.0,שאוכלתך,0.0,שבאהוון,0.0,הבאויהו,0.0,הבאהוון,0.0,שבאתהוון,0.0,היתהוואה,0.0,פלוניתוון,0.0,שמתתיוון,0.0,היתהוואהו,0.0,הבאויהוות,0.0,הבאויהוותה,0.0,הבאויהוותהו,0.0,הבאויהוותהוות,0.0,PROPN,True,ראשונה,ראשון,False,False,False,True,True,True,False,,,,False,False
Midrash_Aggadic_Midrash_Pesikta_DRav_Kahanna__10_1,pesikta_drk,275,זרע,13.6133,0.9044,0.7975,0.3469,50,-1,False,"{""הייתי"": 1, ""היה"": 1, ""היתה"": 1, ""לא"": 1, ""נתתי"": 1, ""תן"": 1, ""הוציא"": 1, ""הוצא"": 1, ""תתן"": 1, ""והיתה"": 1, ""מוציא"": 1, ""נתת"": 1, ""והיה"": 1, ""מכר"": 1, ""נטל"": 1, ""שמת"": 1, ""הוצאתי"": 1, ""נתתיו"": 1, ""שמע"": 1, ""נתייאש"": 1, ""נתיישבה"": 1, ""מכרתי"": 1, ""הוציאו"": 1, ""נתתיה"": 1, ""לאו"": 1, ""שמתתי"": 1, ""שמעתי"": 1, ""מוציאין"": 1, ""נתייאשנו"": 1, ""נתתיהו"": 1, ""היהוד"": 1, ""הוצאתיו"": 1, ""לאויר"": 1, ""מכרתיו"": 1, ""היהודים"": 1, ""היתהו"": 1, ""והיהוד"": 1, ""שמעתיו"": 1, ""לאוירא"": 1, ""והיהודים"": 1, ""והיתהו"": 1, ""שמתתיו"": 1, ""נתיישבהו"": 1, ""נתתיהוון"": 1, ""והיתהוואה"": 1, ""לאויראך"": 1, ""שמתתיוון"": 1, ""והיתהוואהו"": 1, ""והיתהוואהוואה"": 1, ""והיתהוואהוואהו"": 1}","{""הייתי"": [""הייתי""], ""היה"": [""היה""], ""היתה"": [""היתה""], ""לא"": [""לא""], ""נתתי"": [""נתתי""], ""תן"": [""תן""], ""הוציא"": [""הוציא""], ""הוצא"": [""הוצא""], ""תתן"": [""תתן""], ""והיתה"": [""והיתה""], ""מוציא"": [""מוציא""], ""נתת"": [""נתת""], ""והיה"": [""והיה""], ""מכר"": [""מכר""], ""נטל"": [""נטל""], ""שמת"": [""שמת""], ""הוצאתי"": [""הוצאתי""], ""נתתיו"": [""נתתיו""], ""שמע"": [""שמע""], ""נתייאש"": [""נתייאש""], ""נתיישבה"": [""נתיישבה""], ""מכרתי"": [""מכרתי""], ""הוציאו"": [""הוציאו""], ""נתתיה"": [""נתתיה""], ""לאו"": [""לאו""], ""שמתתי"": [""שמתתי""], ""שמעתי"": [""שמעתי""], ""מוציאין"": [""מוציאין""], ""נתייאשנו"": [""נתייאשנו""], ""נתתיהו"": [""נתתיהו""], ""היהוד"": [""היהוד""], ""הוצאתיו"": [""הוצאתיו""], ""לאויר"": [""לאויר""], ""מכרתיו"": [""מכרתיו""], ""היהודים"": [""היהודים""], ""היתהו"": [""היתהו""], ""והיהוד"": [""והיהוד""], ""שמעתיו"": [""שמעתיו""], ""לאוירא"": [""לאוירא""], ""והיהודים"": [""והיהודים""], ""והיתהו"": [""והיתהו""], ""שמתתיו"": [""שמתתיו""], ""נתיישבהו"": [""נתיישבהו""], ""נתתיהוון"": [""נתתיהוון""], ""והיתהוואה"": [""והיתהוואה""], ""לאויראך"": [""לאויראך""], ""שמתתיוון"": [""שמתתיוון""], ""והיתהוואהו"": [""והיתהוואהו""], ""והיתהוואהוואה"": [""והיתהוואהוואה""], ""והיתהוואהוואהו"": [""והיתהוואהוואהו""]}",הייתי,0.090022,היה,0.074631,היתה,0.057221,לא,0.034168,נתתי,0.021148,תן,0.010419,הוציא,0.009772,הוצא,0.006612,תתן,0.00652,והיתה,0.005706,מוציא,0.004511,נתת,0.00423,והיה,0.003861,מכר,0.003859,נטל,0.003483,שמת,0.002812,הוצאתי,0.001728,נתתיו,0.00151,שמע,0.001308,נתייאש,0.000777,נתיישבה,0.000619,מכרתי,0.000519,הוציאו,0.000399,נתתיה,0.000313,לאו,0.000231,שמתתי,0.000204,שמעתי,8.2e-05,מוציאין,7.9e-05,נתייאשנו,4.9e-05,נתתיהו,4e-05,היהוד,2.4e-05,הוצאתיו,1.4e-05,לאויר,9e-06,מכרתיו,9e-06,היהודים,8e-06,היתהו,8e-06,והיהוד,2e-06,שמעתיו,2e-06,לאוירא,1e-06,והיהודים,1e-06,והיתהו,1e-06,שמתתיו,0.0,נתיישבהו,0.0,נתתיהוון,0.0,והיתהוואה,0.0,לאויראך,0.0,שמתתיוון,0.0,והיתהוואהו,0.0,והיתהוואהוואה,0.0,והיתהוואהוואהו,0.0,PUNCT,False,זרע,זרע,False,False,False,True,True,True,False,,,,False,False
Midrash_Aggadic_Midrash_Pesikta_DRav_Kahanna__10_1,pesikta_drk,276,אותה,3.3507,0.5823,0.0,0.3203,50,1,True,"{""אותה"": 1, ""בה"": 1, ""את"": 1, ""ממנה"": 1, ""מן"": 1, ""בשדה"": 1, ""ואכל"": 1, ""והיה"": 1, ""שדה"": 1, ""והיתה"": 1, ""וזרע"": 1, ""ואמר"": 1, ""שבע"": 1, ""בהן"": 1, ""שדהו"": 1, ""ונתן"": 1, ""בשתי"": 1, ""אתו"": 1, ""ואכלת"": 1, ""מנה"": 1, ""ואמרתי"": 1, ""בשדהו"": 1, ""אותהו"": 1, ""ואכלתיה"": 1, ""וזרעתי"": 1, ""ממנהו"": 1, ""ואמרתיו"": 1, ""והיהו"": 1, ""מנהו"": 1, ""בשתיו"": 1, ""וזרעתיו"": 1, ""אתוון"": 1, ""ואכלתיהו"": 1, ""והיתהו"": 1, ""בשתיוון"": 1, ""אותהוות"": 1, ""אותהוותא"": 1, ""והיהוון"": 1, ""ואמרתיוון"": 1, ""והיתהויה"": 1, ""מנהוון"": 1, ""ואכלתיהוון"": 1, ""אותהוותאתי"": 1, ""והיתהויהו"": 1, ""והיתהויהויה"": 1, ""אותהוותאתייה"": 1, ""והיתהויהויהו"": 1, ""והיתהויהויהויה"": 1, ""אותהוותאתייהו"": 1, ""אותהוותאתייהוות"": 1}","{""אותה"": [""אותה""], ""בה"": [""בה""], ""את"": [""את""], ""ממנה"": [""ממנה""], ""מן"": [""מן""], ""בשדה"": [""בשדה""], ""ואכל"": [""ואכל""], ""והיה"": [""והיה""], ""שדה"": [""שדה""], ""והיתה"": [""והיתה""], ""וזרע"": [""וזרע""], ""ואמר"": [""ואמר""], ""שבע"": [""שבע""], ""בהן"": [""בהן""], ""שדהו"": [""שדהו""], ""ונתן"": [""ונתן""], ""בשתי"": [""בשתי""], ""אתו"": [""אתו""], ""ואכלת"": [""ואכלת""], ""מנה"": [""מנה""], ""ואמרתי"": [""ואמרתי""], ""בשדהו"": [""בשדהו""], ""אותהו"": [""אותהו""], ""ואכלתיה"": [""ואכלתיה""], ""וזרעתי"": [""וזרעתי""], ""ממנהו"": [""ממנהו""], ""ואמרתיו"": [""ואמרתיו""], ""והיהו"": [""והיהו""], ""מנהו"": [""מנהו""], ""בשתיו"": [""בשתיו""], ""וזרעתיו"": [""וזרעתיו""], ""אתוון"": [""אתוון""], ""ואכלתיהו"": [""ואכלתיהו""], ""והיתהו"": [""והיתהו""], ""בשתיוון"": [""בשתיוון""], ""אותהוות"": [""אותהוות""], ""אותהוותא"": [""אותהוותא""], ""והיהוון"": [""והיהוון""], ""ואמרתיוון"": [""ואמרתיוון""], ""והיתהויה"": [""והיתהויה""], ""מנהוון"": [""מנהוון""], ""ואכלתיהוון"": [""ואכלתיהוון""], ""אותהוותאתי"": [""אותהוותאתי""], ""והיתהויהו"": [""והיתהויהו""], ""והיתהויהויה"": [""והיתהויהויה""], ""אותהוותאתייה"": [""אותהוותאתייה""], ""והיתהויהויהו"": [""והיתהויהויהו""], ""והיתהויהויהויה"": [""והיתהויהויהויה""], ""אותהוותאתייהו"": [""אותהוותאתייהו""], ""אותהוותאתייהוות"": [""אותהוותאתייהוות""]}",אותה,0.098022,בה,0.058532,את,0.051654,ממנה,0.025841,מן,0.02087,בשדה,0.015121,ואכל,0.014358,והיה,0.00598,שדה,0.005274,והיתה,0.00488,וזרע,0.003093,ואמר,0.00301,שבע,0.002868,בהן,0.002301,שדהו,0.001935,ונתן,0.001895,בשתי,0.001893,אתו,0.001003,ואכלת,0.000678,מנה,0.000488,ואמרתי,0.000232,בשדהו,0.000193,אותהו,4.3e-05,ואכלתיה,3.3e-05,וזרעתי,2.4e-05,ממנהו,1e-05,ואמרתיו,9e-06,והיהו,6e-06,מנהו,4e-06,בשתיו,4e-06,וזרעתיו,2e-06,אתוון,2e-06,ואכלתיהו,1e-06,והיתהו,1e-06,בשתיוון,0.0,אותהוות,0.0,אותהוותא,0.0,והיהוון,0.0,ואמרתיוון,0.0,והיתהויה,0.0,מנהוון,0.0,ואכלתיהוון,0.0,אותהוותאתי,0.0,והיתהויהו,0.0,והיתהויהויה,0.0,אותהוותאתייה,0.0,והיתהויהויהו,0.0,והיתהויהויהויה,0.0,אותהוותאתייהו,0.0,אותהוותאתייהוות,0.0,VERB,False,אותה,את,True,True,False,True,True,True,False,,,,False,False
Midrash_Aggadic_Midrash_Pesikta_DRav_Kahanna__10_1,pesikta_drk,277,הבן,9.8414,0.8471,0.3826,0.1646,50,-1,False,"{""זרע"": 1, ""ולא"": 1, ""והיה"": 1, ""והיתה"": 1, ""ואחר"": 1, ""ובשנה"": 1, ""ואכל"": 1, ""וזרעה"": 1, ""שבע"": 1, ""ונתן"": 1, ""ובשנת"": 1, ""שמנה"": 1, ""ואחרי"": 1, ""זרעים"": 1, ""ממנה"": 1, ""ונכנס"": 1, ""זריעה"": 1, ""בזרע"": 1, ""באלף"": 1, ""מנה"": 1, ""ואכלת"": 1, ""שבעה"": 1, ""ונוטל"": 1, ""ובנה"": 1, ""ונוטלה"": 1, ""וזרעהו"": 1, ""ובשנתה"": 1, ""ואכלתיה"": 1, ""בזרעא"": 1, ""והיהו"": 1, ""מנהו"": 1, ""ונוטלהו"": 1, ""ונוטלנו"": 1, ""והיתהו"": 1, ""שמנהו"": 1, ""ממנהו"": 1, ""ואכלתיהו"": 1, ""וזרעהוון"": 1, ""והיהוון"": 1, ""מנהוות"": 1, ""והיתהויה"": 1, ""ונוטלנוו"": 1, ""מנהוותא"": 1, ""ואכלתיהוון"": 1, ""שמנהוות"": 1, ""ונוטלנווין"": 1, ""והיתהויהניזון"": 1, ""והיתהויהנאה"": 1, ""והיתהויהניזונת"": 1, ""והיתהויהניזונומ"": 1}","{""זרע"": [""זרע""], ""ולא"": [""ולא""], ""והיה"": [""והיה""], ""והיתה"": [""והיתה""], ""ואחר"": [""ואחר""], ""ובשנה"": [""ובשנה""], ""ואכל"": [""ואכל""], ""וזרעה"": [""וזרעה""], ""שבע"": [""שבע""], ""ונתן"": [""ונתן""], ""ובשנת"": [""ובשנת""], ""שמנה"": [""שמנה""], ""ואחרי"": [""ואחרי""], ""זרעים"": [""זרעים""], ""ממנה"": [""ממנה""], ""ונכנס"": [""ונכנס""], ""זריעה"": [""זריעה""], ""בזרע"": [""בזרע""], ""באלף"": [""באלף""], ""מנה"": [""מנה""], ""ואכלת"": [""ואכלת""], ""שבעה"": [""שבעה""], ""ונוטל"": [""ונוטל""], ""ובנה"": [""ובנה""], ""ונוטלה"": [""ונוטלה""], ""וזרעהו"": [""וזרעהו""], ""ובשנתה"": [""ובשנתה""], ""ואכלתיה"": [""ואכלתיה""], ""בזרעא"": [""בזרעא""], ""והיהו"": [""והיהו""], ""מנהו"": [""מנהו""], ""ונוטלהו"": [""ונוטלהו""], ""ונוטלנו"": [""ונוטלנו""], ""והיתהו"": [""והיתהו""], ""שמנהו"": [""שמנהו""], ""ממנהו"": [""ממנהו""], ""ואכלתיהו"": [""ואכלתיהו""], ""וזרעהוון"": [""וזרעהוון""], ""והיהוון"": [""והיהוון""], ""מנהוות"": [""מנהוות""], ""והיתהויה"": [""והיתהויה""], ""ונוטלנוו"": [""ונוטלנוו""], ""מנהוותא"": [""מנהוותא""], ""ואכלתיהוון"": [""ואכלתיהוון""], ""שמנהוות"": [""שמנהוות""], ""ונוטלנווין"": [""ונוטלנווין""], ""והיתהויהניזון"": [""והיתהויהניזון""], ""והיתהויהנאה"": [""והיתהויהנאה""], ""והיתהויהניזונת"": [""והיתהויהניזונת""], ""והיתהויהניזונומ"": [""והיתהויהניזונומ""]}",זרע,0.026076,ולא,0.021155,והיה,0.018323,והיתה,0.018039,ואחר,0.015861,ובשנה,0.015051,ואכל,0.013356,וזרעה,0.006319,שבע,0.006167,ונתן,0.004076,ובשנת,0.003058,שמנה,0.002492,ואחרי,0.002252,זרעים,0.00192,ממנה,0.001894,ונכנס,0.001195,זריעה,0.001146,בזרע,0.001,באלף,0.000953,מנה,0.000938,ואכלת,0.000806,שבעה,0.000784,ונוטל,0.000581,ובנה,0.000433,ונוטלה,0.000425,וזרעהו,0.000141,ובשנתה,7.1e-05,ואכלתיה,2.2e-05,בזרעא,1.4e-05,והיהו,9e-06,מנהו,6e-06,ונוטלהו,4e-06,ונוטלנו,4e-06,והיתהו,1e-06,שמנהו,1e-06,ממנהו,1e-06,ואכלתיהו,1e-06,וזרעהוון,0.0,והיהוון,0.0,מנהוות,0.0,והיתהויה,0.0,ונוטלנוו,0.0,מנהוותא,0.0,ואכלתיהוון,0.0,שמנהוות,0.0,ונוטלנווין,0.0,והיתהויהניזון,0.0,והיתהויהנאה,0.0,והיתהויהניזונת,0.0,והיתהויהניזונומ,0.0,PUNCT,False,הבן,בן,False,False,False,True,True,True,False,,,,False,False
Midrash_Aggadic_Midrash_Pesikta_DRav_Kahanna__10_1,pesikta_drk,278,ועשה,7.9399,0.7998,0.6557,0.2095,50,-1,False,"{""והיה"": 1, ""ואמר"": 1, ""את"": 1, ""והיתה"": 1, ""זרע"": 1, ""ואכל"": 1, ""וזרע"": 1, ""ובשנה"": 1, ""וזרעה"": 1, ""ממנה"": 1, ""ובשנת"": 1, ""ונכנס"": 1, ""מנה"": 1, ""ונפל"": 1, ""זרעים"": 1, ""ובא"": 1, ""ונכנסו"": 1, ""ואכלו"": 1, ""וזרעהו"": 1, ""זרעו"": 1, ""ואמרנו"": 1, ""אתו"": 1, ""וזרעיה"": 1, ""ובשנתו"": 1, ""והיהו"": 1, ""אתוון"": 1, ""מנהו"": 1, ""ונפלת"": 1, ""והיתהו"": 1, ""ממנהו"": 1, ""וזרעיהו"": 1, ""זרעוות"": 1, ""וזרעהוון"": 1, ""ונפלתיה"": 1, ""זרעוותא"": 1, ""ואמרנוו"": 1, ""והיהוון"": 1, ""והיתהויה"": 1, ""מנהוות"": 1, ""ונפלתיהון"": 1, ""מנהוותא"": 1, ""ממנהוות"": 1, ""ואמרנווין"": 1, ""וזרעיהוון"": 1, ""ממנהוותא"": 1, ""והיתהויהניזון"": 1, ""והיתהויהנאה"": 1, ""והיתהויהניזונומ"": 1, ""והיתהויהניזונת"": 1, ""ממנהוותאך"": 1}","{""והיה"": [""והיה""], ""ואמר"": [""ואמר""], ""את"": [""את""], ""והיתה"": [""והיתה""], ""זרע"": [""זרע""], ""ואכל"": [""ואכל""], ""וזרע"": [""וזרע""], ""ובשנה"": [""ובשנה""], ""וזרעה"": [""וזרעה""], ""ממנה"": [""ממנה""], ""ובשנת"": [""ובשנת""], ""ונכנס"": [""ונכנס""], ""מנה"": [""מנה""], ""ונפל"": [""ונפל""], ""זרעים"": [""זרעים""], ""ובא"": [""ובא""], ""ונכנסו"": [""ונכנסו""], ""ואכלו"": [""ואכלו""], ""וזרעהו"": [""וזרעהו""], ""זרעו"": [""זרעו""], ""ואמרנו"": [""ואמרנו""], ""אתו"": [""אתו""], ""וזרעיה"": [""וזרעיה""], ""ובשנתו"": [""ובשנתו""], ""והיהו"": [""והיהו""], ""אתוון"": [""אתוון""], ""מנהו"": [""מנהו""], ""ונפלת"": [""ונפלת""], ""והיתהו"": [""והיתהו""], ""ממנהו"": [""ממנהו""], ""וזרעיהו"": [""וזרעיהו""], ""זרעוות"": [""זרעוות""], ""וזרעהוון"": [""וזרעהוון""], ""ונפלתיה"": [""ונפלתיה""], ""זרעוותא"": [""זרעוותא""], ""ואמרנוו"": [""ואמרנוו""], ""והיהוון"": [""והיהוון""], ""והיתהויה"": [""והיתהויה""], ""מנהוות"": [""מנהוות""], ""ונפלתיהון"": [""ונפלתיהון""], ""מנהוותא"": [""מנהוותא""], ""ממנהוות"": [""ממנהוות""], ""ואמרנווין"": [""ואמרנווין""], ""וזרעיהוון"": [""וזרעיהוון""], ""ממנהוותא"": [""ממנהוותא""], ""והיתהויהניזון"": [""והיתהויהניזון""], ""והיתהויהנאה"": [""והיתהויהנאה""], ""והיתהויהניזונומ"": [""והיתהויהניזונומ""], ""והיתהויהניזונת"": [""והיתהויהניזונת""], ""ממנהוותאך"": [""ממנהוותאך""]}",והיה,0.040475,ואמר,0.032236,את,0.031478,והיתה,0.022006,זרע,0.014937,ואכל,0.014083,וזרע,0.013304,ובשנה,0.012153,וזרעה,0.011559,ממנה,0.004502,ובשנת,0.003073,ונכנס,0.001699,מנה,0.001417,ונפל,0.001323,זרעים,0.001049,ובא,0.000734,ונכנסו,0.000701,ואכלו,0.000673,וזרעהו,0.000547,זרעו,0.000451,ואמרנו,0.000438,אתו,0.000409,וזרעיה,0.0001,ובשנתו,8e-05,והיהו,3.8e-05,אתוון,2e-05,מנהו,2e-05,ונפלת,1.2e-05,והיתהו,5e-06,ממנהו,4e-06,וזרעיהו,3e-06,זרעוות,0.0,וזרעהוון,0.0,ונפלתיה,0.0,זרעוותא,0.0,ואמרנוו,0.0,והיהוון,0.0,והיתהויה,0.0,מנהוות,0.0,ונפלתיהון,0.0,מנהוותא,0.0,ממנהוות,0.0,ואמרנווין,0.0,וזרעיהוון,0.0,ממנהוותא,0.0,והיתהויהניזון,0.0,והיתהויהנאה,0.0,והיתהויהניזונומ,0.0,והיתהויהניזונת,0.0,ממנהוותאך,0.0,SYM,True,ועשה,עשה,False,False,False,True,True,True,False,,,,False,False
Midrash_Aggadic_Midrash_Pesikta_DRav_Kahanna__10_1,pesikta_drk,279,אלף,3.1534,0.7596,0.0,0.6565,40,2,True,"{""ממנה"": 1, ""אלף"": 1, ""אותה"": 1, ""מאה"": 1, ""לה"": 1, ""ממנו"": 1, ""מן"": 1, ""בה"": 1, ""מאות"": 1, ""מידות"": 1, ""מה"": 1, ""שתים"": 1, ""שתי"": 1, ""עשר"": 1, ""לו"": 1, ""שדה"": 1, ""עשרה"": 1, ""מאותן"": 1, ""שמנה"": 1, ""מידותיו"": 1, ""מהן"": 1, ""כמות"": 1, ""מידה"": 1, ""מידת"": 1, ""כמותה"": 1, ""שדהו"": 1, ""עשרים"": 1, ""כמנהג"": 1, ""מאתיים"": 1, ""שתות"": 1, ""שתיים"": 1, ""מידתין"": 1, ""שתותי"": 1, ""מידהו"": 1, ""כמנהגיו"": 1, ""כמותהו"": 1, ""מידהוות"": 1, ""מידהוותא"": 1, ""כמותהוון"": 1, ""מידהוותאך"": 1}","{""ממנה"": [""ממנה""], ""אלף"": [""אלף""], ""אותה"": [""אותה""], ""מאה"": [""מאה""], ""לה"": [""לה""], ""ממנו"": [""ממנו""], ""מן"": [""מן""], ""בה"": [""בה""], ""מאות"": [""מאות""], ""מידות"": [""מידות""], ""מה"": [""מה""], ""שתים"": [""שתים""], ""שתי"": [""שתי""], ""עשר"": [""עשר""], ""לו"": [""לו""], ""שדה"": [""שדה""], ""עשרה"": [""עשרה""], ""מאותן"": [""מאותן""], ""שמנה"": [""שמנה""], ""מידותיו"": [""מידותיו""], ""מהן"": [""מהן""], ""כמות"": [""כמות""], ""מידה"": [""מידה""], ""מידת"": [""מידת""], ""כמותה"": [""כמותה""], ""שדהו"": [""שדהו""], ""עשרים"": [""עשרים""], ""כמנהג"": [""כמנהג""], ""מאתיים"": [""מאתיים""], ""שתות"": [""שתות""], ""שתיים"": [""שתיים""], ""מידתין"": [""מידתין""], ""שתותי"": [""שתותי""], ""מידהו"": [""מידהו""], ""כמנהגיו"": [""כמנהגיו""], ""כמותהו"": [""כמותהו""], ""מידהוות"": [""מידהוות""], ""מידהוותא"": [""מידהוותא""], ""כמותהוון"": [""כמותהוון""], ""מידהוותאך"": [""מידהוותאך""]}",ממנה,0.136939,אלף,0.11239,אותה,0.088908,מאה,0.065299,לה,0.034817,ממנו,0.027976,מן,0.027542,בה,0.027115,מאות,0.023929,מידות,0.015851,מה,0.012414,שתים,0.012386,שתי,0.011662,עשר,0.010702,לו,0.009226,שדה,0.007292,עשרה,0.007129,מאותן,0.005419,שמנה,0.003445,מידותיו,0.002911,מהן,0.002584,כמות,0.00198,מידה,0.001697,מידת,0.001429,כמותה,0.001205,שדהו,0.001161,עשרים,0.00104,כמנהג,0.000777,מאתיים,0.000737,שתות,0.000458,שתיים,3.1e-05,מידתין,2.2e-05,שתותי,2.1e-05,מידהו,1.8e-05,כמנהגיו,4e-06,כמותהו,2e-06,מידהוות,0.0,מידהוותא,0.0,כמותהוון,0.0,מידהוותאך,0.0,,,,,,,,,,,,,,,,,,,,,X,True,אלף,אלף,False,False,False,True,True,True,False,,,,False,False
Midrash_Aggadic_Midrash_Pesikta_DRav_Kahanna__10_1,pesikta_drk,280,מידות,0.11,0.013,-0.0,0.9494,5,1,True,"{""מידות"": 1, ""מידת"": 1, ""מידה"": 1, ""מידהו"": 1, ""מידתא"": 1}","{""מידות"": [""מידות""], ""מידת"": [""מידת""], ""מידה"": [""מידה""], ""מידהו"": [""מידהו""], ""מידתא"": [""מידתא""]}",מידות,0.926559,מידת,0.016971,מידה,0.005699,מידהו,7.6e-05,מידתא,7.3e-05,,,,,,,,,,,,,,,,,,,,,,,,,,,,,,,,,,,,,,,,,,,,,,,,,,,,,,,,,,,,,,,,,,,,,,,,,,,,,,,,,,,,,,,,,,,NUM,False,מידות,מידה,False,False,False,True,True,True,False,,,,False,False
Midrash_Aggadic_Midrash_Pesikta_DRav_Kahanna__10_1,pesikta_drk,281,והוציא,1.9865,0.4249,0.0,0.5744,50,1,True,"{""והוציא"": 1, ""והיה"": 1, ""ולא"": 1, ""בשנה"": 1, ""וזרע"": 1, ""ממנה"": 1, ""ואמר"": 1, ""וכל"": 1, ""ולקח"": 1, ""ובשנה"": 1, ""וממנה"": 1, ""וממנו"": 1, ""וזרעה"": 1, ""והוציאו"": 1, ""בשעת"": 1, ""ואחר"": 1, ""ושנה"": 1, ""בשני"": 1, ""ובשנת"": 1, ""ונכנס"": 1, ""ושכח"": 1, ""ונפל"": 1, ""ובא"": 1, ""ונכנסו"": 1, ""בשנייה"": 1, ""ואחרי"": 1, ""מזון"": 1, ""וזרעהו"": 1, ""ואמרנו"": 1, ""וכלן"": 1, ""וזרען"": 1, ""והיהו"": 1, ""מזונות"": 1, ""ובשנתו"": 1, ""בשעתו"": 1, ""מזונותיו"": 1, ""ונפלת"": 1, ""ושכחתי"": 1, ""וממנהו"": 1, ""בשנייהו"": 1, ""ונפלתיה"": 1, ""ואמרנוו"": 1, ""וזרעהוות"": 1, ""ונפלתיהו"": 1, ""ושכחתיו"": 1, ""וזרעהוותה"": 1, ""ואמרנווין"": 1, ""וזרעהוותהו"": 1, ""וזרעהוותהוות"": 1, ""ונפלתיהוון"": 1}","{""והוציא"": [""והוציא""], ""והיה"": [""והיה""], ""ולא"": [""ולא""], ""בשנה"": [""בשנה""], ""וזרע"": [""וזרע""], ""ממנה"": [""ממנה""], ""ואמר"": [""ואמר""], ""וכל"": [""וכל""], ""ולקח"": [""ולקח""], ""ובשנה"": [""ובשנה""], ""וממנה"": [""וממנה""], ""וממנו"": [""וממנו""], ""וזרעה"": [""וזרעה""], ""והוציאו"": [""והוציאו""], ""בשעת"": [""בשעת""], ""ואחר"": [""ואחר""], ""ושנה"": [""ושנה""], ""בשני"": [""בשני""], ""ובשנת"": [""ובשנת""], ""ונכנס"": [""ונכנס""], ""ושכח"": [""ושכח""], ""ונפל"": [""ונפל""], ""ובא"": [""ובא""], ""ונכנסו"": [""ונכנסו""], ""בשנייה"": [""בשנייה""], ""ואחרי"": [""ואחרי""], ""מזון"": [""מזון""], ""וזרעהו"": [""וזרעהו""], ""ואמרנו"": [""ואמרנו""], ""וכלן"": [""וכלן""], ""וזרען"": [""וזרען""], ""והיהו"": [""והיהו""], ""מזונות"": [""מזונות""], ""ובשנתו"": [""ובשנתו""], ""בשעתו"": [""בשעתו""], ""מזונותיו"": [""מזונותיו""], ""ונפלת"": [""ונפלת""], ""ושכחתי"": [""ושכחתי""], ""וממנהו"": [""וממנהו""], ""בשנייהו"": [""בשנייהו""], ""ונפלתיה"": [""ונפלתיה""], ""ואמרנוו"": [""ואמרנוו""], ""וזרעהוות"": [""וזרעהוות""], ""ונפלתיהו"": [""ונפלתיהו""], ""ושכחתיו"": [""ושכחתיו""], ""וזרעהוותה"": [""וזרעהוותה""], ""ואמרנווין"": [""ואמרנווין""], ""וזרעהוותהו"": [""וזרעהוותהו""], ""וזרעהוותהוות"": [""וזרעהוותהוות""], ""ונפלתיהוון"": [""ונפלתיהוון""]}",והוציא,0.252349,והיה,0.08721,ולא,0.054071,בשנה,0.041458,וזרע,0.022747,ממנה,0.018603,ואמר,0.016343,וכל,0.013459,ולקח,0.011236,ובשנה,0.01096,וממנה,0.009604,וממנו,0.006201,וזרעה,0.005751,והוציאו,0.004667,בשעת,0.002607,ואחר,0.002212,ושנה,0.002166,בשני,0.002094,ובשנת,0.001905,ונכנס,0.001878,ושכח,0.001489,ונפל,0.001485,ובא,0.001085,ונכנסו,0.001073,בשנייה,0.00035,ואחרי,0.000347,מזון,0.000248,וזרעהו,0.000202,ואמרנו,0.000194,וכלן,0.000119,וזרען,8e-05,והיהו,7.7e-05,מזונות,4.4e-05,ובשנתו,3.7e-05,בשעתו,2.2e-05,מזונותיו,1.4e-05,ונפלת,1e-05,ושכחתי,7e-06,וממנהו,1e-06,בשנייהו,0.0,ונפלתיה,0.0,ואמרנוו,0.0,וזרעהוות,0.0,ונפלתיהו,0.0,ושכחתיו,0.0,וזרעהוותה,0.0,ואמרנווין,0.0,וזרעהוותהו,0.0,וזרעהוותהוות,0.0,ונפלתיהוון,0.0,SYM,True,והוציא,הוציא,False,False,False,True,True,True,False,,,,False,False
Midrash_Aggadic_Midrash_Pesikta_DRav_Kahanna__10_1,pesikta_drk,282,ממנה,0.3907,0.0005,0.0,0.7634,5,1,True,"{""ממנה"": 1, ""מנה"": 1, ""מנהו"": 1, ""מנהוות"": 1, ""מנהוותה"": 1}","{""ממנה"": [""ממנה""], ""מנה"": [""מנה""], ""מנהו"": [""מנהו""], ""מנהוות"": [""מנהוות""], ""מנהוותה"": [""מנהוותה""]}",ממנה,0.762753,מנה,0.000664,מנהו,6e-06,מנהוות,0.0,מנהוותה,0.0,,,,,,,,,,,,,,,,,,,,,,,,,,,,,,,,,,,,,,,,,,,,,,,,,,,,,,,,,,,,,,,,,,,,,,,,,,,,,,,,,,,,,,,,,,,VERB,False,ממנה,ממנה,True,False,True,True,True,True,True,77.0,81.0,-4.0,True,False
Midrash_Aggadic_Midrash_Pesikta_DRav_Kahanna__10_1,pesikta_drk,283,מאה,0.6581,0.1017,0.0,0.7171,5,1,True,"{""מאה"": 1, ""אלף"": 1, ""מנה"": 1, ""מאתיים"": 1, ""ממעשר"": 1}","{""מאה"": [""מאה""], ""אלף"": [""אלף""], ""מנה"": [""מנה""], ""מאתיים"": [""מאתיים""], ""ממעשר"": [""ממעשר""]}",מאה,0.63372,אלף,0.061228,מנה,0.013084,מאתיים,0.005746,ממעשר,0.003271,,,,,,,,,,,,,,,,,,,,,,,,,,,,,,,,,,,,,,,,,,,,,,,,,,,,,,,,,,,,,,,,,,,,,,,,,,,,,,,,,,,,,,,,,,,ADP,True,מאה,מאה,False,False,False,True,True,True,False,,,,False,False
Midrash_Aggadic_Midrash_Pesikta_DRav_Kahanna__10_1,pesikta_drk,284,מידות,0.0484,0.0031,-0.0,0.9735,5,1,True,"{""מידות"": 1, ""מידת"": 1, ""מעלות"": 1, ""מידה"": 1, ""מידתא"": 1}","{""מידות"": [""מידות""], ""מידת"": [""מידת""], ""מעלות"": [""מעלות""], ""מידה"": [""מידה""], ""מידתא"": [""מידתא""]}",מידות,0.967019,מידת,0.006026,מעלות,0.000269,מידה,0.000203,מידתא,1.1e-05,,,,,,,,,,,,,,,,,,,,,,,,,,,,,,,,,,,,,,,,,,,,,,,,,,,,,,,,,,,,,,,,,,,,,,,,,,,,,,,,,,,,,,,,,,,NUM,False,מידות,מידה,False,False,False,True,True,True,False,,,,False,False
Midrash_Aggadic_Midrash_Pesikta_DRav_Kahanna__10_1,pesikta_drk,285,למעשר,0.713,0.0494,0.0,0.6582,10,1,True,"{""למעשר"": 1, ""והיה"": 1, ""למעשרות"": 1, ""לתרומה"": 1, ""לתרומ"": 1, ""לתרומת"": 1, ""למעשרותיו"": 1, ""למעשרו"": 1, ""למעשרוות"": 1, ""למעשרוותה"": 1}","{""למעשר"": [""למעשר""], ""והיה"": [""והיה""], ""למעשרות"": [""למעשרות""], ""לתרומה"": [""לתרומה""], ""לתרומ"": [""לתרומ""], ""לתרומת"": [""לתרומת""], ""למעשרותיו"": [""למעשרותיו""], ""למעשרו"": [""למעשרו""], ""למעשרוות"": [""למעשרוות""], ""למעשרוותה"": [""למעשרוותה""]}",למעשר,0.610069,והיה,0.020011,למעשרות,0.013478,לתרומה,0.004182,לתרומ,0.003108,לתרומת,0.002925,למעשרותיו,0.002917,למעשרו,0.00148,למעשרוות,0.0,למעשרוותה,0.0,,,,,,,,,,,,,,,,,,,,,,,,,,,,,,,,,,,,,,,,,,,,,,,,,,,,,,,,,,,,,,,,,,,,,,,,,,,,,,,,,VERB,True,למעשר,מעשר,True,False,True,True,True,True,True,73.0,75.0,-2.0,True,False
Midrash_Aggadic_Midrash_Pesikta_DRav_Kahanna__10_1,pesikta_drk,286,בשנייה,13.3533,0.8312,0.0,0.6474,50,26,True,"{""ממנה"": 1, ""בשנה"": 1, ""והיה"": 1, ""וממנה"": 1, ""ולא"": 1, ""שנה"": 1, ""ואמר"": 1, ""כל"": 1, ""הבן"": 1, ""ובשנה"": 1, ""ונתן"": 1, ""והיו"": 1, ""מנה"": 1, ""בשעת"": 1, ""ואחר"": 1, ""ועמד"": 1, ""ובשנת"": 1, ""וממנו"": 1, ""בשני"": 1, ""ובא"": 1, ""הביא"": 1, ""ואמרתי"": 1, ""ואחרי"": 1, ""ולאו"": 1, ""מנהו"": 1, ""בשנייה"": 1, ""הביאו"": 1, ""כלתה"": 1, ""ממנהו"": 1, ""בשעתו"": 1, ""ובשנתו"": 1, ""והיהו"": 1, ""ואמרתיו"": 1, ""ועמדת"": 1, ""והיוות"": 1, ""ולאויר"": 1, ""כלתהו"": 1, ""והיוותי"": 1, ""ועמדתיה"": 1, ""ולאוירא"": 1, ""מנהוות"": 1, ""ועמדתיהו"": 1, ""מנהוותא"": 1, ""והיוותייך"": 1, ""ואמרתיוון"": 1, ""ולאויראוי"": 1, ""ולאויראויי"": 1, ""ועמדתיהוון"": 1, ""ולאויראוייי"": 1, ""ולאויראויייון"": 1}","{""ממנה"": [""ממנה""], ""בשנה"": [""בשנה""], ""והיה"": [""והיה""], ""וממנה"": [""וממנה""], ""ולא"": [""ולא""], ""שנה"": [""שנה""], ""ואמר"": [""ואמר""], ""כל"": [""כל""], ""הבן"": [""הבן""], ""ובשנה"": [""ובשנה""], ""ונתן"": [""ונתן""], ""והיו"": [""והיו""], ""מנה"": [""מנה""], ""בשעת"": [""בשעת""], ""ואחר"": [""ואחר""], ""ועמד"": [""ועמד""], ""ובשנת"": [""ובשנת""], ""וממנו"": [""וממנו""], ""בשני"": [""בשני""], ""ובא"": [""ובא""], ""הביא"": [""הביא""], ""ואמרתי"": [""ואמרתי""], ""ואחרי"": [""ואחרי""], ""ולאו"": [""ולאו""], ""מנהו"": [""מנהו""], ""בשנייה"": [""בשנייה""], ""הביאו"": [""הביאו""], ""כלתה"": [""כלתה""], ""ממנהו"": [""ממנהו""], ""בשעתו"": [""בשעתו""], ""ובשנתו"": [""ובשנתו""], ""והיהו"": [""והיהו""], ""ואמרתיו"": [""ואמרתיו""], ""ועמדת"": [""ועמדת""], ""והיוות"": [""והיוות""], ""ולאויר"": [""ולאויר""], ""כלתהו"": [""כלתהו""], ""והיוותי"": [""והיוותי""], ""ועמדתיה"": [""ועמדתיה""], ""ולאוירא"": [""ולאוירא""], ""מנהוות"": [""מנהוות""], ""ועמדתיהו"": [""ועמדתיהו""], ""מנהוותא"": [""מנהוותא""], ""והיוותייך"": [""והיוותייך""], ""ואמרתיוון"": [""ואמרתיוון""], ""ולאויראוי"": [""ולאויראוי""], ""ולאויראויי"": [""ולאויראויי""], ""ועמדתיהוון"": [""ועמדתיהוון""], ""ולאויראוייי"": [""ולאויראוייי""], ""ולאויראויייון"": [""ולאויראויייון""]}",ממנה,0.413453,בשנה,0.07398,והיה,0.035599,וממנה,0.030434,ולא,0.020225,שנה,0.016507,ואמר,0.011708,כל,0.008699,הבן,0.007972,ובשנה,0.006272,ונתן,0.004556,והיו,0.003994,מנה,0.002743,בשעת,0.002686,ואחר,0.001972,ועמד,0.001263,ובשנת,0.001254,וממנו,0.001162,בשני,0.001052,ובא,0.000565,הביא,0.000241,ואמרתי,0.000201,ואחרי,0.000195,ולאו,0.000177,מנהו,9.9e-05,בשנייה,9.6e-05,הביאו,6.6e-05,כלתה,5.1e-05,ממנהו,4.8e-05,בשעתו,3.4e-05,ובשנתו,2.5e-05,והיהו,1.6e-05,ואמרתיו,1e-05,ועמדת,6e-06,והיוות,2e-06,ולאויר,1e-06,כלתהו,1e-06,והיוותי,1e-06,ועמדתיה,0.0,ולאוירא,0.0,מנהוות,0.0,ועמדתיהו,0.0,מנהוותא,0.0,והיוותייך,0.0,ואמרתיוון,0.0,ולאויראוי,0.0,ולאויראויי,0.0,ועמדתיהוון,0.0,ולאויראוייי,0.0,ולאויראויייון,0.0,NUM,True,בשנייה,שניים,False,False,False,True,True,True,False,,,,False,False
Midrash_Aggadic_Midrash_Pesikta_DRav_Kahanna__10_1,pesikta_drk,287,הכניס,11.7677,0.7874,0.4005,0.4598,50,-1,False,"{""זרע"": 1, ""והוציא"": 1, ""ועשה"": 1, ""הוציא"": 1, ""לא"": 1, ""עשה"": 1, ""הבן"": 1, ""שליש"": 1, ""שלישית"": 1, ""עשר"": 1, ""מנה"": 1, ""שלש"": 1, ""ממנה"": 1, ""ואמר"": 1, ""נטעה"": 1, ""נטל"": 1, ""וזרע"": 1, ""נטלה"": 1, ""עשרו"": 1, ""הביא"": 1, ""הוציאו"": 1, ""והוצי"": 1, ""והוציאו"": 1, ""וזרעה"": 1, ""התחיל"": 1, ""זרעה"": 1, ""מנהו"": 1, ""הביאו"": 1, ""זרעו"": 1, ""התחילו"": 1, ""נטעהו"": 1, ""נטלהו"": 1, ""וזרעהו"": 1, ""שלישיתו"": 1, ""זרעהו"": 1, ""עשרויה"": 1, ""וזרען"": 1, ""ממנהו"": 1, ""עשרויהו"": 1, ""מנהוות"": 1, ""שלישיתוות"": 1, ""וזרעהוון"": 1, ""מנהוותה"": 1, ""זרעהוון"": 1, ""שלישיתוותה"": 1, ""עשרויהוון"": 1, ""מנהוותהו"": 1, ""שלישיתוותהו"": 1, ""שלישיתוותהוות"": 1, ""מנהוותהוון"": 1}","{""זרע"": [""זרע""], ""והוציא"": [""והוציא""], ""ועשה"": [""ועשה""], ""הוציא"": [""הוציא""], ""לא"": [""לא""], ""עשה"": [""עשה""], ""הבן"": [""הבן""], ""שליש"": [""שליש""], ""שלישית"": [""שלישית""], ""עשר"": [""עשר""], ""מנה"": [""מנה""], ""שלש"": [""שלש""], ""ממנה"": [""ממנה""], ""ואמר"": [""ואמר""], ""נטעה"": [""נטעה""], ""נטל"": [""נטל""], ""וזרע"": [""וזרע""], ""נטלה"": [""נטלה""], ""עשרו"": [""עשרו""], ""הביא"": [""הביא""], ""הוציאו"": [""הוציאו""], ""והוצי"": [""והוצי""], ""והוציאו"": [""והוציאו""], ""וזרעה"": [""וזרעה""], ""התחיל"": [""התחיל""], ""זרעה"": [""זרעה""], ""מנהו"": [""מנהו""], ""הביאו"": [""הביאו""], ""זרעו"": [""זרעו""], ""התחילו"": [""התחילו""], ""נטעהו"": [""נטעהו""], ""נטלהו"": [""נטלהו""], ""וזרעהו"": [""וזרעהו""], ""שלישיתו"": [""שלישיתו""], ""זרעהו"": [""זרעהו""], ""עשרויה"": [""עשרויה""], ""וזרען"": [""וזרען""], ""ממנהו"": [""ממנהו""], ""עשרויהו"": [""עשרויהו""], ""מנהוות"": [""מנהוות""], ""שלישיתוות"": [""שלישיתוות""], ""וזרעהוון"": [""וזרעהוון""], ""מנהוותה"": [""מנהוותה""], ""זרעהוון"": [""זרעהוון""], ""שלישיתוותה"": [""שלישיתוותה""], ""עשרויהוון"": [""עשרויהוון""], ""מנהוותהו"": [""מנהוותהו""], ""שלישיתוותהו"": [""שלישיתוותהו""], ""שלישיתוותהוות"": [""שלישיתוותהוות""], ""מנהוותהוון"": [""מנהוותהוון""]}",זרע,0.125793,והוציא,0.053864,ועשה,0.050706,הוציא,0.038153,לא,0.031351,עשה,0.030026,הבן,0.024091,שליש,0.023387,שלישית,0.022093,עשר,0.015577,מנה,0.008124,שלש,0.007133,ממנה,0.004417,ואמר,0.004275,נטעה,0.004228,נטל,0.00408,וזרע,0.00221,נטלה,0.001819,עשרו,0.001629,הביא,0.001564,הוציאו,0.000958,והוצי,0.000848,והוציאו,0.000804,וזרעה,0.0008,התחיל,0.000667,זרעה,0.000472,מנהו,0.000185,הביאו,0.000169,זרעו,0.000129,התחילו,0.000121,נטעהו,4.8e-05,נטלהו,3.1e-05,וזרעהו,1.8e-05,שלישיתו,1.5e-05,זרעהו,7e-06,עשרויה,6e-06,וזרען,2e-06,ממנהו,2e-06,עשרויהו,1e-06,מנהוות,0.0,שלישיתוות,0.0,וזרעהוון,0.0,מנהוותה,0.0,זרעהוון,0.0,שלישיתוותה,0.0,עשרויהוון,0.0,מנהוותהו,0.0,שלישיתוותהו,0.0,שלישיתוותהוות,0.0,מנהוותהוון,0.0,SYM,True,הכניס,הכניס,False,False,False,True,True,True,False,,,,False,False
Midrash_Aggadic_Midrash_Pesikta_DRav_Kahanna__10_1,pesikta_drk,288,בה,4.7025,0.7884,0.0,0.3876,50,4,True,"{""אותה"": 1, ""את"": 1, ""לו"": 1, ""בה"": 1, ""ידו"": 1, ""הבן"": 1, ""עין"": 1, ""לתוכה"": 1, ""ממנה"": 1, ""שדה"": 1, ""עיניו"": 1, ""יד"": 1, ""שור"": 1, ""לבהמה"": 1, ""בהן"": 1, ""שדהו"": 1, ""ידיה"": 1, ""אתו"": 1, ""שורו"": 1, ""עיניה"": 1, ""הבת"": 1, ""לתוכהו"": 1, ""אותהו"": 1, ""ידיהו"": 1, ""לבהמהו"": 1, ""עיניהו"": 1, ""הבתולה"": 1, ""אתוון"": 1, ""לבהמהוות"": 1, ""ידיהוון"": 1, ""לתוכהוות"": 1, ""אותהויל"": 1, ""לבהמהוותא"": 1, ""אותהוילדה"": 1, ""לתוכהוותא"": 1, ""עיניהוון"": 1, ""הבתולהו"": 1, ""אותהוילדהו"": 1, ""אותהוילדהוילדה"": 1, ""לבהמהוותאוי"": 1, ""אותהוילדהוילדהו"": 1, ""לתוכהוותאוי"": 1, ""לבהמהוותאויי"": 1, ""אותהוילדהוילד"": 1, ""לתוכהוותאויי"": 1, ""אותהוילדהוילדוה"": 1, ""הבתולהוות"": 1, ""הבתולהוותא"": 1, ""הבתולהוותאורה"": 1, ""הבתולהוותאורהו"": 1}","{""אותה"": [""אותה""], ""את"": [""את""], ""לו"": [""לו""], ""בה"": [""בה""], ""ידו"": [""ידו""], ""הבן"": [""הבן""], ""עין"": [""עין""], ""לתוכה"": [""לתוכה""], ""ממנה"": [""ממנה""], ""שדה"": [""שדה""], ""עיניו"": [""עיניו""], ""יד"": [""יד""], ""שור"": [""שור""], ""לבהמה"": [""לבהמה""], ""בהן"": [""בהן""], ""שדהו"": [""שדהו""], ""ידיה"": [""ידיה""], ""אתו"": [""אתו""], ""שורו"": [""שורו""], ""עיניה"": [""עיניה""], ""הבת"": [""הבת""], ""לתוכהו"": [""לתוכהו""], ""אותהו"": [""אותהו""], ""ידיהו"": [""ידיהו""], ""לבהמהו"": [""לבהמהו""], ""עיניהו"": [""עיניהו""], ""הבתולה"": [""הבתולה""], ""אתוון"": [""אתוון""], ""לבהמהוות"": [""לבהמהוות""], ""ידיהוון"": [""ידיהוון""], ""לתוכהוות"": [""לתוכהוות""], ""אותהויל"": [""אותהויל""], ""לבהמהוותא"": [""לבהמהוותא""], ""אותהוילדה"": [""אותהוילדה""], ""לתוכהוותא"": [""לתוכהוותא""], ""עיניהוון"": [""עיניהוון""], ""הבתולהו"": [""הבתולהו""], ""אותהוילדהו"": [""אותהוילדהו""], ""אותהוילדהוילדה"": [""אותהוילדהוילדה""], ""לבהמהוותאוי"": [""לבהמהוותאוי""], ""אותהוילדהוילדהו"": [""אותהוילדהוילדהו""], ""לתוכהוותאוי"": [""לתוכהוותאוי""], ""לבהמהוותאויי"": [""לבהמהוותאויי""], ""אותהוילדהוילד"": [""אותהוילדהוילד""], ""לתוכהוותאויי"": [""לתוכהוותאויי""], ""אותהוילדהוילדוה"": [""אותהוילדהוילדוה""], ""הבתולהוות"": [""הבתולהוות""], ""הבתולהוותא"": [""הבתולהוותא""], ""הבתולהוותאורה"": [""הבתולהוותאורה""], ""הבתולהוותאורהו"": [""הבתולהוותאורהו""]}",אותה,0.086551,את,0.078805,לו,0.039012,בה,0.038407,ידו,0.029416,הבן,0.028678,עין,0.027515,לתוכה,0.018198,ממנה,0.015107,שדה,0.00635,עיניו,0.005326,יד,0.005274,שור,0.002953,לבהמה,0.002387,בהן,0.002052,שדהו,0.000599,ידיה,0.000361,אתו,0.000325,שורו,0.000114,עיניה,5.3e-05,הבת,5e-05,לתוכהו,8e-06,אותהו,8e-06,ידיהו,7e-06,לבהמהו,1e-06,עיניהו,1e-06,הבתולה,0.0,אתוון,0.0,לבהמהוות,0.0,ידיהוון,0.0,לתוכהוות,0.0,אותהויל,0.0,לבהמהוותא,0.0,אותהוילדה,0.0,לתוכהוותא,0.0,עיניהוון,0.0,הבתולהו,0.0,אותהוילדהו,0.0,אותהוילדהוילדה,0.0,לבהמהוותאוי,0.0,אותהוילדהוילדהו,0.0,לתוכהוותאוי,0.0,לבהמהוותאויי,0.0,אותהוילדהוילד,0.0,לתוכהוותאויי,0.0,אותהוילדהוילדוה,0.0,הבתולהוות,0.0,הבתולהוותא,0.0,הבתולהוותאורה,0.0,הבתולהוותאורהו,0.0,SCONJ,False,בה,בה,False,False,False,True,True,True,False,,,,False,False
Midrash_Aggadic_Midrash_Pesikta_DRav_Kahanna__10_1,pesikta_drk,289,עין,7.8147,0.8023,0.0,0.1289,50,13,True,"{""זרע"": 1, ""סאה"": 1, ""שור"": 1, ""מים"": 1, ""עשר"": 1, ""תבואה"": 1, ""קרקע"": 1, ""תבן"": 1, ""שוה"": 1, ""חור"": 1, ""גורן"": 1, ""כרם"": 1, ""עין"": 1, ""כר"": 1, ""אבנים"": 1, ""קוצים"": 1, ""גוי"": 1, ""אבן"": 1, ""יתיר"": 1, ""זית"": 1, ""יתירה"": 1, ""חטים"": 1, ""מחרישה"": 1, ""זיתים"": 1, ""סלע"": 1, ""גורל"": 1, ""עשרון"": 1, ""סלעים"": 1, ""יתירא"": 1, ""כרשים"": 1, ""זרעון"": 1, ""חורין"": 1, ""מחרשה"": 1, ""שורו"": 1, ""מחרישהו"": 1, ""קרקעין"": 1, ""גורלין"": 1, ""סלעון"": 1, ""יתירהו"": 1, ""מחרשהו"": 1, ""שורוות"": 1, ""שורוותא"": 1, ""מחרישהוות"": 1, ""יתירהוות"": 1, ""מחרישהוותא"": 1, ""מחרשהוות"": 1, ""מחרשהוותא"": 1, ""מחרישהוותאוי"": 1, ""מחרישהוותאויי"": 1, ""מחרשהוותאילו"": 1}","{""זרע"": [""זרע""], ""סאה"": [""סאה""], ""שור"": [""שור""], ""מים"": [""מים""], ""עשר"": [""עשר""], ""תבואה"": [""תבואה""], ""קרקע"": [""קרקע""], ""תבן"": [""תבן""], ""שוה"": [""שוה""], ""חור"": [""חור""], ""גורן"": [""גורן""], ""כרם"": [""כרם""], ""עין"": [""עין""], ""כר"": [""כר""], ""אבנים"": [""אבנים""], ""קוצים"": [""קוצים""], ""גוי"": [""גוי""], ""אבן"": [""אבן""], ""יתיר"": [""יתיר""], ""זית"": [""זית""], ""יתירה"": [""יתירה""], ""חטים"": [""חטים""], ""מחרישה"": [""מחרישה""], ""זיתים"": [""זיתים""], ""סלע"": [""סלע""], ""גורל"": [""גורל""], ""עשרון"": [""עשרון""], ""סלעים"": [""סלעים""], ""יתירא"": [""יתירא""], ""כרשים"": [""כרשים""], ""זרעון"": [""זרעון""], ""חורין"": [""חורין""], ""מחרשה"": [""מחרשה""], ""שורו"": [""שורו""], ""מחרישהו"": [""מחרישהו""], ""קרקעין"": [""קרקעין""], ""גורלין"": [""גורלין""], ""סלעון"": [""סלעון""], ""יתירהו"": [""יתירהו""], ""מחרשהו"": [""מחרשהו""], ""שורוות"": [""שורוות""], ""שורוותא"": [""שורוותא""], ""מחרישהוות"": [""מחרישהוות""], ""יתירהוות"": [""יתירהוות""], ""מחרישהוותא"": [""מחרישהוותא""], ""מחרשהוות"": [""מחרשהוות""], ""מחרשהוותא"": [""מחרשהוותא""], ""מחרישהוותאוי"": [""מחרישהוותאוי""], ""מחרישהוותאויי"": [""מחרישהוותאויי""], ""מחרשהוותאילו"": [""מחרשהוותאילו""]}",זרע,0.013488,סאה,0.011322,שור,0.007497,מים,0.007395,עשר,0.006462,תבואה,0.006004,קרקע,0.005954,תבן,0.005784,שוה,0.005659,חור,0.005385,גורן,0.005143,כרם,0.004443,עין,0.004441,כר,0.003982,אבנים,0.003758,קוצים,0.003726,גוי,0.003617,אבן,0.003475,יתיר,0.003191,זית,0.003057,יתירה,0.002998,חטים,0.002974,מחרישה,0.002407,זיתים,0.002355,סלע,0.001124,גורל,0.000839,עשרון,0.000657,סלעים,0.000461,יתירא,0.000305,כרשים,0.00029,זרעון,0.000231,חורין,0.000184,מחרשה,0.000149,שורו,0.000132,מחרישהו,4e-06,קרקעין,3e-06,גורלין,2e-06,סלעון,2e-06,יתירהו,1e-06,מחרשהו,0.0,שורוות,0.0,שורוותא,0.0,מחרישהוות,0.0,יתירהוות,0.0,מחרישהוותא,0.0,מחרשהוות,0.0,מחרשהוותא,0.0,מחרישהוותאוי,0.0,מחרישהוותאויי,0.0,מחרשהוותאילו,0.0,VERB,True,עין,עין,True,False,True,True,True,True,True,48.0,50.0,-2.0,True,False
Midrash_Aggadic_Midrash_Pesikta_DRav_Kahanna__10_1,pesikta_drk,290,צרה,1.1343,0.1496,0.0,0.9138,5,2,True,"{""צר"": 1, ""צרה"": 1, ""צרהו"": 1, ""צרהוות"": 1, ""צרהוותה"": 1}","{""צר"": [""צר""], ""צרה"": [""צרה""], ""צרהו"": [""צרהו""], ""צרהוות"": [""צרהוות""], ""צרהוותה"": [""צרהוותה""]}",צר,0.458067,צרה,0.455551,צרהו,0.000141,צרהוות,1e-06,צרהוותה,0.0,,,,,,,,,,,,,,,,,,,,,,,,,,,,,,,,,,,,,,,,,,,,,,,,,,,,,,,,,,,,,,,,,,,,,,,,,,,,,,,,,,,,,,,,,,,VERB,False,צרה,צר,True,False,True,True,True,True,True,70.0,71.0,-1.0,True,False
Midrash_Aggadic_Midrash_Pesikta_DRav_Kahanna__10_1,pesikta_drk,291,והיה,6.771,0.6841,0.4116,0.5957,50,-1,False,"{""והוציא"": 1, ""ולא"": 1, ""ועשה"": 1, ""וזרע"": 1, ""ואמר"": 1, ""ובשל"": 1, ""ובשלישית"": 1, ""והוציאו"": 1, ""והפסידה"": 1, ""וזרעה"": 1, ""וחזר"": 1, ""שלא"": 1, ""ומאה"": 1, ""וחיסר"": 1, ""וממנה"": 1, ""ואינו"": 1, ""והתיר"": 1, ""וחזרה"": 1, ""מוציא"": 1, ""ובשנה"": 1, ""מכר"": 1, ""ונשרפה"": 1, ""והתנה"": 1, ""ונשרו"": 1, ""ולאו"": 1, ""מכרה"": 1, ""ואמרנו"": 1, ""והפסידהו"": 1, ""וזרעהו"": 1, ""ובשלישיה"": 1, ""מכרהו"": 1, ""מוציאין"": 1, ""וזרען"": 1, ""וחיסרנו"": 1, ""והתירוה"": 1, ""ובשלישיתו"": 1, ""ולאויר"": 1, ""שלאחר"": 1, ""והתירוהו"": 1, ""והתנהו"": 1, ""ולאוירא"": 1, ""ואמרנוו"": 1, ""ובשלישיהו"": 1, ""וזרעהוון"": 1, ""וחיסרנוו"": 1, ""ואמרנווין"": 1, ""ובשלישיתוון"": 1, ""וחיסרנווון"": 1, ""ובשלישיהוועין"": 1, ""ובשלישיהוועץ"": 1}","{""והוציא"": [""והוציא""], ""ולא"": [""ולא""], ""ועשה"": [""ועשה""], ""וזרע"": [""וזרע""], ""ואמר"": [""ואמר""], ""ובשל"": [""ובשל""], ""ובשלישית"": [""ובשלישית""], ""והוציאו"": [""והוציאו""], ""והפסידה"": [""והפסידה""], ""וזרעה"": [""וזרעה""], ""וחזר"": [""וחזר""], ""שלא"": [""שלא""], ""ומאה"": [""ומאה""], ""וחיסר"": [""וחיסר""], ""וממנה"": [""וממנה""], ""ואינו"": [""ואינו""], ""והתיר"": [""והתיר""], ""וחזרה"": [""וחזרה""], ""מוציא"": [""מוציא""], ""ובשנה"": [""ובשנה""], ""מכר"": [""מכר""], ""ונשרפה"": [""ונשרפה""], ""והתנה"": [""והתנה""], ""ונשרו"": [""ונשרו""], ""ולאו"": [""ולאו""], ""מכרה"": [""מכרה""], ""ואמרנו"": [""ואמרנו""], ""והפסידהו"": [""והפסידהו""], ""וזרעהו"": [""וזרעהו""], ""ובשלישיה"": [""ובשלישיה""], ""מכרהו"": [""מכרהו""], ""מוציאין"": [""מוציאין""], ""וזרען"": [""וזרען""], ""וחיסרנו"": [""וחיסרנו""], ""והתירוה"": [""והתירוה""], ""ובשלישיתו"": [""ובשלישיתו""], ""ולאויר"": [""ולאויר""], ""שלאחר"": [""שלאחר""], ""והתירוהו"": [""והתירוהו""], ""והתנהו"": [""והתנהו""], ""ולאוירא"": [""ולאוירא""], ""ואמרנוו"": [""ואמרנוו""], ""ובשלישיהו"": [""ובשלישיהו""], ""וזרעהוון"": [""וזרעהוון""], ""וחיסרנוו"": [""וחיסרנוו""], ""ואמרנווין"": [""ואמרנווין""], ""ובשלישיתוון"": [""ובשלישיתוון""], ""וחיסרנווון"": [""וחיסרנווון""], ""ובשלישיהוועין"": [""ובשלישיהוועין""], ""ובשלישיהוועץ"": [""ובשלישיהוועץ""]}",והוציא,0.312834,ולא,0.118121,ועשה,0.044971,וזרע,0.020286,ואמר,0.015222,ובשל,0.012042,ובשלישית,0.011586,והוציאו,0.008585,והפסידה,0.007767,וזרעה,0.007347,וחזר,0.006182,שלא,0.005525,ומאה,0.005283,וחיסר,0.004824,וממנה,0.00438,ואינו,0.002564,והתיר,0.001388,וחזרה,0.00116,מוציא,0.001129,ובשנה,0.000893,מכר,0.000852,ונשרפה,0.000689,והתנה,0.000487,ונשרו,0.000363,ולאו,0.000318,מכרה,0.000261,ואמרנו,0.000219,והפסידהו,0.000214,וזרעהו,4.5e-05,ובשלישיה,2.5e-05,מכרהו,2e-05,מוציאין,1.9e-05,וזרען,1.4e-05,וחיסרנו,1.2e-05,והתירוה,1e-05,ובשלישיתו,7e-06,ולאויר,3e-06,שלאחר,2e-06,והתירוהו,2e-06,והתנהו,2e-06,ולאוירא,0.0,ואמרנוו,0.0,ובשלישיהו,0.0,וזרעהוון,0.0,וחיסרנוו,0.0,ואמרנווין,0.0,ובשלישיתוון,0.0,וחיסרנווון,0.0,ובשלישיהוועין,0.0,ובשלישיהוועץ,0.0,SYM,True,והיה,היי,False,False,False,True,True,True,False,,,,False,False
Midrash_Aggadic_Midrash_Pesikta_DRav_Kahanna__10_1,pesikta_drk,292,פוחת,10.742,0.8292,0.5042,0.4243,50,-1,False,"{""מוציא"": 1, ""עושה"": 1, ""הולך"": 1, ""נותן"": 1, ""זורע"": 1, ""ניזון"": 1, ""מוצי"": 1, ""חסר"": 1, ""נוטה"": 1, ""זורק"": 1, ""זרע"": 1, ""מנכה"": 1, ""מחסר"": 1, ""מניח"": 1, ""משקה"": 1, ""מתמעט"": 1, ""הורג"": 1, ""מחזיר"": 1, ""חסרה"": 1, ""הולכת"": 1, ""משמר"": 1, ""מתמעטת"": 1, ""מוציאה"": 1, ""חוט"": 1, ""מתכוין"": 1, ""מחזירה"": 1, ""חוטא"": 1, ""עושהה"": 1, ""זורקן"": 1, ""מנכהו"": 1, ""הולכתו"": 1, ""חסרהו"": 1, ""מניחו"": 1, ""מחזירן"": 1, ""נוטהה"": 1, ""מחזירהו"": 1, ""זורען"": 1, ""עושההן"": 1, ""מוציאהו"": 1, ""נוטההו"": 1, ""הולכתוון"": 1, ""חסרהוון"": 1, ""מניחוות"": 1, ""מניחוותה"": 1, ""נוטההוות"": 1, ""נוטההוותה"": 1, ""נוטההוותהו"": 1, ""מניחוותהו"": 1, ""מניחוותהוות"": 1, ""מניחוותהוותה"": 1}","{""מוציא"": [""מוציא""], ""עושה"": [""עושה""], ""הולך"": [""הולך""], ""נותן"": [""נותן""], ""זורע"": [""זורע""], ""ניזון"": [""ניזון""], ""מוצי"": [""מוצי""], ""חסר"": [""חסר""], ""נוטה"": [""נוטה""], ""זורק"": [""זורק""], ""זרע"": [""זרע""], ""מנכה"": [""מנכה""], ""מחסר"": [""מחסר""], ""מניח"": [""מניח""], ""משקה"": [""משקה""], ""מתמעט"": [""מתמעט""], ""הורג"": [""הורג""], ""מחזיר"": [""מחזיר""], ""חסרה"": [""חסרה""], ""הולכת"": [""הולכת""], ""משמר"": [""משמר""], ""מתמעטת"": [""מתמעטת""], ""מוציאה"": [""מוציאה""], ""חוט"": [""חוט""], ""מתכוין"": [""מתכוין""], ""מחזירה"": [""מחזירה""], ""חוטא"": [""חוטא""], ""עושהה"": [""עושהה""], ""זורקן"": [""זורקן""], ""מנכהו"": [""מנכהו""], ""הולכתו"": [""הולכתו""], ""חסרהו"": [""חסרהו""], ""מניחו"": [""מניחו""], ""מחזירן"": [""מחזירן""], ""נוטהה"": [""נוטהה""], ""מחזירהו"": [""מחזירהו""], ""זורען"": [""זורען""], ""עושההן"": [""עושההן""], ""מוציאהו"": [""מוציאהו""], ""נוטההו"": [""נוטההו""], ""הולכתוון"": [""הולכתוון""], ""חסרהוון"": [""חסרהוון""], ""מניחוות"": [""מניחוות""], ""מניחוותה"": [""מניחוותה""], ""נוטההוות"": [""נוטההוות""], ""נוטההוותה"": [""נוטההוותה""], ""נוטההוותהו"": [""נוטההוותהו""], ""מניחוותהו"": [""מניחוותהו""], ""מניחוותהוות"": [""מניחוותהוות""], ""מניחוותהוותה"": [""מניחוותהוותה""]}",מוציא,0.20935,עושה,0.04707,הולך,0.022613,נותן,0.02155,זורע,0.018243,ניזון,0.018074,מוצי,0.013283,חסר,0.011298,נוטה,0.009794,זורק,0.009464,זרע,0.007383,מנכה,0.005927,מחסר,0.005199,מניח,0.004914,משקה,0.003981,מתמעט,0.003126,הורג,0.003034,מחזיר,0.002757,חסרה,0.001462,הולכת,0.000933,משמר,0.000931,מתמעטת,0.00092,מוציאה,0.000863,חוט,0.000769,מתכוין,0.000491,מחזירה,0.000319,חוטא,0.000142,עושהה,0.00012,זורקן,8.2e-05,מנכהו,5.7e-05,הולכתו,5.3e-05,חסרהו,2.8e-05,מניחו,1.5e-05,מחזירן,9e-06,נוטהה,8e-06,מחזירהו,6e-06,זורען,5e-06,עושההן,2e-06,מוציאהו,2e-06,נוטההו,0.0,הולכתוון,0.0,חסרהוון,0.0,מניחוות,0.0,מניחוותה,0.0,נוטההוות,0.0,נוטההוותה,0.0,נוטההוותהו,0.0,מניחוותהו,0.0,מניחוותהוות,0.0,מניחוותהוותה,0.0,SYM,True,פוחת,פוחת,False,False,False,True,True,True,False,,,,False,False
Midrash_Aggadic_Midrash_Pesikta_DRav_Kahanna__10_1,pesikta_drk,293,עשרה,11.5307,0.8656,0.7726,0.4586,50,-1,False,"{""ממנה"": 1, ""בה"": 1, ""את"": 1, ""אותה"": 1, ""לה"": 1, ""וממעט"": 1, ""והולך"": 1, ""כל"": 1, ""ועוקר"": 1, ""והיה"": 1, ""ואינו"": 1, ""ואומר"": 1, ""ומצמצ"": 1, ""ומוציא"": 1, ""ומצמצם"": 1, ""מאה"": 1, ""להן"": 1, ""מאלף"": 1, ""וממעטת"": 1, ""בהן"": 1, ""ואומרת"": 1, ""ממידתה"": 1, ""ממידות"": 1, ""ועוקרת"": 1, ""אתו"": 1, ""ממידותיה"": 1, ""מאלפי"": 1, ""ומוציאו"": 1, ""והולכת"": 1, ""מאלפיו"": 1, ""ואומרתא"": 1, ""וממעטתיה"": 1, ""ממידתהו"": 1, ""והולכתה"": 1, ""אתוון"": 1, ""ממידותיהו"": 1, ""מאלפיוון"": 1, ""וממעטתיהו"": 1, ""והולכתהו"": 1, ""ואומרתאך"": 1, ""ממידתהוות"": 1, ""ממידתהוותה"": 1, ""ממידותיהוות"": 1, ""והולכתהוות"": 1, ""ממידותיהוותה"": 1, ""ממידתהוותהו"": 1, ""והולכתהוותה"": 1, ""ממידתהוותהוות"": 1, ""והולכתהוותהו"": 1, ""ממידותיהוותהו"": 1}","{""ממנה"": [""ממנה""], ""בה"": [""בה""], ""את"": [""את""], ""אותה"": [""אותה""], ""לה"": [""לה""], ""וממעט"": [""וממעט""], ""והולך"": [""והולך""], ""כל"": [""כל""], ""ועוקר"": [""ועוקר""], ""והיה"": [""והיה""], ""ואינו"": [""ואינו""], ""ואומר"": [""ואומר""], ""ומצמצ"": [""ומצמצ""], ""ומוציא"": [""ומוציא""], ""ומצמצם"": [""ומצמצם""], ""מאה"": [""מאה""], ""להן"": [""להן""], ""מאלף"": [""מאלף""], ""וממעטת"": [""וממעטת""], ""בהן"": [""בהן""], ""ואומרת"": [""ואומרת""], ""ממידתה"": [""ממידתה""], ""ממידות"": [""ממידות""], ""ועוקרת"": [""ועוקרת""], ""אתו"": [""אתו""], ""ממידותיה"": [""ממידותיה""], ""מאלפי"": [""מאלפי""], ""ומוציאו"": [""ומוציאו""], ""והולכת"": [""והולכת""], ""מאלפיו"": [""מאלפיו""], ""ואומרתא"": [""ואומרתא""], ""וממעטתיה"": [""וממעטתיה""], ""ממידתהו"": [""ממידתהו""], ""והולכתה"": [""והולכתה""], ""אתוון"": [""אתוון""], ""ממידותיהו"": [""ממידותיהו""], ""מאלפיוון"": [""מאלפיוון""], ""וממעטתיהו"": [""וממעטתיהו""], ""והולכתהו"": [""והולכתהו""], ""ואומרתאך"": [""ואומרתאך""], ""ממידתהוות"": [""ממידתהוות""], ""ממידתהוותה"": [""ממידתהוותה""], ""ממידותיהוות"": [""ממידותיהוות""], ""והולכתהוות"": [""והולכתהוות""], ""ממידותיהוותה"": [""ממידותיהוותה""], ""ממידתהוותהו"": [""ממידתהוותהו""], ""והולכתהוותה"": [""והולכתהוותה""], ""ממידתהוותהוות"": [""ממידתהוותהוות""], ""והולכתהוותהו"": [""והולכתהוותהו""], ""ממידותיהוותהו"": [""ממידותיהוותהו""]}",ממנה,0.149287,בה,0.063835,את,0.038117,אותה,0.027887,לה,0.025792,וממעט,0.025094,והולך,0.024769,כל,0.022408,ועוקר,0.01414,והיה,0.010878,ואינו,0.009103,ואומר,0.008288,ומצמצ,0.007624,ומוציא,0.007535,ומצמצם,0.00743,מאה,0.007375,להן,0.003153,מאלף,0.001587,וממעטת,0.000844,בהן,0.000786,ואומרת,0.000546,ממידתה,0.00047,ממידות,0.000441,ועוקרת,0.000413,אתו,0.00025,ממידותיה,0.000227,מאלפי,0.000178,ומוציאו,4.6e-05,והולכת,4.4e-05,מאלפיו,9e-06,ואומרתא,4e-06,וממעטתיה,2e-06,ממידתהו,1e-06,והולכתה,0.0,אתוון,0.0,ממידותיהו,0.0,מאלפיוון,0.0,וממעטתיהו,0.0,והולכתהו,0.0,ואומרתאך,0.0,ממידתהוות,0.0,ממידתהוותה,0.0,ממידותיהוות,0.0,והולכתהוות,0.0,ממידותיהוותה,0.0,ממידתהוותהו,0.0,והולכתהוותה,0.0,ממידתהוותהוות,0.0,והולכתהוותהו,0.0,ממידותיהוותהו,0.0,NUM,True,עשרה,עשרה,False,False,False,True,True,True,False,,,,False,False
Midrash_Aggadic_Midrash_Pesikta_DRav_Kahanna__10_1,pesikta_drk,294,והיא,11.7205,0.9201,0.7877,0.6203,50,-1,False,"{""מידות"": 1, ""כל"": 1, ""מידת"": 1, ""והיה"": 1, ""בכל"": 1, ""עד"": 1, ""מאות"": 1, ""מאה"": 1, ""ממנה"": 1, ""מנה"": 1, ""והוציא"": 1, ""ועשר"": 1, ""מאלף"": 1, ""ומוציא"": 1, ""דינר"": 1, ""במדה"": 1, ""לערך"": 1, ""ובחמישית"": 1, ""ומאה"": 1, ""ועשרים"": 1, ""מאותן"": 1, ""ליום"": 1, ""ביד"": 1, ""דכת"": 1, ""מידתין"": 1, ""בידות"": 1, ""מאלפי"": 1, ""והוציאו"": 1, ""מנהו"": 1, ""כלשון"": 1, ""עדין"": 1, ""ובחמישאה"": 1, ""ומוציאו"": 1, ""ובחמישי"": 1, ""ובחמישיתו"": 1, ""ממנהו"": 1, ""מאלפיו"": 1, ""ומאהו"": 1, ""כלשנה"": 1, ""מנהוון"": 1, ""ובחמישאהו"": 1, ""ומאהוות"": 1, ""מאלפיוון"": 1, ""ממנהוון"": 1, ""ובחמישיתוון"": 1, ""ומאהוותה"": 1, ""ובחמישאהוות"": 1, ""ובחמישאהוותיר"": 1, ""ומאהוותהו"": 1, ""ומאהוותהוון"": 1}","{""מידות"": [""מידות""], ""כל"": [""כל""], ""מידת"": [""מידת""], ""והיה"": [""והיה""], ""בכל"": [""בכל""], ""עד"": [""עד""], ""מאות"": [""מאות""], ""מאה"": [""מאה""], ""ממנה"": [""ממנה""], ""מנה"": [""מנה""], ""והוציא"": [""והוציא""], ""ועשר"": [""ועשר""], ""מאלף"": [""מאלף""], ""ומוציא"": [""ומוציא""], ""דינר"": [""דינר""], ""במדה"": [""במדה""], ""לערך"": [""לערך""], ""ובחמישית"": [""ובחמישית""], ""ומאה"": [""ומאה""], ""ועשרים"": [""ועשרים""], ""מאותן"": [""מאותן""], ""ליום"": [""ליום""], ""ביד"": [""ביד""], ""דכת"": [""דכת""], ""מידתין"": [""מידתין""], ""בידות"": [""בידות""], ""מאלפי"": [""מאלפי""], ""והוציאו"": [""והוציאו""], ""מנהו"": [""מנהו""], ""כלשון"": [""כלשון""], ""עדין"": [""עדין""], ""ובחמישאה"": [""ובחמישאה""], ""ומוציאו"": [""ומוציאו""], ""ובחמישי"": [""ובחמישי""], ""ובחמישיתו"": [""ובחמישיתו""], ""ממנהו"": [""ממנהו""], ""מאלפיו"": [""מאלפיו""], ""ומאהו"": [""ומאהו""], ""כלשנה"": [""כלשנה""], ""מנהוון"": [""מנהוון""], ""ובחמישאהו"": [""ובחמישאהו""], ""ומאהוות"": [""ומאהוות""], ""מאלפיוון"": [""מאלפיוון""], ""ממנהוון"": [""ממנהוון""], ""ובחמישיתוון"": [""ובחמישיתוון""], ""ומאהוותה"": [""ומאהוותה""], ""ובחמישאהוות"": [""ובחמישאהוות""], ""ובחמישאהוותיר"": [""ובחמישאהוותיר""], ""ומאהוותהו"": [""ומאהוותהו""], ""ומאהוותהוון"": [""ומאהוותהוון""]}",מידות,0.542525,כל,0.013413,מידת,0.009047,והיה,0.008292,בכל,0.007763,עד,0.007408,מאות,0.00718,מאה,0.005026,ממנה,0.003393,מנה,0.002684,והוציא,0.002232,ועשר,0.001414,מאלף,0.00136,ומוציא,0.001196,דינר,0.001081,במדה,0.001,לערך,0.000749,ובחמישית,0.000715,ומאה,0.000714,ועשרים,0.000644,מאותן,0.000584,ליום,0.000539,ביד,0.000385,דכת,0.00033,מידתין,0.000286,בידות,0.0001,מאלפי,6.1e-05,והוציאו,4.8e-05,מנהו,4.8e-05,כלשון,3.1e-05,עדין,2.2e-05,ובחמישאה,1.4e-05,ומוציאו,9e-06,ובחמישי,6e-06,ובחמישיתו,4e-06,ממנהו,4e-06,מאלפיו,2e-06,ומאהו,1e-06,כלשנה,1e-06,מנהוון,0.0,ובחמישאהו,0.0,ומאהוות,0.0,מאלפיוון,0.0,ממנהוון,0.0,ובחמישיתוון,0.0,ומאהוותה,0.0,ובחמישאהוות,0.0,ובחמישאהוותיר,0.0,ומאהוותהו,0.0,ומאהוותהוון,0.0,SCONJ,False,והיא,הוא,False,True,False,True,True,True,False,,,,False,False
Midrash_Aggadic_Midrash_Pesikta_DRav_Kahanna__10_1,pesikta_drk,295,פוחתת,6.4883,0.8212,0.0,0.5117,50,11,True,"{""היתה"": 1, ""לא"": 1, ""אינה"": 1, ""עושה"": 1, ""פחת"": 1, ""פחתה"": 1, ""הפסידה"": 1, ""פוחת"": 1, ""הולכת"": 1, ""נותנת"": 1, ""פוחתת"": 1, ""מפסדת"": 1, ""מתמעט"": 1, ""מתמעטת"": 1, ""עשת"": 1, ""עשתה"": 1, ""ממעט"": 1, ""מפסידה"": 1, ""נוטה"": 1, ""יוצאה"": 1, ""נוטלת"": 1, ""עמדה"": 1, ""נתנה"": 1, ""ירדה"": 1, ""גוררת"": 1, ""מתה"": 1, ""איננה"": 1, ""אוכל"": 1, ""נותת"": 1, ""אוכלת"": 1, ""נתמעטה"": 1, ""גורמת"": 1, ""הפסידהו"": 1, ""נתמעטת"": 1, ""נוטלתו"": 1, ""הולכתו"": 1, ""פחתהו"": 1, ""נותנתו"": 1, ""ירודה"": 1, ""מפסדתנו"": 1, ""גורמתו"": 1, ""מפסידהו"": 1, ""גוררתנו"": 1, ""נוטהו"": 1, ""נתמעטהו"": 1, ""ירדהו"": 1, ""הולכתוון"": 1, ""ירודהו"": 1, ""גוררתנוון"": 1, ""נוטהוון"": 1}","{""היתה"": [""היתה""], ""לא"": [""לא""], ""אינה"": [""אינה""], ""עושה"": [""עושה""], ""פחת"": [""פחת""], ""פחתה"": [""פחתה""], ""הפסידה"": [""הפסידה""], ""פוחת"": [""פוחת""], ""הולכת"": [""הולכת""], ""נותנת"": [""נותנת""], ""פוחתת"": [""פוחתת""], ""מפסדת"": [""מפסדת""], ""מתמעט"": [""מתמעט""], ""מתמעטת"": [""מתמעטת""], ""עשת"": [""עשת""], ""עשתה"": [""עשתה""], ""ממעט"": [""ממעט""], ""מפסידה"": [""מפסידה""], ""נוטה"": [""נוטה""], ""יוצאה"": [""יוצאה""], ""נוטלת"": [""נוטלת""], ""עמדה"": [""עמדה""], ""נתנה"": [""נתנה""], ""ירדה"": [""ירדה""], ""גוררת"": [""גוררת""], ""מתה"": [""מתה""], ""איננה"": [""איננה""], ""אוכל"": [""אוכל""], ""נותת"": [""נותת""], ""אוכלת"": [""אוכלת""], ""נתמעטה"": [""נתמעטה""], ""גורמת"": [""גורמת""], ""הפסידהו"": [""הפסידהו""], ""נתמעטת"": [""נתמעטת""], ""נוטלתו"": [""נוטלתו""], ""הולכתו"": [""הולכתו""], ""פחתהו"": [""פחתהו""], ""נותנתו"": [""נותנתו""], ""ירודה"": [""ירודה""], ""מפסדתנו"": [""מפסדתנו""], ""גורמתו"": [""גורמתו""], ""מפסידהו"": [""מפסידהו""], ""גוררתנו"": [""גוררתנו""], ""נוטהו"": [""נוטהו""], ""נתמעטהו"": [""נתמעטהו""], ""ירדהו"": [""ירדהו""], ""הולכתוון"": [""הולכתוון""], ""ירודהו"": [""ירודהו""], ""גוררתנוון"": [""גוררתנוון""], ""נוטהוון"": [""נוטהוון""]}",היתה,0.183794,לא,0.060609,אינה,0.035078,עושה,0.02908,פחת,0.026762,פחתה,0.025942,הפסידה,0.023328,פוחת,0.014133,הולכת,0.013131,נותנת,0.01289,פוחתת,0.011139,מפסדת,0.010962,מתמעט,0.006564,מתמעטת,0.005915,עשת,0.005655,עשתה,0.005546,ממעט,0.005448,מפסידה,0.004293,נוטה,0.003619,יוצאה,0.00326,נוטלת,0.003193,עמדה,0.002509,נתנה,0.00234,ירדה,0.002152,גוררת,0.002114,מתה,0.00188,איננה,0.001855,אוכל,0.001763,נותת,0.001588,אוכלת,0.001536,נתמעטה,0.001493,גורמת,0.001282,הפסידהו,0.000318,נתמעטת,0.000184,נוטלתו,0.000132,הולכתו,9.6e-05,פחתהו,7.5e-05,נותנתו,2.9e-05,ירודה,2.2e-05,מפסדתנו,1e-05,גורמתו,8e-06,מפסידהו,8e-06,גוררתנו,6e-06,נוטהו,3e-06,נתמעטהו,2e-06,ירדהו,1e-06,הולכתוון,0.0,ירודהו,0.0,גוררתנוון,0.0,נוטהוון,0.0,VERB,True,פוחתת,פוחת,True,False,True,True,True,True,True,54.0,47.0,7.0,False,True
Midrash_Aggadic_Midrash_Pesikta_DRav_Kahanna__10_1,pesikta_drk,296,מאה,5.924,0.8177,0.0,0.5213,50,4,True,"{""עשרה"": 1, ""עשר"": 1, ""ממנו"": 1, ""מאה"": 1, ""יותר"": 1, ""מעצמה"": 1, ""אחר"": 1, ""כל"": 1, ""ממנה"": 1, ""חמש"": 1, ""מעשר"": 1, ""חמשה"": 1, ""והיה"": 1, ""מעשרה"": 1, ""ואינה"": 1, ""עשרין"": 1, ""מאליה"": 1, ""ועשרה"": 1, ""ופוחת"": 1, ""ופוחתת"": 1, ""והיתה"": 1, ""כפלי"": 1, ""ואמר"": 1, ""כולה"": 1, ""אחריו"": 1, ""כפליים"": 1, ""מעשרו"": 1, ""חצי"": 1, ""כולהו"": 1, ""מאליהן"": 1, ""ואמרין"": 1, ""ופוחתה"": 1, ""כלפיה"": 1, ""מאהן"": 1, ""ממנהו"": 1, ""כלפיך"": 1, ""ואינהו"": 1, ""והיהו"": 1, ""ופוחתהו"": 1, ""והיתהו"": 1, ""חציי"": 1, ""כולהוון"": 1, ""כלפיהו"": 1, ""והיהוון"": 1, ""ואינהוון"": 1, ""ופוחתהוון"": 1, ""והיתהויה"": 1, ""והיתהויהניזון"": 1, ""והיתהויהניזונת"": 1, ""והיתהויהניזונומ"": 1}","{""עשרה"": [""עשרה""], ""עשר"": [""עשר""], ""ממנו"": [""ממנו""], ""מאה"": [""מאה""], ""יותר"": [""יותר""], ""מעצמה"": [""מעצמה""], ""אחר"": [""אחר""], ""כל"": [""כל""], ""ממנה"": [""ממנה""], ""חמש"": [""חמש""], ""מעשר"": [""מעשר""], ""חמשה"": [""חמשה""], ""והיה"": [""והיה""], ""מעשרה"": [""מעשרה""], ""ואינה"": [""ואינה""], ""עשרין"": [""עשרין""], ""מאליה"": [""מאליה""], ""ועשרה"": [""ועשרה""], ""ופוחת"": [""ופוחת""], ""ופוחתת"": [""ופוחתת""], ""והיתה"": [""והיתה""], ""כפלי"": [""כפלי""], ""ואמר"": [""ואמר""], ""כולה"": [""כולה""], ""אחריו"": [""אחריו""], ""כפליים"": [""כפליים""], ""מעשרו"": [""מעשרו""], ""חצי"": [""חצי""], ""כולהו"": [""כולהו""], ""מאליהן"": [""מאליהן""], ""ואמרין"": [""ואמרין""], ""ופוחתה"": [""ופוחתה""], ""כלפיה"": [""כלפיה""], ""מאהן"": [""מאהן""], ""ממנהו"": [""ממנהו""], ""כלפיך"": [""כלפיך""], ""ואינהו"": [""ואינהו""], ""והיהו"": [""והיהו""], ""ופוחתהו"": [""ופוחתהו""], ""והיתהו"": [""והיתהו""], ""חציי"": [""חציי""], ""כולהוון"": [""כולהוון""], ""כלפיהו"": [""כלפיהו""], ""והיהוון"": [""והיהוון""], ""ואינהוון"": [""ואינהוון""], ""ופוחתהוון"": [""ופוחתהוון""], ""והיתהויה"": [""והיתהויה""], ""והיתהויהניזון"": [""והיתהויהניזון""], ""והיתהויהניזונת"": [""והיתהויהניזונת""], ""והיתהויהניזונומ"": [""והיתהויהניזונומ""]}",עשרה,0.304922,עשר,0.046761,ממנו,0.019156,מאה,0.01647,יותר,0.013166,מעצמה,0.012393,אחר,0.012368,כל,0.011988,ממנה,0.010274,חמש,0.009521,מעשר,0.008617,חמשה,0.008355,והיה,0.006597,מעשרה,0.006504,ואינה,0.00466,עשרין,0.004549,מאליה,0.004364,ועשרה,0.004161,ופוחת,0.003805,ופוחתת,0.003445,והיתה,0.002044,כפלי,0.001774,ואמר,0.001421,כולה,0.001365,אחריו,0.000965,כפליים,0.000509,מעשרו,0.000412,חצי,0.000235,כולהו,0.000174,מאליהן,0.000126,ואמרין,6.4e-05,ופוחתה,5.9e-05,כלפיה,1.6e-05,מאהן,1.1e-05,ממנהו,1.1e-05,כלפיך,9e-06,ואינהו,5e-06,והיהו,4e-06,ופוחתהו,1e-06,והיתהו,0.0,חציי,0.0,כולהוון,0.0,כלפיהו,0.0,והיהוון,0.0,ואינהוון,0.0,ופוחתהוון,0.0,והיתהויה,0.0,והיתהויהניזון,0.0,והיתהויהניזונת,0.0,והיתהויהניזונומ,0.0,AUX,True,מאה,מאה,False,False,False,True,True,True,False,,,,False,False
Midrash_Aggadic_Midrash_Pesikta_DRav_Kahanna__10_1,pesikta_drk,297,פוחת,11.2831,0.773,0.4771,0.5824,50,-1,False,"{""מידות"": 1, ""עשרה"": 1, ""והיה"": 1, ""מידת"": 1, ""ועשר"": 1, ""ובשל"": 1, ""ובשליש"": 1, ""ובשלישית"": 1, ""עשר"": 1, ""של"": 1, ""שליש"": 1, ""ועשרים"": 1, ""ממנה"": 1, ""עשרון"": 1, ""והיו"": 1, ""ועשרה"": 1, ""ואמר"": 1, ""ואחד"": 1, ""מנה"": 1, ""לאלף"": 1, ""בשני"": 1, ""לשלשים"": 1, ""שלישית"": 1, ""בשניה"": 1, ""במדה"": 1, ""מידותיו"": 1, ""ובשנה"": 1, ""בחדשי"": 1, ""מידתיה"": 1, ""בחדשו"": 1, ""ואמרין"": 1, ""מנהו"": 1, ""והיהו"": 1, ""והיוון"": 1, ""ממנהו"": 1, ""ובשלישיתו"": 1, ""ואחדה"": 1, ""שלישיתו"": 1, ""מידתיהו"": 1, ""בחדשיים"": 1, ""בחדשוון"": 1, ""ואחדהו"": 1, ""מנהוון"": 1, ""והיהוון"": 1, ""ואחדהוון"": 1, ""שלישיתויה"": 1, ""ובשלישיתוון"": 1, ""שלישיתויהיה"": 1, ""שלישיתויהיהפוח"": 1, ""שלישיתויהיהפחת"": 1}","{""מידות"": [""מידות""], ""עשרה"": [""עשרה""], ""והיה"": [""והיה""], ""מידת"": [""מידת""], ""ועשר"": [""ועשר""], ""ובשל"": [""ובשל""], ""ובשליש"": [""ובשליש""], ""ובשלישית"": [""ובשלישית""], ""עשר"": [""עשר""], ""של"": [""של""], ""שליש"": [""שליש""], ""ועשרים"": [""ועשרים""], ""ממנה"": [""ממנה""], ""עשרון"": [""עשרון""], ""והיו"": [""והיו""], ""ועשרה"": [""ועשרה""], ""ואמר"": [""ואמר""], ""ואחד"": [""ואחד""], ""מנה"": [""מנה""], ""לאלף"": [""לאלף""], ""בשני"": [""בשני""], ""לשלשים"": [""לשלשים""], ""שלישית"": [""שלישית""], ""בשניה"": [""בשניה""], ""במדה"": [""במדה""], ""מידותיו"": [""מידותיו""], ""ובשנה"": [""ובשנה""], ""בחדשי"": [""בחדשי""], ""מידתיה"": [""מידתיה""], ""בחדשו"": [""בחדשו""], ""ואמרין"": [""ואמרין""], ""מנהו"": [""מנהו""], ""והיהו"": [""והיהו""], ""והיוון"": [""והיוון""], ""ממנהו"": [""ממנהו""], ""ובשלישיתו"": [""ובשלישיתו""], ""ואחדה"": [""ואחדה""], ""שלישיתו"": [""שלישיתו""], ""מידתיהו"": [""מידתיהו""], ""בחדשיים"": [""בחדשיים""], ""בחדשוון"": [""בחדשוון""], ""ואחדהו"": [""ואחדהו""], ""מנהוון"": [""מנהוון""], ""והיהוון"": [""והיהוון""], ""ואחדהוון"": [""ואחדהוון""], ""שלישיתויה"": [""שלישיתויה""], ""ובשלישיתוון"": [""ובשלישיתוון""], ""שלישיתויהיה"": [""שלישיתויהיה""], ""שלישיתויהיהפוח"": [""שלישיתויהיהפוח""], ""שלישיתויהיהפחת"": [""שלישיתויהיהפחת""]}",מידות,0.418502,עשרה,0.033842,והיה,0.015413,מידת,0.014546,ועשר,0.011739,ובשל,0.010856,ובשליש,0.010724,ובשלישית,0.010685,עשר,0.010161,של,0.010026,שליש,0.006499,ועשרים,0.004893,ממנה,0.003708,עשרון,0.00238,והיו,0.002255,ועשרה,0.002224,ואמר,0.002142,ואחד,0.001981,מנה,0.001546,לאלף,0.001308,בשני,0.001285,לשלשים,0.001264,שלישית,0.001246,בשניה,0.001152,במדה,0.000802,מידותיו,0.000462,ובשנה,0.000217,בחדשי,0.000178,מידתיה,0.00017,בחדשו,0.000113,ואמרין,7.7e-05,מנהו,1.6e-05,והיהו,7e-06,והיוון,3e-06,ממנהו,3e-06,ובשלישיתו,3e-06,ואחדה,2e-06,שלישיתו,2e-06,מידתיהו,1e-06,בחדשיים,1e-06,בחדשוון,1e-06,ואחדהו,0.0,מנהוון,0.0,והיהוון,0.0,ואחדהוון,0.0,שלישיתויה,0.0,ובשלישיתוון,0.0,שלישיתויהיה,0.0,שלישיתויהיהפוח,0.0,שלישיתויהיהפחת,0.0,SYM,True,פוחת,פוחת,False,False,False,True,True,True,False,,,,False,False
Midrash_Aggadic_Midrash_Pesikta_DRav_Kahanna__10_1,pesikta_drk,298,עשרה,1.5371,0.3323,0.0,0.6125,50,1,True,"{""עשרה"": 1, ""מאה"": 1, ""עשר"": 1, ""ממנה"": 1, ""בה"": 1, ""לה"": 1, ""מאתים"": 1, ""מאלף"": 1, ""ופוחת"": 1, ""חמש"": 1, ""מעשר"": 1, ""שלשים"": 1, ""חמשה"": 1, ""ששים"": 1, ""עשרון"": 1, ""שמונים"": 1, ""ועשרה"": 1, ""והולך"": 1, ""שבעה"": 1, ""שליש"": 1, ""מעשרה"": 1, ""והיה"": 1, ""שמונה"": 1, ""שבעים"": 1, ""ופוחתת"": 1, ""לאלף"": 1, ""מאתן"": 1, ""להן"": 1, ""מנה"": 1, ""חצי"": 1, ""לשלשים"": 1, ""והולכת"": 1, ""בהן"": 1, ""יפה"": 1, ""מאלפי"": 1, ""שלישית"": 1, ""יתירה"": 1, ""מעשרו"": 1, ""יתיר"": 1, ""ופוחתה"": 1, ""מאלפיים"": 1, ""ממנהו"": 1, ""מנהו"": 1, ""והולכתו"": 1, ""ופוחתהו"": 1, ""שלישיתו"": 1, ""חציים"": 1, ""מנהוון"": 1, ""והולכתוון"": 1, ""ופוחתהוון"": 1}","{""עשרה"": [""עשרה""], ""מאה"": [""מאה""], ""עשר"": [""עשר""], ""ממנה"": [""ממנה""], ""בה"": [""בה""], ""לה"": [""לה""], ""מאתים"": [""מאתים""], ""מאלף"": [""מאלף""], ""ופוחת"": [""ופוחת""], ""חמש"": [""חמש""], ""מעשר"": [""מעשר""], ""שלשים"": [""שלשים""], ""חמשה"": [""חמשה""], ""ששים"": [""ששים""], ""עשרון"": [""עשרון""], ""שמונים"": [""שמונים""], ""ועשרה"": [""ועשרה""], ""והולך"": [""והולך""], ""שבעה"": [""שבעה""], ""שליש"": [""שליש""], ""מעשרה"": [""מעשרה""], ""והיה"": [""והיה""], ""שמונה"": [""שמונה""], ""שבעים"": [""שבעים""], ""ופוחתת"": [""ופוחתת""], ""לאלף"": [""לאלף""], ""מאתן"": [""מאתן""], ""להן"": [""להן""], ""מנה"": [""מנה""], ""חצי"": [""חצי""], ""לשלשים"": [""לשלשים""], ""והולכת"": [""והולכת""], ""בהן"": [""בהן""], ""יפה"": [""יפה""], ""מאלפי"": [""מאלפי""], ""שלישית"": [""שלישית""], ""יתירה"": [""יתירה""], ""מעשרו"": [""מעשרו""], ""יתיר"": [""יתיר""], ""ופוחתה"": [""ופוחתה""], ""מאלפיים"": [""מאלפיים""], ""ממנהו"": [""ממנהו""], ""מנהו"": [""מנהו""], ""והולכתו"": [""והולכתו""], ""ופוחתהו"": [""ופוחתהו""], ""שלישיתו"": [""שלישיתו""], ""חציים"": [""חציים""], ""מנהוון"": [""מנהוון""], ""והולכתוון"": [""והולכתוון""], ""ופוחתהוון"": [""ופוחתהוון""]}",עשרה,0.344566,מאה,0.077927,עשר,0.039268,ממנה,0.029802,בה,0.015815,לה,0.010701,מאתים,0.010192,מאלף,0.009409,ופוחת,0.008327,חמש,0.007556,מעשר,0.006314,שלשים,0.00598,חמשה,0.005583,ששים,0.005244,עשרון,0.005052,שמונים,0.003813,ועשרה,0.00325,והולך,0.002219,שבעה,0.002174,שליש,0.002166,מעשרה,0.002148,והיה,0.002107,שמונה,0.002009,שבעים,0.001426,ופוחתת,0.00141,לאלף,0.001219,מאתן,0.000933,להן,0.000827,מנה,0.000746,חצי,0.000681,לשלשים,0.000662,והולכת,0.000607,בהן,0.000468,יפה,0.000466,מאלפי,0.000365,שלישית,0.000334,יתירה,0.000211,מעשרו,0.000204,יתיר,0.000145,ופוחתה,9e-05,מאלפיים,4.3e-05,ממנהו,1.8e-05,מנהו,1.1e-05,והולכתו,2e-06,ופוחתהו,2e-06,שלישיתו,1e-06,חציים,0.0,מנהוון,0.0,והולכתוון,0.0,ופוחתהוון,0.0,NUM,True,עשרה,עשרה,False,False,False,True,True,True,False,,,,False,False
Midrash_Aggadic_Midrash_Pesikta_DRav_Kahanna__10_1,pesikta_drk,299,והיא,1.9388,0.4138,0.0,0.5716,50,1,True,"{""והיא"": 1, ""והוא"": 1, ""היא"": 1, ""והיתה"": 1, ""ופוחת"": 1, ""פוחת"": 1, ""עד"": 1, ""והיה"": 1, ""ופוחתת"": 1, ""מאה"": 1, ""עשרה"": 1, ""פוחתת"": 1, ""ואינה"": 1, ""ובשל"": 1, ""ובשלישית"": 1, ""ועשרה"": 1, ""עשר"": 1, ""פחת"": 1, ""ממנה"": 1, ""פחתה"": 1, ""עשרון"": 1, ""ואחר"": 1, ""ובשנה"": 1, ""מאלף"": 1, ""מנה"": 1, ""ופוחתה"": 1, ""ואחרי"": 1, ""היאך"": 1, ""עדין"": 1, ""מאלפי"": 1, ""והואיל"": 1, ""ואינהו"": 1, ""מנהלת"": 1, ""והיהו"": 1, ""ובשלישיה"": 1, ""פחתהו"": 1, ""ובשלישיתו"": 1, ""ממנהו"": 1, ""ופוחתהו"": 1, ""מאלפיים"": 1, ""מנהלתה"": 1, ""מנהלתהו"": 1, ""ובשלישיהו"": 1, ""והיהוון"": 1, ""ואינהוון"": 1, ""ופוחתהוון"": 1, ""פחתהוון"": 1, ""ממנהוון"": 1, ""ובשלישיתוון"": 1, ""מנהלתהוון"": 1}","{""והיא"": [""והיא""], ""והוא"": [""והוא""], ""היא"": [""היא""], ""והיתה"": [""והיתה""], ""ופוחת"": [""ופוחת""], ""פוחת"": [""פוחת""], ""עד"": [""עד""], ""והיה"": [""והיה""], ""ופוחתת"": [""ופוחתת""], ""מאה"": [""מאה""], ""עשרה"": [""עשרה""], ""פוחתת"": [""פוחתת""], ""ואינה"": [""ואינה""], ""ובשל"": [""ובשל""], ""ובשלישית"": [""ובשלישית""], ""ועשרה"": [""ועשרה""], ""עשר"": [""עשר""], ""פחת"": [""פחת""], ""ממנה"": [""ממנה""], ""פחתה"": [""פחתה""], ""עשרון"": [""עשרון""], ""ואחר"": [""ואחר""], ""ובשנה"": [""ובשנה""], ""מאלף"": [""מאלף""], ""מנה"": [""מנה""], ""ופוחתה"": [""ופוחתה""], ""ואחרי"": [""ואחרי""], ""היאך"": [""היאך""], ""עדין"": [""עדין""], ""מאלפי"": [""מאלפי""], ""והואיל"": [""והואיל""], ""ואינהו"": [""ואינהו""], ""מנהלת"": [""מנהלת""], ""והיהו"": [""והיהו""], ""ובשלישיה"": [""ובשלישיה""], ""פחתהו"": [""פחתהו""], ""ובשלישיתו"": [""ובשלישיתו""], ""ממנהו"": [""ממנהו""], ""ופוחתהו"": [""ופוחתהו""], ""מאלפיים"": [""מאלפיים""], ""מנהלתה"": [""מנהלתה""], ""מנהלתהו"": [""מנהלתהו""], ""ובשלישיהו"": [""ובשלישיהו""], ""והיהוון"": [""והיהוון""], ""ואינהוון"": [""ואינהוון""], ""ופוחתהוון"": [""ופוחתהוון""], ""פחתהוון"": [""פחתהוון""], ""ממנהוון"": [""ממנהוון""], ""ובשלישיתוון"": [""ובשלישיתוון""], ""מנהלתהוון"": [""מנהלתהוון""]}",והיא,0.260825,והוא,0.04393,היא,0.036419,והיתה,0.035558,ופוחת,0.023699,פוחת,0.021585,עד,0.02141,והיה,0.019637,ופוחתת,0.017923,מאה,0.013807,עשרה,0.012265,פוחתת,0.009198,ואינה,0.007909,ובשל,0.00761,ובשלישית,0.007455,ועשרה,0.00676,עשר,0.006363,פחת,0.005383,ממנה,0.004421,פחתה,0.002445,עשרון,0.001816,ואחר,0.001486,ובשנה,0.001313,מאלף,0.00104,מנה,0.000545,ופוחתה,0.000349,ואחרי,0.000225,היאך,8.3e-05,עדין,6e-05,מאלפי,4.6e-05,והואיל,1.9e-05,ואינהו,1.3e-05,מנהלת,1e-05,והיהו,1e-05,ובשלישיה,6e-06,פחתהו,4e-06,ובשלישיתו,3e-06,ממנהו,3e-06,ופוחתהו,3e-06,מאלפיים,2e-06,מנהלתה,1e-06,מנהלתהו,0.0,ובשלישיהו,0.0,והיהוון,0.0,ואינהוון,0.0,ופוחתהוון,0.0,פחתהוון,0.0,ממנהוון,0.0,ובשלישיתוון,0.0,מנהלתהוון,0.0,PUNCT,False,והיא,הוא,False,True,False,True,True,True,False,,,,False,False
Midrash_Aggadic_Midrash_Pesikta_DRav_Kahanna__10_1,pesikta_drk,300,פוחתת,0.2048,0.0278,0.0,1.7805,5,2,True,"{""פוחת"": 1, ""פוחתת"": 1, ""פוחתה"": 1, ""פוחתהו"": 1, ""פוחתהוון"": 1}","{""פוחת"": [""פוחת""], ""פוחתת"": [""פוחתת""], ""פוחתה"": [""פוחתה""], ""פוחתהו"": [""פוחתהו""], ""פוחתהוון"": [""פוחתהוון""]}",פוחת,0.902944,פוחתת,0.867664,פוחתה,0.009722,פוחתהו,0.000158,פוחתהוון,1e-06,,,,,,,,,,,,,,,,,,,,,,,,,,,,,,,,,,,,,,,,,,,,,,,,,,,,,,,,,,,,,,,,,,,,,,,,,,,,,,,,,,,,,,,,,,,VERB,False,פוחתת,פוחת,True,False,True,True,True,True,True,80.0,78.0,2.0,False,True
Midrash_Aggadic_Midrash_Pesikta_DRav_Kahanna__10_1,pesikta_drk,301,מאה,0.4586,0.0476,0.0,0.7756,5,1,True,"{""מאה"": 1, ""עשרה"": 1, ""מאלף"": 1, ""עשר"": 1, ""מאלפים"": 1}","{""מאה"": [""מאה""], ""עשרה"": [""עשרה""], ""מאלף"": [""מאלף""], ""עשר"": [""עשר""], ""מאלפים"": [""מאלפים""]}",מאה,0.727711,עשרה,0.031747,מאלף,0.012289,עשר,0.003562,מאלפים,0.000263,,,,,,,,,,,,,,,,,,,,,,,,,,,,,,,,,,,,,,,,,,,,,,,,,,,,,,,,,,,,,,,,,,,,,,,,,,,,,,,,,,,,,,,,,,,ADP,True,מאה,מאה,False,False,False,True,True,True,False,,,,False,False
Midrash_Aggadic_Midrash_Pesikta_DRav_Kahanna__10_1,pesikta_drk,302,עד,3.1673,0.7301,0.0,0.5908,50,2,True,"{""פוחת"": 1, ""עד"": 1, ""עשרה"": 1, ""שליש"": 1, ""כך"": 1, ""שלישית"": 1, ""וכן"": 1, ""וכך"": 1, ""ר"": 1, ""והיה"": 1, ""על"": 1, ""ופוחת"": 1, ""שנה"": 1, ""ובשל"": 1, ""ובשלישית"": 1, ""מאה"": 1, ""עשר"": 1, ""ואמר"": 1, ""פחת"": 1, ""משל"": 1, ""פוחתת"": 1, ""והיו"": 1, ""ופחת"": 1, ""ועשר"": 1, ""שלשה"": 1, ""ופוחתת"": 1, ""ואחר"": 1, ""ובשנה"": 1, ""עשרים"": 1, ""ופחתה"": 1, ""פחתה"": 1, ""מכאן"": 1, ""עלתה"": 1, ""משלשים"": 1, ""עדין"": 1, ""ואחרי"": 1, ""ואמרין"": 1, ""מאתיים"": 1, ""שלישיתו"": 1, ""ובשלישיה"": 1, ""והיהו"": 1, ""והיוון"": 1, ""ופחתהו"": 1, ""פחתהו"": 1, ""ובשלישיתו"": 1, ""והיהוון"": 1, ""ובשלישיהו"": 1, ""ופחתהוון"": 1, ""פחתהוון"": 1, ""ובשלישיתוון"": 1}","{""פוחת"": [""פוחת""], ""עד"": [""עד""], ""עשרה"": [""עשרה""], ""שליש"": [""שליש""], ""כך"": [""כך""], ""שלישית"": [""שלישית""], ""וכן"": [""וכן""], ""וכך"": [""וכך""], ""ר"": [""ר""], ""והיה"": [""והיה""], ""על"": [""על""], ""ופוחת"": [""ופוחת""], ""שנה"": [""שנה""], ""ובשל"": [""ובשל""], ""ובשלישית"": [""ובשלישית""], ""מאה"": [""מאה""], ""עשר"": [""עשר""], ""ואמר"": [""ואמר""], ""פחת"": [""פחת""], ""משל"": [""משל""], ""פוחתת"": [""פוחתת""], ""והיו"": [""והיו""], ""ופחת"": [""ופחת""], ""ועשר"": [""ועשר""], ""שלשה"": [""שלשה""], ""ופוחתת"": [""ופוחתת""], ""ואחר"": [""ואחר""], ""ובשנה"": [""ובשנה""], ""עשרים"": [""עשרים""], ""ופחתה"": [""ופחתה""], ""פחתה"": [""פחתה""], ""מכאן"": [""מכאן""], ""עלתה"": [""עלתה""], ""משלשים"": [""משלשים""], ""עדין"": [""עדין""], ""ואחרי"": [""ואחרי""], ""ואמרין"": [""ואמרין""], ""מאתיים"": [""מאתיים""], ""שלישיתו"": [""שלישיתו""], ""ובשלישיה"": [""ובשלישיה""], ""והיהו"": [""והיהו""], ""והיוון"": [""והיוון""], ""ופחתהו"": [""ופחתהו""], ""פחתהו"": [""פחתהו""], ""ובשלישיתו"": [""ובשלישיתו""], ""והיהוון"": [""והיהוון""], ""ובשלישיהו"": [""ובשלישיהו""], ""ופחתהוון"": [""ופחתהוון""], ""פחתהוון"": [""פחתהוון""], ""ובשלישיתוון"": [""ובשלישיתוון""]}",פוחת,0.167196,עד,0.111311,עשרה,0.031625,שליש,0.030481,כך,0.029959,שלישית,0.026215,וכן,0.019648,וכך,0.018748,ר,0.016288,והיה,0.014657,על,0.013716,ופוחת,0.013392,שנה,0.011021,ובשל,0.011007,ובשלישית,0.010689,מאה,0.009997,עשר,0.008646,ואמר,0.006182,פחת,0.005512,משל,0.004193,פוחתת,0.004116,והיו,0.003481,ופחת,0.0029,ועשר,0.002894,שלשה,0.002663,ופוחתת,0.002279,ואחר,0.00217,ובשנה,0.001623,עשרים,0.001522,ופחתה,0.001318,פחתה,0.001238,מכאן,0.001111,עלתה,0.001008,משלשים,0.000801,עדין,0.000404,ואחרי,0.000302,ואמרין,0.000243,מאתיים,0.000149,שלישיתו,1.6e-05,ובשלישיה,1.4e-05,והיהו,1.1e-05,והיוון,6e-06,ופחתהו,5e-06,פחתהו,3e-06,ובשלישיתו,3e-06,והיהוון,0.0,ובשלישיהו,0.0,ופחתהוון,0.0,פחתהוון,0.0,ובשלישיתוון,0.0,VERB,False,עד,עד,True,True,False,True,True,True,False,,,,False,False
Midrash_Aggadic_Midrash_Pesikta_DRav_Kahanna__10_1,pesikta_drk,303,שעמדה,12.05,0.815,0.7505,0.4662,50,-1,False,"{""שהיתה"": 1, ""שנה"": 1, ""שליש"": 1, ""שלא"": 1, ""שנת"": 1, ""שלישית"": 1, ""שת"": 1, ""שהגיע"": 1, ""שפחת"": 1, ""שנפחת"": 1, ""שמת"": 1, ""שבא"": 1, ""שנשאר"": 1, ""שנפחתה"": 1, ""שפחתה"": 1, ""שאם"": 1, ""שנפלה"": 1, ""שבשנה"": 1, ""שלש"": 1, ""שאינה"": 1, ""שבשנת"": 1, ""שמתו"": 1, ""שהגיעו"": 1, ""שתצא"": 1, ""שנתים"": 1, ""שלאחר"": 1, ""שנהיש"": 1, ""שלישיתו"": 1, ""שנהישיש"": 1, ""שנהישישיש"": 1, ""שנהישישישיש"": 1, ""שנהישישישישיש"": 1, ""שפחתהו"": 1, ""שנפחתהו"": 1, ""שנהישישישישישיש"": 1, ""שנהישישישישישישיש"": 1, ""שלשנה"": 1, ""שבשנתו"": 1, ""שהיתהו"": 1, ""שמתוון"": 1, ""שלאחרון"": 1, ""שנפלהו"": 1, ""שאינהו"": 1, ""שלישיתוון"": 1, ""שהיתהויה"": 1, ""שאינהוון"": 1, ""שהיתהויהו"": 1, ""שהיתהויהויה"": 1, ""שהיתהויהויהו"": 1, ""שהיתהויהויהויה"": 1}","{""שהיתה"": [""שהיתה""], ""שנה"": [""שנה""], ""שליש"": [""שליש""], ""שלא"": [""שלא""], ""שנת"": [""שנת""], ""שלישית"": [""שלישית""], ""שת"": [""שת""], ""שהגיע"": [""שהגיע""], ""שפחת"": [""שפחת""], ""שנפחת"": [""שנפחת""], ""שמת"": [""שמת""], ""שבא"": [""שבא""], ""שנשאר"": [""שנשאר""], ""שנפחתה"": [""שנפחתה""], ""שפחתה"": [""שפחתה""], ""שאם"": [""שאם""], ""שנפלה"": [""שנפלה""], ""שבשנה"": [""שבשנה""], ""שלש"": [""שלש""], ""שאינה"": [""שאינה""], ""שבשנת"": [""שבשנת""], ""שמתו"": [""שמתו""], ""שהגיעו"": [""שהגיעו""], ""שתצא"": [""שתצא""], ""שנתים"": [""שנתים""], ""שלאחר"": [""שלאחר""], ""שנהיש"": [""שנהיש""], ""שלישיתו"": [""שלישיתו""], ""שנהישיש"": [""שנהישיש""], ""שנהישישיש"": [""שנהישישיש""], ""שנהישישישיש"": [""שנהישישישיש""], ""שנהישישישישיש"": [""שנהישישישישיש""], ""שפחתהו"": [""שפחתהו""], ""שנפחתהו"": [""שנפחתהו""], ""שנהישישישישישיש"": [""שנהישישישישישיש""], ""שנהישישישישישישיש"": [""שנהישישישישישישיש""], ""שלשנה"": [""שלשנה""], ""שבשנתו"": [""שבשנתו""], ""שהיתהו"": [""שהיתהו""], ""שמתוון"": [""שמתוון""], ""שלאחרון"": [""שלאחרון""], ""שנפלהו"": [""שנפלהו""], ""שאינהו"": [""שאינהו""], ""שלישיתוון"": [""שלישיתוון""], ""שהיתהויה"": [""שהיתהויה""], ""שאינהוון"": [""שאינהוון""], ""שהיתהויהו"": [""שהיתהויהו""], ""שהיתהויהויה"": [""שהיתהויהויה""], ""שהיתהויהויהו"": [""שהיתהויהויהו""], ""שהיתהויהויהויה"": [""שהיתהויהויהויה""]}",שהיתה,0.074287,שנה,0.073418,שליש,0.052841,שלא,0.041832,שנת,0.03468,שלישית,0.028648,שת,0.021702,שהגיע,0.016837,שפחת,0.016661,שנפחת,0.013749,שמת,0.013502,שבא,0.013286,שנשאר,0.013097,שנפחתה,0.011347,שפחתה,0.009095,שאם,0.008183,שנפלה,0.004605,שבשנה,0.002966,שלש,0.002757,שאינה,0.002741,שבשנת,0.002104,שמתו,0.002065,שהגיעו,0.001736,שתצא,0.001601,שנתים,0.001209,שלאחר,0.000361,שנהיש,0.000322,שלישיתו,8.8e-05,שנהישיש,8.2e-05,שנהישישיש,6.5e-05,שנהישישישיש,5.4e-05,שנהישישישישיש,4.6e-05,שפחתהו,4.4e-05,שנפחתהו,4.2e-05,שנהישישישישישיש,4e-05,שנהישישישישישישיש,3.4e-05,שלשנה,2.9e-05,שבשנתו,2.6e-05,שהיתהו,1.2e-05,שמתוון,1.2e-05,שלאחרון,7e-06,שנפלהו,7e-06,שאינהו,0.0,שלישיתוון,0.0,שהיתהויה,0.0,שאינהוון,0.0,שהיתהויהו,0.0,שהיתהויהויה,0.0,שהיתהויהויהו,0.0,שהיתהויהויהויה,0.0,DET,False,שעמדה,עמדה,False,False,False,True,True,True,False,,,,False,False
Midrash_Aggadic_Midrash_Pesikta_DRav_Kahanna__10_1,pesikta_drk,304,על,5.3863,0.7926,0.0,0.2241,50,3,True,"{""לו"": 1, ""לה"": 1, ""על"": 1, ""השדה"": 1, ""שדה"": 1, ""בשעת"": 1, ""ביד"": 1, ""במדה"": 1, ""שדהו"": 1, ""לשבע"": 1, ""וזרעה"": 1, ""בשלה"": 1, ""ועשת"": 1, ""ועשתה"": 1, ""למכור"": 1, ""שבע"": 1, ""בשלהי"": 1, ""למכירה"": 1, ""להפחת"": 1, ""להפחתה"": 1, ""שבעה"": 1, ""בידיו"": 1, ""בשעתה"": 1, ""להפוך"": 1, ""עליה"": 1, ""השעה"": 1, ""השדהו"": 1, ""במדהה"": 1, ""וזרעהו"": 1, ""למכורו"": 1, ""עליהו"": 1, ""במדההן"": 1, ""ועשתהו"": 1, ""להפחתהו"": 1, ""בשעתהו"": 1, ""השעהו"": 1, ""וזרעהוון"": 1, ""בשעתהוות"": 1, ""להפחתהוון"": 1, ""בשעתהוותה"": 1, ""השעהוון"": 1, ""השדהוועתה"": 1, ""עליהוון"": 1, ""השדהוועשאה"": 1, ""בשעתהוותהו"": 1, ""השדהוועשא"": 1, ""השדהוועשאהן"": 1, ""השדהוועשאחת"": 1, ""השדהוועשאחתע"": 1, ""בשעתהוותהוות"": 1}","{""לו"": [""לו""], ""לה"": [""לה""], ""על"": [""על""], ""השדה"": [""השדה""], ""שדה"": [""שדה""], ""בשעת"": [""בשעת""], ""ביד"": [""ביד""], ""במדה"": [""במדה""], ""שדהו"": [""שדהו""], ""לשבע"": [""לשבע""], ""וזרעה"": [""וזרעה""], ""בשלה"": [""בשלה""], ""ועשת"": [""ועשת""], ""ועשתה"": [""ועשתה""], ""למכור"": [""למכור""], ""שבע"": [""שבע""], ""בשלהי"": [""בשלהי""], ""למכירה"": [""למכירה""], ""להפחת"": [""להפחת""], ""להפחתה"": [""להפחתה""], ""שבעה"": [""שבעה""], ""בידיו"": [""בידיו""], ""בשעתה"": [""בשעתה""], ""להפוך"": [""להפוך""], ""עליה"": [""עליה""], ""השעה"": [""השעה""], ""השדהו"": [""השדהו""], ""במדהה"": [""במדהה""], ""וזרעהו"": [""וזרעהו""], ""למכורו"": [""למכורו""], ""עליהו"": [""עליהו""], ""במדההן"": [""במדההן""], ""ועשתהו"": [""ועשתהו""], ""להפחתהו"": [""להפחתהו""], ""בשעתהו"": [""בשעתהו""], ""השעהו"": [""השעהו""], ""וזרעהוון"": [""וזרעהוון""], ""בשעתהוות"": [""בשעתהוות""], ""להפחתהוון"": [""להפחתהוון""], ""בשעתהוותה"": [""בשעתהוותה""], ""השעהוון"": [""השעהוון""], ""השדהוועתה"": [""השדהוועתה""], ""עליהוון"": [""עליהוון""], ""השדהוועשאה"": [""השדהוועשאה""], ""בשעתהוותהו"": [""בשעתהוותהו""], ""השדהוועשא"": [""השדהוועשא""], ""השדהוועשאהן"": [""השדהוועשאהן""], ""השדהוועשאחת"": [""השדהוועשאחת""], ""השדהוועשאחתע"": [""השדהוועשאחתע""], ""בשעתהוותהוות"": [""בשעתהוותהוות""]}",לו,0.079631,לה,0.037615,על,0.02391,השדה,0.023813,שדה,0.015355,בשעת,0.009384,ביד,0.006367,במדה,0.005037,שדהו,0.003633,לשבע,0.003501,וזרעה,0.002257,בשלה,0.002194,ועשת,0.002029,ועשתה,0.001871,למכור,0.001454,שבע,0.001428,בשלהי,0.00139,למכירה,0.001097,להפחת,0.000576,להפחתה,0.000361,שבעה,0.000287,בידיו,0.000276,בשעתה,0.000218,להפוך,0.000212,עליה,0.000123,השעה,6.7e-05,השדהו,8e-06,במדהה,6e-06,וזרעהו,3e-06,למכורו,2e-06,עליהו,0.0,במדההן,0.0,ועשתהו,0.0,להפחתהו,0.0,בשעתהו,0.0,השעהו,0.0,וזרעהוון,0.0,בשעתהוות,0.0,להפחתהוון,0.0,בשעתהוותה,0.0,השעהוון,0.0,השדהוועתה,0.0,עליהוון,0.0,השדהוועשאה,0.0,בשעתהוותהו,0.0,השדהוועשא,0.0,השדהוועשאהן,0.0,השדהוועשאחת,0.0,השדהוועשאחתע,0.0,בשעתהוותהוות,0.0,VERB,False,על,על,True,True,False,True,True,True,False,,,,False,False
Midrash_Aggadic_Midrash_Pesikta_DRav_Kahanna__10_1,pesikta_drk,305,מעשרותיה,13.276,0.8179,0.5166,0.4808,50,-1,False,"{""ארבע"": 1, ""עשר"": 1, ""מאה"": 1, ""עשרה"": 1, ""מנה"": 1, ""שתי"": 1, ""אחת"": 1, ""אלף"": 1, ""שליש"": 1, ""חמש"": 1, ""אפס"": 1, ""שלש"": 1, ""ששה"": 1, ""ארבעת"": 1, ""עשרין"": 1, ""שמנה"": 1, ""המאה"": 1, ""תשעה"": 1, ""מידה"": 1, ""חמשה"": 1, ""יד"": 1, ""שלישית"": 1, ""המידה"": 1, ""תריסר"": 1, ""חצי"": 1, ""אמה"": 1, ""מאתיים"": 1, ""יתד"": 1, ""ארץ"": 1, ""שתיים"": 1, ""יתדות"": 1, ""מנהו"": 1, ""אפסי"": 1, ""ארבעתין"": 1, ""שלישיתו"": 1, ""יתדותיה"": 1, ""המאהו"": 1, ""אפסיון"": 1, ""אמהות"": 1, ""יתדך"": 1, ""מנהוון"": 1, ""חציי"": 1, ""יתדותיהו"": 1, ""המאהוות"": 1, ""אמהותיה"": 1, ""המאהוותי"": 1, ""אמהותיהו"": 1, ""חצייון"": 1, ""יתדותיהוון"": 1, ""אמהותיהוון"": 1}","{""ארבע"": [""ארבע""], ""עשר"": [""עשר""], ""מאה"": [""מאה""], ""עשרה"": [""עשרה""], ""מנה"": [""מנה""], ""שתי"": [""שתי""], ""אחת"": [""אחת""], ""אלף"": [""אלף""], ""שליש"": [""שליש""], ""חמש"": [""חמש""], ""אפס"": [""אפס""], ""שלש"": [""שלש""], ""ששה"": [""ששה""], ""ארבעת"": [""ארבעת""], ""עשרין"": [""עשרין""], ""שמנה"": [""שמנה""], ""המאה"": [""המאה""], ""תשעה"": [""תשעה""], ""מידה"": [""מידה""], ""חמשה"": [""חמשה""], ""יד"": [""יד""], ""שלישית"": [""שלישית""], ""המידה"": [""המידה""], ""תריסר"": [""תריסר""], ""חצי"": [""חצי""], ""אמה"": [""אמה""], ""מאתיים"": [""מאתיים""], ""יתד"": [""יתד""], ""ארץ"": [""ארץ""], ""שתיים"": [""שתיים""], ""יתדות"": [""יתדות""], ""מנהו"": [""מנהו""], ""אפסי"": [""אפסי""], ""ארבעתין"": [""ארבעתין""], ""שלישיתו"": [""שלישיתו""], ""יתדותיה"": [""יתדותיה""], ""המאהו"": [""המאהו""], ""אפסיון"": [""אפסיון""], ""אמהות"": [""אמהות""], ""יתדך"": [""יתדך""], ""מנהוון"": [""מנהוון""], ""חציי"": [""חציי""], ""יתדותיהו"": [""יתדותיהו""], ""המאהוות"": [""המאהוות""], ""אמהותיה"": [""אמהותיה""], ""המאהוותי"": [""המאהוותי""], ""אמהותיהו"": [""אמהותיהו""], ""חצייון"": [""חצייון""], ""יתדותיהוון"": [""יתדותיהוון""], ""אמהותיהוון"": [""אמהותיהוון""]}",ארבע,0.071983,עשר,0.07046,מאה,0.054535,עשרה,0.040147,מנה,0.032382,שתי,0.024131,אחת,0.021971,אלף,0.021631,שליש,0.020819,חמש,0.017555,אפס,0.014906,שלש,0.013442,ששה,0.013226,ארבעת,0.01186,עשרין,0.00967,שמנה,0.009233,המאה,0.006349,תשעה,0.003548,מידה,0.003467,חמשה,0.003393,יד,0.003252,שלישית,0.00314,המידה,0.001967,תריסר,0.001734,חצי,0.001685,אמה,0.001224,מאתיים,0.000854,יתד,0.000664,ארץ,0.000344,שתיים,0.000318,יתדות,0.000299,מנהו,0.000284,אפסי,0.000126,ארבעתין,6.3e-05,שלישיתו,5.6e-05,יתדותיה,4.6e-05,המאהו,3e-06,אפסיון,2e-06,אמהות,2e-06,יתדך,1e-06,מנהוון,0.0,חציי,0.0,יתדותיהו,0.0,המאהוות,0.0,אמהותיה,0.0,המאהוותי,0.0,אמהותיהו,0.0,חצייון,0.0,יתדותיהוון,0.0,אמהותיהוון,0.0,NUM,False,מעשרותיה,מעשר,False,False,False,True,True,True,False,,,,False,False
Midrash_Aggadic_Midrash_Pesikta_DRav_Kahanna__10_1,pesikta_drk,306,וכיון,9.9819,0.8715,0.4825,0.334,50,-1,False,"{""של"": 1, ""שליש"": 1, ""בשנה"": 1, ""ר"": 1, ""והיה"": 1, ""אמר"": 1, ""ולא"": 1, ""ואמר"": 1, ""שלישית"": 1, ""דכת"": 1, ""והיתה"": 1, ""ובשל"": 1, ""ובשלישית"": 1, ""אמרו"": 1, ""ובשנה"": 1, ""ואחר"": 1, ""רבי"": 1, ""ממנה"": 1, ""ויצא"": 1, ""דהו"": 1, ""דהוון"": 1, ""ועמד"": 1, ""משל"": 1, ""ואחרי"": 1, ""ואמרין"": 1, ""דכתיב"": 1, ""ולאו"": 1, ""ועמדת"": 1, ""שלישיתו"": 1, ""ויצאנו"": 1, ""ובשלישיה"": 1, ""ובשלישיתו"": 1, ""ועמדתיה"": 1, ""רביי"": 1, ""והיתהו"": 1, ""דכתיבא"": 1, ""ולאויר"": 1, ""ועמדתיהו"": 1, ""ולאוירא"": 1, ""ובשלישיהו"": 1, ""רבייון"": 1, ""והיתהויה"": 1, ""ובשלישיתוון"": 1, ""דכתיבאון"": 1, ""והיתהויהניזון"": 1, ""ובשלישיהויש"": 1, ""והיתהויהניזונת"": 1, ""והיתהויהניזונומ"": 1, ""ובשלישיהוישתה"": 1, ""ובשלישיהוישתהו"": 1}","{""של"": [""של""], ""שליש"": [""שליש""], ""בשנה"": [""בשנה""], ""ר"": [""ר""], ""והיה"": [""והיה""], ""אמר"": [""אמר""], ""ולא"": [""ולא""], ""ואמר"": [""ואמר""], ""שלישית"": [""שלישית""], ""דכת"": [""דכת""], ""והיתה"": [""והיתה""], ""ובשל"": [""ובשל""], ""ובשלישית"": [""ובשלישית""], ""אמרו"": [""אמרו""], ""ובשנה"": [""ובשנה""], ""ואחר"": [""ואחר""], ""רבי"": [""רבי""], ""ממנה"": [""ממנה""], ""ויצא"": [""ויצא""], ""דהו"": [""דהו""], ""דהוון"": [""דהוון""], ""ועמד"": [""ועמד""], ""משל"": [""משל""], ""ואחרי"": [""ואחרי""], ""ואמרין"": [""ואמרין""], ""דכתיב"": [""דכתיב""], ""ולאו"": [""ולאו""], ""ועמדת"": [""ועמדת""], ""שלישיתו"": [""שלישיתו""], ""ויצאנו"": [""ויצאנו""], ""ובשלישיה"": [""ובשלישיה""], ""ובשלישיתו"": [""ובשלישיתו""], ""ועמדתיה"": [""ועמדתיה""], ""רביי"": [""רביי""], ""והיתהו"": [""והיתהו""], ""דכתיבא"": [""דכתיבא""], ""ולאויר"": [""ולאויר""], ""ועמדתיהו"": [""ועמדתיהו""], ""ולאוירא"": [""ולאוירא""], ""ובשלישיהו"": [""ובשלישיהו""], ""רבייון"": [""רבייון""], ""והיתהויה"": [""והיתהויה""], ""ובשלישיתוון"": [""ובשלישיתוון""], ""דכתיבאון"": [""דכתיבאון""], ""והיתהויהניזון"": [""והיתהויהניזון""], ""ובשלישיהויש"": [""ובשלישיהויש""], ""והיתהויהניזונת"": [""והיתהויהניזונת""], ""והיתהויהניזונומ"": [""והיתהויהניזונומ""], ""ובשלישיהוישתה"": [""ובשלישיהוישתה""], ""ובשלישיהוישתהו"": [""ובשלישיהוישתהו""]}",של,0.081213,שליש,0.034743,בשנה,0.030825,ר,0.025957,והיה,0.025749,אמר,0.025555,ולא,0.020857,ואמר,0.015692,שלישית,0.013771,דכת,0.011591,והיתה,0.009326,ובשל,0.007407,ובשלישית,0.007023,אמרו,0.004711,ובשנה,0.003878,ואחר,0.003669,רבי,0.002006,ממנה,0.001762,ויצא,0.001705,דהו,0.001411,דהוון,0.00134,ועמד,0.001312,משל,0.001309,ואחרי,0.000479,ואמרין,0.000263,דכתיב,0.000166,ולאו,0.000146,ועמדת,4.7e-05,שלישיתו,4.3e-05,ויצאנו,1.2e-05,ובשלישיה,9e-06,ובשלישיתו,5e-06,ועמדתיה,4e-06,רביי,3e-06,והיתהו,1e-06,דכתיבא,1e-06,ולאויר,1e-06,ועמדתיהו,0.0,ולאוירא,0.0,ובשלישיהו,0.0,רבייון,0.0,והיתהויה,0.0,ובשלישיתוון,0.0,דכתיבאון,0.0,והיתהויהניזון,0.0,ובשלישיהויש,0.0,והיתהויהניזונת,0.0,והיתהויהניזונומ,0.0,ובשלישיהוישתה,0.0,ובשלישיהוישתהו,0.0,PRON,True,וכיון,כיוון,False,False,False,True,True,True,False,,,,False,False
Midrash_Aggadic_Midrash_Pesikta_DRav_Kahanna__10_1,pesikta_drk,307,שידעו,13.9874,0.7929,0.3416,0.4161,50,-1,False,"{""שעמדה"": 1, ""שהיתה"": 1, ""שמת"": 1, ""שנה"": 1, ""שהגיע"": 1, ""שנכנס"": 1, ""שזכת"": 1, ""שנגמר"": 1, ""שבא"": 1, ""שזכתה"": 1, ""שאמר"": 1, ""שנהרג"": 1, ""שאמרה"": 1, ""שנגמרה"": 1, ""שנכנסו"": 1, ""שזינת"": 1, ""שזינתה"": 1, ""שבאה"": 1, ""שנתנה"": 1, ""שעמד"": 1, ""שהגיעו"": 1, ""שנתפזרו"": 1, ""שנהרגה"": 1, ""שנתפזרה"": 1, ""דזבין"": 1, ""שנתפגר"": 1, ""שאמרנו"": 1, ""דהוון"": 1, ""שבאנו"": 1, ""דהויא"": 1, ""שעמדת"": 1, ""שבאהו"": 1, ""שאמרהו"": 1, ""שהיתהו"": 1, ""שנהרגהו"": 1, ""שזכתהו"": 1, ""שזינתהו"": 1, ""שנתפזרהו"": 1, ""שעמדתך"": 1, ""שבאנוון"": 1, ""שהיתהויה"": 1, ""שבאהוון"": 1, ""שזינתהוות"": 1, ""שזינתהוותיה"": 1, ""שהיתהויהו"": 1, ""שנתפזרהוון"": 1, ""שזינתהוותיהו"": 1, ""שהיתהויהויה"": 1, ""שהיתהויהויהו"": 1, ""שהיתהויהויהויה"": 1}","{""שעמדה"": [""שעמדה""], ""שהיתה"": [""שהיתה""], ""שמת"": [""שמת""], ""שנה"": [""שנה""], ""שהגיע"": [""שהגיע""], ""שנכנס"": [""שנכנס""], ""שזכת"": [""שזכת""], ""שנגמר"": [""שנגמר""], ""שבא"": [""שבא""], ""שזכתה"": [""שזכתה""], ""שאמר"": [""שאמר""], ""שנהרג"": [""שנהרג""], ""שאמרה"": [""שאמרה""], ""שנגמרה"": [""שנגמרה""], ""שנכנסו"": [""שנכנסו""], ""שזינת"": [""שזינת""], ""שזינתה"": [""שזינתה""], ""שבאה"": [""שבאה""], ""שנתנה"": [""שנתנה""], ""שעמד"": [""שעמד""], ""שהגיעו"": [""שהגיעו""], ""שנתפזרו"": [""שנתפזרו""], ""שנהרגה"": [""שנהרגה""], ""שנתפזרה"": [""שנתפזרה""], ""דזבין"": [""דזבין""], ""שנתפגר"": [""שנתפגר""], ""שאמרנו"": [""שאמרנו""], ""דהוון"": [""דהוון""], ""שבאנו"": [""שבאנו""], ""דהויא"": [""דהויא""], ""שעמדת"": [""שעמדת""], ""שבאהו"": [""שבאהו""], ""שאמרהו"": [""שאמרהו""], ""שהיתהו"": [""שהיתהו""], ""שנהרגהו"": [""שנהרגהו""], ""שזכתהו"": [""שזכתהו""], ""שזינתהו"": [""שזינתהו""], ""שנתפזרהו"": [""שנתפזרהו""], ""שעמדתך"": [""שעמדתך""], ""שבאנוון"": [""שבאנוון""], ""שהיתהויה"": [""שהיתהויה""], ""שבאהוון"": [""שבאהוון""], ""שזינתהוות"": [""שזינתהוות""], ""שזינתהוותיה"": [""שזינתהוותיה""], ""שהיתהויהו"": [""שהיתהויהו""], ""שנתפזרהוון"": [""שנתפזרהוון""], ""שזינתהוותיהו"": [""שזינתהוותיהו""], ""שהיתהויהויה"": [""שהיתהויהויה""], ""שהיתהויהויהו"": [""שהיתהויהויהו""], ""שהיתהויהויהויה"": [""שהיתהויהויהויה""]}",שעמדה,0.126507,שהיתה,0.087846,שמת,0.032955,שנה,0.028534,שהגיע,0.022211,שנכנס,0.01553,שזכת,0.013862,שנגמר,0.011186,שבא,0.010359,שזכתה,0.009881,שאמר,0.007273,שנהרג,0.006884,שאמרה,0.006125,שנגמרה,0.006124,שנכנסו,0.005757,שזינת,0.004294,שזינתה,0.003923,שבאה,0.003636,שנתנה,0.003536,שעמד,0.002428,שהגיעו,0.002355,שנתפזרו,0.001606,שנהרגה,0.000834,שנתפזרה,0.000555,דזבין,0.00048,שנתפגר,0.000435,שאמרנו,0.000294,דהוון,0.000237,שבאנו,0.000183,דהויא,0.000125,שעמדת,4.9e-05,שבאהו,2.9e-05,שאמרהו,1.7e-05,שהיתהו,1.1e-05,שנהרגהו,3e-06,שזכתהו,3e-06,שזינתהו,2e-06,שנתפזרהו,0.0,שעמדתך,0.0,שבאנוון,0.0,שהיתהויה,0.0,שבאהוון,0.0,שזינתהוות,0.0,שזינתהוותיה,0.0,שהיתהויהו,0.0,שנתפזרהוון,0.0,שזינתהוותיהו,0.0,שהיתהויהויה,0.0,שהיתהויהויהו,0.0,שהיתהויהויהויה,0.0,PRON,True,שידעו,שידע,False,False,False,True,True,True,False,,,,False,False
Midrash_Aggadic_Midrash_Pesikta_DRav_Kahanna__10_1,pesikta_drk,308,בו,8.0468,0.8776,0.6882,0.4748,50,-1,False,"{""בני"": 1, ""בעלי"": 1, ""בנו"": 1, ""כל"": 1, ""בכך"": 1, ""חכמים"": 1, ""בניו"": 1, ""גדולי"": 1, ""בה"": 1, ""אב"": 1, ""אביו"": 1, ""בעליו"": 1, ""אבות"": 1, ""חכמי"": 1, ""אבותיו"": 1, ""מעשרותיה"": 1, ""שדה"": 1, ""שמת"": 1, ""עניים"": 1, ""בעלים"": 1, ""עבדיה"": 1, ""בנות"": 1, ""בהן"": 1, ""המעשר"": 1, ""עבדיו"": 1, ""בנותיו"": 1, ""גדולים"": 1, ""המלכים"": 1, ""שדהו"": 1, ""המלך"": 1, ""כלתה"": 1, ""בעלייה"": 1, ""שמתו"": 1, ""עבדיהו"": 1, ""בנוות"": 1, ""בנוותא"": 1, ""חכמיי"": 1, ""בעלייהו"": 1, ""כלתהו"": 1, ""עבדיוו"": 1, ""שמתוון"": 1, ""בנותיוו"": 1, ""עבדיהוון"": 1, ""עבדיוויה"": 1, ""עבדיוויהו"": 1, ""בעלייהוון"": 1, ""בנותיוויה"": 1, ""בנותיוויהו"": 1, ""עבדיוויהוון"": 1, ""בנותיוויהוון"": 1}","{""בני"": [""בני""], ""בעלי"": [""בעלי""], ""בנו"": [""בנו""], ""כל"": [""כל""], ""בכך"": [""בכך""], ""חכמים"": [""חכמים""], ""בניו"": [""בניו""], ""גדולי"": [""גדולי""], ""בה"": [""בה""], ""אב"": [""אב""], ""אביו"": [""אביו""], ""בעליו"": [""בעליו""], ""אבות"": [""אבות""], ""חכמי"": [""חכמי""], ""אבותיו"": [""אבותיו""], ""מעשרותיה"": [""מעשרותיה""], ""שדה"": [""שדה""], ""שמת"": [""שמת""], ""עניים"": [""עניים""], ""בעלים"": [""בעלים""], ""עבדיה"": [""עבדיה""], ""בנות"": [""בנות""], ""בהן"": [""בהן""], ""המעשר"": [""המעשר""], ""עבדיו"": [""עבדיו""], ""בנותיו"": [""בנותיו""], ""גדולים"": [""גדולים""], ""המלכים"": [""המלכים""], ""שדהו"": [""שדהו""], ""המלך"": [""המלך""], ""כלתה"": [""כלתה""], ""בעלייה"": [""בעלייה""], ""שמתו"": [""שמתו""], ""עבדיהו"": [""עבדיהו""], ""בנוות"": [""בנוות""], ""בנוותא"": [""בנוותא""], ""חכמיי"": [""חכמיי""], ""בעלייהו"": [""בעלייהו""], ""כלתהו"": [""כלתהו""], ""עבדיוו"": [""עבדיוו""], ""שמתוון"": [""שמתוון""], ""בנותיוו"": [""בנותיוו""], ""עבדיהוון"": [""עבדיהוון""], ""עבדיוויה"": [""עבדיוויה""], ""עבדיוויהו"": [""עבדיוויהו""], ""בעלייהוון"": [""בעלייהוון""], ""בנותיוויה"": [""בנותיוויה""], ""בנותיוויהו"": [""בנותיוויהו""], ""עבדיוויהוון"": [""עבדיוויהוון""], ""בנותיוויהוון"": [""בנותיוויהוון""]}",בני,0.168508,בעלי,0.054707,בנו,0.03236,כל,0.03216,בכך,0.030688,חכמים,0.027637,בניו,0.018696,גדולי,0.014019,בה,0.013832,אב,0.012586,אביו,0.012124,בעליו,0.010175,אבות,0.008126,חכמי,0.006988,אבותיו,0.00688,מעשרותיה,0.00441,שדה,0.002842,שמת,0.002588,עניים,0.002308,בעלים,0.0022,עבדיה,0.002045,בנות,0.001688,בהן,0.001437,המעשר,0.001321,עבדיו,0.000852,בנותיו,0.000845,גדולים,0.000816,המלכים,0.000639,שדהו,0.000558,המלך,0.000359,כלתה,0.000146,בעלייה,9e-05,שמתו,7.9e-05,עבדיהו,3.1e-05,בנוות,2.6e-05,בנוותא,6e-06,חכמיי,4e-06,בעלייהו,1e-06,כלתהו,1e-06,עבדיוו,0.0,שמתוון,0.0,בנותיוו,0.0,עבדיהוון,0.0,עבדיוויה,0.0,עבדיוויהו,0.0,בעלייהוון,0.0,בנותיוויה,0.0,בנותיוויהו,0.0,עבדיוויהוון,0.0,בנותיוויהוון,0.0,SYM,True,בו,בו,False,False,False,True,True,True,False,,,,False,False
Midrash_Aggadic_Midrash_Pesikta_DRav_Kahanna__10_1,pesikta_drk,309,קרוביו,11.3125,0.8501,0.4339,0.4769,50,-1,False,"{""בני"": 1, ""חכמים"": 1, ""כל"": 1, ""בניו"": 1, ""בעלי"": 1, ""על"": 1, ""גדולי"": 1, ""חכמי"": 1, ""אב"": 1, ""אביו"": 1, ""רבו"": 1, ""עושי"": 1, ""בנו"": 1, ""אבות"": 1, ""אבותיו"": 1, ""עושקי"": 1, ""עשו"": 1, ""רעה"": 1, ""במעשיו"": 1, ""שכך"": 1, ""במעשרות"": 1, ""עבדיו"": 1, ""במעשרותיו"": 1, ""שפוחת"": 1, ""שפחת"": 1, ""גדולים"": 1, ""עבדיה"": 1, ""רעהו"": 1, ""שפחתה"": 1, ""רבוות"": 1, ""עלילה"": 1, ""שפוחתת"": 1, ""רבוותא"": 1, ""כלב"": 1, ""עבדיהו"": 1, ""בעליות"": 1, ""כלבם"": 1, ""בעליותיו"": 1, ""שפחתהו"": 1, ""עושקיי"": 1, ""חכמיי"": 1, ""בניוון"": 1, ""עלילהו"": 1, ""עבדיוו"": 1, ""רעהוון"": 1, ""במעשרותיוו"": 1, ""עבדיהוון"": 1, ""עושקייון"": 1, ""עבדיווין"": 1, ""עלילהוות"": 1}","{""בני"": [""בני""], ""חכמים"": [""חכמים""], ""כל"": [""כל""], ""בניו"": [""בניו""], ""בעלי"": [""בעלי""], ""על"": [""על""], ""גדולי"": [""גדולי""], ""חכמי"": [""חכמי""], ""אב"": [""אב""], ""אביו"": [""אביו""], ""רבו"": [""רבו""], ""עושי"": [""עושי""], ""בנו"": [""בנו""], ""אבות"": [""אבות""], ""אבותיו"": [""אבותיו""], ""עושקי"": [""עושקי""], ""עשו"": [""עשו""], ""רעה"": [""רעה""], ""במעשיו"": [""במעשיו""], ""שכך"": [""שכך""], ""במעשרות"": [""במעשרות""], ""עבדיו"": [""עבדיו""], ""במעשרותיו"": [""במעשרותיו""], ""שפוחת"": [""שפוחת""], ""שפחת"": [""שפחת""], ""גדולים"": [""גדולים""], ""עבדיה"": [""עבדיה""], ""רעהו"": [""רעהו""], ""שפחתה"": [""שפחתה""], ""רבוות"": [""רבוות""], ""עלילה"": [""עלילה""], ""שפוחתת"": [""שפוחתת""], ""רבוותא"": [""רבוותא""], ""כלב"": [""כלב""], ""עבדיהו"": [""עבדיהו""], ""בעליות"": [""בעליות""], ""כלבם"": [""כלבם""], ""בעליותיו"": [""בעליותיו""], ""שפחתהו"": [""שפחתהו""], ""עושקיי"": [""עושקיי""], ""חכמיי"": [""חכמיי""], ""בניוון"": [""בניוון""], ""עלילהו"": [""עלילהו""], ""עבדיוו"": [""עבדיוו""], ""רעהוון"": [""רעהוון""], ""במעשרותיוו"": [""במעשרותיוו""], ""עבדיהוון"": [""עבדיהוון""], ""עושקייון"": [""עושקייון""], ""עבדיווין"": [""עבדיווין""], ""עלילהוות"": [""עלילהוות""]}",בני,0.183832,חכמים,0.05084,כל,0.04576,בניו,0.041299,בעלי,0.030962,על,0.016063,גדולי,0.014571,חכמי,0.012459,אב,0.007772,אביו,0.007426,רבו,0.007103,עושי,0.006683,בנו,0.006251,אבות,0.005959,אבותיו,0.005338,עושקי,0.004966,עשו,0.004458,רעה,0.003923,במעשיו,0.003267,שכך,0.003238,במעשרות,0.003217,עבדיו,0.002613,במעשרותיו,0.001613,שפוחת,0.001415,שפחת,0.001398,גדולים,0.001334,עבדיה,0.001215,רעהו,0.000642,שפחתה,0.000406,רבוות,0.000236,עלילה,0.000203,שפוחתת,0.000137,רבוותא,7.3e-05,כלב,7.1e-05,עבדיהו,4.1e-05,בעליות,3.1e-05,כלבם,1.9e-05,בעליותיו,1.8e-05,שפחתהו,1.7e-05,עושקיי,1.5e-05,חכמיי,1e-05,בניוון,4e-06,עלילהו,2e-06,עבדיוו,1e-06,רעהוון,0.0,במעשרותיוו,0.0,עבדיהוון,0.0,עושקייון,0.0,עבדיווין,0.0,עלילהוות,0.0,VERB,True,קרוביו,קרוב,True,False,True,True,True,True,True,41.0,33.0,8.0,False,True
Midrash_Aggadic_Midrash_Pesikta_DRav_Kahanna__10_1,pesikta_drk,310,לבשו,16.8832,0.8633,0.36,0.3611,50,-1,False,"{""אמר"": 1, ""אמרו"": 1, ""והיו"": 1, ""שהוא"": 1, ""ובני"": 1, ""של"": 1, ""על"": 1, ""שהיתה"": 1, ""ואמרו"": 1, ""ואמר"": 1, ""קראו"": 1, ""והיה"": 1, ""וידידיו"": 1, ""עמדו"": 1, ""קרא"": 1, ""שכך"": 1, ""עשו"": 1, ""ובניו"": 1, ""ואמרין"": 1, ""שאמר"": 1, ""נטל"": 1, ""שפחת"": 1, ""נטלו"": 1, ""שהכניס"": 1, ""שאב"": 1, ""שאביו"": 1, ""שפוחת"": 1, ""שלחו"": 1, ""שפחתו"": 1, ""עלתה"": 1, ""קראוה"": 1, ""קראוהו"": 1, ""נטלה"": 1, ""שפוחתת"": 1, ""והיוון"": 1, ""נטלהו"": 1, ""שאמרנו"": 1, ""וידידיה"": 1, ""והיהוד"": 1, ""והיהודים"": 1, ""עלתהו"": 1, ""שהואיל"": 1, ""קראווה"": 1, ""קראווהו"": 1, ""שהואילו"": 1, ""שאביוו"": 1, ""וידידיהו"": 1, ""עלתהוון"": 1, ""שאביווים"": 1, ""וידידיהוון"": 1}","{""אמר"": [""אמר""], ""אמרו"": [""אמרו""], ""והיו"": [""והיו""], ""שהוא"": [""שהוא""], ""ובני"": [""ובני""], ""של"": [""של""], ""על"": [""על""], ""שהיתה"": [""שהיתה""], ""ואמרו"": [""ואמרו""], ""ואמר"": [""ואמר""], ""קראו"": [""קראו""], ""והיה"": [""והיה""], ""וידידיו"": [""וידידיו""], ""עמדו"": [""עמדו""], ""קרא"": [""קרא""], ""שכך"": [""שכך""], ""עשו"": [""עשו""], ""ובניו"": [""ובניו""], ""ואמרין"": [""ואמרין""], ""שאמר"": [""שאמר""], ""נטל"": [""נטל""], ""שפחת"": [""שפחת""], ""נטלו"": [""נטלו""], ""שהכניס"": [""שהכניס""], ""שאב"": [""שאב""], ""שאביו"": [""שאביו""], ""שפוחת"": [""שפוחת""], ""שלחו"": [""שלחו""], ""שפחתו"": [""שפחתו""], ""עלתה"": [""עלתה""], ""קראוה"": [""קראוה""], ""קראוהו"": [""קראוהו""], ""נטלה"": [""נטלה""], ""שפוחתת"": [""שפוחתת""], ""והיוון"": [""והיוון""], ""נטלהו"": [""נטלהו""], ""שאמרנו"": [""שאמרנו""], ""וידידיה"": [""וידידיה""], ""והיהוד"": [""והיהוד""], ""והיהודים"": [""והיהודים""], ""עלתהו"": [""עלתהו""], ""שהואיל"": [""שהואיל""], ""קראווה"": [""קראווה""], ""קראווהו"": [""קראווהו""], ""שהואילו"": [""שהואילו""], ""שאביוו"": [""שאביוו""], ""וידידיהו"": [""וידידיהו""], ""עלתהוון"": [""עלתהוון""], ""שאביווים"": [""שאביווים""], ""וידידיהוון"": [""וידידיהוון""]}",אמר,0.08491,אמרו,0.075152,והיו,0.027849,שהוא,0.026304,ובני,0.025516,של,0.018363,על,0.018363,שהיתה,0.009819,ואמרו,0.0096,ואמר,0.006914,קראו,0.005085,והיה,0.005072,וידידיו,0.004621,עמדו,0.00431,קרא,0.004151,שכך,0.003891,עשו,0.003745,ובניו,0.003576,ואמרין,0.003005,שאמר,0.002909,נטל,0.002652,שפחת,0.002631,נטלו,0.002449,שהכניס,0.002406,שאב,0.002063,שאביו,0.001673,שפוחת,0.001134,שלחו,0.000861,שפחתו,0.000765,עלתה,0.000388,קראוה,0.000223,קראוהו,0.000214,נטלה,0.000183,שפוחתת,9.3e-05,והיוון,4.9e-05,נטלהו,4.4e-05,שאמרנו,2.9e-05,וידידיה,2.1e-05,והיהוד,1.1e-05,והיהודים,1e-05,עלתהו,5e-06,שהואיל,1e-06,קראווה,1e-06,קראווהו,1e-06,שהואילו,0.0,שאביוו,0.0,וידידיהו,0.0,עלתהוון,0.0,שאביווים,0.0,וידידיהוון,0.0,PRON,True,לבשו,לבש,False,False,False,True,True,True,False,,,,False,False
Midrash_Aggadic_Midrash_Pesikta_DRav_Kahanna__10_1,pesikta_drk,311,לבנים,6.5761,0.8754,0.0,0.6478,50,9,True,"{""עליו"": 1, ""על"": 1, ""עליהם"": 1, ""לו"": 1, ""שחורים"": 1, ""בגד"": 1, ""בגדים"": 1, ""מלבוש"": 1, ""לבנים"": 1, ""עיניהם"": 1, ""צער"": 1, ""שמלות"": 1, ""לבוש"": 1, ""שמלת"": 1, ""גלימות"": 1, ""מלבושי"": 1, ""שקים"": 1, ""מלבושים"": 1, ""ארס"": 1, ""עליה"": 1, ""גלימה"": 1, ""צערו"": 1, ""לבושי"": 1, ""עלי"": 1, ""כלאים"": 1, ""צעיף"": 1, ""פאת"": 1, ""שחין"": 1, ""שמלותיהם"": 1, ""גלימותיהם"": 1, ""כפיהם"": 1, ""גדי"": 1, ""אומרים"": 1, ""עליות"": 1, ""אומנות"": 1, ""פשע"": 1, ""בושה"": 1, ""אומנותו"": 1, ""פשיטות"": 1, ""עליותי"": 1, ""לוון"": 1, ""שמלתא"": 1, ""עליהו"": 1, ""עליוהתרגום"": 1, ""צערוון"": 1, ""בושהו"": 1, ""עליותיון"": 1, ""עליוהאם"": 1, ""עליהוון"": 1, ""בושהוון"": 1}","{""עליו"": [""עליו""], ""על"": [""על""], ""עליהם"": [""עליהם""], ""לו"": [""לו""], ""שחורים"": [""שחורים""], ""בגד"": [""בגד""], ""בגדים"": [""בגדים""], ""מלבוש"": [""מלבוש""], ""לבנים"": [""לבנים""], ""עיניהם"": [""עיניהם""], ""צער"": [""צער""], ""שמלות"": [""שמלות""], ""לבוש"": [""לבוש""], ""שמלת"": [""שמלת""], ""גלימות"": [""גלימות""], ""מלבושי"": [""מלבושי""], ""שקים"": [""שקים""], ""מלבושים"": [""מלבושים""], ""ארס"": [""ארס""], ""עליה"": [""עליה""], ""גלימה"": [""גלימה""], ""צערו"": [""צערו""], ""לבושי"": [""לבושי""], ""עלי"": [""עלי""], ""כלאים"": [""כלאים""], ""צעיף"": [""צעיף""], ""פאת"": [""פאת""], ""שחין"": [""שחין""], ""שמלותיהם"": [""שמלותיהם""], ""גלימותיהם"": [""גלימותיהם""], ""כפיהם"": [""כפיהם""], ""גדי"": [""גדי""], ""אומרים"": [""אומרים""], ""עליות"": [""עליות""], ""אומנות"": [""אומנות""], ""פשע"": [""פשע""], ""בושה"": [""בושה""], ""אומנותו"": [""אומנותו""], ""פשיטות"": [""פשיטות""], ""עליותי"": [""עליותי""], ""לוון"": [""לוון""], ""שמלתא"": [""שמלתא""], ""עליהו"": [""עליהו""], ""עליוהתרגום"": [""עליוהתרגום""], ""צערוון"": [""צערוון""], ""בושהו"": [""בושהו""], ""עליותיון"": [""עליותיון""], ""עליוהאם"": [""עליוהאם""], ""עליהוון"": [""עליהוון""], ""בושהוון"": [""בושהוון""]}",עליו,0.222276,על,0.094118,עליהם,0.059825,לו,0.054471,שחורים,0.053577,בגד,0.036658,בגדים,0.019016,מלבוש,0.011733,לבנים,0.010481,עיניהם,0.008568,צער,0.008534,שמלות,0.007841,לבוש,0.007668,שמלת,0.006707,גלימות,0.005409,מלבושי,0.00532,שקים,0.00438,מלבושים,0.004055,ארס,0.002968,עליה,0.00269,גלימה,0.002363,צערו,0.002201,לבושי,0.002172,עלי,0.001924,כלאים,0.001842,צעיף,0.001753,פאת,0.001262,שחין,0.00124,שמלותיהם,0.00113,גלימותיהם,0.000988,כפיהם,0.000891,גדי,0.000749,אומרים,0.000732,עליות,0.000659,אומנות,0.000579,פשע,0.000369,בושה,0.000225,אומנותו,0.00018,פשיטות,0.000135,עליותי,4e-05,לוון,3.6e-05,שמלתא,3.3e-05,עליהו,2.5e-05,עליוהתרגום,2e-06,צערוון,2e-06,בושהו,1e-06,עליותיון,1e-06,עליוהאם,0.0,עליהוון,0.0,בושהוון,0.0,PROPN,False,לבנים,לבן,False,False,False,True,True,True,False,,,,False,False
Midrash_Aggadic_Midrash_Pesikta_DRav_Kahanna__10_1,pesikta_drk,312,ונתעטפו,14.3787,0.7601,0.4732,0.3521,50,-1,False,"{""ואמרו"": 1, ""וקרא"": 1, ""וקראו"": 1, ""ועשו"": 1, ""והיו"": 1, ""והלכו"": 1, ""ובאו"": 1, ""ונכנס"": 1, ""ולא"": 1, ""ונכנסו"": 1, ""אמר"": 1, ""אמרו"": 1, ""וכל"": 1, ""וגזר"": 1, ""ואמר"": 1, ""וגזרו"": 1, ""וחזר"": 1, ""וחקרו"": 1, ""וחזרו"": 1, ""ובנו"": 1, ""ונעלו"": 1, ""וכלו"": 1, ""ושברו"": 1, ""וגירשו"": 1, ""ולעלו"": 1, ""נטל"": 1, ""ושחטו"": 1, ""נטלו"": 1, ""ואמרין"": 1, ""ולעגו"": 1, ""והלך"": 1, ""נטפלו"": 1, ""ולאו"": 1, ""ושחט"": 1, ""ובנוו"": 1, ""ולעלוון"": 1, ""ושחטוה"": 1, ""ושחטוהו"": 1, ""ולאויר"": 1, ""וכלוון"": 1, ""ובנוויה"": 1, ""וחקרוון"": 1, ""ולאוירא"": 1, ""ובנוויהו"": 1, ""ושחטויה"": 1, ""ושחטויהו"": 1, ""ולאויראוי"": 1, ""ובנוויהוון"": 1, ""ולאויראויי"": 1, ""ולאויראוייון"": 1}","{""ואמרו"": [""ואמרו""], ""וקרא"": [""וקרא""], ""וקראו"": [""וקראו""], ""ועשו"": [""ועשו""], ""והיו"": [""והיו""], ""והלכו"": [""והלכו""], ""ובאו"": [""ובאו""], ""ונכנס"": [""ונכנס""], ""ולא"": [""ולא""], ""ונכנסו"": [""ונכנסו""], ""אמר"": [""אמר""], ""אמרו"": [""אמרו""], ""וכל"": [""וכל""], ""וגזר"": [""וגזר""], ""ואמר"": [""ואמר""], ""וגזרו"": [""וגזרו""], ""וחזר"": [""וחזר""], ""וחקרו"": [""וחקרו""], ""וחזרו"": [""וחזרו""], ""ובנו"": [""ובנו""], ""ונעלו"": [""ונעלו""], ""וכלו"": [""וכלו""], ""ושברו"": [""ושברו""], ""וגירשו"": [""וגירשו""], ""ולעלו"": [""ולעלו""], ""נטל"": [""נטל""], ""ושחטו"": [""ושחטו""], ""נטלו"": [""נטלו""], ""ואמרין"": [""ואמרין""], ""ולעגו"": [""ולעגו""], ""והלך"": [""והלך""], ""נטפלו"": [""נטפלו""], ""ולאו"": [""ולאו""], ""ושחט"": [""ושחט""], ""ובנוו"": [""ובנוו""], ""ולעלוון"": [""ולעלוון""], ""ושחטוה"": [""ושחטוה""], ""ושחטוהו"": [""ושחטוהו""], ""ולאויר"": [""ולאויר""], ""וכלוון"": [""וכלוון""], ""ובנוויה"": [""ובנוויה""], ""וחקרוון"": [""וחקרוון""], ""ולאוירא"": [""ולאוירא""], ""ובנוויהו"": [""ובנוויהו""], ""ושחטויה"": [""ושחטויה""], ""ושחטויהו"": [""ושחטויהו""], ""ולאויראוי"": [""ולאויראוי""], ""ובנוויהוון"": [""ובנוויהוון""], ""ולאויראויי"": [""ולאויראויי""], ""ולאויראוייון"": [""ולאויראוייון""]}",ואמרו,0.040826,וקרא,0.040517,וקראו,0.034146,ועשו,0.034119,והיו,0.027522,והלכו,0.023736,ובאו,0.021674,ונכנס,0.016445,ולא,0.015427,ונכנסו,0.015186,אמר,0.014721,אמרו,0.012498,וכל,0.01077,וגזר,0.004986,ואמר,0.0048,וגזרו,0.00437,וחזר,0.004184,וחקרו,0.003869,וחזרו,0.003472,ובנו,0.003429,ונעלו,0.003176,וכלו,0.002525,ושברו,0.001644,וגירשו,0.001638,ולעלו,0.001233,נטל,0.001103,ושחטו,0.000986,נטלו,0.000859,ואמרין,0.00076,ולעגו,0.000538,והלך,0.000372,נטפלו,0.000213,ולאו,0.000168,ושחט,0.000112,ובנוו,1.8e-05,ולעלוון,6e-06,ושחטוה,4e-06,ושחטוהו,4e-06,ולאויר,2e-06,וכלוון,2e-06,ובנוויה,1e-06,וחקרוון,0.0,ולאוירא,0.0,ובנוויהו,0.0,ושחטויה,0.0,ושחטויהו,0.0,ולאויראוי,0.0,ובנוויהוון,0.0,ולאויראויי,0.0,ולאויראוייון,0.0,PRON,True,ונתעטפו,התחפש,False,False,False,True,True,True,False,,,,False,False
Midrash_Aggadic_Midrash_Pesikta_DRav_Kahanna__10_1,pesikta_drk,313,לבנים,5.2646,0.7693,0.0,0.2871,50,3,True,"{""בטליתין"": 1, ""בטליתות"": 1, ""לבנים"": 1, ""בבגדי"": 1, ""ואמרו"": 1, ""ויצאו"": 1, ""וקרא"": 1, ""והיו"": 1, ""בבגדים"": 1, ""בציצית"": 1, ""ונכנס"": 1, ""וקראו"": 1, ""ונכנסו"": 1, ""בהן"": 1, ""והלכו"": 1, ""בתפילין"": 1, ""במגבעות"": 1, ""בכסות"": 1, ""בחורים"": 1, ""לבשו"": 1, ""בחשאי"": 1, ""בתכריכין"": 1, ""בהוד"": 1, ""ונעלו"": 1, ""במגל"": 1, ""ואמר"": 1, ""בטליתותיהם"": 1, ""בצבע"": 1, ""במגבעת"": 1, ""בהודאה"": 1, ""בתכריכים"": 1, ""במגלות"": 1, ""בחשך"": 1, ""בציציות"": 1, ""ואמרין"": 1, ""בבגדיי"": 1, ""והלך"": 1, ""בחשאיות"": 1, ""בציציתו"": 1, ""במגבעתות"": 1, ""במגבעותיהם"": 1, ""בציציותיו"": 1, ""במגבעתותיהם"": 1, ""בהודאהו"": 1, ""בחשאיותי"": 1, ""בבגדייון"": 1, ""בציציתוון"": 1, ""בחשאיותיון"": 1, ""בהודאהוון"": 1, ""בציציותיוו"": 1}","{""בטליתין"": [""בטליתין""], ""בטליתות"": [""בטליתות""], ""לבנים"": [""לבנים""], ""בבגדי"": [""בבגדי""], ""ואמרו"": [""ואמרו""], ""ויצאו"": [""ויצאו""], ""וקרא"": [""וקרא""], ""והיו"": [""והיו""], ""בבגדים"": [""בבגדים""], ""בציצית"": [""בציצית""], ""ונכנס"": [""ונכנס""], ""וקראו"": [""וקראו""], ""ונכנסו"": [""ונכנסו""], ""בהן"": [""בהן""], ""והלכו"": [""והלכו""], ""בתפילין"": [""בתפילין""], ""במגבעות"": [""במגבעות""], ""בכסות"": [""בכסות""], ""בחורים"": [""בחורים""], ""לבשו"": [""לבשו""], ""בחשאי"": [""בחשאי""], ""בתכריכין"": [""בתכריכין""], ""בהוד"": [""בהוד""], ""ונעלו"": [""ונעלו""], ""במגל"": [""במגל""], ""ואמר"": [""ואמר""], ""בטליתותיהם"": [""בטליתותיהם""], ""בצבע"": [""בצבע""], ""במגבעת"": [""במגבעת""], ""בהודאה"": [""בהודאה""], ""בתכריכים"": [""בתכריכים""], ""במגלות"": [""במגלות""], ""בחשך"": [""בחשך""], ""בציציות"": [""בציציות""], ""ואמרין"": [""ואמרין""], ""בבגדיי"": [""בבגדיי""], ""והלך"": [""והלך""], ""בחשאיות"": [""בחשאיות""], ""בציציתו"": [""בציציתו""], ""במגבעתות"": [""במגבעתות""], ""במגבעותיהם"": [""במגבעותיהם""], ""בציציותיו"": [""בציציותיו""], ""במגבעתותיהם"": [""במגבעתותיהם""], ""בהודאהו"": [""בהודאהו""], ""בחשאיותי"": [""בחשאיותי""], ""בבגדייון"": [""בבגדייון""], ""בציציתוון"": [""בציציתוון""], ""בחשאיותיון"": [""בחשאיותיון""], ""בהודאהוון"": [""בהודאהוון""], ""בציציותיוו"": [""בציציותיוו""]}",בטליתין,0.044596,בטליתות,0.034732,לבנים,0.026013,בבגדי,0.023774,ואמרו,0.019545,ויצאו,0.01267,וקרא,0.012339,והיו,0.012126,בבגדים,0.011657,בציצית,0.01149,ונכנס,0.010799,וקראו,0.010652,ונכנסו,0.010167,בהן,0.008769,והלכו,0.006833,בתפילין,0.006558,במגבעות,0.006406,בכסות,0.003568,בחורים,0.002461,לבשו,0.001716,בחשאי,0.001433,בתכריכין,0.001302,בהוד,0.001187,ונעלו,0.000912,במגל,0.000853,ואמר,0.000794,בטליתותיהם,0.000749,בצבע,0.000603,במגבעת,0.000416,בהודאה,0.000386,בתכריכים,0.000385,במגלות,0.000334,בחשך,0.000287,בציציות,0.000238,ואמרין,0.000103,בבגדיי,7e-05,והלך,5.7e-05,בחשאיות,2.8e-05,בציציתו,2.2e-05,במגבעתות,1.1e-05,במגבעותיהם,7e-06,בציציותיו,1e-06,במגבעתותיהם,0.0,בהודאהו,0.0,בחשאיותי,0.0,בבגדייון,0.0,בציציתוון,0.0,בחשאיותיון,0.0,בהודאהוון,0.0,בציציותיוו,0.0,PROPN,False,לבנים,לבן,False,False,False,True,True,True,False,,,,False,False
Midrash_Aggadic_Midrash_Pesikta_DRav_Kahanna__10_1,pesikta_drk,314,ונכנסו,5.2382,0.6482,0.0,0.44,50,8,True,"{""ויצאו"": 1, ""וקרא"": 1, ""ואמרו"": 1, ""והיו"": 1, ""וקראו"": 1, ""ובאו"": 1, ""ונכנס"": 1, ""ונכנסו"": 1, ""והלכו"": 1, ""ולא"": 1, ""אמר"": 1, ""על"": 1, ""אמרו"": 1, ""וכל"": 1, ""כדי"": 1, ""וחזר"": 1, ""וחזרו"": 1, ""ואמר"": 1, ""וחקרו"": 1, ""ונעלו"": 1, ""וביקשו"": 1, ""ולמדו"": 1, ""ושברו"": 1, ""וכלו"": 1, ""בגד"": 1, ""ושאלו"": 1, ""בזו"": 1, ""ולעגו"": 1, ""והלך"": 1, ""ואמרין"": 1, ""וביקש"": 1, ""ולעלו"": 1, ""בגדו"": 1, ""ולאו"": 1, ""עליה"": 1, ""וביקשון"": 1, ""בזויה"": 1, ""כדיי"": 1, ""עליהון"": 1, ""ושאגו"": 1, ""בזויהו"": 1, ""ולעלוון"": 1, ""ולאויר"": 1, ""וכלוון"": 1, ""בגדוון"": 1, ""ולאוירא"": 1, ""וחקרוו"": 1, ""בזויהוון"": 1, ""ושאגוון"": 1, ""וחקרווון"": 1}","{""ויצאו"": [""ויצאו""], ""וקרא"": [""וקרא""], ""ואמרו"": [""ואמרו""], ""והיו"": [""והיו""], ""וקראו"": [""וקראו""], ""ובאו"": [""ובאו""], ""ונכנס"": [""ונכנס""], ""ונכנסו"": [""ונכנסו""], ""והלכו"": [""והלכו""], ""ולא"": [""ולא""], ""אמר"": [""אמר""], ""על"": [""על""], ""אמרו"": [""אמרו""], ""וכל"": [""וכל""], ""כדי"": [""כדי""], ""וחזר"": [""וחזר""], ""וחזרו"": [""וחזרו""], ""ואמר"": [""ואמר""], ""וחקרו"": [""וחקרו""], ""ונעלו"": [""ונעלו""], ""וביקשו"": [""וביקשו""], ""ולמדו"": [""ולמדו""], ""ושברו"": [""ושברו""], ""וכלו"": [""וכלו""], ""בגד"": [""בגד""], ""ושאלו"": [""ושאלו""], ""בזו"": [""בזו""], ""ולעגו"": [""ולעגו""], ""והלך"": [""והלך""], ""ואמרין"": [""ואמרין""], ""וביקש"": [""וביקש""], ""ולעלו"": [""ולעלו""], ""בגדו"": [""בגדו""], ""ולאו"": [""ולאו""], ""עליה"": [""עליה""], ""וביקשון"": [""וביקשון""], ""בזויה"": [""בזויה""], ""כדיי"": [""כדיי""], ""עליהון"": [""עליהון""], ""ושאגו"": [""ושאגו""], ""בזויהו"": [""בזויהו""], ""ולעלוון"": [""ולעלוון""], ""ולאויר"": [""ולאויר""], ""וכלוון"": [""וכלוון""], ""בגדוון"": [""בגדוון""], ""ולאוירא"": [""ולאוירא""], ""וחקרוו"": [""וחקרוו""], ""בזויהוון"": [""בזויהוון""], ""ושאגוון"": [""ושאגוון""], ""וחקרווון"": [""וחקרווון""]}",ויצאו,0.056566,וקרא,0.049213,ואמרו,0.047835,והיו,0.04685,וקראו,0.041894,ובאו,0.031261,ונכנס,0.028676,ונכנסו,0.026494,והלכו,0.022419,ולא,0.013113,אמר,0.01291,על,0.011754,אמרו,0.010583,וכל,0.009445,כדי,0.009012,וחזר,0.004685,וחזרו,0.003907,ואמר,0.003205,וחקרו,0.001644,ונעלו,0.00124,וביקשו,0.001194,ולמדו,0.001025,ושברו,0.000902,וכלו,0.000634,בגד,0.000608,ושאלו,0.000607,בזו,0.000466,ולעגו,0.000337,והלך,0.000325,ואמרין,0.0003,וביקש,0.000254,ולעלו,0.000201,בגדו,0.000172,ולאו,0.000118,עליה,5.8e-05,וביקשון,3.8e-05,בזויה,3.3e-05,כדיי,4e-06,עליהון,3e-06,ושאגו,3e-06,בזויהו,3e-06,ולעלוון,2e-06,ולאויר,1e-06,וכלוון,0.0,בגדוון,0.0,ולאוירא,0.0,וחקרוו,0.0,בזויהוון,0.0,ושאגוון,0.0,וחקרווון,0.0,DET,True,ונכנסו,נכנס,False,False,False,True,True,True,False,,,,False,False
Midrash_Aggadic_Midrash_Pesikta_DRav_Kahanna__10_1,pesikta_drk,315,אצלו,10.2169,0.9174,0.0,0.6505,9,7,True,"{""לבית"": 1, ""אצל"": 1, ""לביתו"": 1, ""לפני"": 1, ""לבי"": 1, ""לפניי"": 1, ""אצלו"": 1, ""לפנייי"": 1, ""לפניייון"": 1}","{""לבית"": [""לבית""], ""אצל"": [""אצל""], ""לביתו"": [""לביתו""], ""לפני"": [""לפני""], ""לבי"": [""לבי""], ""לפניי"": [""לפניי""], ""אצלו"": [""אצלו""], ""לפנייי"": [""לפנייי""], ""לפניייון"": [""לפניייון""]}",לבית,0.424067,אצל,0.100725,לביתו,0.064523,לפני,0.057391,לבי,0.003655,לפניי,0.000121,אצלו,4.6e-05,לפנייי,0.0,לפניייון,0.0,,,,,,,,,,,,,,,,,,,,,,,,,,,,,,,,,,,,,,,,,,,,,,,,,,,,,,,,,,,,,,,,,,,,,,,,,,,,,,,,,,,VERB,False,אצלו,אצל,True,True,False,True,True,True,False,,,,False,False
Midrash_Aggadic_Midrash_Pesikta_DRav_Kahanna__10_1,pesikta_drk,316,א',8.2697,0.8805,0.7095,0.3726,50,-1,False,"{""ואמרו"": 1, ""לבית"": 1, ""והיו"": 1, ""אמר"": 1, ""אמרו"": 1, ""ומצאו"": 1, ""בבית"": 1, ""ואמר"": 1, ""ובאו"": 1, ""ושאלו"": 1, ""לשאול"": 1, ""והיה"": 1, ""ועמדו"": 1, ""בביתו"": 1, ""וביקשו"": 1, ""לביתו"": 1, ""לבקרו"": 1, ""ואמרין"": 1, ""בשעת"": 1, ""בשער"": 1, ""לבקר"": 1, ""בלילה"": 1, ""וביקש"": 1, ""לברכו"": 1, ""לנחמו"": 1, ""לשוח"": 1, ""בפניהם"": 1, ""ושמע"": 1, ""ושמעו"": 1, ""בשעריו"": 1, ""לשאלו"": 1, ""וביקשון"": 1, ""בפונדק"": 1, ""בשעתו"": 1, ""והיוו"": 1, ""בפונדקאות"": 1, ""והיהו"": 1, ""ומצאוו"": 1, ""ושאלוו"": 1, ""לברכוו"": 1, ""בפונדקאותו"": 1, ""וביקשוו"": 1, ""ושמעוון"": 1, ""לברכוויה"": 1, ""והיווון"": 1, ""והיהוון"": 1, ""בשעתוון"": 1, ""לברכוויהו"": 1, ""ושאלווון"": 1, ""לברכוויהוון"": 1}","{""ואמרו"": [""ואמרו""], ""לבית"": [""לבית""], ""והיו"": [""והיו""], ""אמר"": [""אמר""], ""אמרו"": [""אמרו""], ""ומצאו"": [""ומצאו""], ""בבית"": [""בבית""], ""ואמר"": [""ואמר""], ""ובאו"": [""ובאו""], ""ושאלו"": [""ושאלו""], ""לשאול"": [""לשאול""], ""והיה"": [""והיה""], ""ועמדו"": [""ועמדו""], ""בביתו"": [""בביתו""], ""וביקשו"": [""וביקשו""], ""לביתו"": [""לביתו""], ""לבקרו"": [""לבקרו""], ""ואמרין"": [""ואמרין""], ""בשעת"": [""בשעת""], ""בשער"": [""בשער""], ""לבקר"": [""לבקר""], ""בלילה"": [""בלילה""], ""וביקש"": [""וביקש""], ""לברכו"": [""לברכו""], ""לנחמו"": [""לנחמו""], ""לשוח"": [""לשוח""], ""בפניהם"": [""בפניהם""], ""ושמע"": [""ושמע""], ""ושמעו"": [""ושמעו""], ""בשעריו"": [""בשעריו""], ""לשאלו"": [""לשאלו""], ""וביקשון"": [""וביקשון""], ""בפונדק"": [""בפונדק""], ""בשעתו"": [""בשעתו""], ""והיוו"": [""והיוו""], ""בפונדקאות"": [""בפונדקאות""], ""והיהו"": [""והיהו""], ""ומצאוו"": [""ומצאוו""], ""ושאלוו"": [""ושאלוו""], ""לברכוו"": [""לברכוו""], ""בפונדקאותו"": [""בפונדקאותו""], ""וביקשוו"": [""וביקשוו""], ""ושמעוון"": [""ושמעוון""], ""לברכוויה"": [""לברכוויה""], ""והיווון"": [""והיווון""], ""והיהוון"": [""והיהוון""], ""בשעתוון"": [""בשעתוון""], ""לברכוויהו"": [""לברכוויהו""], ""ושאלווון"": [""ושאלווון""], ""לברכוויהוון"": [""לברכוויהוון""]}",ואמרו,0.068608,לבית,0.049127,והיו,0.04444,אמר,0.033241,אמרו,0.026446,ומצאו,0.021562,בבית,0.021462,ואמר,0.020281,ובאו,0.011377,ושאלו,0.01134,לשאול,0.007702,והיה,0.006815,ועמדו,0.006661,בביתו,0.006274,וביקשו,0.005738,לביתו,0.005367,לבקרו,0.00455,ואמרין,0.003956,בשעת,0.003853,בשער,0.002954,לבקר,0.002019,בלילה,0.001836,וביקש,0.001544,לברכו,0.001504,לנחמו,0.001079,לשוח,0.000541,בפניהם,0.000505,ושמע,0.000462,ושמעו,0.000314,בשעריו,0.000283,לשאלו,0.000276,וביקשון,0.000271,בפונדק,0.000112,בשעתו,2.7e-05,והיוו,1e-05,בפונדקאות,9e-06,והיהו,6e-06,ומצאוו,4e-06,ושאלוו,2e-06,לברכוו,1e-06,בפונדקאותו,0.0,וביקשוו,0.0,ושמעוון,0.0,לברכוויה,0.0,והיווון,0.0,והיהוון,0.0,בשעתוון,0.0,לברכוויהו,0.0,ושאלווון,0.0,לברכוויהוון,0.0,ADP,False,א,א,False,False,False,True,True,True,False,,,,False,False
Midrash_Aggadic_Midrash_Pesikta_DRav_Kahanna__10_1,pesikta_drk,317,להם,12.257,0.9372,0.8754,0.4239,50,-1,False,"{""ר"": 1, ""ו"": 1, ""אמר"": 1, ""רבי"": 1, ""רב"": 1, ""ל"": 1, ""ב"": 1, ""אמרו"": 1, ""לוי"": 1, ""אב"": 1, ""דא"": 1, ""דכת"": 1, ""אבא"": 1, ""שמע"": 1, ""אביו"": 1, ""שאל"": 1, ""בנו"": 1, ""חכם"": 1, ""חזי"": 1, ""מרב"": 1, ""עי"": 1, ""עינא"": 1, ""שמעון"": 1, ""מיכן"": 1, ""רבא"": 1, ""עייל"": 1, ""מיכל"": 1, ""ותני"": 1, ""ותא"": 1, ""דאמרי"": 1, ""שאלון"": 1, ""דכתיב"": 1, ""לויי"": 1, ""חזיון"": 1, ""רביי"": 1, ""ותאכל"": 1, ""ותניין"": 1, ""אבאוי"": 1, ""ותאכלו"": 1, ""בנוו"": 1, ""אבאויי"": 1, ""דכתיבא"": 1, ""מיכלך"": 1, ""רבייון"": 1, ""לוייון"": 1, ""בנוויא"": 1, ""ותאכלוון"": 1, ""בנוויאן"": 1, ""אבאוייון"": 1, ""דכתיבאון"": 1}","{""ר"": [""ר""], ""ו"": [""ו""], ""אמר"": [""אמר""], ""רבי"": [""רבי""], ""רב"": [""רב""], ""ל"": [""ל""], ""ב"": [""ב""], ""אמרו"": [""אמרו""], ""לוי"": [""לוי""], ""אב"": [""אב""], ""דא"": [""דא""], ""דכת"": [""דכת""], ""אבא"": [""אבא""], ""שמע"": [""שמע""], ""אביו"": [""אביו""], ""שאל"": [""שאל""], ""בנו"": [""בנו""], ""חכם"": [""חכם""], ""חזי"": [""חזי""], ""מרב"": [""מרב""], ""עי"": [""עי""], ""עינא"": [""עינא""], ""שמעון"": [""שמעון""], ""מיכן"": [""מיכן""], ""רבא"": [""רבא""], ""עייל"": [""עייל""], ""מיכל"": [""מיכל""], ""ותני"": [""ותני""], ""ותא"": [""ותא""], ""דאמרי"": [""דאמרי""], ""שאלון"": [""שאלון""], ""דכתיב"": [""דכתיב""], ""לויי"": [""לויי""], ""חזיון"": [""חזיון""], ""רביי"": [""רביי""], ""ותאכל"": [""ותאכל""], ""ותניין"": [""ותניין""], ""אבאוי"": [""אבאוי""], ""ותאכלו"": [""ותאכלו""], ""בנוו"": [""בנוו""], ""אבאויי"": [""אבאויי""], ""דכתיבא"": [""דכתיבא""], ""מיכלך"": [""מיכלך""], ""רבייון"": [""רבייון""], ""לוייון"": [""לוייון""], ""בנוויא"": [""בנוויא""], ""ותאכלוון"": [""ותאכלוון""], ""בנוויאן"": [""בנוויאן""], ""אבאוייון"": [""אבאוייון""], ""דכתיבאון"": [""דכתיבאון""]}",ר,0.166495,ו,0.070498,אמר,0.030798,רבי,0.029832,רב,0.021167,ל,0.020839,ב,0.020839,אמרו,0.015696,לוי,0.01109,אב,0.005511,דא,0.0049,דכת,0.004676,אבא,0.00436,שמע,0.003571,אביו,0.003403,שאל,0.001489,בנו,0.001251,חכם,0.001165,חזי,0.001112,מרב,0.000957,עי,0.000644,עינא,0.000629,שמעון,0.000561,מיכן,0.00044,רבא,0.000399,עייל,0.000266,מיכל,0.000205,ותני,0.000201,ותא,0.000195,דאמרי,0.000163,שאלון,0.000152,דכתיב,0.000132,לויי,0.000126,חזיון,7.2e-05,רביי,6.1e-05,ותאכל,1.3e-05,ותניין,9e-06,אבאוי,5e-06,ותאכלו,2e-06,בנוו,2e-06,אבאויי,1e-06,דכתיבא,1e-06,מיכלך,0.0,רבייון,0.0,לוייון,0.0,בנוויא,0.0,ותאכלוון,0.0,בנוויאן,0.0,אבאוייון,0.0,דכתיבאון,0.0,PUNCT,False,להם,לו,False,True,False,True,True,True,False,,,,False,False
Midrash_Aggadic_Midrash_Pesikta_DRav_Kahanna__10_1,pesikta_drk,318,מה,6.6028,0.855,0.8128,0.1451,50,-1,False,"{""ו"": 1, ""ר"": 1, ""לא"": 1, ""על"": 1, ""אב"": 1, ""שמח"": 1, ""שמחה"": 1, ""עין"": 1, ""מאי"": 1, ""שכר"": 1, ""בושה"": 1, ""נאה"": 1, ""אבא"": 1, ""רחמים"": 1, ""ברכה"": 1, ""אביו"": 1, ""לאמר"": 1, ""עינא"": 1, ""ניחא"": 1, ""מזון"": 1, ""ויאמרו"": 1, ""ויאמר"": 1, ""מזונות"": 1, ""עיניהם"": 1, ""עלות"": 1, ""רחמנא"": 1, ""בושת"": 1, ""שכרו"": 1, ""מזונותיו"": 1, ""רחמנן"": 1, ""ניחוש"": 1, ""ויאמרנו"": 1, ""עלותה"": 1, ""ניחאון"": 1, ""בושתא"": 1, ""בושהו"": 1, ""לאמרנו"": 1, ""אבאך"": 1, ""אביוו"": 1, ""ניחושי"": 1, ""שכרוון"": 1, ""ויאמרנוו"": 1, ""רחמנאהתרגום"": 1, ""בושהוון"": 1, ""לאמרנוו"": 1, ""אביווים"": 1, ""ניחושיון"": 1, ""ויאמרנווין"": 1, ""רחמנאהאם"": 1, ""לאמרנווין"": 1}","{""ו"": [""ו""], ""ר"": [""ר""], ""לא"": [""לא""], ""על"": [""על""], ""אב"": [""אב""], ""שמח"": [""שמח""], ""שמחה"": [""שמחה""], ""עין"": [""עין""], ""מאי"": [""מאי""], ""שכר"": [""שכר""], ""בושה"": [""בושה""], ""נאה"": [""נאה""], ""אבא"": [""אבא""], ""רחמים"": [""רחמים""], ""ברכה"": [""ברכה""], ""אביו"": [""אביו""], ""לאמר"": [""לאמר""], ""עינא"": [""עינא""], ""ניחא"": [""ניחא""], ""מזון"": [""מזון""], ""ויאמרו"": [""ויאמרו""], ""ויאמר"": [""ויאמר""], ""מזונות"": [""מזונות""], ""עיניהם"": [""עיניהם""], ""עלות"": [""עלות""], ""רחמנא"": [""רחמנא""], ""בושת"": [""בושת""], ""שכרו"": [""שכרו""], ""מזונותיו"": [""מזונותיו""], ""רחמנן"": [""רחמנן""], ""ניחוש"": [""ניחוש""], ""ויאמרנו"": [""ויאמרנו""], ""עלותה"": [""עלותה""], ""ניחאון"": [""ניחאון""], ""בושתא"": [""בושתא""], ""בושהו"": [""בושהו""], ""לאמרנו"": [""לאמרנו""], ""אבאך"": [""אבאך""], ""אביוו"": [""אביוו""], ""ניחושי"": [""ניחושי""], ""שכרוון"": [""שכרוון""], ""ויאמרנוו"": [""ויאמרנוו""], ""רחמנאהתרגום"": [""רחמנאהתרגום""], ""בושהוון"": [""בושהוון""], ""לאמרנוו"": [""לאמרנוו""], ""אביווים"": [""אביווים""], ""ניחושיון"": [""ניחושיון""], ""ויאמרנווין"": [""ויאמרנווין""], ""רחמנאהאם"": [""רחמנאהאם""], ""לאמרנווין"": [""לאמרנווין""]}",ו,0.034805,ר,0.029771,לא,0.022124,על,0.018341,אב,0.004115,שמח,0.003888,שמחה,0.003627,עין,0.002869,מאי,0.002818,שכר,0.002358,בושה,0.002267,נאה,0.002029,אבא,0.001974,רחמים,0.001803,ברכה,0.00172,אביו,0.001635,לאמר,0.001494,עינא,0.001255,ניחא,0.00097,מזון,0.00093,ויאמרו,0.00081,ויאמר,0.000682,מזונות,0.000659,עיניהם,0.000631,עלות,0.000496,רחמנא,0.000331,בושת,0.000327,שכרו,0.000215,מזונותיו,5.2e-05,רחמנן,3.6e-05,ניחוש,3.6e-05,ויאמרנו,1.3e-05,עלותה,1.2e-05,ניחאון,8e-06,בושתא,8e-06,בושהו,6e-06,לאמרנו,6e-06,אבאך,2e-06,אביוו,1e-06,ניחושי,1e-06,שכרוון,0.0,ויאמרנוו,0.0,רחמנאהתרגום,0.0,בושהוון,0.0,לאמרנוו,0.0,אביווים,0.0,ניחושיון,0.0,ויאמרנווין,0.0,רחמנאהאם,0.0,לאמרנווין,0.0,VERB,False,מה,מה,True,True,False,True,True,True,False,,,,False,False
Midrash_Aggadic_Midrash_Pesikta_DRav_Kahanna__10_1,pesikta_drk,319,באתם,14.6696,0.8488,0.6497,0.3217,50,-1,False,"{""הוא"": 1, ""ש"": 1, ""אמר"": 1, ""אתה"": 1, ""אמרו"": 1, ""היה"": 1, ""עשה"": 1, ""ביד"": 1, ""שאמר"": 1, ""יעשו"": 1, ""תאמר"": 1, ""תעשה"": 1, ""יעשה"": 1, ""שהוציא"": 1, ""אכל"": 1, ""עשו"": 1, ""נאה"": 1, ""תאמרו"": 1, ""בידך"": 1, ""נפק"": 1, ""אומ"": 1, ""בידו"": 1, ""אומרים"": 1, ""שאכל"": 1, ""שהיתה"": 1, ""אכלו"": 1, ""שהוציאו"": 1, ""נפקד"": 1, ""שגזר"": 1, ""שגנבת"": 1, ""היהודים"": 1, ""שגנבו"": 1, ""נאהו"": 1, ""הואיל"": 1, ""נפקדך"": 1, ""עשויה"": 1, ""עשהו"": 1, ""תעשהנו"": 1, ""שגנבתו"": 1, ""היהודית"": 1, ""שהיתהו"": 1, ""הואילו"": 1, ""עשויהו"": 1, ""היהודיתו"": 1, ""נאהוון"": 1, ""תעשהנוו"": 1, ""שהיתהוון"": 1, ""עשויהוון"": 1, ""הואילוון"": 1, ""היהודיתוון"": 1}","{""הוא"": [""הוא""], ""ש"": [""ש""], ""אמר"": [""אמר""], ""אתה"": [""אתה""], ""אמרו"": [""אמרו""], ""היה"": [""היה""], ""עשה"": [""עשה""], ""ביד"": [""ביד""], ""שאמר"": [""שאמר""], ""יעשו"": [""יעשו""], ""תאמר"": [""תאמר""], ""תעשה"": [""תעשה""], ""יעשה"": [""יעשה""], ""שהוציא"": [""שהוציא""], ""אכל"": [""אכל""], ""עשו"": [""עשו""], ""נאה"": [""נאה""], ""תאמרו"": [""תאמרו""], ""בידך"": [""בידך""], ""נפק"": [""נפק""], ""אומ"": [""אומ""], ""בידו"": [""בידו""], ""אומרים"": [""אומרים""], ""שאכל"": [""שאכל""], ""שהיתה"": [""שהיתה""], ""אכלו"": [""אכלו""], ""שהוציאו"": [""שהוציאו""], ""נפקד"": [""נפקד""], ""שגזר"": [""שגזר""], ""שגנבת"": [""שגנבת""], ""היהודים"": [""היהודים""], ""שגנבו"": [""שגנבו""], ""נאהו"": [""נאהו""], ""הואיל"": [""הואיל""], ""נפקדך"": [""נפקדך""], ""עשויה"": [""עשויה""], ""עשהו"": [""עשהו""], ""תעשהנו"": [""תעשהנו""], ""שגנבתו"": [""שגנבתו""], ""היהודית"": [""היהודית""], ""שהיתהו"": [""שהיתהו""], ""הואילו"": [""הואילו""], ""עשויהו"": [""עשויהו""], ""היהודיתו"": [""היהודיתו""], ""נאהוון"": [""נאהוון""], ""תעשהנוו"": [""תעשהנוו""], ""שהיתהוון"": [""שהיתהוון""], ""עשויהוון"": [""עשויהוון""], ""הואילוון"": [""הואילוון""], ""היהודיתוון"": [""היהודיתוון""]}",הוא,0.071423,ש,0.046114,אמר,0.028857,אתה,0.021445,אמרו,0.017967,היה,0.016964,עשה,0.015815,ביד,0.012735,שאמר,0.010532,יעשו,0.009064,תאמר,0.008876,תעשה,0.007833,יעשה,0.00695,שהוציא,0.006918,אכל,0.006706,עשו,0.004531,נאה,0.004074,תאמרו,0.004054,בידך,0.003733,נפק,0.003485,אומ,0.002545,בידו,0.002319,אומרים,0.002028,שאכל,0.001802,שהיתה,0.001749,אכלו,0.00166,שהוציאו,0.000498,נפקד,0.000459,שגזר,0.000226,שגנבת,9.8e-05,היהודים,8.1e-05,שגנבו,4.9e-05,נאהו,2.9e-05,הואיל,1.5e-05,נפקדך,8e-06,עשויה,7e-06,עשהו,6e-06,תעשהנו,6e-06,שגנבתו,4e-06,היהודית,3e-06,שהיתהו,1e-06,הואילו,0.0,עשויהו,0.0,היהודיתו,0.0,נאהוון,0.0,תעשהנוו,0.0,שהיתהוון,0.0,עשויהוון,0.0,הואילוון,0.0,היהודיתוון,0.0,DET,True,באתם,בא,False,False,False,True,True,True,False,,,,False,False
Midrash_Aggadic_Midrash_Pesikta_DRav_Kahanna__10_1,pesikta_drk,320,לשמוח,14.0703,0.9044,0.8171,0.2752,50,-1,False,"{""אצלי"": 1, ""אל"": 1, ""לה"": 1, ""לעשות"": 1, ""אצל"": 1, ""כדי"": 1, ""לבשר"": 1, ""ואמר"": 1, ""עתה"": 1, ""לבקש"": 1, ""לידע"": 1, ""עמי"": 1, ""אלי"": 1, ""וגו"": 1, ""ואמרו"": 1, ""אצלינו"": 1, ""לבוש"": 1, ""אצלו"": 1, ""לבשרנו"": 1, ""לאמר"": 1, ""לאכול"": 1, ""שאל"": 1, ""להוציא"": 1, ""לבקשנו"": 1, ""לעשותו"": 1, ""ואמרין"": 1, ""שואלין"": 1, ""שואלים"": 1, ""ותמה"": 1, ""לבושין"": 1, ""ותמהו"": 1, ""להוציאנו"": 1, ""ותאמר"": 1, ""אצליי"": 1, ""לאמרנו"": 1, ""ותאמרו"": 1, ""לידענו"": 1, ""אליכם"": 1, ""עמיי"": 1, ""אליכן"": 1, ""כדיי"": 1, ""לבקשנוו"": 1, ""לאכולנו"": 1, ""אצלייון"": 1, ""להוציאנוו"": 1, ""לידענוו"": 1, ""עמייון"": 1, ""לבקשנווון"": 1, ""להוציאנווין"": 1, ""לידענווון"": 1}","{""אצלי"": [""אצלי""], ""אל"": [""אל""], ""לה"": [""לה""], ""לעשות"": [""לעשות""], ""אצל"": [""אצל""], ""כדי"": [""כדי""], ""לבשר"": [""לבשר""], ""ואמר"": [""ואמר""], ""עתה"": [""עתה""], ""לבקש"": [""לבקש""], ""לידע"": [""לידע""], ""עמי"": [""עמי""], ""אלי"": [""אלי""], ""וגו"": [""וגו""], ""ואמרו"": [""ואמרו""], ""אצלינו"": [""אצלינו""], ""לבוש"": [""לבוש""], ""אצלו"": [""אצלו""], ""לבשרנו"": [""לבשרנו""], ""לאמר"": [""לאמר""], ""לאכול"": [""לאכול""], ""שאל"": [""שאל""], ""להוציא"": [""להוציא""], ""לבקשנו"": [""לבקשנו""], ""לעשותו"": [""לעשותו""], ""ואמרין"": [""ואמרין""], ""שואלין"": [""שואלין""], ""שואלים"": [""שואלים""], ""ותמה"": [""ותמה""], ""לבושין"": [""לבושין""], ""ותמהו"": [""ותמהו""], ""להוציאנו"": [""להוציאנו""], ""ותאמר"": [""ותאמר""], ""אצליי"": [""אצליי""], ""לאמרנו"": [""לאמרנו""], ""ותאמרו"": [""ותאמרו""], ""לידענו"": [""לידענו""], ""אליכם"": [""אליכם""], ""עמיי"": [""עמיי""], ""אליכן"": [""אליכן""], ""כדיי"": [""כדיי""], ""לבקשנוו"": [""לבקשנוו""], ""לאכולנו"": [""לאכולנו""], ""אצלייון"": [""אצלייון""], ""להוציאנוו"": [""להוציאנוו""], ""לידענוו"": [""לידענוו""], ""עמייון"": [""עמייון""], ""לבקשנווון"": [""לבקשנווון""], ""להוציאנווין"": [""להוציאנווין""], ""לידענווון"": [""לידענווון""]}",אצלי,0.056741,אל,0.040222,לה,0.025567,לעשות,0.017849,אצל,0.016767,כדי,0.015267,לבשר,0.014389,ואמר,0.013004,עתה,0.007099,לבקש,0.007072,לידע,0.006049,עמי,0.005616,אלי,0.005166,וגו,0.004402,ואמרו,0.004156,אצלינו,0.004145,לבוש,0.004122,אצלו,0.003922,לבשרנו,0.003662,לאמר,0.003017,לאכול,0.002662,שאל,0.002528,להוציא,0.001872,לבקשנו,0.001453,לעשותו,0.001245,ואמרין,0.001244,שואלין,0.001149,שואלים,0.001063,ותמה,0.000823,לבושין,0.000688,ותמהו,0.00055,להוציאנו,0.000299,ותאמר,0.000284,אצליי,0.000269,לאמרנו,0.000267,ותאמרו,0.000223,לידענו,0.000175,אליכם,9.2e-05,עמיי,2.5e-05,אליכן,8e-06,כדיי,7e-06,לבקשנוו,2e-06,לאכולנו,2e-06,אצלייון,1e-06,להוציאנוו,0.0,לידענוו,0.0,עמייון,0.0,לבקשנווון,0.0,להוציאנווין,0.0,לידענווון,0.0,VERB,True,לשמוח,שמח,True,False,True,True,True,True,True,25.0,6.0,19.0,False,True
Midrash_Aggadic_Midrash_Pesikta_DRav_Kahanna__10_1,pesikta_drk,321,על,4.6909,0.8178,0.0,0.5594,50,5,True,"{""בשמחת"": 1, ""לי"": 1, ""א"": 1, ""לפני"": 1, ""על"": 1, ""אצלי"": 1, ""עמנו"": 1, ""בי"": 1, ""בשמחתו"": 1, ""עמו"": 1, ""עם"": 1, ""בא"": 1, ""עמכם"": 1, ""אתם"": 1, ""עמי"": 1, ""אצלו"": 1, ""בשמחה"": 1, ""ולשמח"": 1, ""שמחה"": 1, ""בביתי"": 1, ""באתי"": 1, ""וגו"": 1, ""בבשר"": 1, ""בעני"": 1, ""לפניי"": 1, ""ולשמחנו"": 1, ""עלינו"": 1, ""שמחת"": 1, ""ולברך"": 1, ""בעניי"": 1, ""בבשרו"": 1, ""בעיניכם"": 1, ""ליי"": 1, ""בשמכם"": 1, ""שמע"": 1, ""ועשיתם"": 1, ""שמחתנו"": 1, ""ועיניכם"": 1, ""אצליי"": 1, ""באתיו"": 1, ""ביורני"": 1, ""ביורש"": 1, ""בביתיי"": 1, ""בעיניכן"": 1, ""לייון"": 1, ""ועיניכן"": 1, ""ביורשנו"": 1, ""באתיוון"": 1, ""ביורניו"": 1, ""ביורניוון"": 1}","{""בשמחת"": [""בשמחת""], ""לי"": [""לי""], ""א"": [""א""], ""לפני"": [""לפני""], ""על"": [""על""], ""אצלי"": [""אצלי""], ""עמנו"": [""עמנו""], ""בי"": [""בי""], ""בשמחתו"": [""בשמחתו""], ""עמו"": [""עמו""], ""עם"": [""עם""], ""בא"": [""בא""], ""עמכם"": [""עמכם""], ""אתם"": [""אתם""], ""עמי"": [""עמי""], ""אצלו"": [""אצלו""], ""בשמחה"": [""בשמחה""], ""ולשמח"": [""ולשמח""], ""שמחה"": [""שמחה""], ""בביתי"": [""בביתי""], ""באתי"": [""באתי""], ""וגו"": [""וגו""], ""בבשר"": [""בבשר""], ""בעני"": [""בעני""], ""לפניי"": [""לפניי""], ""ולשמחנו"": [""ולשמחנו""], ""עלינו"": [""עלינו""], ""שמחת"": [""שמחת""], ""ולברך"": [""ולברך""], ""בעניי"": [""בעניי""], ""בבשרו"": [""בבשרו""], ""בעיניכם"": [""בעיניכם""], ""ליי"": [""ליי""], ""בשמכם"": [""בשמכם""], ""שמע"": [""שמע""], ""ועשיתם"": [""ועשיתם""], ""שמחתנו"": [""שמחתנו""], ""ועיניכם"": [""ועיניכם""], ""אצליי"": [""אצליי""], ""באתיו"": [""באתיו""], ""ביורני"": [""ביורני""], ""ביורש"": [""ביורש""], ""בביתיי"": [""בביתיי""], ""בעיניכן"": [""בעיניכן""], ""לייון"": [""לייון""], ""ועיניכן"": [""ועיניכן""], ""ביורשנו"": [""ביורשנו""], ""באתיוון"": [""באתיוון""], ""ביורניו"": [""ביורניו""], ""ביורניוון"": [""ביורניוון""]}",בשמחת,0.092517,לי,0.056334,א,0.05546,לפני,0.044564,על,0.038718,אצלי,0.031201,עמנו,0.026408,בי,0.024998,בשמחתו,0.024571,עמו,0.023137,עם,0.02105,בא,0.018577,עמכם,0.01627,אתם,0.01614,עמי,0.012192,אצלו,0.007767,בשמחה,0.00692,ולשמח,0.006631,שמחה,0.006291,בביתי,0.005893,באתי,0.004523,וגו,0.004192,בבשר,0.003746,בעני,0.002443,לפניי,0.002174,ולשמחנו,0.000953,עלינו,0.000923,שמחת,0.000921,ולברך,0.000757,בעניי,0.000725,בבשרו,0.000579,בעיניכם,0.000473,ליי,0.000403,בשמכם,0.000344,שמע,0.000214,ועשיתם,0.000195,שמחתנו,7.8e-05,ועיניכם,6.7e-05,אצליי,4.7e-05,באתיו,2.1e-05,ביורני,7e-06,ביורש,7e-06,בביתיי,3e-06,בעיניכן,3e-06,לייון,2e-06,ועיניכן,1e-06,ביורשנו,0.0,באתיוון,0.0,ביורניו,0.0,ביורניוון,0.0,VERB,False,על,על,True,True,False,True,True,True,False,,,,False,False
Midrash_Aggadic_Midrash_Pesikta_DRav_Kahanna__10_1,pesikta_drk,322,אותו,10.4584,0.9204,0.8731,0.2919,50,-1,False,"{""דבר"": 1, ""מיתת"": 1, ""זה"": 1, ""ידו"": 1, ""מיתתו"": 1, ""נפש"": 1, ""שדה"": 1, ""יד"": 1, ""קברו"": 1, ""שמחת"": 1, ""מעשרותי"": 1, ""נפשי"": 1, ""מעשר"": 1, ""מעשרותיו"": 1, ""קברי"": 1, ""אב"": 1, ""ידך"": 1, ""עני"": 1, ""שמחתי"": 1, ""פטירת"": 1, ""נפילת"": 1, ""דברי"": 1, ""עניות"": 1, ""פניכם"": 1, ""גורל"": 1, ""מיתה"": 1, ""גאולת"": 1, ""מיתתנו"": 1, ""פטירתו"": 1, ""חורבן"": 1, ""שמחתנו"": 1, ""עניי"": 1, ""גורלכם"": 1, ""עניותי"": 1, ""חתונת"": 1, ""חתונתו"": 1, ""גאולתכם"": 1, ""נפילתך"": 1, ""חתונתנו"": 1, ""זהות"": 1, ""קבריי"": 1, ""שמחתיי"": 1, ""זהותי"": 1, ""נפשיון"": 1, ""דברייכם"": 1, ""עניייתי"": 1, ""דברייכן"": 1, ""קברייון"": 1, ""שמחתייון"": 1, ""זהותיון"": 1}","{""דבר"": [""דבר""], ""מיתת"": [""מיתת""], ""זה"": [""זה""], ""ידו"": [""ידו""], ""מיתתו"": [""מיתתו""], ""נפש"": [""נפש""], ""שדה"": [""שדה""], ""יד"": [""יד""], ""קברו"": [""קברו""], ""שמחת"": [""שמחת""], ""מעשרותי"": [""מעשרותי""], ""נפשי"": [""נפשי""], ""מעשר"": [""מעשר""], ""מעשרותיו"": [""מעשרותיו""], ""קברי"": [""קברי""], ""אב"": [""אב""], ""ידך"": [""ידך""], ""עני"": [""עני""], ""שמחתי"": [""שמחתי""], ""פטירת"": [""פטירת""], ""נפילת"": [""נפילת""], ""דברי"": [""דברי""], ""עניות"": [""עניות""], ""פניכם"": [""פניכם""], ""גורל"": [""גורל""], ""מיתה"": [""מיתה""], ""גאולת"": [""גאולת""], ""מיתתנו"": [""מיתתנו""], ""פטירתו"": [""פטירתו""], ""חורבן"": [""חורבן""], ""שמחתנו"": [""שמחתנו""], ""עניי"": [""עניי""], ""גורלכם"": [""גורלכם""], ""עניותי"": [""עניותי""], ""חתונת"": [""חתונת""], ""חתונתו"": [""חתונתו""], ""גאולתכם"": [""גאולתכם""], ""נפילתך"": [""נפילתך""], ""חתונתנו"": [""חתונתנו""], ""זהות"": [""זהות""], ""קבריי"": [""קבריי""], ""שמחתיי"": [""שמחתיי""], ""זהותי"": [""זהותי""], ""נפשיון"": [""נפשיון""], ""דברייכם"": [""דברייכם""], ""עניייתי"": [""עניייתי""], ""דברייכן"": [""דברייכן""], ""קברייון"": [""קברייון""], ""שמחתייון"": [""שמחתייון""], ""זהותיון"": [""זהותיון""]}",דבר,0.052219,מיתת,0.025475,זה,0.023537,ידו,0.022546,מיתתו,0.022482,נפש,0.018851,שדה,0.015837,יד,0.012847,קברו,0.011074,שמחת,0.009401,מעשרותי,0.007071,נפשי,0.006558,מעשר,0.006468,מעשרותיו,0.005862,קברי,0.004992,אב,0.004531,ידך,0.004449,עני,0.004402,שמחתי,0.003249,פטירת,0.003236,נפילת,0.003108,דברי,0.002961,עניות,0.002842,פניכם,0.002729,גורל,0.00253,מיתה,0.002338,גאולת,0.00155,מיתתנו,0.001521,פטירתו,0.00132,חורבן,0.001068,שמחתנו,0.001053,עניי,0.000941,גורלכם,0.000721,עניותי,0.00071,חתונת,0.000436,חתונתו,0.000351,גאולתכם,0.000229,נפילתך,0.000196,חתונתנו,7.6e-05,זהות,4.5e-05,קבריי,2.6e-05,שמחתיי,1.8e-05,זהותי,1.2e-05,נפשיון,3e-06,דברייכם,1e-06,עניייתי,1e-06,דברייכן,0.0,קברייון,0.0,שמחתייון,0.0,זהותיון,0.0,VERB,False,אותו,את,True,True,False,True,True,True,False,,,,False,False
Midrash_Aggadic_Midrash_Pesikta_DRav_Kahanna__10_1,pesikta_drk,323,האיש,5.0818,0.8269,0.0,0.4563,50,3,True,"{""הבן"": 1, ""הדבר"": 1, ""האיש"": 1, ""בן"": 1, ""אדם"": 1, ""דבר"": 1, ""המעשה"": 1, ""מעשה"": 1, ""העני"": 1, ""הפסד"": 1, ""עני"": 1, ""בנו"": 1, ""שמח"": 1, ""שמת"": 1, ""בנך"": 1, ""שמחה"": 1, ""בשר"": 1, ""מעשר"": 1, ""הענין"": 1, ""הפסוק"": 1, ""בנכם"": 1, ""הנער"": 1, ""הנאה"": 1, ""ענין"": 1, ""שהיתה"": 1, ""עניין"": 1, ""הנס"": 1, ""המן"": 1, ""האב"": 1, ""העניין"": 1, ""הבת"": 1, ""שמתו"": 1, ""הפסדנו"": 1, ""דברי"": 1, ""הבתול"": 1, ""הפסוקי"": 1, ""הבתולא"": 1, ""בשרו"": 1, ""האישו"": 1, ""מעשרו"": 1, ""האבון"": 1, ""הנאהן"": 1, ""הנערו"": 1, ""הפסוקיון"": 1, ""דבריון"": 1, ""הפסדנוו"": 1, ""שמתוון"": 1, ""הנערוון"": 1, ""האישוון"": 1, ""הפסדנווים"": 1}","{""הבן"": [""הבן""], ""הדבר"": [""הדבר""], ""האיש"": [""האיש""], ""בן"": [""בן""], ""אדם"": [""אדם""], ""דבר"": [""דבר""], ""המעשה"": [""המעשה""], ""מעשה"": [""מעשה""], ""העני"": [""העני""], ""הפסד"": [""הפסד""], ""עני"": [""עני""], ""בנו"": [""בנו""], ""שמח"": [""שמח""], ""שמת"": [""שמת""], ""בנך"": [""בנך""], ""שמחה"": [""שמחה""], ""בשר"": [""בשר""], ""מעשר"": [""מעשר""], ""הענין"": [""הענין""], ""הפסוק"": [""הפסוק""], ""בנכם"": [""בנכם""], ""הנער"": [""הנער""], ""הנאה"": [""הנאה""], ""ענין"": [""ענין""], ""שהיתה"": [""שהיתה""], ""עניין"": [""עניין""], ""הנס"": [""הנס""], ""המן"": [""המן""], ""האב"": [""האב""], ""העניין"": [""העניין""], ""הבת"": [""הבת""], ""שמתו"": [""שמתו""], ""הפסדנו"": [""הפסדנו""], ""דברי"": [""דברי""], ""הבתול"": [""הבתול""], ""הפסוקי"": [""הפסוקי""], ""הבתולא"": [""הבתולא""], ""בשרו"": [""בשרו""], ""האישו"": [""האישו""], ""מעשרו"": [""מעשרו""], ""האבון"": [""האבון""], ""הנאהן"": [""הנאהן""], ""הנערו"": [""הנערו""], ""הפסוקיון"": [""הפסוקיון""], ""דבריון"": [""דבריון""], ""הפסדנוו"": [""הפסדנוו""], ""שמתוון"": [""שמתוון""], ""הנערוון"": [""הנערוון""], ""האישוון"": [""האישוון""], ""הפסדנווים"": [""הפסדנווים""]}",הבן,0.201891,הדבר,0.050674,האיש,0.029527,בן,0.027985,אדם,0.023565,דבר,0.0232,המעשה,0.014097,מעשה,0.00988,העני,0.00844,הפסד,0.00733,עני,0.006827,בנו,0.006443,שמח,0.005646,שמת,0.005304,בנך,0.00499,שמחה,0.004245,בשר,0.004096,מעשר,0.003061,הענין,0.00276,הפסוק,0.002573,בנכם,0.002509,הנער,0.001814,הנאה,0.001651,ענין,0.001608,שהיתה,0.001461,עניין,0.00094,הנס,0.000887,המן,0.000795,האב,0.000739,העניין,0.000495,הבת,0.000264,שמתו,0.000234,הפסדנו,0.00014,דברי,7.4e-05,הבתול,3.7e-05,הפסוקי,2.6e-05,הבתולא,2.3e-05,בשרו,2e-05,האישו,1.3e-05,מעשרו,1.2e-05,האבון,6e-06,הנאהן,5e-06,הנערו,2e-06,הפסוקיון,1e-06,דבריון,0.0,הפסדנוו,0.0,שמתוון,0.0,הנערוון,0.0,האישוון,0.0,הפסדנווים,0.0,NUM,True,האיש,איש,False,False,False,True,True,True,False,,,,False,False
Midrash_Aggadic_Midrash_Pesikta_DRav_Kahanna__10_1,pesikta_drk,324,שנידווה,25.5874,0.86,0.5967,0.1988,50,-1,False,"{""דכת"": 1, ""אמר"": 1, ""ר"": 1, ""ומה"": 1, ""א"": 1, ""אשר"": 1, ""אמרו"": 1, ""והלא"": 1, ""שמת"": 1, ""שהיתה"": 1, ""שנכנס"": 1, ""שנפל"": 1, ""וגו"": 1, ""והיו"": 1, ""דהו"": 1, ""שהכניס"": 1, ""דהוון"": 1, ""רבי"": 1, ""ויאמר"": 1, ""דכתיב"": 1, ""אב"": 1, ""ויאמרו"": 1, ""שנכנסו"": 1, ""והלאו"": 1, ""שזיע"": 1, ""אביו"": 1, ""שמתו"": 1, ""שהכניסו"": 1, ""שזיער"": 1, ""ומהו"": 1, ""אשרי"": 1, ""ויאמרון"": 1, ""שנפלת"": 1, ""והיוון"": 1, ""שזיערנו"": 1, ""רביי"": 1, ""דכתיבו"": 1, ""והלאוים"": 1, ""שנפלתנו"": 1, ""שמתוון"": 1, ""ומהוות"": 1, ""אביוו"": 1, ""ומהוותם"": 1, ""רבייון"": 1, ""שזיערנוו"": 1, ""אביווים"": 1, ""דכתיבוון"": 1, ""שנפלתנוו"": 1, ""שזיערנווון"": 1, ""שנפלתנווים"": 1}","{""דכת"": [""דכת""], ""אמר"": [""אמר""], ""ר"": [""ר""], ""ומה"": [""ומה""], ""א"": [""א""], ""אשר"": [""אשר""], ""אמרו"": [""אמרו""], ""והלא"": [""והלא""], ""שמת"": [""שמת""], ""שהיתה"": [""שהיתה""], ""שנכנס"": [""שנכנס""], ""שנפל"": [""שנפל""], ""וגו"": [""וגו""], ""והיו"": [""והיו""], ""דהו"": [""דהו""], ""שהכניס"": [""שהכניס""], ""דהוון"": [""דהוון""], ""רבי"": [""רבי""], ""ויאמר"": [""ויאמר""], ""דכתיב"": [""דכתיב""], ""אב"": [""אב""], ""ויאמרו"": [""ויאמרו""], ""שנכנסו"": [""שנכנסו""], ""והלאו"": [""והלאו""], ""שזיע"": [""שזיע""], ""אביו"": [""אביו""], ""שמתו"": [""שמתו""], ""שהכניסו"": [""שהכניסו""], ""שזיער"": [""שזיער""], ""ומהו"": [""ומהו""], ""אשרי"": [""אשרי""], ""ויאמרון"": [""ויאמרון""], ""שנפלת"": [""שנפלת""], ""והיוון"": [""והיוון""], ""שזיערנו"": [""שזיערנו""], ""רביי"": [""רביי""], ""דכתיבו"": [""דכתיבו""], ""והלאוים"": [""והלאוים""], ""שנפלתנו"": [""שנפלתנו""], ""שמתוון"": [""שמתוון""], ""ומהוות"": [""ומהוות""], ""אביוו"": [""אביוו""], ""ומהוותם"": [""ומהוותם""], ""רבייון"": [""רבייון""], ""שזיערנוו"": [""שזיערנוו""], ""אביווים"": [""אביווים""], ""דכתיבוון"": [""דכתיבוון""], ""שנפלתנוו"": [""שנפלתנוו""], ""שזיערנווון"": [""שזיערנווון""], ""שנפלתנווים"": [""שנפלתנווים""]}",דכת,0.031544,אמר,0.022981,ר,0.020925,ומה,0.018757,א,0.01818,אשר,0.01762,אמרו,0.017206,והלא,0.009822,שמת,0.006886,שהיתה,0.006158,שנכנס,0.004797,שנפל,0.003297,וגו,0.003109,והיו,0.002814,דהו,0.002109,שהכניס,0.002063,דהוון,0.001815,רבי,0.001579,ויאמר,0.001416,דכתיב,0.001405,אב,0.001148,ויאמרו,0.001069,שנכנסו,0.000708,והלאו,0.000306,שזיע,0.000187,אביו,0.000184,שמתו,0.000179,שהכניסו,0.000144,שזיער,0.00011,ומהו,9.2e-05,אשרי,7.2e-05,ויאמרון,3.9e-05,שנפלת,1.9e-05,והיוון,9e-06,שזיערנו,3e-06,רביי,3e-06,דכתיבו,2e-06,והלאוים,1e-06,שנפלתנו,0.0,שמתוון,0.0,ומהוות,0.0,אביוו,0.0,ומהוותם,0.0,רבייון,0.0,שזיערנוו,0.0,אביווים,0.0,דכתיבוון,0.0,שנפלתנוו,0.0,שזיערנווון,0.0,שנפלתנווים,0.0,ADV,True,שנידווה,[BLANK],True,False,True,True,True,True,True,5.0,25.0,-20.0,True,False
Midrash_Aggadic_Midrash_Pesikta_DRav_Kahanna__10_1,pesikta_drk,325,אמרו,7.8791,0.8437,0.3752,0.193,50,-1,False,"{""על"": 1, ""מן"": 1, ""כל"": 1, ""מה"": 1, ""דכת"": 1, ""והיה"": 1, ""מעשר"": 1, ""במעשרות"": 1, ""מממונו"": 1, ""והיו"": 1, ""ממון"": 1, ""במעשרותיו"": 1, ""ביד"": 1, ""ממעשר"": 1, ""מהעולם"": 1, ""במעשר"": 1, ""מעשרו"": 1, ""נפש"": 1, ""מחייו"": 1, ""מעשרות"": 1, ""נידוה"": 1, ""מעשרותיו"": 1, ""נפשו"": 1, ""נידוהו"": 1, ""ממעשרו"": 1, ""ונפל"": 1, ""במעשרו"": 1, ""דהו"": 1, ""ועמד"": 1, ""דהוון"": 1, ""עליכם"": 1, ""ונתעטף"": 1, ""דכתיב"": 1, ""כליל"": 1, ""מממוניו"": 1, ""ונעלם"": 1, ""מממונכם"": 1, ""ונתעטפו"": 1, ""ונתעב"": 1, ""כלילו"": 1, ""והיהוד"": 1, ""עליכן"": 1, ""והיהודים"": 1, ""והיוון"": 1, ""דכתיבא"": 1, ""כלילוון"": 1, ""דכתיבאנו"": 1, ""דכתיבאנוו"": 1, ""דכתיבאנוויה"": 1, ""דכתיבאנוויהו"": 1}","{""על"": [""על""], ""מן"": [""מן""], ""כל"": [""כל""], ""מה"": [""מה""], ""דכת"": [""דכת""], ""והיה"": [""והיה""], ""מעשר"": [""מעשר""], ""במעשרות"": [""במעשרות""], ""מממונו"": [""מממונו""], ""והיו"": [""והיו""], ""ממון"": [""ממון""], ""במעשרותיו"": [""במעשרותיו""], ""ביד"": [""ביד""], ""ממעשר"": [""ממעשר""], ""מהעולם"": [""מהעולם""], ""במעשר"": [""במעשר""], ""מעשרו"": [""מעשרו""], ""נפש"": [""נפש""], ""מחייו"": [""מחייו""], ""מעשרות"": [""מעשרות""], ""נידוה"": [""נידוה""], ""מעשרותיו"": [""מעשרותיו""], ""נפשו"": [""נפשו""], ""נידוהו"": [""נידוהו""], ""ממעשרו"": [""ממעשרו""], ""ונפל"": [""ונפל""], ""במעשרו"": [""במעשרו""], ""דהו"": [""דהו""], ""ועמד"": [""ועמד""], ""דהוון"": [""דהוון""], ""עליכם"": [""עליכם""], ""ונתעטף"": [""ונתעטף""], ""דכתיב"": [""דכתיב""], ""כליל"": [""כליל""], ""מממוניו"": [""מממוניו""], ""ונעלם"": [""ונעלם""], ""מממונכם"": [""מממונכם""], ""ונתעטפו"": [""ונתעטפו""], ""ונתעב"": [""ונתעב""], ""כלילו"": [""כלילו""], ""והיהוד"": [""והיהוד""], ""עליכן"": [""עליכן""], ""והיהודים"": [""והיהודים""], ""והיוון"": [""והיוון""], ""דכתיבא"": [""דכתיבא""], ""כלילוון"": [""כלילוון""], ""דכתיבאנו"": [""דכתיבאנו""], ""דכתיבאנוו"": [""דכתיבאנוו""], ""דכתיבאנוויה"": [""דכתיבאנוויה""], ""דכתיבאנוויהו"": [""דכתיבאנוויהו""]}",על,0.029086,מן,0.0269,כל,0.021955,מה,0.017368,דכת,0.01192,והיה,0.008154,מעשר,0.006536,במעשרות,0.006425,מממונו,0.005471,והיו,0.005023,ממון,0.004995,במעשרותיו,0.00492,ביד,0.004676,ממעשר,0.004528,מהעולם,0.004293,במעשר,0.003777,מעשרו,0.002857,נפש,0.00282,מחייו,0.002562,מעשרות,0.002442,נידוה,0.002344,מעשרותיו,0.002283,נפשו,0.002189,נידוהו,0.002046,ממעשרו,0.001973,ונפל,0.001181,במעשרו,0.000934,דהו,0.000536,ועמד,0.000499,דהוון,0.000481,עליכם,0.000479,ונתעטף,0.00041,דכתיב,0.000206,כליל,0.000193,מממוניו,0.000156,ונעלם,0.000153,מממונכם,6.1e-05,ונתעטפו,4.5e-05,ונתעב,3e-05,כלילו,2.6e-05,והיהוד,2e-05,עליכן,1.2e-05,והיהודים,1e-05,והיוון,8e-06,דכתיבא,1e-06,כלילוון,0.0,דכתיבאנו,0.0,דכתיבאנוו,0.0,דכתיבאנוויה,0.0,דכתיבאנוויהו,0.0,PRON,True,אמרו,אמר,False,False,False,True,True,True,False,,,,False,False
Midrash_Aggadic_Midrash_Pesikta_DRav_Kahanna__10_1,pesikta_drk,326,לו,1.3817,0.2534,0.0,0.7655,5,1,True,"{""לו"": 1, ""להם"": 1, ""להן"": 1, ""להו"": 1, ""לוון"": 1}","{""לו"": [""לו""], ""להם"": [""להם""], ""להן"": [""להן""], ""להו"": [""להו""], ""לוון"": [""לוון""]}",לו,0.383771,להם,0.36052,להן,0.020225,להו,0.000822,לוון,0.000165,,,,,,,,,,,,,,,,,,,,,,,,,,,,,,,,,,,,,,,,,,,,,,,,,,,,,,,,,,,,,,,,,,,,,,,,,,,,,,,,,,,,,,,,,,,SYM,True,לו,לו,False,True,False,True,True,True,False,,,,False,False
Midrash_Aggadic_Midrash_Pesikta_DRav_Kahanna__10_1,pesikta_drk,327,חס,8.8209,0.8938,0.0,0.3571,50,15,True,"{""בני"": 1, ""מה"": 1, ""למה"": 1, ""אין"": 1, ""כל"": 1, ""רבי"": 1, ""בנו"": 1, ""הבן"": 1, ""אדוני"": 1, ""אב"": 1, ""שמע"": 1, ""חביב"": 1, ""ראה"": 1, ""כלום"": 1, ""חס"": 1, ""שמא"": 1, ""אדוננו"": 1, ""בוא"": 1, ""חביבי"": 1, ""אדונינו"": 1, ""שמענו"": 1, ""מהיכן"": 1, ""הביט"": 1, ""בניו"": 1, ""בואו"": 1, ""חסלת"": 1, ""למהל"": 1, ""הביטו"": 1, ""למהלך"": 1, ""חסלתנו"": 1, ""רביי"": 1, ""מהיכא"": 1, ""שמאו"": 1, ""בנויה"": 1, ""ראהנו"": 1, ""בנויהו"": 1, ""חביביי"": 1, ""רבייון"": 1, ""שמאויר"": 1, ""בניוון"": 1, ""חסלתנוו"": 1, ""הביטוון"": 1, ""ראהנוו"": 1, ""חסלתנווין"": 1, ""בנויהוון"": 1, ""חביבייי"": 1, ""חביביייי"": 1, ""ראהנווון"": 1, ""חביבייייי"": 1, ""חביביייייי"": 1}","{""בני"": [""בני""], ""מה"": [""מה""], ""למה"": [""למה""], ""אין"": [""אין""], ""כל"": [""כל""], ""רבי"": [""רבי""], ""בנו"": [""בנו""], ""הבן"": [""הבן""], ""אדוני"": [""אדוני""], ""אב"": [""אב""], ""שמע"": [""שמע""], ""חביב"": [""חביב""], ""ראה"": [""ראה""], ""כלום"": [""כלום""], ""חס"": [""חס""], ""שמא"": [""שמא""], ""אדוננו"": [""אדוננו""], ""בוא"": [""בוא""], ""חביבי"": [""חביבי""], ""אדונינו"": [""אדונינו""], ""שמענו"": [""שמענו""], ""מהיכן"": [""מהיכן""], ""הביט"": [""הביט""], ""בניו"": [""בניו""], ""בואו"": [""בואו""], ""חסלת"": [""חסלת""], ""למהל"": [""למהל""], ""הביטו"": [""הביטו""], ""למהלך"": [""למהלך""], ""חסלתנו"": [""חסלתנו""], ""רביי"": [""רביי""], ""מהיכא"": [""מהיכא""], ""שמאו"": [""שמאו""], ""בנויה"": [""בנויה""], ""ראהנו"": [""ראהנו""], ""בנויהו"": [""בנויהו""], ""חביביי"": [""חביביי""], ""רבייון"": [""רבייון""], ""שמאויר"": [""שמאויר""], ""בניוון"": [""בניוון""], ""חסלתנוו"": [""חסלתנוו""], ""הביטוון"": [""הביטוון""], ""ראהנוו"": [""ראהנוו""], ""חסלתנווין"": [""חסלתנווין""], ""בנויהוון"": [""בנויהוון""], ""חביבייי"": [""חביבייי""], ""חביביייי"": [""חביביייי""], ""ראהנווון"": [""ראהנווון""], ""חביבייייי"": [""חביבייייי""], ""חביביייייי"": [""חביביייייי""]}",בני,0.155153,מה,0.063675,למה,0.020998,אין,0.019725,כל,0.016099,רבי,0.014926,בנו,0.011979,הבן,0.011767,אדוני,0.007049,אב,0.00643,שמע,0.006205,חביב,0.004906,ראה,0.003833,כלום,0.002438,חס,0.002211,שמא,0.001806,אדוננו,0.001749,בוא,0.001453,חביבי,0.000969,אדונינו,0.000839,שמענו,0.000676,מהיכן,0.000649,הביט,0.000422,בניו,0.000389,בואו,0.000331,חסלת,0.000257,למהל,5.8e-05,הביטו,3.7e-05,למהלך,2.5e-05,חסלתנו,2.3e-05,רביי,1.9e-05,מהיכא,1.8e-05,שמאו,1.1e-05,בנויה,4e-06,ראהנו,1e-06,בנויהו,0.0,חביביי,0.0,רבייון,0.0,שמאויר,0.0,בניוון,0.0,חסלתנוו,0.0,הביטוון,0.0,ראהנוו,0.0,חסלתנווין,0.0,בנויהוון,0.0,חביבייי,0.0,חביביייי,0.0,ראהנווון,0.0,חביבייייי,0.0,חביביייייי,0.0,PROPN,False,חס,חס,False,False,False,True,True,True,False,,,,False,False
Midrash_Aggadic_Midrash_Pesikta_DRav_Kahanna__10_1,pesikta_drk,328,ושלום,3.0993,0.6322,0.0,0.4576,50,1,True,"{""ושלום"": 1, ""חס"": 1, ""אב"": 1, ""אנא"": 1, ""אל"": 1, ""לא"": 1, ""לך"": 1, ""ואל"": 1, ""אדוני"": 1, ""וחל"": 1, ""וחלילה"": 1, ""אנוש"": 1, ""רבי"": 1, ""אדוננו"": 1, ""חסר"": 1, ""אדונינו"": 1, ""חסנו"": 1, ""ראה"": 1, ""דוד"": 1, ""חסרת"": 1, ""לאחיך"": 1, ""דא"": 1, ""לאחינו"": 1, ""אנושה"": 1, ""חסרתנו"": 1, ""אלך"": 1, ""ואבוש"": 1, ""דודו"": 1, ""ואללה"": 1, ""אנושהו"": 1, ""דאילו"": 1, ""ואללהו"": 1, ""אנאך"": 1, ""חסנוו"": 1, ""רביי"": 1, ""ראהו"": 1, ""דאילין"": 1, ""ואבושה"": 1, ""ואבושהו"": 1, ""לאחינוותך"": 1, ""אנושהוון"": 1, ""חסנווון"": 1, ""ואללהוים"": 1, ""רבייון"": 1, ""לאחינוותא"": 1, ""דאילווי"": 1, ""דאילוויי"": 1, ""ואבושהוון"": 1, ""לאחינוותאך"": 1, ""דאילווייון"": 1}","{""ושלום"": [""ושלום""], ""חס"": [""חס""], ""אב"": [""אב""], ""אנא"": [""אנא""], ""אל"": [""אל""], ""לא"": [""לא""], ""לך"": [""לך""], ""ואל"": [""ואל""], ""אדוני"": [""אדוני""], ""וחל"": [""וחל""], ""וחלילה"": [""וחלילה""], ""אנוש"": [""אנוש""], ""רבי"": [""רבי""], ""אדוננו"": [""אדוננו""], ""חסר"": [""חסר""], ""אדונינו"": [""אדונינו""], ""חסנו"": [""חסנו""], ""ראה"": [""ראה""], ""דוד"": [""דוד""], ""חסרת"": [""חסרת""], ""לאחיך"": [""לאחיך""], ""דא"": [""דא""], ""לאחינו"": [""לאחינו""], ""אנושה"": [""אנושה""], ""חסרתנו"": [""חסרתנו""], ""אלך"": [""אלך""], ""ואבוש"": [""ואבוש""], ""דודו"": [""דודו""], ""ואללה"": [""ואללה""], ""אנושהו"": [""אנושהו""], ""דאילו"": [""דאילו""], ""ואללהו"": [""ואללהו""], ""אנאך"": [""אנאך""], ""חסנוו"": [""חסנוו""], ""רביי"": [""רביי""], ""ראהו"": [""ראהו""], ""דאילין"": [""דאילין""], ""ואבושה"": [""ואבושה""], ""ואבושהו"": [""ואבושהו""], ""לאחינוותך"": [""לאחינוותך""], ""אנושהוון"": [""אנושהוון""], ""חסנווון"": [""חסנווון""], ""ואללהוים"": [""ואללהוים""], ""רבייון"": [""רבייון""], ""לאחינוותא"": [""לאחינוותא""], ""דאילווי"": [""דאילווי""], ""דאילוויי"": [""דאילוויי""], ""ואבושהוון"": [""ואבושהוון""], ""לאחינוותאך"": [""לאחינוותאך""], ""דאילווייון"": [""דאילווייון""]}",ושלום,0.11669,חס,0.081384,אב,0.039063,אנא,0.034572,אל,0.033974,לא,0.030934,לך,0.022988,ואל,0.019338,אדוני,0.014371,וחל,0.010357,וחלילה,0.009777,אנוש,0.008879,רבי,0.00774,אדוננו,0.006536,חסר,0.005714,אדונינו,0.003554,חסנו,0.00346,ראה,0.002847,דוד,0.001183,חסרת,0.001088,לאחיך,0.00088,דא,0.000706,לאחינו,0.000384,אנושה,0.000268,חסרתנו,0.000238,אלך,0.000195,ואבוש,0.000194,דודו,0.000136,ואללה,6.9e-05,אנושהו,2.3e-05,דאילו,1.5e-05,ואללהו,1e-05,אנאך,9e-06,חסנוו,9e-06,רביי,9e-06,ראהו,7e-06,דאילין,2e-06,ואבושה,1e-06,ואבושהו,0.0,לאחינוותך,0.0,אנושהוון,0.0,חסנווון,0.0,ואללהוים,0.0,רבייון,0.0,לאחינוותא,0.0,דאילווי,0.0,דאילוויי,0.0,ואבושהוון,0.0,לאחינוותאך,0.0,דאילווייון,0.0,SYM,True,ושלום,שלום,False,False,False,True,True,True,False,,,,False,False
Midrash_Aggadic_Midrash_Pesikta_DRav_Kahanna__10_1,pesikta_drk,329,לא,6.049,0.8552,0.7871,0.2843,50,-1,False,"{""על"": 1, ""אתה"": 1, ""מה"": 1, ""אם"": 1, ""בני"": 1, ""מי"": 1, ""חס"": 1, ""אב"": 1, ""שמא"": 1, ""שמע"": 1, ""עלינו"": 1, ""שהיתה"": 1, ""אדוני"": 1, ""שהרי"": 1, ""אביך"": 1, ""שנידווה"": 1, ""שנידוה"": 1, ""שמעת"": 1, ""שנידוהו"": 1, ""חביב"": 1, ""חסלת"": 1, ""חביבי"": 1, ""מהיכן"": 1, ""שמעתנו"": 1, ""בניו"": 1, ""שמאחר"": 1, ""אתהך"": 1, ""חסלתה"": 1, ""שנידווהו"": 1, ""אדוניי"": 1, ""חסלתהו"": 1, ""מהיכא"": 1, ""שהיתהו"": 1, ""שמאחרי"": 1, ""בניוון"": 1, ""שמעתנוו"": 1, ""חביביי"": 1, ""אדונייי"": 1, ""חסלתהוון"": 1, ""שהיתהוון"": 1, ""אדוניייי"": 1, ""שמעתנווים"": 1, ""חביבייי"": 1, ""אדונייייי"": 1, ""שמאחריינו"": 1, ""אדוניייייי"": 1, ""חביביייי"": 1, ""חביבייייי"": 1, ""שמאחריינוון"": 1, ""חביביייייי"": 1}","{""על"": [""על""], ""אתה"": [""אתה""], ""מה"": [""מה""], ""אם"": [""אם""], ""בני"": [""בני""], ""מי"": [""מי""], ""חס"": [""חס""], ""אב"": [""אב""], ""שמא"": [""שמא""], ""שמע"": [""שמע""], ""עלינו"": [""עלינו""], ""שהיתה"": [""שהיתה""], ""אדוני"": [""אדוני""], ""שהרי"": [""שהרי""], ""אביך"": [""אביך""], ""שנידווה"": [""שנידווה""], ""שנידוה"": [""שנידוה""], ""שמעת"": [""שמעת""], ""שנידוהו"": [""שנידוהו""], ""חביב"": [""חביב""], ""חסלת"": [""חסלת""], ""חביבי"": [""חביבי""], ""מהיכן"": [""מהיכן""], ""שמעתנו"": [""שמעתנו""], ""בניו"": [""בניו""], ""שמאחר"": [""שמאחר""], ""אתהך"": [""אתהך""], ""חסלתה"": [""חסלתה""], ""שנידווהו"": [""שנידווהו""], ""אדוניי"": [""אדוניי""], ""חסלתהו"": [""חסלתהו""], ""מהיכא"": [""מהיכא""], ""שהיתהו"": [""שהיתהו""], ""שמאחרי"": [""שמאחרי""], ""בניוון"": [""בניוון""], ""שמעתנוו"": [""שמעתנוו""], ""חביביי"": [""חביביי""], ""אדונייי"": [""אדונייי""], ""חסלתהוון"": [""חסלתהוון""], ""שהיתהוון"": [""שהיתהוון""], ""אדוניייי"": [""אדוניייי""], ""שמעתנווים"": [""שמעתנווים""], ""חביבייי"": [""חביבייי""], ""אדונייייי"": [""אדונייייי""], ""שמאחריינו"": [""שמאחריינו""], ""אדוניייייי"": [""אדוניייייי""], ""חביביייי"": [""חביביייי""], ""חביבייייי"": [""חביבייייי""], ""שמאחריינוון"": [""שמאחריינוון""], ""חביביייייי"": [""חביביייייי""]}",על,0.063586,אתה,0.056115,מה,0.046521,אם,0.028661,בני,0.021634,מי,0.015341,חס,0.01369,אב,0.007444,שמא,0.007121,שמע,0.003995,עלינו,0.003572,שהיתה,0.003471,אדוני,0.00268,שהרי,0.002312,אביך,0.002065,שנידווה,0.001621,שנידוה,0.00108,שמעת,0.000918,שנידוהו,0.000583,חביב,0.000556,חסלת,0.000455,חביבי,0.000277,מהיכן,0.000212,שמעתנו,0.000194,בניו,5.1e-05,שמאחר,5.1e-05,אתהך,4.8e-05,חסלתה,4.3e-05,שנידווהו,1.6e-05,אדוניי,7e-06,חסלתהו,6e-06,מהיכא,3e-06,שהיתהו,1e-06,שמאחרי,0.0,בניוון,0.0,שמעתנוו,0.0,חביביי,0.0,אדונייי,0.0,חסלתהוון,0.0,שהיתהוון,0.0,אדוניייי,0.0,שמעתנווים,0.0,חביבייי,0.0,אדונייייי,0.0,שמאחריינו,0.0,אדוניייייי,0.0,חביביייי,0.0,חביבייייי,0.0,שמאחריינוון,0.0,חביביייייי,0.0,ADP,True,לא,לא,False,True,False,True,True,True,False,,,,False,False
Midrash_Aggadic_Midrash_Pesikta_DRav_Kahanna__10_1,pesikta_drk,330,באנו,4.6038,0.6935,0.0,0.2901,50,2,True,"{""אתה"": 1, ""באנו"": 1, ""כך"": 1, ""באת"": 1, ""על"": 1, ""לך"": 1, ""ידע"": 1, ""ידענו"": 1, ""חס"": 1, ""באתנו"": 1, ""שמענו"": 1, ""נודע"": 1, ""שמעת"": 1, ""עלינו"": 1, ""ידעת"": 1, ""תדע"": 1, ""באה"": 1, ""נודענו"": 1, ""נידווה"": 1, ""תעשה"": 1, ""חסלת"": 1, ""חשבנו"": 1, ""באהנו"": 1, ""שמעתנו"": 1, ""באתי"": 1, ""תדענו"": 1, ""ידעתנו"": 1, ""נידווהו"": 1, ""באנונו"": 1, ""ידענוו"": 1, ""תעשהו"": 1, ""שמענוך"": 1, ""באתיו"": 1, ""באתנוון"": 1, ""באהנוו"": 1, ""תדענוו"": 1, ""שמעתנוו"": 1, ""ידעתנוו"": 1, ""באנונוו"": 1, ""נידווהוינו"": 1, ""ידענווון"": 1, ""באתיוון"": 1, ""באהנווון"": 1, ""באנונווים"": 1, ""תדענווון"": 1, ""שמעתנווון"": 1, ""ידעתנווין"": 1, ""נידווהוינוינו"": 1, ""נידווהוינוינוינו"": 1, ""נידווהוינוינוינוינו"": 1}","{""אתה"": [""אתה""], ""באנו"": [""באנו""], ""כך"": [""כך""], ""באת"": [""באת""], ""על"": [""על""], ""לך"": [""לך""], ""ידע"": [""ידע""], ""ידענו"": [""ידענו""], ""חס"": [""חס""], ""באתנו"": [""באתנו""], ""שמענו"": [""שמענו""], ""נודע"": [""נודע""], ""שמעת"": [""שמעת""], ""עלינו"": [""עלינו""], ""ידעת"": [""ידעת""], ""תדע"": [""תדע""], ""באה"": [""באה""], ""נודענו"": [""נודענו""], ""נידווה"": [""נידווה""], ""תעשה"": [""תעשה""], ""חסלת"": [""חסלת""], ""חשבנו"": [""חשבנו""], ""באהנו"": [""באהנו""], ""שמעתנו"": [""שמעתנו""], ""באתי"": [""באתי""], ""תדענו"": [""תדענו""], ""ידעתנו"": [""ידעתנו""], ""נידווהו"": [""נידווהו""], ""באנונו"": [""באנונו""], ""ידענוו"": [""ידענוו""], ""תעשהו"": [""תעשהו""], ""שמענוך"": [""שמענוך""], ""באתיו"": [""באתיו""], ""באתנוון"": [""באתנוון""], ""באהנוו"": [""באהנוו""], ""תדענוו"": [""תדענוו""], ""שמעתנוו"": [""שמעתנוו""], ""ידעתנוו"": [""ידעתנוו""], ""באנונוו"": [""באנונוו""], ""נידווהוינו"": [""נידווהוינו""], ""ידענווון"": [""ידענווון""], ""באתיוון"": [""באתיוון""], ""באהנווון"": [""באהנווון""], ""באנונווים"": [""באנונווים""], ""תדענווון"": [""תדענווון""], ""שמעתנווון"": [""שמעתנווון""], ""ידעתנווין"": [""ידעתנווין""], ""נידווהוינוינו"": [""נידווהוינוינו""], ""נידווהוינוינוינו"": [""נידווהוינוינוינו""], ""נידווהוינוינוינוינו"": [""נידווהוינוינוינוינו""]}",אתה,0.060698,באנו,0.041127,כך,0.029582,באת,0.027743,על,0.024911,לך,0.023038,ידע,0.018256,ידענו,0.015519,חס,0.009178,באתנו,0.007588,שמענו,0.005166,נודע,0.004594,שמעת,0.004488,עלינו,0.004261,ידעת,0.003846,תדע,0.001953,באה,0.00183,נודענו,0.001363,נידווה,0.001084,תעשה,0.000765,חסלת,0.000761,חשבנו,0.000651,באהנו,0.000615,שמעתנו,0.000492,באתי,0.000248,תדענו,0.000239,ידעתנו,9.2e-05,נידווהו,3.5e-05,באנונו,8e-06,ידענוו,4e-06,תעשהו,1e-06,שמענוך,1e-06,באתיו,1e-06,באתנוון,0.0,באהנוו,0.0,תדענוו,0.0,שמעתנוו,0.0,ידעתנוו,0.0,באנונוו,0.0,נידווהוינו,0.0,ידענווון,0.0,באתיוון,0.0,באהנווון,0.0,באנונווים,0.0,תדענווון,0.0,שמעתנווון,0.0,ידעתנווין,0.0,נידווהוינוינו,0.0,נידווהוינוינוינו,0.0,נידווהוינוינוינוינו,0.0,NUM,False,באנו,בא,False,False,False,True,True,True,False,,,,False,False
Midrash_Aggadic_Midrash_Pesikta_DRav_Kahanna__10_1,pesikta_drk,331,אלא,5.3452,0.8856,0.0,0.7979,5,3,True,"{""לשמוח"": 1, ""לשמח"": 1, ""אלא"": 1, ""לשמחך"": 1, ""לשמוחך"": 1}","{""לשמוח"": [""לשמוח""], ""לשמח"": [""לשמח""], ""אלא"": [""אלא""], ""לשמחך"": [""לשמחך""], ""לשמוחך"": [""לשמוחך""]}",לשמוח,0.678317,לשמח,0.077304,אלא,0.0246,לשמחך,0.016629,לשמוחך,0.00103,,,,,,,,,,,,,,,,,,,,,,,,,,,,,,,,,,,,,,,,,,,,,,,,,,,,,,,,,,,,,,,,,,,,,,,,,,,,,,,,,,,,,,,,,,,ADV,True,אלא,אלא,True,False,True,True,True,True,True,59.0,12.0,47.0,False,True
Midrash_Aggadic_Midrash_Pesikta_DRav_Kahanna__10_1,pesikta_drk,332,לשמוח,1.8979,0.4193,-0.0,0.5925,50,1,True,"{""לשמוח"": 1, ""לשמח"": 1, ""על"": 1, ""כדי"": 1, ""בשביל"": 1, ""להודיע"": 1, ""לומר"": 1, ""להודיעך"": 1, ""לשמחך"": 1, ""לנחם"": 1, ""לבקש"": 1, ""לבשר"": 1, ""לדבר"": 1, ""להתאבל"": 1, ""לנחמנו"": 1, ""לבכות"": 1, ""להזכיר"": 1, ""בשבילך"": 1, ""לאחל"": 1, ""לבשרך"": 1, ""לאמר"": 1, ""לשחוק"": 1, ""להתענות"": 1, ""ששמחת"": 1, ""לשאול"": 1, ""שמחנו"": 1, ""לענות"": 1, ""להזכירך"": 1, ""לדברי"": 1, ""עלינו"": 1, ""להתעטר"": 1, ""לשמוחנו"": 1, ""ששמחתנו"": 1, ""לאמרך"": 1, ""לבכותו"": 1, ""לאחלוק"": 1, ""לומרך"": 1, ""כדיי"": 1, ""לשאולך"": 1, ""לשאוב"": 1, ""לאחלוקה"": 1, ""להתעטרנו"": 1, ""להתענותו"": 1, ""לשמוחנוון"": 1, ""עלינוון"": 1, ""לבכותוון"": 1, ""לשאובון"": 1, ""כדייון"": 1, ""לאחלוקהו"": 1, ""להתעטרנוו"": 1}","{""לשמוח"": [""לשמוח""], ""לשמח"": [""לשמח""], ""על"": [""על""], ""כדי"": [""כדי""], ""בשביל"": [""בשביל""], ""להודיע"": [""להודיע""], ""לומר"": [""לומר""], ""להודיעך"": [""להודיעך""], ""לשמחך"": [""לשמחך""], ""לנחם"": [""לנחם""], ""לבקש"": [""לבקש""], ""לבשר"": [""לבשר""], ""לדבר"": [""לדבר""], ""להתאבל"": [""להתאבל""], ""לנחמנו"": [""לנחמנו""], ""לבכות"": [""לבכות""], ""להזכיר"": [""להזכיר""], ""בשבילך"": [""בשבילך""], ""לאחל"": [""לאחל""], ""לבשרך"": [""לבשרך""], ""לאמר"": [""לאמר""], ""לשחוק"": [""לשחוק""], ""להתענות"": [""להתענות""], ""ששמחת"": [""ששמחת""], ""לשאול"": [""לשאול""], ""שמחנו"": [""שמחנו""], ""לענות"": [""לענות""], ""להזכירך"": [""להזכירך""], ""לדברי"": [""לדברי""], ""עלינו"": [""עלינו""], ""להתעטר"": [""להתעטר""], ""לשמוחנו"": [""לשמוחנו""], ""ששמחתנו"": [""ששמחתנו""], ""לאמרך"": [""לאמרך""], ""לבכותו"": [""לבכותו""], ""לאחלוק"": [""לאחלוק""], ""לומרך"": [""לומרך""], ""כדיי"": [""כדיי""], ""לשאולך"": [""לשאולך""], ""לשאוב"": [""לשאוב""], ""לאחלוקה"": [""לאחלוקה""], ""להתעטרנו"": [""להתעטרנו""], ""להתענותו"": [""להתענותו""], ""לשמוחנוון"": [""לשמוחנוון""], ""עלינוון"": [""עלינוון""], ""לבכותוון"": [""לבכותוון""], ""לשאובון"": [""לשאובון""], ""כדייון"": [""כדייון""], ""לאחלוקהו"": [""לאחלוקהו""], ""להתעטרנוו"": [""להתעטרנוו""]}",לשמוח,0.268324,לשמח,0.087112,על,0.058767,כדי,0.02955,בשביל,0.022306,להודיע,0.017079,לומר,0.013529,להודיעך,0.012198,לשמחך,0.009994,לנחם,0.009762,לבקש,0.009375,לבשר,0.008242,לדבר,0.007709,להתאבל,0.007587,לנחמנו,0.00671,לבכות,0.006319,להזכיר,0.003259,בשבילך,0.002593,לאחל,0.001818,לבשרך,0.001641,לאמר,0.001373,לשחוק,0.001035,להתענות,0.001023,ששמחת,0.000959,לשאול,0.000783,שמחנו,0.000753,לענות,0.00071,להזכירך,0.000412,לדברי,0.000396,עלינו,0.000277,להתעטר,0.000267,לשמוחנו,0.000202,ששמחתנו,0.0002,לאמרך,4.9e-05,לבכותו,3.5e-05,לאחלוק,3.2e-05,לומרך,3e-05,כדיי,2.9e-05,לשאולך,8e-06,לשאוב,5e-06,לאחלוקה,3e-06,להתעטרנו,2e-06,להתענותו,2e-06,לשמוחנוון,0.0,עלינוון,0.0,לבכותוון,0.0,לשאובון,0.0,כדייון,0.0,לאחלוקהו,0.0,להתעטרנוו,0.0,VERB,True,לשמוח,שמח,True,False,True,True,True,True,True,68.0,65.0,3.0,False,True
Midrash_Aggadic_Midrash_Pesikta_DRav_Kahanna__10_1,pesikta_drk,333,עימך,14.5038,0.8425,0.8117,0.8517,5,-1,False,"{""על"": 1, ""בשמחת"": 1, ""עלינו"": 1, ""בשמחה"": 1, ""בשמוע"": 1}","{""על"": [""על""], ""בשמחת"": [""בשמחת""], ""עלינו"": [""עלינו""], ""בשמחה"": [""בשמחה""], ""בשמוע"": [""בשמוע""]}",על,0.826241,בשמחת,0.020644,עלינו,0.003399,בשמחה,0.001295,בשמוע,0.000135,,,,,,,,,,,,,,,,,,,,,,,,,,,,,,,,,,,,,,,,,,,,,,,,,,,,,,,,,,,,,,,,,,,,,,,,,,,,,,,,,,,,,,,,,,,VERB,True,עימך,עמך,True,False,True,True,True,True,True,22.0,37.0,-15.0,True,False
Midrash_Aggadic_Midrash_Pesikta_DRav_Kahanna__10_1,pesikta_drk,334,לשעבר,14.416,0.905,0.7557,0.4755,50,-1,False,"{""על"": 1, ""כי"": 1, ""שלא"": 1, ""כיון"": 1, ""דכת"": 1, ""שאתה"": 1, ""שנידווה"": 1, ""אלא"": 1, ""בשמחת"": 1, ""שהיתה"": 1, ""שזכית"": 1, ""שנעשה"": 1, ""במעשרות"": 1, ""בשדה"": 1, ""בשעה"": 1, ""שאם"": 1, ""שנידוה"": 1, ""שאנו"": 1, ""שהכנסת"": 1, ""ושמחת"": 1, ""שזכת"": 1, ""דהו"": 1, ""דהוון"": 1, ""שנידוהו"": 1, ""בשמחתך"": 1, ""במעשרותיך"": 1, ""שמך"": 1, ""דהא"": 1, ""שמראה"": 1, ""ועשית"": 1, ""שלאחר"": 1, ""עלינו"": 1, ""ושמחתו"": 1, ""שהכנסתו"": 1, ""בשדהך"": 1, ""שנידווהו"": 1, ""שזכתנו"": 1, ""שזכיתנו"": 1, ""אלאו"": 1, ""ועשיתנו"": 1, ""שמראהו"": 1, ""שלאחרי"": 1, ""שהיתהו"": 1, ""דהאוי"": 1, ""אלאוות"": 1, ""עלינוון"": 1, ""דהאויי"": 1, ""שהכנסתוך"": 1, ""שהיתהוון"": 1, ""דהאוייון"": 1}","{""על"": [""על""], ""כי"": [""כי""], ""שלא"": [""שלא""], ""כיון"": [""כיון""], ""דכת"": [""דכת""], ""שאתה"": [""שאתה""], ""שנידווה"": [""שנידווה""], ""אלא"": [""אלא""], ""בשמחת"": [""בשמחת""], ""שהיתה"": [""שהיתה""], ""שזכית"": [""שזכית""], ""שנעשה"": [""שנעשה""], ""במעשרות"": [""במעשרות""], ""בשדה"": [""בשדה""], ""בשעה"": [""בשעה""], ""שאם"": [""שאם""], ""שנידוה"": [""שנידוה""], ""שאנו"": [""שאנו""], ""שהכנסת"": [""שהכנסת""], ""ושמחת"": [""ושמחת""], ""שזכת"": [""שזכת""], ""דהו"": [""דהו""], ""דהוון"": [""דהוון""], ""שנידוהו"": [""שנידוהו""], ""בשמחתך"": [""בשמחתך""], ""במעשרותיך"": [""במעשרותיך""], ""שמך"": [""שמך""], ""דהא"": [""דהא""], ""שמראה"": [""שמראה""], ""ועשית"": [""ועשית""], ""שלאחר"": [""שלאחר""], ""עלינו"": [""עלינו""], ""ושמחתו"": [""ושמחתו""], ""שהכנסתו"": [""שהכנסתו""], ""בשדהך"": [""בשדהך""], ""שנידווהו"": [""שנידווהו""], ""שזכתנו"": [""שזכתנו""], ""שזכיתנו"": [""שזכיתנו""], ""אלאו"": [""אלאו""], ""ועשיתנו"": [""ועשיתנו""], ""שמראהו"": [""שמראהו""], ""שלאחרי"": [""שלאחרי""], ""שהיתהו"": [""שהיתהו""], ""דהאוי"": [""דהאוי""], ""אלאוות"": [""אלאוות""], ""עלינוון"": [""עלינוון""], ""דהאויי"": [""דהאויי""], ""שהכנסתוך"": [""שהכנסתוך""], ""שהיתהוון"": [""שהיתהוון""], ""דהאוייון"": [""דהאוייון""]}",על,0.327084,כי,0.024831,שלא,0.020266,כיון,0.01718,דכת,0.011328,שאתה,0.010351,שנידווה,0.00849,אלא,0.008448,בשמחת,0.00518,שהיתה,0.004811,שזכית,0.00432,שנעשה,0.004193,במעשרות,0.004102,בשדה,0.003719,בשעה,0.003035,שאם,0.00217,שנידוה,0.002113,שאנו,0.002103,שהכנסת,0.001742,ושמחת,0.001631,שזכת,0.001311,דהו,0.001268,דהוון,0.001135,שנידוהו,0.000937,בשמחתך,0.0007,במעשרותיך,0.000659,שמך,0.0006,דהא,0.000504,שמראה,0.000406,ועשית,0.000247,שלאחר,0.000171,עלינו,0.000138,ושמחתו,0.000105,שהכנסתו,6.9e-05,בשדהך,4.1e-05,שנידווהו,2.8e-05,שזכתנו,2.2e-05,שזכיתנו,2.1e-05,אלאו,9e-06,ועשיתנו,8e-06,שמראהו,5e-06,שלאחרי,2e-06,שהיתהו,1e-06,דהאוי,0.0,אלאוות,0.0,עלינוון,0.0,דהאויי,0.0,שהכנסתוך,0.0,שהיתהוון,0.0,דהאוייון,0.0,ADP,False,לשעבר,עבר,False,False,False,True,True,True,False,,,,False,False
Midrash_Aggadic_Midrash_Pesikta_DRav_Kahanna__10_1,pesikta_drk,335,היית,2.7987,0.6241,0.0,0.5513,50,1,True,"{""היית"": 1, ""היתה"": 1, ""היה"": 1, ""זרע"": 1, ""לא"": 1, ""היו"": 1, ""אתה"": 1, ""כל"": 1, ""עשית"": 1, ""זרעת"": 1, ""הוציא"": 1, ""היינו"": 1, ""עשה"": 1, ""הוצאת"": 1, ""הייתך"": 1, ""שמע"": 1, ""כשאת"": 1, ""כשאתה"": 1, ""שבע"": 1, ""ניזונ"": 1, ""מנה"": 1, ""ניזונת"": 1, ""כשם"": 1, ""כשעשית"": 1, ""נזון"": 1, ""הוציאת"": 1, ""שמעת"": 1, ""שבעת"": 1, ""מוצי"": 1, ""כהן"": 1, ""זרעתך"": 1, ""עשיתנו"": 1, ""זרעתה"": 1, ""שמעתנו"": 1, ""כלום"": 1, ""הוצאתו"": 1, ""ניזונתנו"": 1, ""מנהלת"": 1, ""היתהך"": 1, ""הוציאתנו"": 1, ""כשעשיתו"": 1, ""שבעתים"": 1, ""מנהלתך"": 1, ""עשהך"": 1, ""זרעתהו"": 1, ""עשיתנוו"": 1, ""עשיתנווין"": 1, ""זרעתהוות"": 1, ""זרעתהוותה"": 1, ""זרעתהוותהו"": 1}","{""היית"": [""היית""], ""היתה"": [""היתה""], ""היה"": [""היה""], ""זרע"": [""זרע""], ""לא"": [""לא""], ""היו"": [""היו""], ""אתה"": [""אתה""], ""כל"": [""כל""], ""עשית"": [""עשית""], ""זרעת"": [""זרעת""], ""הוציא"": [""הוציא""], ""היינו"": [""היינו""], ""עשה"": [""עשה""], ""הוצאת"": [""הוצאת""], ""הייתך"": [""הייתך""], ""שמע"": [""שמע""], ""כשאת"": [""כשאת""], ""כשאתה"": [""כשאתה""], ""שבע"": [""שבע""], ""ניזונ"": [""ניזונ""], ""מנה"": [""מנה""], ""ניזונת"": [""ניזונת""], ""כשם"": [""כשם""], ""כשעשית"": [""כשעשית""], ""נזון"": [""נזון""], ""הוציאת"": [""הוציאת""], ""שמעת"": [""שמעת""], ""שבעת"": [""שבעת""], ""מוצי"": [""מוצי""], ""כהן"": [""כהן""], ""זרעתך"": [""זרעתך""], ""עשיתנו"": [""עשיתנו""], ""זרעתה"": [""זרעתה""], ""שמעתנו"": [""שמעתנו""], ""כלום"": [""כלום""], ""הוצאתו"": [""הוצאתו""], ""ניזונתנו"": [""ניזונתנו""], ""מנהלת"": [""מנהלת""], ""היתהך"": [""היתהך""], ""הוציאתנו"": [""הוציאתנו""], ""כשעשיתו"": [""כשעשיתו""], ""שבעתים"": [""שבעתים""], ""מנהלתך"": [""מנהלתך""], ""עשהך"": [""עשהך""], ""זרעתהו"": [""זרעתהו""], ""עשיתנוו"": [""עשיתנוו""], ""עשיתנווין"": [""עשיתנווין""], ""זרעתהוות"": [""זרעתהוות""], ""זרעתהוותה"": [""זרעתהוותה""], ""זרעתהוותהו"": [""זרעתהוותהו""]}",היית,0.143712,היתה,0.11169,היה,0.106576,זרע,0.039359,לא,0.026529,היו,0.020986,אתה,0.019715,כל,0.015354,עשית,0.014136,זרעת,0.010437,הוציא,0.007666,היינו,0.006314,עשה,0.005282,הוצאת,0.004943,הייתך,0.002506,שמע,0.002113,כשאת,0.001747,כשאתה,0.001545,שבע,0.001185,ניזונ,0.000973,מנה,0.000949,ניזונת,0.000944,כשם,0.000944,כשעשית,0.00078,נזון,0.000755,הוציאת,0.000657,שמעת,0.000645,שבעת,0.000547,מוצי,0.000527,כהן,0.000427,זרעתך,0.000267,עשיתנו,0.000253,זרעתה,0.00024,שמעתנו,0.00015,כלום,0.000127,הוצאתו,0.000101,ניזונתנו,7.6e-05,מנהלת,5.3e-05,היתהך,1.5e-05,הוציאתנו,1e-05,כשעשיתו,7e-06,שבעתים,7e-06,מנהלתך,4e-06,עשהך,4e-06,זרעתהו,0.0,עשיתנוו,0.0,עשיתנווין,0.0,זרעתהוות,0.0,זרעתהוותה,0.0,זרעתהוותהו,0.0,SYM,True,היית,היית,False,False,False,True,True,True,False,,,,False,False
Midrash_Aggadic_Midrash_Pesikta_DRav_Kahanna__10_1,pesikta_drk,336,בעל,6.9429,0.9042,0.8517,0.4897,50,-1,False,"{""ניזון"": 1, ""מוציא"": 1, ""נותן"": 1, ""עושה"": 1, ""מוצי"": 1, ""מתפרנס"": 1, ""נזון"": 1, ""יושב"": 1, ""עשיר"": 1, ""שמח"": 1, ""זורע"": 1, ""עני"": 1, ""חס"": 1, ""יורד"": 1, ""חכם"": 1, ""זרע"": 1, ""כעבד"": 1, ""שומר"": 1, ""חסיד"": 1, ""כהן"": 1, ""שמחה"": 1, ""כהוגן"": 1, ""מתפרנסת"": 1, ""מוציאו"": 1, ""עניי"": 1, ""זורעה"": 1, ""מתעשר"": 1, ""יושן"": 1, ""עשירי"": 1, ""מתפרן"": 1, ""שומרת"": 1, ""יושבנו"": 1, ""עושהו"": 1, ""חסידא"": 1, ""מתפרנסתנו"": 1, ""כהוגה"": 1, ""שמחהו"": 1, ""עשיריון"": 1, ""מוציאוות"": 1, ""מוציאוותך"": 1, ""עושהוין"": 1, ""שומרתך"": 1, ""כהוגהו"": 1, ""יושבנוון"": 1, ""מתפרנסתנוו"": 1, ""שמחהוות"": 1, ""שמחהוותך"": 1, ""מתפרנסתנווין"": 1, ""כהוגהוות"": 1, ""כהוגהוותך"": 1}","{""ניזון"": [""ניזון""], ""מוציא"": [""מוציא""], ""נותן"": [""נותן""], ""עושה"": [""עושה""], ""מוצי"": [""מוצי""], ""מתפרנס"": [""מתפרנס""], ""נזון"": [""נזון""], ""יושב"": [""יושב""], ""עשיר"": [""עשיר""], ""שמח"": [""שמח""], ""זורע"": [""זורע""], ""עני"": [""עני""], ""חס"": [""חס""], ""יורד"": [""יורד""], ""חכם"": [""חכם""], ""זרע"": [""זרע""], ""כעבד"": [""כעבד""], ""שומר"": [""שומר""], ""חסיד"": [""חסיד""], ""כהן"": [""כהן""], ""שמחה"": [""שמחה""], ""כהוגן"": [""כהוגן""], ""מתפרנסת"": [""מתפרנסת""], ""מוציאו"": [""מוציאו""], ""עניי"": [""עניי""], ""זורעה"": [""זורעה""], ""מתעשר"": [""מתעשר""], ""יושן"": [""יושן""], ""עשירי"": [""עשירי""], ""מתפרן"": [""מתפרן""], ""שומרת"": [""שומרת""], ""יושבנו"": [""יושבנו""], ""עושהו"": [""עושהו""], ""חסידא"": [""חסידא""], ""מתפרנסתנו"": [""מתפרנסתנו""], ""כהוגה"": [""כהוגה""], ""שמחהו"": [""שמחהו""], ""עשיריון"": [""עשיריון""], ""מוציאוות"": [""מוציאוות""], ""מוציאוותך"": [""מוציאוותך""], ""עושהוין"": [""עושהוין""], ""שומרתך"": [""שומרתך""], ""כהוגהו"": [""כהוגהו""], ""יושבנוון"": [""יושבנוון""], ""מתפרנסתנוו"": [""מתפרנסתנוו""], ""שמחהוות"": [""שמחהוות""], ""שמחהוותך"": [""שמחהוותך""], ""מתפרנסתנווין"": [""מתפרנסתנווין""], ""כהוגהוות"": [""כהוגהוות""], ""כהוגהוותך"": [""כהוגהוותך""]}",ניזון,0.23218,מוציא,0.095129,נותן,0.030198,עושה,0.025035,מוצי,0.024067,מתפרנס,0.022596,נזון,0.010071,יושב,0.009559,עשיר,0.008539,שמח,0.008315,זורע,0.006392,עני,0.003672,חס,0.003226,יורד,0.00196,חכם,0.001648,זרע,0.001159,כעבד,0.00115,שומר,0.000798,חסיד,0.00078,כהן,0.000651,שמחה,0.000619,כהוגן,0.000522,מתפרנסת,0.000443,מוציאו,0.00021,עניי,0.000199,זורעה,0.00017,מתעשר,0.000121,יושן,0.000103,עשירי,8.4e-05,מתפרן,2.5e-05,שומרת,1.6e-05,יושבנו,8e-06,עושהו,7e-06,חסידא,3e-06,מתפרנסתנו,2e-06,כהוגה,0.0,שמחהו,0.0,עשיריון,0.0,מוציאוות,0.0,מוציאוותך,0.0,עושהוין,0.0,שומרתך,0.0,כהוגהו,0.0,יושבנוון,0.0,מתפרנסתנוו,0.0,שמחהוות,0.0,שמחהוותך,0.0,מתפרנסתנווין,0.0,כהוגהוות,0.0,כהוגהוותך,0.0,NUM,True,בעל,בעל,False,False,False,True,True,True,False,,,,False,False
Midrash_Aggadic_Midrash_Pesikta_DRav_Kahanna__10_1,pesikta_drk,337,הבית,9.6573,0.9197,0.5503,0.453,50,-1,False,"{""ממון"": 1, ""עושר"": 1, ""טובה"": 1, ""נכסים"": 1, ""בית"": 1, ""חכמה"": 1, ""טוב"": 1, ""שמחה"": 1, ""מעשרות"": 1, ""שדה"": 1, ""נפש"": 1, ""עין"": 1, ""כשר"": 1, ""חן"": 1, ""יושר"": 1, ""מעשר"": 1, ""אמת"": 1, ""מידה"": 1, ""כשרון"": 1, ""מוסר"": 1, ""ידים"": 1, ""עשר"": 1, ""נכסין"": 1, ""ממונך"": 1, ""אומנות"": 1, ""כרמך"": 1, ""ביתך"": 1, ""אומן"": 1, ""ממונא"": 1, ""עשרון"": 1, ""מעשרותיו"": 1, ""שמחת"": 1, ""עושי"": 1, ""טובות"": 1, ""מוסרי"": 1, ""מעשרין"": 1, ""יושרה"": 1, ""אומנותך"": 1, ""כרמיך"": 1, ""מוסרין"": 1, ""שמחתת"": 1, ""מוסריים"": 1, ""ממונאך"": 1, ""טובותינו"": 1, ""שמחתתת"": 1, ""שמחתתתת"": 1, ""שמחתתתתת"": 1, ""שמחתתתתתת"": 1, ""עושיון"": 1, ""טובותינוות"": 1}","{""ממון"": [""ממון""], ""עושר"": [""עושר""], ""טובה"": [""טובה""], ""נכסים"": [""נכסים""], ""בית"": [""בית""], ""חכמה"": [""חכמה""], ""טוב"": [""טוב""], ""שמחה"": [""שמחה""], ""מעשרות"": [""מעשרות""], ""שדה"": [""שדה""], ""נפש"": [""נפש""], ""עין"": [""עין""], ""כשר"": [""כשר""], ""חן"": [""חן""], ""יושר"": [""יושר""], ""מעשר"": [""מעשר""], ""אמת"": [""אמת""], ""מידה"": [""מידה""], ""כשרון"": [""כשרון""], ""מוסר"": [""מוסר""], ""ידים"": [""ידים""], ""עשר"": [""עשר""], ""נכסין"": [""נכסין""], ""ממונך"": [""ממונך""], ""אומנות"": [""אומנות""], ""כרמך"": [""כרמך""], ""ביתך"": [""ביתך""], ""אומן"": [""אומן""], ""ממונא"": [""ממונא""], ""עשרון"": [""עשרון""], ""מעשרותיו"": [""מעשרותיו""], ""שמחת"": [""שמחת""], ""עושי"": [""עושי""], ""טובות"": [""טובות""], ""מוסרי"": [""מוסרי""], ""מעשרין"": [""מעשרין""], ""יושרה"": [""יושרה""], ""אומנותך"": [""אומנותך""], ""כרמיך"": [""כרמיך""], ""מוסרין"": [""מוסרין""], ""שמחתת"": [""שמחתת""], ""מוסריים"": [""מוסריים""], ""ממונאך"": [""ממונאך""], ""טובותינו"": [""טובותינו""], ""שמחתתת"": [""שמחתתת""], ""שמחתתתת"": [""שמחתתתת""], ""שמחתתתתת"": [""שמחתתתתת""], ""שמחתתתתתת"": [""שמחתתתתתת""], ""עושיון"": [""עושיון""], ""טובותינוות"": [""טובותינוות""]}",ממון,0.118853,עושר,0.090589,טובה,0.051842,נכסים,0.032114,בית,0.026895,חכמה,0.015832,טוב,0.015566,שמחה,0.012153,מעשרות,0.011766,שדה,0.010608,נפש,0.008166,עין,0.008161,כשר,0.007101,חן,0.005645,יושר,0.005644,מעשר,0.004754,אמת,0.004049,מידה,0.003832,כשרון,0.003546,מוסר,0.003086,ידים,0.002625,עשר,0.001533,נכסין,0.001456,ממונך,0.001136,אומנות,0.000985,כרמך,0.000948,ביתך,0.000801,אומן,0.000792,ממונא,0.00059,עשרון,0.000496,מעשרותיו,0.000468,שמחת,0.000409,עושי,0.000167,טובות,0.000106,מוסרי,8e-05,מעשרין,7.8e-05,יושרה,5.1e-05,אומנותך,3.8e-05,כרמיך,1.8e-05,מוסרין,1e-05,שמחתת,1e-06,מוסריים,1e-06,ממונאך,0.0,טובותינו,0.0,שמחתתת,0.0,שמחתתתת,0.0,שמחתתתתת,0.0,שמחתתתתתת,0.0,עושיון,0.0,טובותינוות,0.0,NUM,True,הבית,בית,False,False,False,True,True,True,False,,,,False,False
Midrash_Aggadic_Midrash_Pesikta_DRav_Kahanna__10_1,pesikta_drk,338,"והקב""ה",20.1339,0.8199,0.627,0.452,50,-1,False,"{""של"": 1, ""על"": 1, ""ועכשיו"": 1, ""והיום"": 1, ""עכשיו"": 1, ""ולא"": 1, ""עלינו"": 1, ""ואת"": 1, ""וכל"": 1, ""ואין"": 1, ""ואתה"": 1, ""והיינו"": 1, ""ועת"": 1, ""אבל"": 1, ""ועתה"": 1, ""ואנו"": 1, ""ביד"": 1, ""בידך"": 1, ""ומוציא"": 1, ""שלם"": 1, ""וניזונ"": 1, ""וניזונת"": 1, ""ואנחנו"": 1, ""וניזון"": 1, ""והייתי"": 1, ""ובאת"": 1, ""ומפרנס"": 1, ""במעשרות"": 1, ""ובשעת"": 1, ""ובאתה"": 1, ""במעשרותיו"": 1, ""וכלכל"": 1, ""ומפרנסנו"": 1, ""ולאו"": 1, ""וניזונתנו"": 1, ""וכלכלת"": 1, ""ומוציאו"": 1, ""ואנשי"": 1, ""וכלכלתך"": 1, ""והייתיון"": 1, ""ולאויר"": 1, ""ומפרנסנוו"": 1, ""ואנשיי"": 1, ""ולאוירא"": 1, ""במעשרותיוו"": 1, ""ומוציאוין"": 1, ""ומפרנסנווין"": 1, ""במעשרותיווון"": 1, ""ואנשייי"": 1, ""ואנשיייון"": 1}","{""של"": [""של""], ""על"": [""על""], ""ועכשיו"": [""ועכשיו""], ""והיום"": [""והיום""], ""עכשיו"": [""עכשיו""], ""ולא"": [""ולא""], ""עלינו"": [""עלינו""], ""ואת"": [""ואת""], ""וכל"": [""וכל""], ""ואין"": [""ואין""], ""ואתה"": [""ואתה""], ""והיינו"": [""והיינו""], ""ועת"": [""ועת""], ""אבל"": [""אבל""], ""ועתה"": [""ועתה""], ""ואנו"": [""ואנו""], ""ביד"": [""ביד""], ""בידך"": [""בידך""], ""ומוציא"": [""ומוציא""], ""שלם"": [""שלם""], ""וניזונ"": [""וניזונ""], ""וניזונת"": [""וניזונת""], ""ואנחנו"": [""ואנחנו""], ""וניזון"": [""וניזון""], ""והייתי"": [""והייתי""], ""ובאת"": [""ובאת""], ""ומפרנס"": [""ומפרנס""], ""במעשרות"": [""במעשרות""], ""ובשעת"": [""ובשעת""], ""ובאתה"": [""ובאתה""], ""במעשרותיו"": [""במעשרותיו""], ""וכלכל"": [""וכלכל""], ""ומפרנסנו"": [""ומפרנסנו""], ""ולאו"": [""ולאו""], ""וניזונתנו"": [""וניזונתנו""], ""וכלכלת"": [""וכלכלת""], ""ומוציאו"": [""ומוציאו""], ""ואנשי"": [""ואנשי""], ""וכלכלתך"": [""וכלכלתך""], ""והייתיון"": [""והייתיון""], ""ולאויר"": [""ולאויר""], ""ומפרנסנוו"": [""ומפרנסנוו""], ""ואנשיי"": [""ואנשיי""], ""ולאוירא"": [""ולאוירא""], ""במעשרותיוו"": [""במעשרותיוו""], ""ומוציאוין"": [""ומוציאוין""], ""ומפרנסנווין"": [""ומפרנסנווין""], ""במעשרותיווון"": [""במעשרותיווון""], ""ואנשייי"": [""ואנשייי""], ""ואנשיייון"": [""ואנשיייון""]}",של,0.074122,על,0.0634,ועכשיו,0.052189,והיום,0.038406,עכשיו,0.022962,ולא,0.021571,עלינו,0.021296,ואת,0.015537,וכל,0.014825,ואין,0.014825,ואתה,0.014101,והיינו,0.013639,ועת,0.011828,אבל,0.011728,ועתה,0.011698,ואנו,0.011109,ביד,0.00829,בידך,0.006001,ומוציא,0.004256,שלם,0.002427,וניזונ,0.002391,וניזונת,0.002339,ואנחנו,0.002154,וניזון,0.002013,והייתי,0.001904,ובאת,0.001901,ומפרנס,0.001739,במעשרות,0.001301,ובשעת,0.001072,ובאתה,0.000337,במעשרותיו,0.000133,וכלכל,0.000128,ומפרנסנו,0.000127,ולאו,0.000122,וניזונתנו,7.4e-05,וכלכלת,4.5e-05,ומוציאו,3.2e-05,ואנשי,1.5e-05,וכלכלתך,3e-06,והייתיון,1e-06,ולאויר,1e-06,ומפרנסנוו,0.0,ואנשיי,0.0,ולאוירא,0.0,במעשרותיוו,0.0,ומוציאוין,0.0,ומפרנסנווין,0.0,במעשרותיווון,0.0,ואנשייי,0.0,ואנשיייון,0.0,SYM,True,והקבה,[BLANK],False,False,False,True,True,True,False,,,,False,False
Midrash_Aggadic_Midrash_Pesikta_DRav_Kahanna__10_1,pesikta_drk,339,כהן,14.3068,0.6359,0.4386,0.3501,50,-1,False,"{""נתן"": 1, ""היה"": 1, ""הוא"": 1, ""שלח"": 1, ""עשה"": 1, ""נתת"": 1, ""הכניס"": 1, ""יתבר"": 1, ""יתברך"": 1, ""ית"": 1, ""הפקיד"": 1, ""בחר"": 1, ""הקנה"": 1, ""שלחת"": 1, ""חס"": 1, ""מנה"": 1, ""חפץ"": 1, ""ביד"": 1, ""בידך"": 1, ""שמח"": 1, ""עזרך"": 1, ""משלם"": 1, ""הקדיש"": 1, ""שכר"": 1, ""עזרת"": 1, ""יתעלה"": 1, ""שכרת"": 1, ""מנהל"": 1, ""הכניסה"": 1, ""בחרת"": 1, ""שלחך"": 1, ""נתתנו"": 1, ""עזרתך"": 1, ""הקדישך"": 1, ""שמחת"": 1, ""הקדימך"": 1, ""שלחתו"": 1, ""שכרתך"": 1, ""בחרתך"": 1, ""הפקידך"": 1, ""חסיד"": 1, ""מנהלך"": 1, ""שמחתך"": 1, ""הכניסהו"": 1, ""חסידך"": 1, ""הואיל"": 1, ""נתתנוו"": 1, ""הואילו"": 1, ""הכניסהויך"": 1, ""נתתנווין"": 1}","{""נתן"": [""נתן""], ""היה"": [""היה""], ""הוא"": [""הוא""], ""שלח"": [""שלח""], ""עשה"": [""עשה""], ""נתת"": [""נתת""], ""הכניס"": [""הכניס""], ""יתבר"": [""יתבר""], ""יתברך"": [""יתברך""], ""ית"": [""ית""], ""הפקיד"": [""הפקיד""], ""בחר"": [""בחר""], ""הקנה"": [""הקנה""], ""שלחת"": [""שלחת""], ""חס"": [""חס""], ""מנה"": [""מנה""], ""חפץ"": [""חפץ""], ""ביד"": [""ביד""], ""בידך"": [""בידך""], ""שמח"": [""שמח""], ""עזרך"": [""עזרך""], ""משלם"": [""משלם""], ""הקדיש"": [""הקדיש""], ""שכר"": [""שכר""], ""עזרת"": [""עזרת""], ""יתעלה"": [""יתעלה""], ""שכרת"": [""שכרת""], ""מנהל"": [""מנהל""], ""הכניסה"": [""הכניסה""], ""בחרת"": [""בחרת""], ""שלחך"": [""שלחך""], ""נתתנו"": [""נתתנו""], ""עזרתך"": [""עזרתך""], ""הקדישך"": [""הקדישך""], ""שמחת"": [""שמחת""], ""הקדימך"": [""הקדימך""], ""שלחתו"": [""שלחתו""], ""שכרתך"": [""שכרתך""], ""בחרתך"": [""בחרתך""], ""הפקידך"": [""הפקידך""], ""חסיד"": [""חסיד""], ""מנהלך"": [""מנהלך""], ""שמחתך"": [""שמחתך""], ""הכניסהו"": [""הכניסהו""], ""חסידך"": [""חסידך""], ""הואיל"": [""הואיל""], ""נתתנוו"": [""נתתנוו""], ""הואילו"": [""הואילו""], ""הכניסהויך"": [""הכניסהויך""], ""נתתנווין"": [""נתתנווין""]}",נתן,0.166972,היה,0.031934,הוא,0.019984,שלח,0.015951,עשה,0.013455,נתת,0.011186,הכניס,0.007689,יתבר,0.006693,יתברך,0.006652,ית,0.006386,הפקיד,0.005122,בחר,0.004917,הקנה,0.004828,שלחת,0.00457,חס,0.004237,מנה,0.004235,חפץ,0.004097,ביד,0.003951,בידך,0.003596,שמח,0.003314,עזרך,0.003018,משלם,0.002865,הקדיש,0.00238,שכר,0.001979,עזרת,0.001426,יתעלה,0.001404,שכרת,0.000931,מנהל,0.000895,הכניסה,0.00076,בחרת,0.000697,שלחך,0.000668,נתתנו,0.000667,עזרתך,0.000618,הקדישך,0.000553,שמחת,0.000346,הקדימך,0.000313,שלחתו,0.000265,שכרתך,0.000136,בחרתך,0.000121,הפקידך,9e-05,חסיד,7.5e-05,מנהלך,7.4e-05,שמחתך,5.7e-05,הכניסהו,2.1e-05,חסידך,1e-05,הואיל,8e-06,נתתנוו,0.0,הואילו,0.0,הכניסהויך,0.0,נתתנווין,0.0,VERB,False,כהן,כוהן,True,False,True,True,True,True,True,23.0,59.0,-36.0,True,False
Midrash_Aggadic_Midrash_Pesikta_DRav_Kahanna__10_1,pesikta_drk,340,ועכשיו,6.2,0.8075,0.6662,0.3132,50,-1,False,"{""אתה"": 1, ""על"": 1, ""ואת"": 1, ""גדול"": 1, ""ואתה"": 1, ""וכהן"": 1, ""ואין"": 1, ""והוא"": 1, ""אבל"": 1, ""וכי"": 1, ""עתה"": 1, ""עליך"": 1, ""ואנו"": 1, ""והיה"": 1, ""וגואל"": 1, ""ומשיח"": 1, ""ונשיא"": 1, ""ואנחנו"": 1, ""והלוי"": 1, ""ובאת"": 1, ""ובניך"": 1, ""וגומל"": 1, ""עלי"": 1, ""ובאתה"": 1, ""עליון"": 1, ""ומשיחך"": 1, ""ומחר"": 1, ""ומושל"": 1, ""והלוא"": 1, ""ואנשי"": 1, ""ונשיאך"": 1, ""וגואלך"": 1, ""ונשך"": 1, ""גדולך"": 1, ""והלואים"": 1, ""ומחרת"": 1, ""אתהך"": 1, ""והלויים"": 1, ""ומושלך"": 1, ""והואך"": 1, ""אבלך"": 1, ""ומחרתך"": 1, ""ובאתהו"": 1, ""וגומלך"": 1, ""ואנשיי"": 1, ""ובאתהוון"": 1, ""ואנשיייו"": 1, ""ואנשיייווי"": 1, ""ואנשיייוויו"": 1, ""ואנשיייוויוין"": 1}","{""אתה"": [""אתה""], ""על"": [""על""], ""ואת"": [""ואת""], ""גדול"": [""גדול""], ""ואתה"": [""ואתה""], ""וכהן"": [""וכהן""], ""ואין"": [""ואין""], ""והוא"": [""והוא""], ""אבל"": [""אבל""], ""וכי"": [""וכי""], ""עתה"": [""עתה""], ""עליך"": [""עליך""], ""ואנו"": [""ואנו""], ""והיה"": [""והיה""], ""וגואל"": [""וגואל""], ""ומשיח"": [""ומשיח""], ""ונשיא"": [""ונשיא""], ""ואנחנו"": [""ואנחנו""], ""והלוי"": [""והלוי""], ""ובאת"": [""ובאת""], ""ובניך"": [""ובניך""], ""וגומל"": [""וגומל""], ""עלי"": [""עלי""], ""ובאתה"": [""ובאתה""], ""עליון"": [""עליון""], ""ומשיחך"": [""ומשיחך""], ""ומחר"": [""ומחר""], ""ומושל"": [""ומושל""], ""והלוא"": [""והלוא""], ""ואנשי"": [""ואנשי""], ""ונשיאך"": [""ונשיאך""], ""וגואלך"": [""וגואלך""], ""ונשך"": [""ונשך""], ""גדולך"": [""גדולך""], ""והלואים"": [""והלואים""], ""ומחרת"": [""ומחרת""], ""אתהך"": [""אתהך""], ""והלויים"": [""והלויים""], ""ומושלך"": [""ומושלך""], ""והואך"": [""והואך""], ""אבלך"": [""אבלך""], ""ומחרתך"": [""ומחרתך""], ""ובאתהו"": [""ובאתהו""], ""וגומלך"": [""וגומלך""], ""ואנשיי"": [""ואנשיי""], ""ובאתהוון"": [""ובאתהוון""], ""ואנשיייו"": [""ואנשיייו""], ""ואנשיייווי"": [""ואנשיייווי""], ""ואנשיייוויו"": [""ואנשיייוויו""], ""ואנשיייוויוין"": [""ואנשיייוויוין""]}",אתה,0.045835,על,0.045125,ואת,0.027801,גדול,0.026528,ואתה,0.023773,וכהן,0.021328,ואין,0.017671,והוא,0.013762,אבל,0.012336,וכי,0.011058,עתה,0.008125,עליך,0.007501,ואנו,0.007474,והיה,0.006887,וגואל,0.005666,ומשיח,0.00546,ונשיא,0.004408,ואנחנו,0.004286,והלוי,0.003649,ובאת,0.003251,ובניך,0.002877,וגומל,0.001262,עלי,0.001066,ובאתה,0.000887,עליון,0.00084,ומשיחך,0.000689,ומחר,0.000685,ומושל,0.000586,והלוא,0.000542,ואנשי,0.000452,ונשיאך,0.000405,וגואלך,0.000395,ונשך,0.000215,גדולך,8.6e-05,והלואים,8.6e-05,ומחרת,5.6e-05,אתהך,4.2e-05,והלויים,3.4e-05,ומושלך,2.8e-05,והואך,2.3e-05,אבלך,1.1e-05,ומחרתך,6e-06,ובאתהו,6e-06,וגומלך,1e-06,ואנשיי,0.0,ובאתהוון,0.0,ואנשיייו,0.0,ואנשיייווי,0.0,ואנשיייוויו,0.0,ואנשיייוויוין,0.0,ADP,True,ועכשיו,עכשיו,False,False,False,True,True,True,False,,,,False,False
Midrash_Aggadic_Midrash_Pesikta_DRav_Kahanna__10_1,pesikta_drk,341,נעשתה,18.3714,0.8786,0.8304,0.803,5,-1,False,"{""אתה"": 1, ""הוא"": 1, ""אין"": 1, ""הקבה"": 1, ""הקב"": 1}","{""אתה"": [""אתה""], ""הוא"": [""הוא""], ""אין"": [""אין""], ""הקבה"": [""הקבה""], ""הקב"": [""הקב""]}",אתה,0.745889,הוא,0.020831,אין,0.018383,הקבה,0.01778,הקב,0.00012,,,,,,,,,,,,,,,,,,,,,,,,,,,,,,,,,,,,,,,,,,,,,,,,,,,,,,,,,,,,,,,,,,,,,,,,,,,,,,,,,,,,,,,,,,,DET,True,נעשתה,נעשה,False,False,False,True,True,True,False,,,,False,False
Midrash_Aggadic_Midrash_Pesikta_DRav_Kahanna__10_1,pesikta_drk,342,כהן,7.912,0.8354,0.0,0.5126,50,16,True,"{""לך"": 1, ""שדה"": 1, ""יד"": 1, ""הקבה"": 1, ""השדה"": 1, ""ידך"": 1, ""שדהך"": 1, ""הכהונה"": 1, ""אשת"": 1, ""תורת"": 1, ""בך"": 1, ""הכהן"": 1, ""דרכך"": 1, ""כהנת"": 1, ""עינך"": 1, ""כהן"": 1, ""ביד"": 1, ""בידך"": 1, ""עיר"": 1, ""נפש"": 1, ""מעשר"": 1, ""אמך"": 1, ""עיניך"": 1, ""נפשך"": 1, ""נידוי"": 1, ""שפחת"": 1, ""כהנתך"": 1, ""דכת"": 1, ""תורתך"": 1, ""הקרקע"": 1, ""ירושה"": 1, ""אשתו"": 1, ""שפחתך"": 1, ""השכינה"": 1, ""תחלתו"": 1, ""מעשורת"": 1, ""מעשיה"": 1, ""דרכו"": 1, ""מעשורתך"": 1, ""נידויו"": 1, ""הקב"": 1, ""הקבוצה"": 1, ""מעשיהו"": 1, ""הקבהו"": 1, ""השדהך"": 1, ""ירושהו"": 1, ""הקבהווך"": 1, ""נידויויה"": 1, ""הקבוצהך"": 1, ""ירושהוון"": 1}","{""לך"": [""לך""], ""שדה"": [""שדה""], ""יד"": [""יד""], ""הקבה"": [""הקבה""], ""השדה"": [""השדה""], ""ידך"": [""ידך""], ""שדהך"": [""שדהך""], ""הכהונה"": [""הכהונה""], ""אשת"": [""אשת""], ""תורת"": [""תורת""], ""בך"": [""בך""], ""הכהן"": [""הכהן""], ""דרכך"": [""דרכך""], ""כהנת"": [""כהנת""], ""עינך"": [""עינך""], ""כהן"": [""כהן""], ""ביד"": [""ביד""], ""בידך"": [""בידך""], ""עיר"": [""עיר""], ""נפש"": [""נפש""], ""מעשר"": [""מעשר""], ""אמך"": [""אמך""], ""עיניך"": [""עיניך""], ""נפשך"": [""נפשך""], ""נידוי"": [""נידוי""], ""שפחת"": [""שפחת""], ""כהנתך"": [""כהנתך""], ""דכת"": [""דכת""], ""תורתך"": [""תורתך""], ""הקרקע"": [""הקרקע""], ""ירושה"": [""ירושה""], ""אשתו"": [""אשתו""], ""שפחתך"": [""שפחתך""], ""השכינה"": [""השכינה""], ""תחלתו"": [""תחלתו""], ""מעשורת"": [""מעשורת""], ""מעשיה"": [""מעשיה""], ""דרכו"": [""דרכו""], ""מעשורתך"": [""מעשורתך""], ""נידויו"": [""נידויו""], ""הקב"": [""הקב""], ""הקבוצה"": [""הקבוצה""], ""מעשיהו"": [""מעשיהו""], ""הקבהו"": [""הקבהו""], ""השדהך"": [""השדהך""], ""ירושהו"": [""ירושהו""], ""הקבהווך"": [""הקבהווך""], ""נידויויה"": [""נידויויה""], ""הקבוצהך"": [""הקבוצהך""], ""ירושהוון"": [""ירושהוון""]}",לך,0.302094,שדה,0.043677,יד,0.015868,הקבה,0.014593,השדה,0.014432,ידך,0.013013,שדהך,0.010486,הכהונה,0.00983,אשת,0.009347,תורת,0.008857,בך,0.008625,הכהן,0.008023,דרכך,0.005807,כהנת,0.004632,עינך,0.004157,כהן,0.004152,ביד,0.003595,בידך,0.003269,עיר,0.003171,נפש,0.002392,מעשר,0.00211,אמך,0.001958,עיניך,0.001844,נפשך,0.001806,נידוי,0.001587,שפחת,0.001556,כהנתך,0.001339,דכת,0.001264,תורתך,0.001246,הקרקע,0.001241,ירושה,0.001171,אשתו,0.001139,שפחתך,0.001016,השכינה,0.000725,תחלתו,0.000525,מעשורת,0.000518,מעשיה,0.000416,דרכו,0.000383,מעשורתך,0.00033,נידויו,0.000178,הקב,0.000122,הקבוצה,2.6e-05,מעשיהו,1.9e-05,הקבהו,1.1e-05,השדהך,1e-05,ירושהו,3e-06,הקבהווך,0.0,נידויויה,0.0,הקבוצהך,0.0,ירושהוון,0.0,ADP,False,כהן,כוהן,False,False,False,True,True,True,False,,,,False,False
Midrash_Aggadic_Midrash_Pesikta_DRav_Kahanna__10_1,pesikta_drk,343,"והקב""ה",2.7359,0.5967,0.0,0.5898,50,1,True,"{""והקבה"": 1, ""בעל"": 1, ""וכהן"": 1, ""והקב"": 1, ""לבית"": 1, ""ובעל"": 1, ""ואין"": 1, ""והוא"": 1, ""ואת"": 1, ""לבעל"": 1, ""בבית"": 1, ""ואתה"": 1, ""הקבה"": 1, ""להקב"": 1, ""לכהן"": 1, ""ביד"": 1, ""בידך"": 1, ""ובא"": 1, ""וכהנים"": 1, ""ונעשה"": 1, ""במקומך"": 1, ""ובאת"": 1, ""להק"": 1, ""להקבה"": 1, ""ונידוה"": 1, ""ובאתה"": 1, ""לביתו"": 1, ""בביתו"": 1, ""לכהנים"": 1, ""להקבו"": 1, ""ובאנו"": 1, ""הקב"": 1, ""בעלך"": 1, ""במקומנו"": 1, ""והקבהו"": 1, ""הקבהו"": 1, ""ובאתהו"": 1, ""להקבוון"": 1, ""הקבהוות"": 1, ""והקבהוות"": 1, ""ובאנוו"": 1, ""הקבהוותה"": 1, ""והקבהוותה"": 1, ""ובאתהוון"": 1, ""הקבהוותהו"": 1, ""והקבהוותהו"": 1, ""הקבהוותהוות"": 1, ""ובאנווים"": 1, ""והקבהוותהוות"": 1, ""הקבהוותהוותה"": 1}","{""והקבה"": [""והקבה""], ""בעל"": [""בעל""], ""וכהן"": [""וכהן""], ""והקב"": [""והקב""], ""לבית"": [""לבית""], ""ובעל"": [""ובעל""], ""ואין"": [""ואין""], ""והוא"": [""והוא""], ""ואת"": [""ואת""], ""לבעל"": [""לבעל""], ""בבית"": [""בבית""], ""ואתה"": [""ואתה""], ""הקבה"": [""הקבה""], ""להקב"": [""להקב""], ""לכהן"": [""לכהן""], ""ביד"": [""ביד""], ""בידך"": [""בידך""], ""ובא"": [""ובא""], ""וכהנים"": [""וכהנים""], ""ונעשה"": [""ונעשה""], ""במקומך"": [""במקומך""], ""ובאת"": [""ובאת""], ""להק"": [""להק""], ""להקבה"": [""להקבה""], ""ונידוה"": [""ונידוה""], ""ובאתה"": [""ובאתה""], ""לביתו"": [""לביתו""], ""בביתו"": [""בביתו""], ""לכהנים"": [""לכהנים""], ""להקבו"": [""להקבו""], ""ובאנו"": [""ובאנו""], ""הקב"": [""הקב""], ""בעלך"": [""בעלך""], ""במקומנו"": [""במקומנו""], ""והקבהו"": [""והקבהו""], ""הקבהו"": [""הקבהו""], ""ובאתהו"": [""ובאתהו""], ""להקבוון"": [""להקבוון""], ""הקבהוות"": [""הקבהוות""], ""והקבהוות"": [""והקבהוות""], ""ובאנוו"": [""ובאנוו""], ""הקבהוותה"": [""הקבהוותה""], ""והקבהוותה"": [""והקבהוותה""], ""ובאתהוון"": [""ובאתהוון""], ""הקבהוותהו"": [""הקבהוותהו""], ""והקבהוותהו"": [""והקבהוותהו""], ""הקבהוותהוות"": [""הקבהוותהוות""], ""ובאנווים"": [""ובאנווים""], ""והקבהוותהוות"": [""והקבהוותהוות""], ""הקבהוותהוותה"": [""הקבהוותהוותה""]}",והקבה,0.150111,בעל,0.121485,וכהן,0.054973,והקב,0.04807,לבית,0.032697,ובעל,0.029219,ואין,0.018342,והוא,0.018057,ואת,0.01723,לבעל,0.017181,בבית,0.015206,ואתה,0.015025,הקבה,0.011825,להקב,0.008916,לכהן,0.008033,ביד,0.003821,בידך,0.003307,ובא,0.002877,וכהנים,0.002737,ונעשה,0.001799,במקומך,0.001292,ובאת,0.001257,להק,0.000985,להקבה,0.000981,ונידוה,0.000916,ובאתה,0.000808,לביתו,0.000668,בביתו,0.000531,לכהנים,0.000439,להקבו,0.000419,ובאנו,0.000303,הקב,7.1e-05,בעלך,6e-05,במקומנו,4.9e-05,והקבהו,4.7e-05,הקבהו,1.5e-05,ובאתהו,2e-06,להקבוון,1e-06,הקבהוות,0.0,והקבהוות,0.0,ובאנוו,0.0,הקבהוותה,0.0,והקבהוותה,0.0,ובאתהוון,0.0,הקבהוותהו,0.0,והקבהוותהו,0.0,הקבהוותהוות,0.0,ובאנווים,0.0,והקבהוותהוות,0.0,הקבהוותהוותה,0.0,SYM,True,והקבה,[BLANK],False,False,False,True,True,True,False,,,,False,False
Midrash_Aggadic_Midrash_Pesikta_DRav_Kahanna__10_1,pesikta_drk,344,בעל,0.0657,0.005,0.0,0.9616,5,1,True,"{""בעל"": 1, ""הוא"": 1, ""בעליו"": 1, ""בעלך"": 1, ""בעלה"": 1}","{""בעל"": [""בעל""], ""הוא"": [""הוא""], ""בעליו"": [""בעליו""], ""בעלך"": [""בעלך""], ""בעלה"": [""בעלה""]}",בעל,0.955511,הוא,0.003611,בעליו,0.000855,בעלך,0.000829,בעלה,0.000779,,,,,,,,,,,,,,,,,,,,,,,,,,,,,,,,,,,,,,,,,,,,,,,,,,,,,,,,,,,,,,,,,,,,,,,,,,,,,,,,,,,,,,,,,,,PUNCT,False,בעל,בעל,False,False,False,True,True,True,False,,,,False,False
Midrash_Aggadic_Midrash_Pesikta_DRav_Kahanna__10_1,pesikta_drk,345,הבית,0.0992,0.0133,0.0,0.9551,5,1,True,"{""הבית"": 1, ""בית"": 1, ""ה"": 1, ""הוי"": 1, ""ביתנו"": 1}","{""הבית"": [""הבית""], ""בית"": [""בית""], ""ה"": [""ה""], ""הוי"": [""הוי""], ""ביתנו"": [""ביתנו""]}",הבית,0.933562,בית,0.019075,ה,0.002042,הוי,0.00021,ביתנו,0.000177,,,,,,,,,,,,,,,,,,,,,,,,,,,,,,,,,,,,,,,,,,,,,,,,,,,,,,,,,,,,,,,,,,,,,,,,,,,,,,,,,,,,,,,,,,,PROPN,True,הבית,בית,False,False,False,True,True,True,False,,,,False,False
Midrash_Aggadic_Midrash_Pesikta_DRav_Kahanna__10_1,pesikta_drk,346,"א""ר",8.5419,0.8902,0.8189,0.6521,42,-1,False,"{""אמר"": 1, ""אמרו"": 1, ""וכי"": 1, ""וכיון"": 1, ""ר"": 1, ""על"": 1, ""א"": 1, ""אבל"": 1, ""אתה"": 1, ""מה"": 1, ""שנאמר"": 1, ""כך"": 1, ""ואמר"": 1, ""עתה"": 1, ""שנא"": 1, ""רבי"": 1, ""ועכשיו"": 1, ""ואנו"": 1, ""והיה"": 1, ""ועתה"": 1, ""עמד"": 1, ""והרי"": 1, ""שנאמרו"": 1, ""איזה"": 1, ""ואמרנו"": 1, ""עמדנו"": 1, ""עליך"": 1, ""ועתידה"": 1, ""איזו"": 1, ""מהו"": 1, ""איזהו"": 1, ""אבלו"": 1, ""רביי"": 1, ""והריינו"": 1, ""מהוות"": 1, ""ועתידהו"": 1, ""אבלוון"": 1, ""מהוותא"": 1, ""רבייון"": 1, ""מהוותאך"": 1, ""והריינוינו"": 1, ""והריינוינוון"": 1}","{""אמר"": [""אמר""], ""אמרו"": [""אמרו""], ""וכי"": [""וכי""], ""וכיון"": [""וכיון""], ""ר"": [""ר""], ""על"": [""על""], ""א"": [""א""], ""אבל"": [""אבל""], ""אתה"": [""אתה""], ""מה"": [""מה""], ""שנאמר"": [""שנאמר""], ""כך"": [""כך""], ""ואמר"": [""ואמר""], ""עתה"": [""עתה""], ""שנא"": [""שנא""], ""רבי"": [""רבי""], ""ועכשיו"": [""ועכשיו""], ""ואנו"": [""ואנו""], ""והיה"": [""והיה""], ""ועתה"": [""ועתה""], ""עמד"": [""עמד""], ""והרי"": [""והרי""], ""שנאמרו"": [""שנאמרו""], ""איזה"": [""איזה""], ""ואמרנו"": [""ואמרנו""], ""עמדנו"": [""עמדנו""], ""עליך"": [""עליך""], ""ועתידה"": [""ועתידה""], ""איזו"": [""איזו""], ""מהו"": [""מהו""], ""איזהו"": [""איזהו""], ""אבלו"": [""אבלו""], ""רביי"": [""רביי""], ""והריינו"": [""והריינו""], ""מהוות"": [""מהוות""], ""ועתידהו"": [""ועתידהו""], ""אבלוון"": [""אבלוון""], ""מהוותא"": [""מהוותא""], ""רבייון"": [""רבייון""], ""מהוותאך"": [""מהוותאך""], ""והריינוינו"": [""והריינוינו""], ""והריינוינוון"": [""והריינוינוון""]}",אמר,0.165992,אמרו,0.100289,וכי,0.099118,וכיון,0.083204,ר,0.04263,על,0.02429,א,0.021103,אבל,0.018051,אתה,0.016181,מה,0.014733,שנאמר,0.014414,כך,0.013206,ואמר,0.007448,עתה,0.00515,שנא,0.004195,רבי,0.003791,ועכשיו,0.003233,ואנו,0.002783,והיה,0.002029,ועתה,0.001897,עמד,0.001836,והרי,0.001819,שנאמרו,0.001776,איזה,0.001108,ואמרנו,0.00055,עמדנו,0.000444,עליך,0.000231,ועתידה,0.000156,איזו,0.000155,מהו,0.000112,איזהו,9.4e-05,אבלו,5e-05,רביי,3e-06,והריינו,2e-06,מהוות,0.0,ועתידהו,0.0,אבלוון,0.0,מהוותא,0.0,רבייון,0.0,מהוותאך,0.0,והריינוינו,0.0,והריינוינוון,0.0,,,,,,,,,,,,,,,,,ADP,False,אר,אר,False,False,False,True,True,True,False,,,,False,False
Midrash_Aggadic_Midrash_Pesikta_DRav_Kahanna__10_1,pesikta_drk,347,לוי,2.5331,0.4975,0.0,0.4135,50,1,True,"{""לוי"": 1, ""רבי"": 1, ""יוסי"": 1, ""יודה"": 1, ""שמע"": 1, ""יצחק"": 1, ""חזקיה"": 1, ""ר"": 1, ""שמעון"": 1, ""אבא"": 1, ""חנינא"": 1, ""עול"": 1, ""עולא"": 1, ""אמי"": 1, ""עקיב"": 1, ""עקיבא"": 1, ""חס"": 1, ""חנינה"": 1, ""יוסה"": 1, ""חזקי"": 1, ""שמו"": 1, ""לויי"": 1, ""ליעזר"": 1, ""חזקאל"": 1, ""יצחקי"": 1, ""רביי"": 1, ""חנינן"": 1, ""אמיי"": 1, ""שמווא"": 1, ""יוסהו"": 1, ""שמוואל"": 1, ""אבאוס"": 1, ""לוייון"": 1, ""אבאוסא"": 1, ""יצחקיון"": 1, ""רבייון"": 1, ""יוסהויל"": 1, ""שמוואלוי"": 1, ""אמייי"": 1, ""יוסהוילן"": 1, ""אבאוסאנו"": 1, ""שמוואלויי"": 1, ""אמיייי"": 1, ""אבאוסאנווי"": 1, ""אמייייי"": 1, ""אבאוסאנוויי"": 1, ""שמוואלוייון"": 1, ""אמיייייי"": 1, ""אמייייייי"": 1, ""אבאוסאנוויייא"": 1}","{""לוי"": [""לוי""], ""רבי"": [""רבי""], ""יוסי"": [""יוסי""], ""יודה"": [""יודה""], ""שמע"": [""שמע""], ""יצחק"": [""יצחק""], ""חזקיה"": [""חזקיה""], ""ר"": [""ר""], ""שמעון"": [""שמעון""], ""אבא"": [""אבא""], ""חנינא"": [""חנינא""], ""עול"": [""עול""], ""עולא"": [""עולא""], ""אמי"": [""אמי""], ""עקיב"": [""עקיב""], ""עקיבא"": [""עקיבא""], ""חס"": [""חס""], ""חנינה"": [""חנינה""], ""יוסה"": [""יוסה""], ""חזקי"": [""חזקי""], ""שמו"": [""שמו""], ""לויי"": [""לויי""], ""ליעזר"": [""ליעזר""], ""חזקאל"": [""חזקאל""], ""יצחקי"": [""יצחקי""], ""רביי"": [""רביי""], ""חנינן"": [""חנינן""], ""אמיי"": [""אמיי""], ""שמווא"": [""שמווא""], ""יוסהו"": [""יוסהו""], ""שמוואל"": [""שמוואל""], ""אבאוס"": [""אבאוס""], ""לוייון"": [""לוייון""], ""אבאוסא"": [""אבאוסא""], ""יצחקיון"": [""יצחקיון""], ""רבייון"": [""רבייון""], ""יוסהויל"": [""יוסהויל""], ""שמוואלוי"": [""שמוואלוי""], ""אמייי"": [""אמייי""], ""יוסהוילן"": [""יוסהוילן""], ""אבאוסאנו"": [""אבאוסאנו""], ""שמוואלויי"": [""שמוואלויי""], ""אמיייי"": [""אמיייי""], ""אבאוסאנווי"": [""אבאוסאנווי""], ""אמייייי"": [""אמייייי""], ""אבאוסאנוויי"": [""אבאוסאנוויי""], ""שמוואלוייון"": [""שמוואלוייון""], ""אמיייייי"": [""אמיייייי""], ""אמייייייי"": [""אמייייייי""], ""אבאוסאנוויייא"": [""אבאוסאנוויייא""]}",לוי,0.172767,רבי,0.047238,יוסי,0.02529,יודה,0.02491,שמע,0.020416,יצחק,0.019011,חזקיה,0.015425,ר,0.013324,שמעון,0.013244,אבא,0.01266,חנינא,0.009556,עול,0.007436,עולא,0.007104,אמי,0.004514,עקיב,0.004043,עקיבא,0.003962,חס,0.003347,חנינה,0.003329,יוסה,0.002076,חזקי,0.001235,שמו,0.001001,לויי,0.000747,ליעזר,0.000335,חזקאל,0.000315,יצחקי,0.000148,רביי,3.2e-05,חנינן,2.8e-05,אמיי,1.8e-05,שמווא,9e-06,יוסהו,6e-06,שמוואל,5e-06,אבאוס,3e-06,לוייון,1e-06,אבאוסא,0.0,יצחקיון,0.0,רבייון,0.0,יוסהויל,0.0,שמוואלוי,0.0,אמייי,0.0,יוסהוילן,0.0,אבאוסאנו,0.0,שמוואלויי,0.0,אמיייי,0.0,אבאוסאנווי,0.0,אמייייי,0.0,אבאוסאנוויי,0.0,שמוואלוייון,0.0,אמיייייי,0.0,אמייייייי,0.0,אבאוסאנוויייא,0.0,ADP,False,לוי,לוי,False,False,False,True,True,True,False,,,,False,False
Midrash_Aggadic_Midrash_Pesikta_DRav_Kahanna__10_1,pesikta_drk,348,מי,7.3572,0.8834,0.7911,0.5155,50,-1,False,"{""פתר"": 1, ""אמר"": 1, ""לא"": 1, ""כל"": 1, ""אין"": 1, ""מה"": 1, ""אמרו"": 1, ""מאי"": 1, ""חסר"": 1, ""דכת"": 1, ""פתרו"": 1, ""חס"": 1, ""דה"": 1, ""לאו"": 1, ""דהו"": 1, ""דהוון"": 1, ""פירוש"": 1, ""אמת"": 1, ""מהו"": 1, ""משל"": 1, ""אימא"": 1, ""פירושו"": 1, ""חסלת"": 1, ""אימר"": 1, ""חסרה"": 1, ""משלו"": 1, ""כלום"": 1, ""חסלתה"": 1, ""דכתיב"": 1, ""פתרויה"": 1, ""חסרהו"": 1, ""לאויר"": 1, ""מהוות"": 1, ""אימרין"": 1, ""מהוותא"": 1, ""חסלתהו"": 1, ""לאוירא"": 1, ""פתרויהו"": 1, ""משלוות"": 1, ""אימאוי"": 1, ""דכתיבת"": 1, ""משלוותה"": 1, ""אימאויי"": 1, ""חסרהוון"": 1, ""משלוותהון"": 1, ""מהוותאך"": 1, ""דכתיבתא"": 1, ""חסלתהוון"": 1, ""פתרויהוון"": 1, ""אימאוייון"": 1}","{""פתר"": [""פתר""], ""אמר"": [""אמר""], ""לא"": [""לא""], ""כל"": [""כל""], ""אין"": [""אין""], ""מה"": [""מה""], ""אמרו"": [""אמרו""], ""מאי"": [""מאי""], ""חסר"": [""חסר""], ""דכת"": [""דכת""], ""פתרו"": [""פתרו""], ""חס"": [""חס""], ""דה"": [""דה""], ""לאו"": [""לאו""], ""דהו"": [""דהו""], ""דהוון"": [""דהוון""], ""פירוש"": [""פירוש""], ""אמת"": [""אמת""], ""מהו"": [""מהו""], ""משל"": [""משל""], ""אימא"": [""אימא""], ""פירושו"": [""פירושו""], ""חסלת"": [""חסלת""], ""אימר"": [""אימר""], ""חסרה"": [""חסרה""], ""משלו"": [""משלו""], ""כלום"": [""כלום""], ""חסלתה"": [""חסלתה""], ""דכתיב"": [""דכתיב""], ""פתרויה"": [""פתרויה""], ""חסרהו"": [""חסרהו""], ""לאויר"": [""לאויר""], ""מהוות"": [""מהוות""], ""אימרין"": [""אימרין""], ""מהוותא"": [""מהוותא""], ""חסלתהו"": [""חסלתהו""], ""לאוירא"": [""לאוירא""], ""פתרויהו"": [""פתרויהו""], ""משלוות"": [""משלוות""], ""אימאוי"": [""אימאוי""], ""דכתיבת"": [""דכתיבת""], ""משלוותה"": [""משלוותה""], ""אימאויי"": [""אימאויי""], ""חסרהוון"": [""חסרהוון""], ""משלוותהון"": [""משלוותהון""], ""מהוותאך"": [""מהוותאך""], ""דכתיבתא"": [""דכתיבתא""], ""חסלתהוון"": [""חסלתהוון""], ""פתרויהוון"": [""פתרויהוון""], ""אימאוייון"": [""אימאוייון""]}",פתר,0.366244,אמר,0.029554,לא,0.020312,כל,0.019382,אין,0.018495,מה,0.014861,אמרו,0.01464,מאי,0.005035,חסר,0.003976,דכת,0.003924,פתרו,0.003641,חס,0.003454,דה,0.002036,לאו,0.001702,דהו,0.001469,דהוון,0.001369,פירוש,0.001148,אמת,0.001098,מהו,0.000748,משל,0.000661,אימא,0.000577,פירושו,0.000409,חסלת,0.000249,אימר,0.000212,חסרה,9.3e-05,משלו,8.2e-05,כלום,6.7e-05,חסלתה,2.8e-05,דכתיב,2.1e-05,פתרויה,6e-06,חסרהו,6e-06,לאויר,4e-06,מהוות,4e-06,אימרין,2e-06,מהוותא,1e-06,חסלתהו,1e-06,לאוירא,1e-06,פתרויהו,0.0,משלוות,0.0,אימאוי,0.0,דכתיבת,0.0,משלוותה,0.0,אימאויי,0.0,חסרהוון,0.0,משלוותהון,0.0,מהוותאך,0.0,דכתיבתא,0.0,חסלתהוון,0.0,פתרויהוון,0.0,אימאוייון,0.0,VERB,False,מי,מי,True,True,False,True,True,True,False,,,,False,False
Midrash_Aggadic_Midrash_Pesikta_DRav_Kahanna__10_1,pesikta_drk,349,פחית,16.0107,0.8565,0.6512,0.2546,50,-1,False,"{""אמר"": 1, ""הוא"": 1, ""אמרו"": 1, ""לא"": 1, ""שהכניס"": 1, ""דכת"": 1, ""דמי"": 1, ""איכא"": 1, ""הוי"": 1, ""שהוציא"": 1, ""חס"": 1, ""יתן"": 1, ""נימא"": 1, ""שמע"": 1, ""ניחא"": 1, ""חכם"": 1, ""שנכנס"": 1, ""הוה"": 1, ""יאמר"": 1, ""שהכניסו"": 1, ""שנידווה"": 1, ""שנידוה"": 1, ""אמרי"": 1, ""מיחל"": 1, ""שנידוהו"": 1, ""מנח"": 1, ""יאמרו"": 1, ""חסיד"": 1, ""שמעת"": 1, ""שהוציאו"": 1, ""שדעת"": 1, ""שדעתו"": 1, ""לאו"": 1, ""מיחייב"": 1, ""דכתיב"": 1, ""איכו"": 1, ""מיחלף"": 1, ""הויי"": 1, ""חסידא"": 1, ""דמיי"": 1, ""שמעתא"": 1, ""מיחייבי"": 1, ""שנידווהו"": 1, ""איכוון"": 1, ""הוהו"": 1, ""דכתיבת"": 1, ""הוייון"": 1, ""דכתיבתא"": 1, ""דמייון"": 1, ""הוהוון"": 1}","{""אמר"": [""אמר""], ""הוא"": [""הוא""], ""אמרו"": [""אמרו""], ""לא"": [""לא""], ""שהכניס"": [""שהכניס""], ""דכת"": [""דכת""], ""דמי"": [""דמי""], ""איכא"": [""איכא""], ""הוי"": [""הוי""], ""שהוציא"": [""שהוציא""], ""חס"": [""חס""], ""יתן"": [""יתן""], ""נימא"": [""נימא""], ""שמע"": [""שמע""], ""ניחא"": [""ניחא""], ""חכם"": [""חכם""], ""שנכנס"": [""שנכנס""], ""הוה"": [""הוה""], ""יאמר"": [""יאמר""], ""שהכניסו"": [""שהכניסו""], ""שנידווה"": [""שנידווה""], ""שנידוה"": [""שנידוה""], ""אמרי"": [""אמרי""], ""מיחל"": [""מיחל""], ""שנידוהו"": [""שנידוהו""], ""מנח"": [""מנח""], ""יאמרו"": [""יאמרו""], ""חסיד"": [""חסיד""], ""שמעת"": [""שמעת""], ""שהוציאו"": [""שהוציאו""], ""שדעת"": [""שדעת""], ""שדעתו"": [""שדעתו""], ""לאו"": [""לאו""], ""מיחייב"": [""מיחייב""], ""דכתיב"": [""דכתיב""], ""איכו"": [""איכו""], ""מיחלף"": [""מיחלף""], ""הויי"": [""הויי""], ""חסידא"": [""חסידא""], ""דמיי"": [""דמיי""], ""שמעתא"": [""שמעתא""], ""מיחייבי"": [""מיחייבי""], ""שנידווהו"": [""שנידווהו""], ""איכוון"": [""איכוון""], ""הוהו"": [""הוהו""], ""דכתיבת"": [""דכתיבת""], ""הוייון"": [""הוייון""], ""דכתיבתא"": [""דכתיבתא""], ""דמייון"": [""דמייון""], ""הוהוון"": [""הוהוון""]}",אמר,0.068966,הוא,0.027865,אמרו,0.024587,לא,0.022743,שהכניס,0.020711,דכת,0.013911,דמי,0.010834,איכא,0.008678,הוי,0.008635,שהוציא,0.007739,חס,0.005077,יתן,0.00386,נימא,0.003764,שמע,0.003613,ניחא,0.003131,חכם,0.003032,שנכנס,0.002991,הוה,0.00276,יאמר,0.002165,שהכניסו,0.001216,שנידווה,0.001012,שנידוה,0.000997,אמרי,0.000971,מיחל,0.000816,שנידוהו,0.00081,מנח,0.000686,יאמרו,0.000477,חסיד,0.000419,שמעת,0.000397,שהוציאו,0.000344,שדעת,0.000333,שדעתו,0.000266,לאו,0.000249,מיחייב,0.000206,דכתיב,0.000177,איכו,6.1e-05,מיחלף,3.9e-05,הויי,2.1e-05,חסידא,1.8e-05,דמיי,9e-06,שמעתא,4e-06,מיחייבי,4e-06,שנידווהו,3e-06,איכוון,3e-06,הוהו,2e-06,דכתיבת,1e-06,הוייון,0.0,דכתיבתא,0.0,דמייון,0.0,הוהוון,0.0,NUM,True,פחית,פחית,False,False,False,True,True,True,False,,,,False,False
Midrash_Aggadic_Midrash_Pesikta_DRav_Kahanna__10_1,pesikta_drk,350,לה,4.6775,0.7716,0.0,0.3894,50,2,True,"{""עשרה"": 1, ""לה"": 1, ""ומי"": 1, ""ר"": 1, ""ליה"": 1, ""בה"": 1, ""מעשר"": 1, ""אר"": 1, ""לי"": 1, ""עין"": 1, ""להון"": 1, ""מאה"": 1, ""מעשרות"": 1, ""ארבע"": 1, ""דכת"": 1, ""מעשרותיו"": 1, ""פחת"": 1, ""פחית"": 1, ""ארבעה"": 1, ""בהון"": 1, ""מינה"": 1, ""רוח"": 1, ""דהו"": 1, ""מעשרו"": 1, ""דהוון"": 1, ""ממעשר"": 1, ""איניש"": 1, ""פחתך"": 1, ""אינון"": 1, ""ופחת"": 1, ""ממעשרותיו"": 1, ""ממעשרותיה"": 1, ""מאן"": 1, ""פחיתון"": 1, ""לארעא"": 1, ""רוחך"": 1, ""דההוא"": 1, ""ופוחת"": 1, ""ופחתה"": 1, ""לאריסייה"": 1, ""ופוחתת"": 1, ""ליורש"": 1, ""ליורשו"": 1, ""לאריסייהו"": 1, ""מאהן"": 1, ""מעשרוון"": 1, ""ופחתהו"": 1, ""ממעשרותיהו"": 1, ""אינישא"": 1, ""לאריסייהוון"": 1}","{""עשרה"": [""עשרה""], ""לה"": [""לה""], ""ומי"": [""ומי""], ""ר"": [""ר""], ""ליה"": [""ליה""], ""בה"": [""בה""], ""מעשר"": [""מעשר""], ""אר"": [""אר""], ""לי"": [""לי""], ""עין"": [""עין""], ""להון"": [""להון""], ""מאה"": [""מאה""], ""מעשרות"": [""מעשרות""], ""ארבע"": [""ארבע""], ""דכת"": [""דכת""], ""מעשרותיו"": [""מעשרותיו""], ""פחת"": [""פחת""], ""פחית"": [""פחית""], ""ארבעה"": [""ארבעה""], ""בהון"": [""בהון""], ""מינה"": [""מינה""], ""רוח"": [""רוח""], ""דהו"": [""דהו""], ""מעשרו"": [""מעשרו""], ""דהוון"": [""דהוון""], ""ממעשר"": [""ממעשר""], ""איניש"": [""איניש""], ""פחתך"": [""פחתך""], ""אינון"": [""אינון""], ""ופחת"": [""ופחת""], ""ממעשרותיו"": [""ממעשרותיו""], ""ממעשרותיה"": [""ממעשרותיה""], ""מאן"": [""מאן""], ""פחיתון"": [""פחיתון""], ""לארעא"": [""לארעא""], ""רוחך"": [""רוחך""], ""דההוא"": [""דההוא""], ""ופוחת"": [""ופוחת""], ""ופחתה"": [""ופחתה""], ""לאריסייה"": [""לאריסייה""], ""ופוחתת"": [""ופוחתת""], ""ליורש"": [""ליורש""], ""ליורשו"": [""ליורשו""], ""לאריסייהו"": [""לאריסייהו""], ""מאהן"": [""מאהן""], ""מעשרוון"": [""מעשרוון""], ""ופחתהו"": [""ופחתהו""], ""ממעשרותיהו"": [""ממעשרותיהו""], ""אינישא"": [""אינישא""], ""לאריסייהוון"": [""לאריסייהוון""]}",עשרה,0.112968,לה,0.039077,ומי,0.023987,ר,0.021581,ליה,0.02097,בה,0.020917,מעשר,0.017402,אר,0.014602,לי,0.014376,עין,0.013492,להון,0.013462,מאה,0.012564,מעשרות,0.011592,ארבע,0.011513,דכת,0.007839,מעשרותיו,0.006208,פחת,0.005329,פחית,0.003966,ארבעה,0.003802,בהון,0.001797,מינה,0.001561,רוח,0.001487,דהו,0.001366,מעשרו,0.001251,דהוון,0.001187,ממעשר,0.001181,איניש,0.000621,פחתך,0.000406,אינון,0.000383,ופחת,0.000345,ממעשרותיו,0.000308,ממעשרותיה,0.000281,מאן,0.000278,פחיתון,0.000262,לארעא,0.000214,רוחך,0.000192,דההוא,0.000188,ופוחת,0.000147,ופחתה,0.000123,לאריסייה,0.0001,ופוחתת,4.8e-05,ליורש,1.6e-05,ליורשו,8e-06,לאריסייהו,6e-06,מאהן,3e-06,מעשרוון,1e-06,ופחתהו,0.0,ממעשרותיהו,0.0,אינישא,0.0,לאריסייהוון,0.0,VERB,False,לה,לה,True,True,False,True,True,True,False,,,,False,False
Midrash_Aggadic_Midrash_Pesikta_DRav_Kahanna__10_1,pesikta_drk,351,שנה,10.0371,0.9197,0.8778,0.2344,50,-1,False,"{""עין"": 1, ""דכת"": 1, ""ר"": 1, ""מעשרות"": 1, ""מעשרותיה"": 1, ""ומי"": 1, ""מעשר"": 1, ""דהו"": 1, ""עיניה"": 1, ""רבי"": 1, ""פתר"": 1, ""דהוון"": 1, ""עינא"": 1, ""פחית"": 1, ""ממעשרות"": 1, ""אמי"": 1, ""ממעשרותיה"": 1, ""אבא"": 1, ""מידי"": 1, ""ממעשר"": 1, ""וגו"": 1, ""מעשרין"": 1, ""דהא"": 1, ""פחיתו"": 1, ""פחיתה"": 1, ""ממעשרו"": 1, ""מעשרותיהו"": 1, ""וגוון"": 1, ""אמיי"": 1, ""רביי"": 1, ""עיניהו"": 1, ""אבאוי"": 1, ""ומיי"": 1, ""פחיתהו"": 1, ""ממעשרותיהו"": 1, ""אבאויי"": 1, ""עינאהתרגום"": 1, ""פחיתוון"": 1, ""רבייון"": 1, ""דהאוי"": 1, ""אמייון"": 1, ""מעשרותיהוון"": 1, ""ומיייתי"": 1, ""עינאהאם"": 1, ""דהאויי"": 1, ""פחיתהוון"": 1, ""ממעשרותיהוון"": 1, ""אבאוייון"": 1, ""ומיייתיין"": 1, ""דהאוייון"": 1}","{""עין"": [""עין""], ""דכת"": [""דכת""], ""ר"": [""ר""], ""מעשרות"": [""מעשרות""], ""מעשרותיה"": [""מעשרותיה""], ""ומי"": [""ומי""], ""מעשר"": [""מעשר""], ""דהו"": [""דהו""], ""עיניה"": [""עיניה""], ""רבי"": [""רבי""], ""פתר"": [""פתר""], ""דהוון"": [""דהוון""], ""עינא"": [""עינא""], ""פחית"": [""פחית""], ""ממעשרות"": [""ממעשרות""], ""אמי"": [""אמי""], ""ממעשרותיה"": [""ממעשרותיה""], ""אבא"": [""אבא""], ""מידי"": [""מידי""], ""ממעשר"": [""ממעשר""], ""וגו"": [""וגו""], ""מעשרין"": [""מעשרין""], ""דהא"": [""דהא""], ""פחיתו"": [""פחיתו""], ""פחיתה"": [""פחיתה""], ""ממעשרו"": [""ממעשרו""], ""מעשרותיהו"": [""מעשרותיהו""], ""וגוון"": [""וגוון""], ""אמיי"": [""אמיי""], ""רביי"": [""רביי""], ""עיניהו"": [""עיניהו""], ""אבאוי"": [""אבאוי""], ""ומיי"": [""ומיי""], ""פחיתהו"": [""פחיתהו""], ""ממעשרותיהו"": [""ממעשרותיהו""], ""אבאויי"": [""אבאויי""], ""עינאהתרגום"": [""עינאהתרגום""], ""פחיתוון"": [""פחיתוון""], ""רבייון"": [""רבייון""], ""דהאוי"": [""דהאוי""], ""אמייון"": [""אמייון""], ""מעשרותיהוון"": [""מעשרותיהוון""], ""ומיייתי"": [""ומיייתי""], ""עינאהאם"": [""עינאהאם""], ""דהאויי"": [""דהאויי""], ""פחיתהוון"": [""פחיתהוון""], ""ממעשרותיהוון"": [""ממעשרותיהוון""], ""אבאוייון"": [""אבאוייון""], ""ומיייתיין"": [""ומיייתיין""], ""דהאוייון"": [""דהאוייון""]}",עין,0.046968,דכת,0.036921,ר,0.033552,מעשרות,0.027704,מעשרותיה,0.019053,ומי,0.015286,מעשר,0.007693,דהו,0.004595,עיניה,0.004578,רבי,0.004547,פתר,0.004449,דהוון,0.004307,עינא,0.004168,פחית,0.003972,ממעשרות,0.00357,אמי,0.002744,ממעשרותיה,0.002488,אבא,0.002205,מידי,0.002152,ממעשר,0.001253,וגו,0.000993,מעשרין,0.00043,דהא,0.000218,פחיתו,0.0002,פחיתה,0.000192,ממעשרו,7.8e-05,מעשרותיהו,2.2e-05,וגוון,1.8e-05,אמיי,1.3e-05,רביי,1.2e-05,עיניהו,1e-05,אבאוי,1e-05,ומיי,4e-06,פחיתהו,3e-06,ממעשרותיהו,1e-06,אבאויי,1e-06,עינאהתרגום,1e-06,פחיתוון,0.0,רבייון,0.0,דהאוי,0.0,אמייון,0.0,מעשרותיהוון,0.0,ומיייתי,0.0,עינאהאם,0.0,דהאויי,0.0,פחיתהוון,0.0,ממעשרותיהוון,0.0,אבאוייון,0.0,ומיייתיין,0.0,דהאוייון,0.0,VERB,True,שנה,שנה,True,False,True,True,True,True,True,43.0,2.0,41.0,False,True
Midrash_Aggadic_Midrash_Pesikta_DRav_Kahanna__10_1,pesikta_drk,352,מן,8.2641,0.9082,0.8184,0.3822,50,-1,False,"{""ראשונה"": 1, ""דכת"": 1, ""אחר"": 1, ""א"": 1, ""פתר"": 1, ""ר"": 1, ""אחת"": 1, ""שנאמר"": 1, ""ומי"": 1, ""שניה"": 1, ""שנאמרו"": 1, ""ועשר"": 1, ""דהו"": 1, ""דהוון"": 1, ""רבי"": 1, ""אמ"": 1, ""ראשנה"": 1, ""ממעשרות"": 1, ""פליג"": 1, ""ממעשרותיה"": 1, ""אחרונה"": 1, ""ממעשר"": 1, ""פליגא"": 1, ""ועשרין"": 1, ""פתרו"": 1, ""דהא"": 1, ""אמימר"": 1, ""ממעשרו"": 1, ""שניהו"": 1, ""ראשנהו"": 1, ""אחתא"": 1, ""ומיי"": 1, ""רביי"": 1, ""אמימרה"": 1, ""פתרויה"": 1, ""אחתאלא"": 1, ""דהאילן"": 1, ""אמימריה"": 1, ""שניהוון"": 1, ""דהאילו"": 1, ""פתרויהו"": 1, ""רבייון"": 1, ""ומיייתי"": 1, ""אחתאלאכל"": 1, ""אמימרהו"": 1, ""אמימריהו"": 1, ""דהאילוון"": 1, ""אמימרהוון"": 1, ""ומיייתיין"": 1, ""אמימריהוון"": 1}","{""ראשונה"": [""ראשונה""], ""דכת"": [""דכת""], ""אחר"": [""אחר""], ""א"": [""א""], ""פתר"": [""פתר""], ""ר"": [""ר""], ""אחת"": [""אחת""], ""שנאמר"": [""שנאמר""], ""ומי"": [""ומי""], ""שניה"": [""שניה""], ""שנאמרו"": [""שנאמרו""], ""ועשר"": [""ועשר""], ""דהו"": [""דהו""], ""דהוון"": [""דהוון""], ""רבי"": [""רבי""], ""אמ"": [""אמ""], ""ראשנה"": [""ראשנה""], ""ממעשרות"": [""ממעשרות""], ""פליג"": [""פליג""], ""ממעשרותיה"": [""ממעשרותיה""], ""אחרונה"": [""אחרונה""], ""ממעשר"": [""ממעשר""], ""פליגא"": [""פליגא""], ""ועשרין"": [""ועשרין""], ""פתרו"": [""פתרו""], ""דהא"": [""דהא""], ""אמימר"": [""אמימר""], ""ממעשרו"": [""ממעשרו""], ""שניהו"": [""שניהו""], ""ראשנהו"": [""ראשנהו""], ""אחתא"": [""אחתא""], ""ומיי"": [""ומיי""], ""רביי"": [""רביי""], ""אמימרה"": [""אמימרה""], ""פתרויה"": [""פתרויה""], ""אחתאלא"": [""אחתאלא""], ""דהאילן"": [""דהאילן""], ""אמימריה"": [""אמימריה""], ""שניהוון"": [""שניהוון""], ""דהאילו"": [""דהאילו""], ""פתרויהו"": [""פתרויהו""], ""רבייון"": [""רבייון""], ""ומיייתי"": [""ומיייתי""], ""אחתאלאכל"": [""אחתאלאכל""], ""אמימרהו"": [""אמימרהו""], ""אמימריהו"": [""אמימריהו""], ""דהאילוון"": [""דהאילוון""], ""אמימרהוון"": [""אמימרהוון""], ""ומיייתיין"": [""ומיייתיין""], ""אמימריהוון"": [""אמימריהוון""]}",ראשונה,0.188553,דכת,0.033798,אחר,0.025188,א,0.020882,פתר,0.019918,ר,0.019312,אחת,0.017861,שנאמר,0.015605,ומי,0.00907,שניה,0.005478,שנאמרו,0.004598,ועשר,0.003285,דהו,0.002839,דהוון,0.002584,רבי,0.002287,אמ,0.001926,ראשנה,0.001557,ממעשרות,0.001529,פליג,0.001403,ממעשרותיה,0.001042,אחרונה,0.0007,ממעשר,0.000679,פליגא,0.000591,ועשרין,0.000579,פתרו,0.000307,דהא,0.000268,אמימר,0.000195,ממעשרו,6.7e-05,שניהו,1.4e-05,ראשנהו,1.3e-05,אחתא,1.2e-05,ומיי,4e-06,רביי,4e-06,אמימרה,1e-06,פתרויה,1e-06,אחתאלא,1e-06,דהאילן,0.0,אמימריה,0.0,שניהוון,0.0,דהאילו,0.0,פתרויהו,0.0,רבייון,0.0,ומיייתי,0.0,אחתאלאכל,0.0,אמימרהו,0.0,אמימריהו,0.0,דהאילוון,0.0,אמימרהוון,0.0,ומיייתיין,0.0,אמימריהוון,0.0,VERB,False,מן,מן,True,True,False,True,True,True,False,,,,False,False
Midrash_Aggadic_Midrash_Pesikta_DRav_Kahanna__10_1,pesikta_drk,353,שנה,2.885,0.6124,0.0,0.4214,50,1,True,"{""שנה"": 1, ""מעשרות"": 1, ""מעשרותיה"": 1, ""מעשר"": 1, ""העולם"": 1, ""המעשרות"": 1, ""המעשר"": 1, ""עשר"": 1, ""שדה"": 1, ""תלת"": 1, ""פחית"": 1, ""שנות"": 1, ""יומא"": 1, ""דכת"": 1, ""עשרון"": 1, ""ימי"": 1, ""דא"": 1, ""מעשרו"": 1, ""תלתין"": 1, ""הקרן"": 1, ""יומוי"": 1, ""המעות"": 1, ""עשרה"": 1, ""מזונות"": 1, ""שנותיה"": 1, ""מזונותיה"": 1, ""שדהו"": 1, ""מזון"": 1, ""תרומה"": 1, ""הילך"": 1, ""פלניא"": 1, ""הילוד"": 1, ""שנהון"": 1, ""פחיתו"": 1, ""המעשרותי"": 1, ""דאילו"": 1, ""המעשרו"": 1, ""יומויי"": 1, ""דכתיב"": 1, ""הילודים"": 1, ""דאילין"": 1, ""המעותי"": 1, ""שנותיהו"": 1, ""פחיתוון"": 1, ""המעשרוון"": 1, ""פלניאו"": 1, ""יומוייון"": 1, ""המעותיון"": 1, ""דאילוון"": 1, ""פלניאוון"": 1}","{""שנה"": [""שנה""], ""מעשרות"": [""מעשרות""], ""מעשרותיה"": [""מעשרותיה""], ""מעשר"": [""מעשר""], ""העולם"": [""העולם""], ""המעשרות"": [""המעשרות""], ""המעשר"": [""המעשר""], ""עשר"": [""עשר""], ""שדה"": [""שדה""], ""תלת"": [""תלת""], ""פחית"": [""פחית""], ""שנות"": [""שנות""], ""יומא"": [""יומא""], ""דכת"": [""דכת""], ""עשרון"": [""עשרון""], ""ימי"": [""ימי""], ""דא"": [""דא""], ""מעשרו"": [""מעשרו""], ""תלתין"": [""תלתין""], ""הקרן"": [""הקרן""], ""יומוי"": [""יומוי""], ""המעות"": [""המעות""], ""עשרה"": [""עשרה""], ""מזונות"": [""מזונות""], ""שנותיה"": [""שנותיה""], ""מזונותיה"": [""מזונותיה""], ""שדהו"": [""שדהו""], ""מזון"": [""מזון""], ""תרומה"": [""תרומה""], ""הילך"": [""הילך""], ""פלניא"": [""פלניא""], ""הילוד"": [""הילוד""], ""שנהון"": [""שנהון""], ""פחיתו"": [""פחיתו""], ""המעשרותי"": [""המעשרותי""], ""דאילו"": [""דאילו""], ""המעשרו"": [""המעשרו""], ""יומויי"": [""יומויי""], ""דכתיב"": [""דכתיב""], ""הילודים"": [""הילודים""], ""דאילין"": [""דאילין""], ""המעותי"": [""המעותי""], ""שנותיהו"": [""שנותיהו""], ""פחיתוון"": [""פחיתוון""], ""המעשרוון"": [""המעשרוון""], ""פלניאו"": [""פלניאו""], ""יומוייון"": [""יומוייון""], ""המעותיון"": [""המעותיון""], ""דאילוון"": [""דאילוון""], ""פלניאוון"": [""פלניאוון""]}",שנה,0.135368,מעשרות,0.084287,מעשרותיה,0.062142,מעשר,0.030054,העולם,0.020438,המעשרות,0.015211,המעשר,0.013405,עשר,0.010339,שדה,0.008116,תלת,0.005691,פחית,0.003771,שנות,0.003546,יומא,0.003112,דכת,0.00286,עשרון,0.00254,ימי,0.002332,דא,0.002092,מעשרו,0.00207,תלתין,0.001824,הקרן,0.001631,יומוי,0.001447,המעות,0.001327,עשרה,0.001294,מזונות,0.001216,שנותיה,0.001019,מזונותיה,0.00087,שדהו,0.000805,מזון,0.000761,תרומה,0.000351,הילך,0.000313,פלניא,0.000256,הילוד,0.000212,שנהון,0.000204,פחיתו,0.000172,המעשרותי,0.000102,דאילו,8.2e-05,המעשרו,5e-05,יומויי,4.7e-05,דכתיב,3e-05,הילודים,2.3e-05,דאילין,1.4e-05,המעותי,3e-06,שנותיהו,2e-06,פחיתוון,0.0,המעשרוון,0.0,פלניאו,0.0,יומוייון,0.0,המעותיון,0.0,דאילוון,0.0,פלניאוון,0.0,VERB,True,שנה,שנה,True,False,True,True,True,True,True,63.0,61.0,2.0,False,True
Midrash_Aggadic_Midrash_Pesikta_DRav_Kahanna__10_1,pesikta_drk,354,שנה,5.7965,0.8418,0.0,0.2073,50,6,True,"{""דכת"": 1, ""ר"": 1, ""מן"": 1, ""ומי"": 1, ""פתר"": 1, ""שנה"": 1, ""עד"": 1, ""פחית"": 1, ""דהו"": 1, ""דהוון"": 1, ""רבי"": 1, ""ואמר"": 1, ""והא"": 1, ""ופחת"": 1, ""מאי"": 1, ""והרי"": 1, ""ופחתה"": 1, ""אמ"": 1, ""ואנן"": 1, ""מני"": 1, ""ופוחת"": 1, ""מניין"": 1, ""דהא"": 1, ""פחיתו"": 1, ""פתרו"": 1, ""אימא"": 1, ""ואמרין"": 1, ""עדין"": 1, ""ופוחתת"": 1, ""שנהיה"": 1, ""והאילן"": 1, ""והאילו"": 1, ""רביי"": 1, ""אמר"": 1, ""ופחתהו"": 1, ""והריון"": 1, ""אימאוי"": 1, ""דהאילן"": 1, ""שנהיהו"": 1, ""והאילוון"": 1, ""פתרות"": 1, ""רבייון"": 1, ""דהאילו"": 1, ""ופוחתתנו"": 1, ""אימאויי"": 1, ""פתרון"": 1, ""שנהיהוון"": 1, ""דהאילוון"": 1, ""ופוחתתנוון"": 1, ""אימאוייוי"": 1}","{""דכת"": [""דכת""], ""ר"": [""ר""], ""מן"": [""מן""], ""ומי"": [""ומי""], ""פתר"": [""פתר""], ""שנה"": [""שנה""], ""עד"": [""עד""], ""פחית"": [""פחית""], ""דהו"": [""דהו""], ""דהוון"": [""דהוון""], ""רבי"": [""רבי""], ""ואמר"": [""ואמר""], ""והא"": [""והא""], ""ופחת"": [""ופחת""], ""מאי"": [""מאי""], ""והרי"": [""והרי""], ""ופחתה"": [""ופחתה""], ""אמ"": [""אמ""], ""ואנן"": [""ואנן""], ""מני"": [""מני""], ""ופוחת"": [""ופוחת""], ""מניין"": [""מניין""], ""דהא"": [""דהא""], ""פחיתו"": [""פחיתו""], ""פתרו"": [""פתרו""], ""אימא"": [""אימא""], ""ואמרין"": [""ואמרין""], ""עדין"": [""עדין""], ""ופוחתת"": [""ופוחתת""], ""שנהיה"": [""שנהיה""], ""והאילן"": [""והאילן""], ""והאילו"": [""והאילו""], ""רביי"": [""רביי""], ""אמר"": [""אמר""], ""ופחתהו"": [""ופחתהו""], ""והריון"": [""והריון""], ""אימאוי"": [""אימאוי""], ""דהאילן"": [""דהאילן""], ""שנהיהו"": [""שנהיהו""], ""והאילוון"": [""והאילוון""], ""פתרות"": [""פתרות""], ""רבייון"": [""רבייון""], ""דהאילו"": [""דהאילו""], ""ופוחתתנו"": [""ופוחתתנו""], ""אימאויי"": [""אימאויי""], ""פתרון"": [""פתרון""], ""שנהיהוון"": [""שנהיהוון""], ""דהאילוון"": [""דהאילוון""], ""ופוחתתנוון"": [""ופוחתתנוון""], ""אימאוייוי"": [""אימאוייוי""]}",דכת,0.035528,ר,0.024979,מן,0.024592,ומי,0.020754,פתר,0.020102,שנה,0.017992,עד,0.017713,פחית,0.008886,דהו,0.005024,דהוון,0.004736,רבי,0.004636,ואמר,0.004589,והא,0.002832,ופחת,0.00268,מאי,0.002419,והרי,0.001829,ופחתה,0.001577,אמ,0.00124,ואנן,0.001197,מני,0.001024,ופוחת,0.000504,מניין,0.000503,דהא,0.000482,פחיתו,0.000437,פתרו,0.000283,אימא,0.000269,ואמרין,0.000149,עדין,0.00011,ופוחתת,0.000102,שנהיה,4.7e-05,והאילן,4.3e-05,והאילו,1.9e-05,רביי,8e-06,אמר,5e-06,ופחתהו,4e-06,והריון,1e-06,אימאוי,0.0,דהאילן,0.0,שנהיהו,0.0,והאילוון,0.0,פתרות,0.0,רבייון,0.0,דהאילו,0.0,ופוחתתנו,0.0,אימאויי,0.0,פתרון,0.0,שנהיהוון,0.0,דהאילוון,0.0,ופוחתתנוון,0.0,אימאוייוי,0.0,VERB,True,שנה,שנה,True,False,True,True,True,True,True,57.0,39.0,18.0,False,True
Midrash_Aggadic_Midrash_Pesikta_DRav_Kahanna__10_1,pesikta_drk,355,עילוי,19.3935,0.8712,0.5465,0.3501,50,-1,False,"{""מן"": 1, ""שנה"": 1, ""פחית"": 1, ""ראשונה"": 1, ""פחת"": 1, ""אחת"": 1, ""א"": 1, ""דכת"": 1, ""עשר"": 1, ""מעשר"": 1, ""פחתה"": 1, ""שניה"": 1, ""ועשר"": 1, ""שנאמר"": 1, ""ומי"": 1, ""מאי"": 1, ""עשרון"": 1, ""פחיתו"": 1, ""דהו"": 1, ""שנאמרו"": 1, ""דהוון"": 1, ""עשרה"": 1, ""אמ"": 1, ""מתחילה"": 1, ""מעשרות"": 1, ""מעשרין"": 1, ""שבע"": 1, ""ועשרים"": 1, ""מתחלה"": 1, ""שפחת"": 1, ""ראשנה"": 1, ""שפחתה"": 1, ""שפחה"": 1, ""דהא"": 1, ""שנהון"": 1, ""פחתהו"": 1, ""שניהו"": 1, ""ומיום"": 1, ""אמר"": 1, ""פחיתוון"": 1, ""ראשנהו"": 1, ""שפחתהו"": 1, ""שניהוון"": 1, ""שפחהו"": 1, ""דהאילן"": 1, ""דהאילו"": 1, ""אמרשמעון"": 1, ""אמרשב"": 1, ""שפחהוון"": 1, ""דהאילוון"": 1}","{""מן"": [""מן""], ""שנה"": [""שנה""], ""פחית"": [""פחית""], ""ראשונה"": [""ראשונה""], ""פחת"": [""פחת""], ""אחת"": [""אחת""], ""א"": [""א""], ""דכת"": [""דכת""], ""עשר"": [""עשר""], ""מעשר"": [""מעשר""], ""פחתה"": [""פחתה""], ""שניה"": [""שניה""], ""ועשר"": [""ועשר""], ""שנאמר"": [""שנאמר""], ""ומי"": [""ומי""], ""מאי"": [""מאי""], ""עשרון"": [""עשרון""], ""פחיתו"": [""פחיתו""], ""דהו"": [""דהו""], ""שנאמרו"": [""שנאמרו""], ""דהוון"": [""דהוון""], ""עשרה"": [""עשרה""], ""אמ"": [""אמ""], ""מתחילה"": [""מתחילה""], ""מעשרות"": [""מעשרות""], ""מעשרין"": [""מעשרין""], ""שבע"": [""שבע""], ""ועשרים"": [""ועשרים""], ""מתחלה"": [""מתחלה""], ""שפחת"": [""שפחת""], ""ראשנה"": [""ראשנה""], ""שפחתה"": [""שפחתה""], ""שפחה"": [""שפחה""], ""דהא"": [""דהא""], ""שנהון"": [""שנהון""], ""פחתהו"": [""פחתהו""], ""שניהו"": [""שניהו""], ""ומיום"": [""ומיום""], ""אמר"": [""אמר""], ""פחיתוון"": [""פחיתוון""], ""ראשנהו"": [""ראשנהו""], ""שפחתהו"": [""שפחתהו""], ""שניהוון"": [""שניהוון""], ""שפחהו"": [""שפחהו""], ""דהאילן"": [""דהאילן""], ""דהאילו"": [""דהאילו""], ""אמרשמעון"": [""אמרשמעון""], ""אמרשב"": [""אמרשב""], ""שפחהוון"": [""שפחהוון""], ""דהאילוון"": [""דהאילוון""]}",מן,0.155403,שנה,0.029199,פחית,0.024258,ראשונה,0.020272,פחת,0.016792,אחת,0.015629,א,0.013793,דכת,0.011641,עשר,0.009542,מעשר,0.008636,פחתה,0.007847,שניה,0.004705,ועשר,0.004461,שנאמר,0.00442,ומי,0.004191,מאי,0.003512,עשרון,0.002255,פחיתו,0.001513,דהו,0.001353,שנאמרו,0.001282,דהוון,0.001261,עשרה,0.001022,אמ,0.000965,מתחילה,0.000897,מעשרות,0.000855,מעשרין,0.000812,שבע,0.000774,ועשרים,0.00077,מתחלה,0.000767,שפחת,0.000514,ראשנה,0.000215,שפחתה,0.000204,שפחה,0.000122,דהא,0.000108,שנהון,4.9e-05,פחתהו,3.6e-05,שניהו,3.5e-05,ומיום,4e-06,אמר,3e-06,פחיתוון,2e-06,ראשנהו,1e-06,שפחתהו,1e-06,שניהוון,0.0,שפחהו,0.0,דהאילן,0.0,דהאילו,0.0,אמרשמעון,0.0,אמרשב,0.0,שפחהוון,0.0,דהאילוון,0.0,VERB,True,עילוי,עילוי,True,False,True,True,True,True,True,12.0,20.0,-8.0,True,False
Midrash_Aggadic_Midrash_Pesikta_DRav_Kahanna__10_1,pesikta_drk,356,עדנה,15.3762,0.8645,0.7857,0.1811,50,-1,False,"{""שנה"": 1, ""לה"": 1, ""ר"": 1, ""דכת"": 1, ""פתר"": 1, ""עילוי"": 1, ""דא"": 1, ""ליה"": 1, ""פחית"": 1, ""עלי"": 1, ""קרייה"": 1, ""ופחת"": 1, ""רבי"": 1, ""מאי"": 1, ""להון"": 1, ""עלייה"": 1, ""קינטרין"": 1, ""אינון"": 1, ""ליהוי"": 1, ""ופיחת"": 1, ""מזון"": 1, ""פחיתו"": 1, ""מזליה"": 1, ""לארעא"": 1, ""שנהון"": 1, ""דכתיב"": 1, ""עלייהו"": 1, ""פתרו"": 1, ""דאילו"": 1, ""ופחתה"": 1, ""אמך"": 1, ""עילויי"": 1, ""לארעיה"": 1, ""קרייהו"": 1, ""מזליהון"": 1, ""דאילין"": 1, ""ופיחתיה"": 1, ""רביי"": 1, ""פתרויה"": 1, ""ופחתהו"": 1, ""פחיתוון"": 1, ""לארעיהו"": 1, ""עילוייון"": 1, ""עלייהוון"": 1, ""ופיחתיהו"": 1, ""פתרויהו"": 1, ""רבייון"": 1, ""דאילוון"": 1, ""קרייהוון"": 1, ""ופיחתיהוון"": 1}","{""שנה"": [""שנה""], ""לה"": [""לה""], ""ר"": [""ר""], ""דכת"": [""דכת""], ""פתר"": [""פתר""], ""עילוי"": [""עילוי""], ""דא"": [""דא""], ""ליה"": [""ליה""], ""פחית"": [""פחית""], ""עלי"": [""עלי""], ""קרייה"": [""קרייה""], ""ופחת"": [""ופחת""], ""רבי"": [""רבי""], ""מאי"": [""מאי""], ""להון"": [""להון""], ""עלייה"": [""עלייה""], ""קינטרין"": [""קינטרין""], ""אינון"": [""אינון""], ""ליהוי"": [""ליהוי""], ""ופיחת"": [""ופיחת""], ""מזון"": [""מזון""], ""פחיתו"": [""פחיתו""], ""מזליה"": [""מזליה""], ""לארעא"": [""לארעא""], ""שנהון"": [""שנהון""], ""דכתיב"": [""דכתיב""], ""עלייהו"": [""עלייהו""], ""פתרו"": [""פתרו""], ""דאילו"": [""דאילו""], ""ופחתה"": [""ופחתה""], ""אמך"": [""אמך""], ""עילויי"": [""עילויי""], ""לארעיה"": [""לארעיה""], ""קרייהו"": [""קרייהו""], ""מזליהון"": [""מזליהון""], ""דאילין"": [""דאילין""], ""ופיחתיה"": [""ופיחתיה""], ""רביי"": [""רביי""], ""פתרויה"": [""פתרויה""], ""ופחתהו"": [""ופחתהו""], ""פחיתוון"": [""פחיתוון""], ""לארעיהו"": [""לארעיהו""], ""עילוייון"": [""עילוייון""], ""עלייהוון"": [""עלייהוון""], ""ופיחתיהו"": [""ופיחתיהו""], ""פתרויהו"": [""פתרויהו""], ""רבייון"": [""רבייון""], ""דאילוון"": [""דאילוון""], ""קרייהוון"": [""קרייהוון""], ""ופיחתיהוון"": [""ופיחתיהוון""]}",שנה,0.048929,לה,0.04455,ר,0.018864,דכת,0.017601,פתר,0.013084,עילוי,0.005946,דא,0.005714,ליה,0.005069,פחית,0.004531,עלי,0.003622,קרייה,0.001684,ופחת,0.001613,רבי,0.00156,מאי,0.00153,להון,0.001173,עלייה,0.000896,קינטרין,0.000838,אינון,0.000813,ליהוי,0.000354,ופיחת,0.000352,מזון,0.000263,פחיתו,0.000257,מזליה,0.000232,לארעא,0.000215,שנהון,0.000203,דכתיב,0.0002,עלייהו,0.000183,פתרו,0.000175,דאילו,0.000169,ופחתה,0.000139,אמך,0.000113,עילויי,9.1e-05,לארעיה,7.7e-05,קרייהו,3.4e-05,מזליהון,3e-05,דאילין,2.4e-05,ופיחתיה,1e-05,רביי,5e-06,פתרויה,1e-06,ופחתהו,1e-06,פחיתוון,1e-06,לארעיהו,0.0,עילוייון,0.0,עלייהוון,0.0,ופיחתיהו,0.0,פתרויהו,0.0,רבייון,0.0,דאילוון,0.0,קרייהוון,0.0,ופיחתיהוון,0.0,NUM,True,עדנה,עדנה,False,False,False,True,True,True,False,,,,False,False
Midrash_Aggadic_Midrash_Pesikta_DRav_Kahanna__10_1,pesikta_drk,357,לפיכך,13.2703,0.8737,0.5194,0.3007,50,-1,False,"{""שנה"": 1, ""פתר"": 1, ""דכת"": 1, ""אמר"": 1, ""ר"": 1, ""א"": 1, ""עד"": 1, ""אר"": 1, ""ומי"": 1, ""אמרו"": 1, ""עדנה"": 1, ""פחית"": 1, ""רבי"": 1, ""הוי"": 1, ""דהו"": 1, ""דהוון"": 1, ""מאי"": 1, ""הוה"": 1, ""ארבע"": 1, ""והיה"": 1, ""והא"": 1, ""אמ"": 1, ""פתרו"": 1, ""דכתיב"": 1, ""פחיתו"": 1, ""ארבעה"": 1, ""ותת"": 1, ""שנהו"": 1, ""מיתיב"": 1, ""והאידנא"": 1, ""מיתן"": 1, ""הויי"": 1, ""מיתיבי"": 1, ""ותנינא"": 1, ""ותנינן"": 1, ""עדנהו"": 1, ""ותניא"": 1, ""שנהוון"": 1, ""רביי"": 1, ""הוהו"": 1, ""והאידך"": 1, ""והיהוד"": 1, ""דכתיבא"": 1, ""פתרוון"": 1, ""פחיתוון"": 1, ""עדנהוון"": 1, ""רבייון"": 1, ""מיתיביון"": 1, ""אמרשמעון"": 1, ""אמרשב"": 1}","{""שנה"": [""שנה""], ""פתר"": [""פתר""], ""דכת"": [""דכת""], ""אמר"": [""אמר""], ""ר"": [""ר""], ""א"": [""א""], ""עד"": [""עד""], ""אר"": [""אר""], ""ומי"": [""ומי""], ""אמרו"": [""אמרו""], ""עדנה"": [""עדנה""], ""פחית"": [""פחית""], ""רבי"": [""רבי""], ""הוי"": [""הוי""], ""דהו"": [""דהו""], ""דהוון"": [""דהוון""], ""מאי"": [""מאי""], ""הוה"": [""הוה""], ""ארבע"": [""ארבע""], ""והיה"": [""והיה""], ""והא"": [""והא""], ""אמ"": [""אמ""], ""פתרו"": [""פתרו""], ""דכתיב"": [""דכתיב""], ""פחיתו"": [""פחיתו""], ""ארבעה"": [""ארבעה""], ""ותת"": [""ותת""], ""שנהו"": [""שנהו""], ""מיתיב"": [""מיתיב""], ""והאידנא"": [""והאידנא""], ""מיתן"": [""מיתן""], ""הויי"": [""הויי""], ""מיתיבי"": [""מיתיבי""], ""ותנינא"": [""ותנינא""], ""ותנינן"": [""ותנינן""], ""עדנהו"": [""עדנהו""], ""ותניא"": [""ותניא""], ""שנהוון"": [""שנהוון""], ""רביי"": [""רביי""], ""הוהו"": [""הוהו""], ""והאידך"": [""והאידך""], ""והיהוד"": [""והיהוד""], ""דכתיבא"": [""דכתיבא""], ""פתרוון"": [""פתרוון""], ""פחיתוון"": [""פחיתוון""], ""עדנהוון"": [""עדנהוון""], ""רבייון"": [""רבייון""], ""מיתיביון"": [""מיתיביון""], ""אמרשמעון"": [""אמרשמעון""], ""אמרשב"": [""אמרשב""]}",שנה,0.043239,פתר,0.038218,דכת,0.03013,אמר,0.029257,ר,0.027917,א,0.027058,עד,0.024637,אר,0.023879,ומי,0.010237,אמרו,0.009024,עדנה,0.005107,פחית,0.004746,רבי,0.003713,הוי,0.003707,דהו,0.002745,דהוון,0.002525,מאי,0.002483,הוה,0.002248,ארבע,0.002196,והיה,0.002104,והא,0.002008,אמ,0.001511,פתרו,0.000514,דכתיב,0.000489,פחיתו,0.000288,ארבעה,0.000219,ותת,0.000127,שנהו,0.000103,מיתיב,6.4e-05,והאידנא,4.6e-05,מיתן,3.9e-05,הויי,3e-05,מיתיבי,2.8e-05,ותנינא,2.7e-05,ותנינן,1.6e-05,עדנהו,1.6e-05,ותניא,1.6e-05,שנהוון,8e-06,רביי,7e-06,הוהו,4e-06,והאידך,3e-06,והיהוד,2e-06,דכתיבא,2e-06,פתרוון,1e-06,פחיתוון,0.0,עדנהוון,0.0,רבייון,0.0,מיתיביון,0.0,אמרשמעון,0.0,אמרשב,0.0,ADP,True,לפיכך,לפיכך,False,True,False,True,True,True,False,,,,False,False
Midrash_Aggadic_Midrash_Pesikta_DRav_Kahanna__10_1,pesikta_drk,358,משה,10.6806,0.9019,0.8497,0.3057,50,-1,False,"{""לא"": 1, ""אין"": 1, ""אמר"": 1, ""היה"": 1, ""כל"": 1, ""אם"": 1, ""אמרו"": 1, ""צריך"": 1, ""אתה"": 1, ""פחת"": 1, ""עשה"": 1, ""הוצר"": 1, ""הוצרך"": 1, ""נקרא"": 1, ""פחתה"": 1, ""פוחת"": 1, ""הוציא"": 1, ""מותר"": 1, ""עשו"": 1, ""נידוה"": 1, ""תן"": 1, ""מוציא"": 1, ""נידוהו"": 1, ""תתן"": 1, ""ירד"": 1, ""נידווה"": 1, ""הוציאו"": 1, ""פוחתת"": 1, ""מותרת"": 1, ""מוציאין"": 1, ""ירדנו"": 1, ""יתננה"": 1, ""עשויה"": 1, ""יתננו"": 1, ""נידווהו"": 1, ""כלתה"": 1, ""היהודים"": 1, ""פחתהו"": 1, ""יתננהו"": 1, ""אתהל"": 1, ""היהודית"": 1, ""פוחתתנו"": 1, ""כלתהו"": 1, ""אתהלך"": 1, ""עשויהו"": 1, ""יתננוו"": 1, ""היהודיתו"": 1, ""יתננווון"": 1, ""עשויהוון"": 1, ""היהודיתוון"": 1}","{""לא"": [""לא""], ""אין"": [""אין""], ""אמר"": [""אמר""], ""היה"": [""היה""], ""כל"": [""כל""], ""אם"": [""אם""], ""אמרו"": [""אמרו""], ""צריך"": [""צריך""], ""אתה"": [""אתה""], ""פחת"": [""פחת""], ""עשה"": [""עשה""], ""הוצר"": [""הוצר""], ""הוצרך"": [""הוצרך""], ""נקרא"": [""נקרא""], ""פחתה"": [""פחתה""], ""פוחת"": [""פוחת""], ""הוציא"": [""הוציא""], ""מותר"": [""מותר""], ""עשו"": [""עשו""], ""נידוה"": [""נידוה""], ""תן"": [""תן""], ""מוציא"": [""מוציא""], ""נידוהו"": [""נידוהו""], ""תתן"": [""תתן""], ""ירד"": [""ירד""], ""נידווה"": [""נידווה""], ""הוציאו"": [""הוציאו""], ""פוחתת"": [""פוחתת""], ""מותרת"": [""מותרת""], ""מוציאין"": [""מוציאין""], ""ירדנו"": [""ירדנו""], ""יתננה"": [""יתננה""], ""עשויה"": [""עשויה""], ""יתננו"": [""יתננו""], ""נידווהו"": [""נידווהו""], ""כלתה"": [""כלתה""], ""היהודים"": [""היהודים""], ""פחתהו"": [""פחתהו""], ""יתננהו"": [""יתננהו""], ""אתהל"": [""אתהל""], ""היהודית"": [""היהודית""], ""פוחתתנו"": [""פוחתתנו""], ""כלתהו"": [""כלתהו""], ""אתהלך"": [""אתהלך""], ""עשויהו"": [""עשויהו""], ""יתננוו"": [""יתננוו""], ""היהודיתו"": [""היהודיתו""], ""יתננווון"": [""יתננווון""], ""עשויהוון"": [""עשויהוון""], ""היהודיתוון"": [""היהודיתוון""]}",לא,0.05316,אין,0.048403,אמר,0.030767,היה,0.027579,כל,0.02359,אם,0.02359,אמרו,0.018497,צריך,0.016213,אתה,0.015714,פחת,0.005051,עשה,0.004933,הוצר,0.003436,הוצרך,0.003394,נקרא,0.003303,פחתה,0.003034,פוחת,0.002988,הוציא,0.002893,מותר,0.002674,עשו,0.002367,נידוה,0.002273,תן,0.002119,מוציא,0.001699,נידוהו,0.001447,תתן,0.001434,ירד,0.001277,נידווה,0.001236,הוציאו,0.00109,פוחתת,0.000482,מותרת,0.000351,מוציאין,0.000147,ירדנו,0.000124,יתננה,9.8e-05,עשויה,8.2e-05,יתננו,7e-05,נידווהו,4e-05,כלתה,3.8e-05,היהודים,3.6e-05,פחתהו,1.4e-05,יתננהו,1e-05,אתהל,1e-06,היהודית,1e-06,פוחתתנו,0.0,כלתהו,0.0,אתהלך,0.0,עשויהו,0.0,יתננוו,0.0,היהודיתו,0.0,יתננווון,0.0,עשויהוון,0.0,היהודיתוון,0.0,PRON,False,משה,משה,False,False,False,True,True,True,False,,,,False,False
Midrash_Aggadic_Midrash_Pesikta_DRav_Kahanna__10_1,pesikta_drk,359,מזהיר,12.1758,0.8994,0.8207,0.1278,50,-1,False,"{""היה"": 1, ""רב"": 1, ""פחית"": 1, ""קרא"": 1, ""קרב"": 1, ""עלה"": 1, ""ידו"": 1, ""שמע"": 1, ""מוציא"": 1, ""עבד"": 1, ""ביד"": 1, ""רבינו"": 1, ""הוציא"": 1, ""פחת"": 1, ""נטל"": 1, ""נגלה"": 1, ""מתחילה"": 1, ""הכניס"": 1, ""באה"": 1, ""ידוע"": 1, ""פחתה"": 1, ""שמעון"": 1, ""קרבן"": 1, ""פחיתו"": 1, ""ידעת"": 1, ""בידן"": 1, ""נגש"": 1, ""שאל"": 1, ""מתחלה"": 1, ""עבדו"": 1, ""הוציאו"": 1, ""באהרן"": 1, ""הכניסה"": 1, ""ידועה"": 1, ""קראתה"": 1, ""ידעתה"": 1, ""שאלת"": 1, ""היהו"": 1, ""עלהו"": 1, ""פחתהו"": 1, ""הכניסהו"": 1, ""נגשון"": 1, ""קראתהו"": 1, ""ידועהו"": 1, ""מתחילהו"": 1, ""ידעתהו"": 1, ""היהוון"": 1, ""עלהוון"": 1, ""ידעתהוון"": 1, ""ידועהוון"": 1}","{""היה"": [""היה""], ""רב"": [""רב""], ""פחית"": [""פחית""], ""קרא"": [""קרא""], ""קרב"": [""קרב""], ""עלה"": [""עלה""], ""ידו"": [""ידו""], ""שמע"": [""שמע""], ""מוציא"": [""מוציא""], ""עבד"": [""עבד""], ""ביד"": [""ביד""], ""רבינו"": [""רבינו""], ""הוציא"": [""הוציא""], ""פחת"": [""פחת""], ""נטל"": [""נטל""], ""נגלה"": [""נגלה""], ""מתחילה"": [""מתחילה""], ""הכניס"": [""הכניס""], ""באה"": [""באה""], ""ידוע"": [""ידוע""], ""פחתה"": [""פחתה""], ""שמעון"": [""שמעון""], ""קרבן"": [""קרבן""], ""פחיתו"": [""פחיתו""], ""ידעת"": [""ידעת""], ""בידן"": [""בידן""], ""נגש"": [""נגש""], ""שאל"": [""שאל""], ""מתחלה"": [""מתחלה""], ""עבדו"": [""עבדו""], ""הוציאו"": [""הוציאו""], ""באהרן"": [""באהרן""], ""הכניסה"": [""הכניסה""], ""ידועה"": [""ידועה""], ""קראתה"": [""קראתה""], ""ידעתה"": [""ידעתה""], ""שאלת"": [""שאלת""], ""היהו"": [""היהו""], ""עלהו"": [""עלהו""], ""פחתהו"": [""פחתהו""], ""הכניסהו"": [""הכניסהו""], ""נגשון"": [""נגשון""], ""קראתהו"": [""קראתהו""], ""ידועהו"": [""ידועהו""], ""מתחילהו"": [""מתחילהו""], ""ידעתהו"": [""ידעתהו""], ""היהוון"": [""היהוון""], ""עלהוון"": [""עלהוון""], ""ידעתהוון"": [""ידעתהוון""], ""ידועהוון"": [""ידועהוון""]}",היה,0.027669,רב,0.020562,פחית,0.007599,קרא,0.006775,קרב,0.006169,עלה,0.005133,ידו,0.004716,שמע,0.004528,מוציא,0.004469,עבד,0.004322,ביד,0.003755,רבינו,0.003499,הוציא,0.003442,פחת,0.003153,נטל,0.002509,נגלה,0.002017,מתחילה,0.00194,הכניס,0.001814,באה,0.00159,ידוע,0.001203,פחתה,0.001185,שמעון,0.001087,קרבן,0.000989,פחיתו,0.000955,ידעת,0.000908,בידן,0.000872,נגש,0.00079,שאל,0.000739,מתחלה,0.000736,עבדו,0.000668,הוציאו,0.000627,באהרן,0.00061,הכניסה,0.000261,ידועה,0.000208,קראתה,0.000161,ידעתה,7.4e-05,שאלת,2.4e-05,היהו,1.8e-05,עלהו,1.7e-05,פחתהו,1.1e-05,הכניסהו,9e-06,נגשון,4e-06,קראתהו,3e-06,ידועהו,1e-06,מתחילהו,1e-06,ידעתהו,1e-06,היהוון,0.0,עלהוון,0.0,ידעתהוון,0.0,ידועהוון,0.0,SYM,True,מזהיר,הזהיר,False,False,False,True,True,True,False,,,,False,False
Midrash_Aggadic_Midrash_Pesikta_DRav_Kahanna__10_1,pesikta_drk,360,את,1.466,0.3515,0.0,0.6515,35,1,True,"{""את"": 1, ""על"": 1, ""אותו"": 1, ""אותנו"": 1, ""לישראל"": 1, ""אותם"": 1, ""עליו"": 1, ""אותן"": 1, ""למשה"": 1, ""לאדם"": 1, ""במעשר"": 1, ""לאיש"": 1, ""עליה"": 1, ""וגו"": 1, ""במעשרות"": 1, ""ליהושע"": 1, ""ויאמר"": 1, ""אתו"": 1, ""למשהו"": 1, ""במעשרותיו"": 1, ""לאישים"": 1, ""וגוון"": 1, ""במעשרו"": 1, ""עליהון"": 1, ""ויאמרנו"": 1, ""אתוון"": 1, ""למשהוון"": 1, ""ליהושענו"": 1, ""במעשרוון"": 1, ""ויאמרנוו"": 1, ""ויאמרנוויה"": 1, ""ליהושענוו"": 1, ""ויאמרנוויהו"": 1, ""ליהושענווים"": 1, ""ויאמרנוויהויה"": 1}","{""את"": [""את""], ""על"": [""על""], ""אותו"": [""אותו""], ""אותנו"": [""אותנו""], ""לישראל"": [""לישראל""], ""אותם"": [""אותם""], ""עליו"": [""עליו""], ""אותן"": [""אותן""], ""למשה"": [""למשה""], ""לאדם"": [""לאדם""], ""במעשר"": [""במעשר""], ""לאיש"": [""לאיש""], ""עליה"": [""עליה""], ""וגו"": [""וגו""], ""במעשרות"": [""במעשרות""], ""ליהושע"": [""ליהושע""], ""ויאמר"": [""ויאמר""], ""אתו"": [""אתו""], ""למשהו"": [""למשהו""], ""במעשרותיו"": [""במעשרותיו""], ""לאישים"": [""לאישים""], ""וגוון"": [""וגוון""], ""במעשרו"": [""במעשרו""], ""עליהון"": [""עליהון""], ""ויאמרנו"": [""ויאמרנו""], ""אתוון"": [""אתוון""], ""למשהוון"": [""למשהוון""], ""ליהושענו"": [""ליהושענו""], ""במעשרוון"": [""במעשרוון""], ""ויאמרנוו"": [""ויאמרנוו""], ""ויאמרנוויה"": [""ויאמרנוויה""], ""ליהושענוו"": [""ליהושענוו""], ""ויאמרנוויהו"": [""ויאמרנוויהו""], ""ליהושענווים"": [""ליהושענווים""], ""ויאמרנוויהויה"": [""ויאמרנוויהויה""]}",את,0.361995,על,0.071281,אותו,0.059094,אותנו,0.046023,לישראל,0.035287,אותם,0.030182,עליו,0.013393,אותן,0.012006,למשה,0.006173,לאדם,0.005027,במעשר,0.00206,לאיש,0.001737,עליה,0.001557,וגו,0.001494,במעשרות,0.00131,ליהושע,0.001149,ויאמר,0.00071,אתו,0.000681,למשהו,0.000151,במעשרותיו,0.000105,לאישים,4.3e-05,וגוון,2.8e-05,במעשרו,2.6e-05,עליהון,1e-05,ויאמרנו,1e-06,אתוון,0.0,למשהוון,0.0,ליהושענו,0.0,במעשרוון,0.0,ויאמרנוו,0.0,ויאמרנוויה,0.0,ליהושענוו,0.0,ויאמרנוויהו,0.0,ליהושענווים,0.0,ויאמרנוויהויה,0.0,,,,,,,,,,,,,,,,,,,,,,,,,,,,,,,VERB,False,את,את,True,True,False,True,True,True,False,,,,False,False
Midrash_Aggadic_Midrash_Pesikta_DRav_Kahanna__10_1,pesikta_drk,361,ישר',5.7735,0.8378,0.0,0.6519,41,8,True,"{""ישראל"": 1, ""עשו"": 1, ""אברהם"": 1, ""יעקב"": 1, ""משה"": 1, ""הקבה"": 1, ""בני"": 1, ""ישר"": 1, ""העם"": 1, ""כל"": 1, ""עם"": 1, ""דוד"": 1, ""הכהנים"": 1, ""שמעון"": 1, ""ירמיה"": 1, ""המלכים"": 1, ""בניו"": 1, ""הכהן"": 1, ""המלך"": 1, ""שרה"": 1, ""הקב"": 1, ""העושה"": 1, ""ירמיהו"": 1, ""עבדיו"": 1, ""ירבעם"": 1, ""הממונה"": 1, ""עבדי"": 1, ""שמעיה"": 1, ""העושק"": 1, ""משהו"": 1, ""כלב"": 1, ""יעקבו"": 1, ""הקבהו"": 1, ""שמעיהו"": 1, ""העושקין"": 1, ""העושהו"": 1, ""משהוון"": 1, ""כלבך"": 1, ""הקבהוון"": 1, ""יעקבוון"": 1, ""שמעיהוון"": 1}","{""ישראל"": [""ישראל""], ""עשו"": [""עשו""], ""אברהם"": [""אברהם""], ""יעקב"": [""יעקב""], ""משה"": [""משה""], ""הקבה"": [""הקבה""], ""בני"": [""בני""], ""ישר"": [""ישר""], ""העם"": [""העם""], ""כל"": [""כל""], ""עם"": [""עם""], ""דוד"": [""דוד""], ""הכהנים"": [""הכהנים""], ""שמעון"": [""שמעון""], ""ירמיה"": [""ירמיה""], ""המלכים"": [""המלכים""], ""בניו"": [""בניו""], ""הכהן"": [""הכהן""], ""המלך"": [""המלך""], ""שרה"": [""שרה""], ""הקב"": [""הקב""], ""העושה"": [""העושה""], ""ירמיהו"": [""ירמיהו""], ""עבדיו"": [""עבדיו""], ""ירבעם"": [""ירבעם""], ""הממונה"": [""הממונה""], ""עבדי"": [""עבדי""], ""שמעיה"": [""שמעיה""], ""העושק"": [""העושק""], ""משהו"": [""משהו""], ""כלב"": [""כלב""], ""יעקבו"": [""יעקבו""], ""הקבהו"": [""הקבהו""], ""שמעיהו"": [""שמעיהו""], ""העושקין"": [""העושקין""], ""העושהו"": [""העושהו""], ""משהוון"": [""משהוון""], ""כלבך"": [""כלבך""], ""הקבהוון"": [""הקבהוון""], ""יעקבוון"": [""יעקבוון""], ""שמעיהוון"": [""שמעיהוון""]}",ישראל,0.341518,עשו,0.047848,אברהם,0.033291,יעקב,0.029841,משה,0.029379,הקבה,0.028412,בני,0.02288,ישר,0.018281,העם,0.017152,כל,0.01674,עם,0.013037,דוד,0.009267,הכהנים,0.007483,שמעון,0.006723,ירמיה,0.003852,המלכים,0.003842,בניו,0.003724,הכהן,0.003535,המלך,0.003444,שרה,0.002142,הקב,0.002091,העושה,0.001526,ירמיהו,0.001154,עבדיו,0.000909,ירבעם,0.000844,הממונה,0.000799,עבדי,0.000731,שמעיה,0.000587,העושק,0.000544,משהו,0.000146,כלב,6.5e-05,יעקבו,4.6e-05,הקבהו,2e-05,שמעיהו,7e-06,העושקין,4e-06,העושהו,2e-06,משהוון,0.0,כלבך,0.0,הקבהוון,0.0,יעקבוון,0.0,שמעיהוון,0.0,,,,,,,,,,,,,,,,,,,ADP,True,ישר,ישר,False,False,False,True,True,True,False,,,,False,False
Midrash_Aggadic_Midrash_Pesikta_DRav_Kahanna__10_1,pesikta_drk,362,ואו',11.8571,0.8472,0.2929,0.1941,50,-1,False,"{""אל"": 1, ""ה"": 1, ""על"": 1, ""לא"": 1, ""בן"": 1, ""ביריבית"": 1, ""בעיניו"": 1, ""בירית"": 1, ""עשו"": 1, ""בעירו"": 1, ""דכת"": 1, ""לאמר"": 1, ""עינו"": 1, ""הון"": 1, ""ביריתו"": 1, ""דה"": 1, ""ועושה"": 1, ""שבע"": 1, ""לבל"": 1, ""בעיניה"": 1, ""שיתן"": 1, ""דהו"": 1, ""לומד"": 1, ""אלוה"": 1, ""דהוון"": 1, ""ועושק"": 1, ""שבעת"": 1, ""ועושהו"": 1, ""לומדים"": 1, ""אלוהים"": 1, ""עלינו"": 1, ""לומדנו"": 1, ""ביריביתו"": 1, ""עשויה"": 1, ""בעיניהון"": 1, ""שבעתים"": 1, ""דכתיב"": 1, ""לאמרנו"": 1, ""עינוון"": 1, ""ועושקן"": 1, ""עשויהו"": 1, ""עלינוון"": 1, ""ביריביתוון"": 1, ""דכתיבו"": 1, ""לאמרנוו"": 1, ""עשויהוון"": 1, ""לאמרנוויה"": 1, ""לאמרנוויהו"": 1, ""דכתיבוון"": 1, ""לאמרנוויהוון"": 1}","{""אל"": [""אל""], ""ה"": [""ה""], ""על"": [""על""], ""לא"": [""לא""], ""בן"": [""בן""], ""ביריבית"": [""ביריבית""], ""בעיניו"": [""בעיניו""], ""בירית"": [""בירית""], ""עשו"": [""עשו""], ""בעירו"": [""בעירו""], ""דכת"": [""דכת""], ""לאמר"": [""לאמר""], ""עינו"": [""עינו""], ""הון"": [""הון""], ""ביריתו"": [""ביריתו""], ""דה"": [""דה""], ""ועושה"": [""ועושה""], ""שבע"": [""שבע""], ""לבל"": [""לבל""], ""בעיניה"": [""בעיניה""], ""שיתן"": [""שיתן""], ""דהו"": [""דהו""], ""לומד"": [""לומד""], ""אלוה"": [""אלוה""], ""דהוון"": [""דהוון""], ""ועושק"": [""ועושק""], ""שבעת"": [""שבעת""], ""ועושהו"": [""ועושהו""], ""לומדים"": [""לומדים""], ""אלוהים"": [""אלוהים""], ""עלינו"": [""עלינו""], ""לומדנו"": [""לומדנו""], ""ביריביתו"": [""ביריביתו""], ""עשויה"": [""עשויה""], ""בעיניהון"": [""בעיניהון""], ""שבעתים"": [""שבעתים""], ""דכתיב"": [""דכתיב""], ""לאמרנו"": [""לאמרנו""], ""עינוון"": [""עינוון""], ""ועושקן"": [""ועושקן""], ""עשויהו"": [""עשויהו""], ""עלינוון"": [""עלינוון""], ""ביריביתוון"": [""ביריביתוון""], ""דכתיבו"": [""דכתיבו""], ""לאמרנוו"": [""לאמרנוו""], ""עשויהוון"": [""עשויהוון""], ""לאמרנוויה"": [""לאמרנוויה""], ""לאמרנוויהו"": [""לאמרנוויהו""], ""דכתיבוון"": [""דכתיבוון""], ""לאמרנוויהוון"": [""לאמרנוויהוון""]}",אל,0.026201,ה,0.025394,על,0.024613,לא,0.022063,בן,0.020726,ביריבית,0.012719,בעיניו,0.010874,בירית,0.008194,עשו,0.00689,בעירו,0.005244,דכת,0.005058,לאמר,0.003522,עינו,0.003464,הון,0.003396,ביריתו,0.002479,דה,0.002316,ועושה,0.001735,שבע,0.00173,לבל,0.001664,בעיניה,0.000763,שיתן,0.000763,דהו,0.000674,לומד,0.000618,אלוה,0.000611,דהוון,0.000482,ועושק,0.000453,שבעת,0.000402,ועושהו,0.000269,לומדים,0.000238,אלוהים,0.00012,עלינו,0.00012,לומדנו,7.7e-05,ביריביתו,6.6e-05,עשויה,5.4e-05,בעיניהון,4.4e-05,שבעתים,2.4e-05,דכתיב,2.1e-05,לאמרנו,1.8e-05,עינוון,1e-05,ועושקן,3e-06,עשויהו,1e-06,עלינוון,0.0,ביריביתוון,0.0,דכתיבו,0.0,לאמרנוו,0.0,עשויהוון,0.0,לאמרנוויה,0.0,לאמרנוויהו,0.0,דכתיבוון,0.0,לאמרנוויהוון,0.0,SYM,True,ואו,ואו,False,False,False,True,True,True,False,,,,False,False
Midrash_Aggadic_Midrash_Pesikta_DRav_Kahanna__10_1,pesikta_drk,363,להם,12.9346,0.9201,0.8767,0.4529,50,-1,False,"{""הד"": 1, ""הדה"": 1, ""ר"": 1, ""דכת"": 1, ""הכת"": 1, ""אר"": 1, ""ואמר"": 1, ""רבי"": 1, ""דה"": 1, ""ואו"": 1, ""והיה"": 1, ""ארבע"": 1, ""וגו"": 1, ""אדני"": 1, ""וכת"": 1, ""והדה"": 1, ""הדכת"": 1, ""דהו"": 1, ""דהוון"": 1, ""אמ"": 1, ""הדהו"": 1, ""ארבעה"": 1, ""וכתיב"": 1, ""ואמרנו"": 1, ""הכתה"": 1, ""דכתה"": 1, ""הדהוון"": 1, ""הדכתיב"": 1, ""וגוון"": 1, ""הכתהו"": 1, ""רביי"": 1, ""והדהו"": 1, ""והיהלך"": 1, ""אדניי"": 1, ""אמר"": 1, ""דכתהו"": 1, ""וכתיבת"": 1, ""והיהלכים"": 1, ""הדכתיבא"": 1, ""ואמרנוו"": 1, ""רבייון"": 1, ""וכתיבתא"": 1, ""דכתהוון"": 1, ""הדכתיבאנו"": 1, ""אדנייון"": 1, ""אמרשמעון"": 1, ""אמרשב"": 1, ""הדכתיבאנוו"": 1, ""הדכתיבאנוויה"": 1, ""הדכתיבאנוויהו"": 1}","{""הד"": [""הד""], ""הדה"": [""הדה""], ""ר"": [""ר""], ""דכת"": [""דכת""], ""הכת"": [""הכת""], ""אר"": [""אר""], ""ואמר"": [""ואמר""], ""רבי"": [""רבי""], ""דה"": [""דה""], ""ואו"": [""ואו""], ""והיה"": [""והיה""], ""ארבע"": [""ארבע""], ""וגו"": [""וגו""], ""אדני"": [""אדני""], ""וכת"": [""וכת""], ""והדה"": [""והדה""], ""הדכת"": [""הדכת""], ""דהו"": [""דהו""], ""דהוון"": [""דהוון""], ""אמ"": [""אמ""], ""הדהו"": [""הדהו""], ""ארבעה"": [""ארבעה""], ""וכתיב"": [""וכתיב""], ""ואמרנו"": [""ואמרנו""], ""הכתה"": [""הכתה""], ""דכתה"": [""דכתה""], ""הדהוון"": [""הדהוון""], ""הדכתיב"": [""הדכתיב""], ""וגוון"": [""וגוון""], ""הכתהו"": [""הכתהו""], ""רביי"": [""רביי""], ""והדהו"": [""והדהו""], ""והיהלך"": [""והיהלך""], ""אדניי"": [""אדניי""], ""אמר"": [""אמר""], ""דכתהו"": [""דכתהו""], ""וכתיבת"": [""וכתיבת""], ""והיהלכים"": [""והיהלכים""], ""הדכתיבא"": [""הדכתיבא""], ""ואמרנוו"": [""ואמרנוו""], ""רבייון"": [""רבייון""], ""וכתיבתא"": [""וכתיבתא""], ""דכתהוון"": [""דכתהוון""], ""הדכתיבאנו"": [""הדכתיבאנו""], ""אדנייון"": [""אדנייון""], ""אמרשמעון"": [""אמרשמעון""], ""אמרשב"": [""אמרשב""], ""הדכתיבאנוו"": [""הדכתיבאנוו""], ""הדכתיבאנוויה"": [""הדכתיבאנוויה""], ""הדכתיבאנוויהו"": [""הדכתיבאנוויהו""]}",הד,0.21028,הדה,0.093907,ר,0.033271,דכת,0.029255,הכת,0.023013,אר,0.02182,ואמר,0.006291,רבי,0.004969,דה,0.004417,ואו,0.003876,והיה,0.003621,ארבע,0.002769,וגו,0.002307,אדני,0.002176,וכת,0.002133,והדה,0.001821,הדכת,0.001771,דהו,0.001476,דהוון,0.001145,אמ,0.001072,הדהו,0.000382,ארבעה,0.000338,וכתיב,0.000239,ואמרנו,0.000159,הכתה,0.000147,דכתה,6.2e-05,הדהוון,4.1e-05,הדכתיב,3.7e-05,וגוון,2.6e-05,הכתהו,9e-06,רביי,8e-06,והדהו,7e-06,והיהלך,6e-06,אדניי,3e-06,אמר,3e-06,דכתהו,2e-06,וכתיבת,1e-06,והיהלכים,1e-06,הדכתיבא,1e-06,ואמרנוו,0.0,רבייון,0.0,וכתיבתא,0.0,דכתהוון,0.0,הדכתיבאנו,0.0,אדנייון,0.0,אמרשמעון,0.0,אמרשב,0.0,הדכתיבאנוו,0.0,הדכתיבאנוויה,0.0,הדכתיבאנוויהו,0.0,PUNCT,False,להם,לו,False,True,False,True,True,True,False,,,,False,False
Midrash_Aggadic_Midrash_Pesikta_DRav_Kahanna__10_1,pesikta_drk,364,עשר,10.779,0.8079,0.2976,0.1156,50,-1,False,"{""לא"": 1, ""מה"": 1, ""דכת"": 1, ""ישר"": 1, ""עין"": 1, ""הכתוב"": 1, ""הכת"": 1, ""מוסר"": 1, ""שמע"": 1, ""שבע"": 1, ""יתנו"": 1, ""תן"": 1, ""בידך"": 1, ""עינא"": 1, ""עיניך"": 1, ""דהו"": 1, ""דהוון"": 1, ""בידם"": 1, ""מזון"": 1, ""שבעת"": 1, ""שמעו"": 1, ""תורתי"": 1, ""יתננו"": 1, ""יתננה"": 1, ""הכתובים"": 1, ""מהו"": 1, ""דהוי"": 1, ""מוסרין"": 1, ""תורא"": 1, ""הכתו"": 1, ""יתננהו"": 1, ""שבעתים"": 1, ""תורתיו"": 1, ""מהוות"": 1, ""שמעוון"": 1, ""דהויי"": 1, ""הכתוות"": 1, ""יתננוו"": 1, ""מהוותיקין"": 1, ""עינאהתרגום"": 1, ""תוראך"": 1, ""הכתוותא"": 1, ""מהוותיקן"": 1, ""תורתיוון"": 1, ""יתננווון"": 1, ""דהוייון"": 1, ""עינאהאם"": 1, ""הכתוותאנו"": 1, ""הכתוותאנוו"": 1, ""הכתוותאנוויה"": 1}","{""לא"": [""לא""], ""מה"": [""מה""], ""דכת"": [""דכת""], ""ישר"": [""ישר""], ""עין"": [""עין""], ""הכתוב"": [""הכתוב""], ""הכת"": [""הכת""], ""מוסר"": [""מוסר""], ""שמע"": [""שמע""], ""שבע"": [""שבע""], ""יתנו"": [""יתנו""], ""תן"": [""תן""], ""בידך"": [""בידך""], ""עינא"": [""עינא""], ""עיניך"": [""עיניך""], ""דהו"": [""דהו""], ""דהוון"": [""דהוון""], ""בידם"": [""בידם""], ""מזון"": [""מזון""], ""שבעת"": [""שבעת""], ""שמעו"": [""שמעו""], ""תורתי"": [""תורתי""], ""יתננו"": [""יתננו""], ""יתננה"": [""יתננה""], ""הכתובים"": [""הכתובים""], ""מהו"": [""מהו""], ""דהוי"": [""דהוי""], ""מוסרין"": [""מוסרין""], ""תורא"": [""תורא""], ""הכתו"": [""הכתו""], ""יתננהו"": [""יתננהו""], ""שבעתים"": [""שבעתים""], ""תורתיו"": [""תורתיו""], ""מהוות"": [""מהוות""], ""שמעוון"": [""שמעוון""], ""דהויי"": [""דהויי""], ""הכתוות"": [""הכתוות""], ""יתננוו"": [""יתננוו""], ""מהוותיקין"": [""מהוותיקין""], ""עינאהתרגום"": [""עינאהתרגום""], ""תוראך"": [""תוראך""], ""הכתוותא"": [""הכתוותא""], ""מהוותיקן"": [""מהוותיקן""], ""תורתיוון"": [""תורתיוון""], ""יתננווון"": [""יתננווון""], ""דהוייון"": [""דהוייון""], ""עינאהאם"": [""עינאהאם""], ""הכתוותאנו"": [""הכתוותאנו""], ""הכתוותאנוו"": [""הכתוותאנוו""], ""הכתוותאנוויה"": [""הכתוותאנוויה""]}",לא,0.047117,מה,0.022256,דכת,0.013703,ישר,0.010168,עין,0.002982,הכתוב,0.002843,הכת,0.002509,מוסר,0.00177,שמע,0.001554,שבע,0.00153,יתנו,0.001033,תן,0.001007,בידך,0.000927,עינא,0.000758,עיניך,0.000723,דהו,0.000707,דהוון,0.000634,בידם,0.000599,מזון,0.00053,שבעת,0.000516,שמעו,0.000441,תורתי,0.000368,יתננו,0.00027,יתננה,0.000217,הכתובים,0.000148,מהו,0.0001,דהוי,5.4e-05,מוסרין,3.4e-05,תורא,2.7e-05,הכתו,1.5e-05,יתננהו,1.5e-05,שבעתים,9e-06,תורתיו,5e-06,מהוות,1e-06,שמעוון,1e-06,דהויי,1e-06,הכתוות,0.0,יתננוו,0.0,מהוותיקין,0.0,עינאהתרגום,0.0,תוראך,0.0,הכתוותא,0.0,מהוותיקן,0.0,תורתיוון,0.0,יתננווון,0.0,דהוייון,0.0,עינאהאם,0.0,הכתוותאנו,0.0,הכתוותאנוו,0.0,הכתוותאנוויה,0.0,ADP,True,עשר,עשר,False,False,False,True,True,True,False,,,,False,False
Midrash_Aggadic_Midrash_Pesikta_DRav_Kahanna__10_1,pesikta_drk,365,תעשר,6.9057,0.843,0.3469,0.207,50,-1,False,"{""שנים"": 1, ""שנה"": 1, ""מאה"": 1, ""עשרה"": 1, ""עשר"": 1, ""ועשר"": 1, ""ואו"": 1, ""דכת"": 1, ""וגו"": 1, ""אמות"": 1, ""חמש"": 1, ""עשרון"": 1, ""חסר"": 1, ""סלעים"": 1, ""מנה"": 1, ""שערים"": 1, ""שבע"": 1, ""דורות"": 1, ""אמה"": 1, ""מילין"": 1, ""ואחד"": 1, ""תבואות"": 1, ""חמשה"": 1, ""תרומות"": 1, ""אמהות"": 1, ""מאתיים"": 1, ""ועשרו"": 1, ""שבעת"": 1, ""מילוא"": 1, ""חסרת"": 1, ""וגוון"": 1, ""מילואים"": 1, ""דכתיב"": 1, ""אמותו"": 1, ""ואחדו"": 1, ""חסרתא"": 1, ""תרומותינו"": 1, ""תבואותך"": 1, ""דורותי"": 1, ""אמהותי"": 1, ""שבעתים"": 1, ""ועשרוון"": 1, ""חמשהו"": 1, ""דכתיבו"": 1, ""ואחדוון"": 1, ""דורותיון"": 1, ""אמהותיון"": 1, ""אמותוון"": 1, ""דכתיבות"": 1, ""דכתיבותא"": 1}","{""שנים"": [""שנים""], ""שנה"": [""שנה""], ""מאה"": [""מאה""], ""עשרה"": [""עשרה""], ""עשר"": [""עשר""], ""ועשר"": [""ועשר""], ""ואו"": [""ואו""], ""דכת"": [""דכת""], ""וגו"": [""וגו""], ""אמות"": [""אמות""], ""חמש"": [""חמש""], ""עשרון"": [""עשרון""], ""חסר"": [""חסר""], ""סלעים"": [""סלעים""], ""מנה"": [""מנה""], ""שערים"": [""שערים""], ""שבע"": [""שבע""], ""דורות"": [""דורות""], ""אמה"": [""אמה""], ""מילין"": [""מילין""], ""ואחד"": [""ואחד""], ""תבואות"": [""תבואות""], ""חמשה"": [""חמשה""], ""תרומות"": [""תרומות""], ""אמהות"": [""אמהות""], ""מאתיים"": [""מאתיים""], ""ועשרו"": [""ועשרו""], ""שבעת"": [""שבעת""], ""מילוא"": [""מילוא""], ""חסרת"": [""חסרת""], ""וגוון"": [""וגוון""], ""מילואים"": [""מילואים""], ""דכתיב"": [""דכתיב""], ""אמותו"": [""אמותו""], ""ואחדו"": [""ואחדו""], ""חסרתא"": [""חסרתא""], ""תרומותינו"": [""תרומותינו""], ""תבואותך"": [""תבואותך""], ""דורותי"": [""דורותי""], ""אמהותי"": [""אמהותי""], ""שבעתים"": [""שבעתים""], ""ועשרוון"": [""ועשרוון""], ""חמשהו"": [""חמשהו""], ""דכתיבו"": [""דכתיבו""], ""ואחדוון"": [""ואחדוון""], ""דורותיון"": [""דורותיון""], ""אמהותיון"": [""אמהותיון""], ""אמותוון"": [""אמותוון""], ""דכתיבות"": [""דכתיבות""], ""דכתיבותא"": [""דכתיבותא""]}",שנים,0.071111,שנה,0.019139,מאה,0.015773,עשרה,0.01492,עשר,0.01492,ועשר,0.008497,ואו,0.008117,דכת,0.006072,וגו,0.005317,אמות,0.005182,חמש,0.004349,עשרון,0.004044,חסר,0.00396,סלעים,0.003388,מנה,0.002799,שערים,0.002636,שבע,0.002595,דורות,0.002453,אמה,0.001998,מילין,0.001921,ואחד,0.001869,תבואות,0.001514,חמשה,0.001273,תרומות,0.000874,אמהות,0.000577,מאתיים,0.000441,ועשרו,0.000362,שבעת,0.00033,מילוא,0.000209,חסרת,0.000162,וגוון,6.4e-05,מילואים,5.6e-05,דכתיב,3.2e-05,אמותו,1.8e-05,ואחדו,1.5e-05,חסרתא,9e-06,תרומותינו,7e-06,תבואותך,5e-06,דורותי,3e-06,אמהותי,3e-06,שבעתים,2e-06,ועשרוון,1e-06,חמשהו,1e-06,דכתיבו,0.0,ואחדוון,0.0,דורותיון,0.0,אמהותיון,0.0,אמותוון,0.0,דכתיבות,0.0,דכתיבותא,0.0,SYM,True,תעשר,תעש,False,False,False,True,True,True,False,,,,False,False
Midrash_Aggadic_Midrash_Pesikta_DRav_Kahanna__10_1,pesikta_drk,366,את,7.9265,0.8884,0.8247,0.3546,50,-1,False,"{""נבהל"": 1, ""ר"": 1, ""כל"": 1, ""אר"": 1, ""א"": 1, ""ואו"": 1, ""וגו"": 1, ""פתר"": 1, ""דכת"": 1, ""רבי"": 1, ""ארבע"": 1, ""דא"": 1, ""וכת"": 1, ""והיה"": 1, ""ואמר"": 1, ""נביא"": 1, ""אדני"": 1, ""תנו"": 1, ""והם"": 1, ""ארבעה"": 1, ""פירוש"": 1, ""וכתיב"": 1, ""תרומה"": 1, ""נביאים"": 1, ""פתרו"": 1, ""ואמרנו"": 1, ""וגוון"": 1, ""נבהלנו"": 1, ""אדוני"": 1, ""פירושו"": 1, ""כלכל"": 1, ""תרעה"": 1, ""דכתיב"": 1, ""כלכלך"": 1, ""תרעהו"": 1, ""דאילו"": 1, ""רביי"": 1, ""וכתיבת"": 1, ""אדוניי"": 1, ""והיהוד"": 1, ""והיהודים"": 1, ""אדניי"": 1, ""דאילין"": 1, ""פתרויה"": 1, ""וכתיבתא"": 1, ""רבייון"": 1, ""פתרויהו"": 1, ""תרעהוון"": 1, ""אדנייון"": 1, ""אדונייון"": 1}","{""נבהל"": [""נבהל""], ""ר"": [""ר""], ""כל"": [""כל""], ""אר"": [""אר""], ""א"": [""א""], ""ואו"": [""ואו""], ""וגו"": [""וגו""], ""פתר"": [""פתר""], ""דכת"": [""דכת""], ""רבי"": [""רבי""], ""ארבע"": [""ארבע""], ""דא"": [""דא""], ""וכת"": [""וכת""], ""והיה"": [""והיה""], ""ואמר"": [""ואמר""], ""נביא"": [""נביא""], ""אדני"": [""אדני""], ""תנו"": [""תנו""], ""והם"": [""והם""], ""ארבעה"": [""ארבעה""], ""פירוש"": [""פירוש""], ""וכתיב"": [""וכתיב""], ""תרומה"": [""תרומה""], ""נביאים"": [""נביאים""], ""פתרו"": [""פתרו""], ""ואמרנו"": [""ואמרנו""], ""וגוון"": [""וגוון""], ""נבהלנו"": [""נבהלנו""], ""אדוני"": [""אדוני""], ""פירושו"": [""פירושו""], ""כלכל"": [""כלכל""], ""תרעה"": [""תרעה""], ""דכתיב"": [""דכתיב""], ""כלכלך"": [""כלכלך""], ""תרעהו"": [""תרעהו""], ""דאילו"": [""דאילו""], ""רביי"": [""רביי""], ""וכתיבת"": [""וכתיבת""], ""אדוניי"": [""אדוניי""], ""והיהוד"": [""והיהוד""], ""והיהודים"": [""והיהודים""], ""אדניי"": [""אדניי""], ""דאילין"": [""דאילין""], ""פתרויה"": [""פתרויה""], ""וכתיבתא"": [""וכתיבתא""], ""רבייון"": [""רבייון""], ""פתרויהו"": [""פתרויהו""], ""תרעהוון"": [""תרעהוון""], ""אדנייון"": [""אדנייון""], ""אדונייון"": [""אדונייון""]}",נבהל,0.1529,ר,0.057637,כל,0.02479,אר,0.021204,א,0.016773,ואו,0.012606,וגו,0.012229,פתר,0.010869,דכת,0.009343,רבי,0.008641,ארבע,0.007569,דא,0.004146,וכת,0.002334,והיה,0.002268,ואמר,0.002225,נביא,0.00182,אדני,0.001116,תנו,0.001073,והם,0.000975,ארבעה,0.00071,פירוש,0.000663,וכתיב,0.000584,תרומה,0.00038,נביאים,0.000291,פתרו,0.000218,ואמרנו,0.000211,וגוון,0.000209,נבהלנו,0.000167,אדוני,0.000161,פירושו,0.000132,כלכל,0.000126,תרעה,0.000112,דכתיב,6.9e-05,כלכלך,2.6e-05,תרעהו,1.9e-05,דאילו,1.6e-05,רביי,1.5e-05,וכתיבת,6e-06,אדוניי,2e-06,והיהוד,2e-06,והיהודים,2e-06,אדניי,2e-06,דאילין,1e-06,פתרויה,1e-06,וכתיבתא,0.0,רבייון,0.0,פתרויהו,0.0,תרעהוון,0.0,אדנייון,0.0,אדונייון,0.0,VERB,False,את,את,True,True,False,True,True,True,False,,,,False,False
Midrash_Aggadic_Midrash_Pesikta_DRav_Kahanna__10_1,pesikta_drk,367,כל,1.1347,0.2814,0.0,0.6674,26,1,True,"{""כל"": 1, ""תבואת"": 1, ""אשר"": 1, ""שנת"": 1, ""מה"": 1, ""מעשר"": 1, ""הקרן"": 1, ""ישר"": 1, ""שנתך"": 1, ""תבואתך"": 1, ""מעשרות"": 1, ""תבואתה"": 1, ""הזרע"": 1, ""מעשרותיו"": 1, ""מעשרו"": 1, ""יתנו"": 1, ""יתיר"": 1, ""הזרעים"": 1, ""כלכל"": 1, ""כלכלך"": 1, ""הזרעך"": 1, ""יתירך"": 1, ""תבואתהו"": 1, ""אשרת"": 1, ""יתנוון"": 1, ""אשרתיך"": 1}","{""כל"": [""כל""], ""תבואת"": [""תבואת""], ""אשר"": [""אשר""], ""שנת"": [""שנת""], ""מה"": [""מה""], ""מעשר"": [""מעשר""], ""הקרן"": [""הקרן""], ""ישר"": [""ישר""], ""שנתך"": [""שנתך""], ""תבואתך"": [""תבואתך""], ""מעשרות"": [""מעשרות""], ""תבואתה"": [""תבואתה""], ""הזרע"": [""הזרע""], ""מעשרותיו"": [""מעשרותיו""], ""מעשרו"": [""מעשרו""], ""יתנו"": [""יתנו""], ""יתיר"": [""יתיר""], ""הזרעים"": [""הזרעים""], ""כלכל"": [""כלכל""], ""כלכלך"": [""כלכלך""], ""הזרעך"": [""הזרעך""], ""יתירך"": [""יתירך""], ""תבואתהו"": [""תבואתהו""], ""אשרת"": [""אשרת""], ""יתנוון"": [""יתנוון""], ""אשרתיך"": [""אשרתיך""]}",כל,0.455429,תבואת,0.031736,אשר,0.030039,שנת,0.028663,מה,0.023394,מעשר,0.022055,הקרן,0.01538,ישר,0.014003,שנתך,0.011324,תבואתך,0.009555,מעשרות,0.008637,תבואתה,0.004791,הזרע,0.004183,מעשרותיו,0.003253,מעשרו,0.00299,יתנו,0.000977,יתיר,0.000469,הזרעים,0.000155,כלכל,0.000132,כלכלך,0.000104,הזרעך,8.9e-05,יתירך,3e-05,תבואתהו,1.9e-05,אשרת,1.6e-05,יתנוון,2e-06,אשרתיך,2e-06,,,,,,,,,,,,,,,,,,,,,,,,,,,,,,,,,,,,,,,,,,,,,,,,,INTJ,True,כל,כל,False,True,False,True,True,True,False,,,,False,False
Midrash_Aggadic_Midrash_Pesikta_DRav_Kahanna__10_1,pesikta_drk,368,תבואת,5.0033,0.8203,-0.0,0.6615,17,5,True,"{""אשר"": 1, ""מה"": 1, ""מעשר"": 1, ""ממונך"": 1, ""תבואת"": 1, ""מעשרות"": 1, ""הון"": 1, ""ממון"": 1, ""מעשרך"": 1, ""תבואתך"": 1, ""הקרן"": 1, ""מעשרותיך"": 1, ""תבואתה"": 1, ""ממונם"": 1, ""מהלך"": 1, ""מהלכות"": 1, ""מהלכותך"": 1}","{""אשר"": [""אשר""], ""מה"": [""מה""], ""מעשר"": [""מעשר""], ""ממונך"": [""ממונך""], ""תבואת"": [""תבואת""], ""מעשרות"": [""מעשרות""], ""הון"": [""הון""], ""ממון"": [""ממון""], ""מעשרך"": [""מעשרך""], ""תבואתך"": [""תבואתך""], ""הקרן"": [""הקרן""], ""מעשרותיך"": [""מעשרותיך""], ""תבואתה"": [""תבואתה""], ""ממונם"": [""ממונם""], ""מהלך"": [""מהלך""], ""מהלכות"": [""מהלכות""], ""מהלכותך"": [""מהלכותך""]}",אשר,0.284814,מה,0.099979,מעשר,0.089432,ממונך,0.044808,תבואת,0.031179,מעשרות,0.020913,הון,0.019787,ממון,0.017996,מעשרך,0.016552,תבואתך,0.015259,הקרן,0.00995,מעשרותיך,0.005802,תבואתה,0.00422,ממונם,0.000649,מהלך,8.9e-05,מהלכות,6.8e-05,מהלכותך,7e-06,,,,,,,,,,,,,,,,,,,,,,,,,,,,,,,,,,,,,,,,,,,,,,,,,,,,,,,,,,,,,,,,,,,DET,True,תבואת,תבואה,False,False,False,True,True,True,False,,,,False,False
Midrash_Aggadic_Midrash_Pesikta_DRav_Kahanna__10_1,pesikta_drk,369,זרעך,4.8118,0.6886,0.0,0.6545,43,8,True,"{""בית"": 1, ""השנה"": 1, ""השדה"": 1, ""זרע"": 1, ""ישר"": 1, ""ה"": 1, ""לך"": 1, ""זרעך"": 1, ""שדך"": 1, ""ביתך"": 1, ""הארץ"": 1, ""שלך"": 1, ""שדה"": 1, ""שנה"": 1, ""שדהך"": 1, ""אדמת"": 1, ""אדמתך"": 1, ""האדמה"": 1, ""נבהל"": 1, ""הזרע"": 1, ""ארצך"": 1, ""האילן"": 1, ""נפש"": 1, ""נפשך"": 1, ""יריכם"": 1, ""האילנות"": 1, ""השדות"": 1, ""ישרו"": 1, ""הזרעך"": 1, ""יריכך"": 1, ""זרעו"": 1, ""השדהו"": 1, ""הזרעים"": 1, ""נבהלנו"": 1, ""האילנותו"": 1, ""השדותו"": 1, ""זרעוון"": 1, ""השדהוות"": 1, ""השדהוותה"": 1, ""האילנותוון"": 1, ""השדהוותהו"": 1, ""השדהוותהוות"": 1, ""השדהוותהוותה"": 1}","{""בית"": [""בית""], ""השנה"": [""השנה""], ""השדה"": [""השדה""], ""זרע"": [""זרע""], ""ישר"": [""ישר""], ""ה"": [""ה""], ""לך"": [""לך""], ""זרעך"": [""זרעך""], ""שדך"": [""שדך""], ""ביתך"": [""ביתך""], ""הארץ"": [""הארץ""], ""שלך"": [""שלך""], ""שדה"": [""שדה""], ""שנה"": [""שנה""], ""שדהך"": [""שדהך""], ""אדמת"": [""אדמת""], ""אדמתך"": [""אדמתך""], ""האדמה"": [""האדמה""], ""נבהל"": [""נבהל""], ""הזרע"": [""הזרע""], ""ארצך"": [""ארצך""], ""האילן"": [""האילן""], ""נפש"": [""נפש""], ""נפשך"": [""נפשך""], ""יריכם"": [""יריכם""], ""האילנות"": [""האילנות""], ""השדות"": [""השדות""], ""ישרו"": [""ישרו""], ""הזרעך"": [""הזרעך""], ""יריכך"": [""יריכך""], ""זרעו"": [""זרעו""], ""השדהו"": [""השדהו""], ""הזרעים"": [""הזרעים""], ""נבהלנו"": [""נבהלנו""], ""האילנותו"": [""האילנותו""], ""השדותו"": [""השדותו""], ""זרעוון"": [""זרעוון""], ""השדהוות"": [""השדהוות""], ""השדהוותה"": [""השדהוותה""], ""האילנותוון"": [""האילנותוון""], ""השדהוותהו"": [""השדהוותהו""], ""השדהוותהוות"": [""השדהוותהוות""], ""השדהוותהוותה"": [""השדהוותהוותה""]}",בית,0.07912,השנה,0.056988,השדה,0.049746,זרע,0.042138,ישר,0.039719,ה,0.03856,לך,0.03856,זרעך,0.035605,שדך,0.034871,ביתך,0.032555,הארץ,0.028655,שלך,0.028211,שדה,0.024183,שנה,0.02032,שדהך,0.019774,אדמת,0.018924,אדמתך,0.018086,האדמה,0.013737,נבהל,0.007372,הזרע,0.007053,ארצך,0.005156,האילן,0.005137,נפש,0.003393,נפשך,0.00185,יריכם,0.001065,האילנות,0.000935,השדות,0.000925,ישרו,0.00055,הזרעך,0.000442,יריכך,0.000392,זרעו,0.000353,השדהו,6.9e-05,הזרעים,6.2e-05,נבהלנו,3.8e-05,האילנותו,2e-06,השדותו,1e-06,זרעוון,0.0,השדהוות,0.0,השדהוותה,0.0,האילנותוון,0.0,השדהוותהו,0.0,השדהוותהוות,0.0,השדהוותהוותה,0.0,,,,,,,,,,,,,,,NUM,True,זרעך,זרע,False,False,False,True,True,True,False,,,,False,False
Midrash_Aggadic_Midrash_Pesikta_DRav_Kahanna__10_1,pesikta_drk,370,(דברים,13.8637,0.9158,0.858,0.3039,50,-1,False,"{""וגו"": 1, ""ר"": 1, ""ואת"": 1, ""בשנה"": 1, ""לא"": 1, ""ולא"": 1, ""למען"": 1, ""כל"": 1, ""נבהל"": 1, ""מן"": 1, ""פתר"": 1, ""דכת"": 1, ""ואו"": 1, ""והיה"": 1, ""רבי"": 1, ""ואמר"": 1, ""לאמר"": 1, ""דא"": 1, ""מעת"": 1, ""לכה"": 1, ""מעתה"": 1, ""וגוון"": 1, ""פירוש"": 1, ""והשב"": 1, ""נביא"": 1, ""למן"": 1, ""מחריש"": 1, ""ואתה"": 1, ""ונתן"": 1, ""ולאו"": 1, ""כלכל"": 1, ""ואמרנו"": 1, ""פתרו"": 1, ""פירושו"": 1, ""נביאים"": 1, ""נבהלנו"": 1, ""והשביע"": 1, ""דכתיב"": 1, ""מחרישין"": 1, ""כלכלך"": 1, ""והשביעית"": 1, ""לאמרך"": 1, ""דאילו"": 1, ""רביי"": 1, ""דאילין"": 1, ""פתרוון"": 1, ""ולאוין"": 1, ""ואתהו"": 1, ""רבייון"": 1, ""ואתהוון"": 1}","{""וגו"": [""וגו""], ""ר"": [""ר""], ""ואת"": [""ואת""], ""בשנה"": [""בשנה""], ""לא"": [""לא""], ""ולא"": [""ולא""], ""למען"": [""למען""], ""כל"": [""כל""], ""נבהל"": [""נבהל""], ""מן"": [""מן""], ""פתר"": [""פתר""], ""דכת"": [""דכת""], ""ואו"": [""ואו""], ""והיה"": [""והיה""], ""רבי"": [""רבי""], ""ואמר"": [""ואמר""], ""לאמר"": [""לאמר""], ""דא"": [""דא""], ""מעת"": [""מעת""], ""לכה"": [""לכה""], ""מעתה"": [""מעתה""], ""וגוון"": [""וגוון""], ""פירוש"": [""פירוש""], ""והשב"": [""והשב""], ""נביא"": [""נביא""], ""למן"": [""למן""], ""מחריש"": [""מחריש""], ""ואתה"": [""ואתה""], ""ונתן"": [""ונתן""], ""ולאו"": [""ולאו""], ""כלכל"": [""כלכל""], ""ואמרנו"": [""ואמרנו""], ""פתרו"": [""פתרו""], ""פירושו"": [""פירושו""], ""נביאים"": [""נביאים""], ""נבהלנו"": [""נבהלנו""], ""והשביע"": [""והשביע""], ""דכתיב"": [""דכתיב""], ""מחרישין"": [""מחרישין""], ""כלכלך"": [""כלכלך""], ""והשביעית"": [""והשביעית""], ""לאמרך"": [""לאמרך""], ""דאילו"": [""דאילו""], ""רביי"": [""רביי""], ""דאילין"": [""דאילין""], ""פתרוון"": [""פתרוון""], ""ולאוין"": [""ולאוין""], ""ואתהו"": [""ואתהו""], ""רבייון"": [""רבייון""], ""ואתהוון"": [""ואתהוון""]}",וגו,0.059587,ר,0.034212,ואת,0.030192,בשנה,0.029263,לא,0.028363,ולא,0.0198,למען,0.014486,כל,0.014262,נבהל,0.013928,מן,0.012391,פתר,0.010444,דכת,0.005918,ואו,0.004921,והיה,0.004842,רבי,0.003279,ואמר,0.002289,לאמר,0.002193,דא,0.001982,מעת,0.00184,לכה,0.001808,מעתה,0.001299,וגוון,0.000809,פירוש,0.000757,והשב,0.000754,נביא,0.000684,למן,0.000635,מחריש,0.000539,ואתה,0.000523,ונתן,0.000327,ולאו,0.000305,כלכל,0.000236,ואמרנו,0.000199,פתרו,0.000157,פירושו,0.000115,נביאים,0.000103,נבהלנו,9.8e-05,והשביע,9.6e-05,דכתיב,6.7e-05,מחרישין,5.8e-05,כלכלך,4.9e-05,והשביעית,3.7e-05,לאמרך,1.5e-05,דאילו,1.3e-05,רביי,5e-06,דאילין,1e-06,פתרוון,0.0,ולאוין,0.0,ואתהו,0.0,רבייון,0.0,ואתהוון,0.0,PUNCT,False,דברים,דבר,False,False,False,True,True,True,False,,,,False,False
Midrash_Aggadic_Midrash_Pesikta_DRav_Kahanna__10_1,pesikta_drk,371,יד,6.0364,0.8299,0.0,0.299,50,9,True,"{""שנאמר"": 1, ""שנאמרו"": 1, ""שאין"": 1, ""אלו"": 1, ""של"": 1, ""שיש"": 1, ""שהן"": 1, ""רבים"": 1, ""יד"": 1, ""הכתוב"": 1, ""שאינן"": 1, ""שאמר"": 1, ""שבין"": 1, ""הכתובים"": 1, ""ידועים"": 1, ""שנא"": 1, ""שביד"": 1, ""שאמרנו"": 1, ""סתם"": 1, ""סתומים"": 1, ""מפורשים"": 1, ""המפורשים"": 1, ""ביד"": 1, ""המותרים"": 1, ""דכת"": 1, ""מדבר"": 1, ""וגו"": 1, ""שבעולם"": 1, ""שבידך"": 1, ""שבעין"": 1, ""מפורש"": 1, ""דא"": 1, ""מפורשין"": 1, ""יתירים"": 1, ""בידך"": 1, ""ידועין"": 1, ""סתראי"": 1, ""שלש"": 1, ""שהביא"": 1, ""הראויין"": 1, ""שישנו"": 1, ""הראויים"": 1, ""בפיך"": 1, ""שהביאו"": 1, ""דכתיב"": 1, ""שלשון"": 1, ""דאורייתא"": 1, ""סתראיין"": 1, ""דכתיבי"": 1, ""דאורייתין"": 1}","{""שנאמר"": [""שנאמר""], ""שנאמרו"": [""שנאמרו""], ""שאין"": [""שאין""], ""אלו"": [""אלו""], ""של"": [""של""], ""שיש"": [""שיש""], ""שהן"": [""שהן""], ""רבים"": [""רבים""], ""יד"": [""יד""], ""הכתוב"": [""הכתוב""], ""שאינן"": [""שאינן""], ""שאמר"": [""שאמר""], ""שבין"": [""שבין""], ""הכתובים"": [""הכתובים""], ""ידועים"": [""ידועים""], ""שנא"": [""שנא""], ""שביד"": [""שביד""], ""שאמרנו"": [""שאמרנו""], ""סתם"": [""סתם""], ""סתומים"": [""סתומים""], ""מפורשים"": [""מפורשים""], ""המפורשים"": [""המפורשים""], ""ביד"": [""ביד""], ""המותרים"": [""המותרים""], ""דכת"": [""דכת""], ""מדבר"": [""מדבר""], ""וגו"": [""וגו""], ""שבעולם"": [""שבעולם""], ""שבידך"": [""שבידך""], ""שבעין"": [""שבעין""], ""מפורש"": [""מפורש""], ""דא"": [""דא""], ""מפורשין"": [""מפורשין""], ""יתירים"": [""יתירים""], ""בידך"": [""בידך""], ""ידועין"": [""ידועין""], ""סתראי"": [""סתראי""], ""שלש"": [""שלש""], ""שהביא"": [""שהביא""], ""הראויין"": [""הראויין""], ""שישנו"": [""שישנו""], ""הראויים"": [""הראויים""], ""בפיך"": [""בפיך""], ""שהביאו"": [""שהביאו""], ""דכתיב"": [""דכתיב""], ""שלשון"": [""שלשון""], ""דאורייתא"": [""דאורייתא""], ""סתראיין"": [""סתראיין""], ""דכתיבי"": [""דכתיבי""], ""דאורייתין"": [""דאורייתין""]}",שנאמר,0.035513,שנאמרו,0.033879,שאין,0.028425,אלו,0.023565,של,0.021124,שיש,0.019536,שהן,0.016383,רבים,0.015698,יד,0.015236,הכתוב,0.010771,שאינן,0.008279,שאמר,0.008149,שבין,0.007168,הכתובים,0.005434,ידועים,0.004402,שנא,0.004135,שביד,0.003181,שאמרנו,0.003147,סתם,0.002744,סתומים,0.002727,מפורשים,0.002637,המפורשים,0.0025,ביד,0.002226,המותרים,0.002004,דכת,0.001977,מדבר,0.00197,וגו,0.001931,שבעולם,0.001701,שבידך,0.001699,שבעין,0.001623,מפורש,0.001189,דא,0.001109,מפורשין,0.001066,יתירים,0.001057,בידך,0.000996,ידועין,0.000827,סתראי,0.000431,שלש,0.000412,שהביא,0.000391,הראויין,0.000388,שישנו,0.000385,הראויים,0.000322,בפיך,0.000296,שהביאו,0.000172,דכתיב,0.000101,שלשון,6e-05,דאורייתא,4.3e-05,סתראיין,2.5e-05,דכתיבי,2e-06,דאורייתין,1e-06,VERB,True,יד,יד,True,False,True,True,True,True,True,55.0,42.0,13.0,False,True
Midrash_Aggadic_Midrash_Pesikta_DRav_Kahanna__10_1,pesikta_drk,372,כב,10.2012,0.8173,0.7177,0.3097,50,-1,False,"{""ו"": 1, ""עשר"": 1, ""ד"": 1, ""א"": 1, ""ר"": 1, ""ואו"": 1, ""מ"": 1, ""דכת"": 1, ""יג"": 1, ""יד"": 1, ""נבהל"": 1, ""והיה"": 1, ""עשרו"": 1, ""נא"": 1, ""רבי"": 1, ""עשרה"": 1, ""ואל"": 1, ""אדני"": 1, ""וידבר"": 1, ""וידעת"": 1, ""מז"": 1, ""והיו"": 1, ""וידעתם"": 1, ""נאום"": 1, ""אדוני"": 1, ""ידך"": 1, ""נבהלנו"": 1, ""דכתיב"": 1, ""יגהתרגום"": 1, ""והיהל"": 1, ""ואלעזר"": 1, ""והיהלך"": 1, ""אדוניי"": 1, ""רביי"": 1, ""והיוו"": 1, ""אדניי"": 1, ""וידברא"": 1, ""דכתיבי"": 1, ""יגהאם"": 1, ""והיווים"": 1, ""וידבראלה"": 1, ""רבייון"": 1, ""אדונייי"": 1, ""וידבראלהו"": 1, ""אדנייון"": 1, ""אדוניייי"": 1, ""אדונייייי"": 1, ""וידבראלהוועשר"": 1, ""אדוניייייי"": 1, ""וידבראלהוועשרת"": 1}","{""ו"": [""ו""], ""עשר"": [""עשר""], ""ד"": [""ד""], ""א"": [""א""], ""ר"": [""ר""], ""ואו"": [""ואו""], ""מ"": [""מ""], ""דכת"": [""דכת""], ""יג"": [""יג""], ""יד"": [""יד""], ""נבהל"": [""נבהל""], ""והיה"": [""והיה""], ""עשרו"": [""עשרו""], ""נא"": [""נא""], ""רבי"": [""רבי""], ""עשרה"": [""עשרה""], ""ואל"": [""ואל""], ""אדני"": [""אדני""], ""וידבר"": [""וידבר""], ""וידעת"": [""וידעת""], ""מז"": [""מז""], ""והיו"": [""והיו""], ""וידעתם"": [""וידעתם""], ""נאום"": [""נאום""], ""אדוני"": [""אדוני""], ""ידך"": [""ידך""], ""נבהלנו"": [""נבהלנו""], ""דכתיב"": [""דכתיב""], ""יגהתרגום"": [""יגהתרגום""], ""והיהל"": [""והיהל""], ""ואלעזר"": [""ואלעזר""], ""והיהלך"": [""והיהלך""], ""אדוניי"": [""אדוניי""], ""רביי"": [""רביי""], ""והיוו"": [""והיוו""], ""אדניי"": [""אדניי""], ""וידברא"": [""וידברא""], ""דכתיבי"": [""דכתיבי""], ""יגהאם"": [""יגהאם""], ""והיווים"": [""והיווים""], ""וידבראלה"": [""וידבראלה""], ""רבייון"": [""רבייון""], ""אדונייי"": [""אדונייי""], ""וידבראלהו"": [""וידבראלהו""], ""אדנייון"": [""אדנייון""], ""אדוניייי"": [""אדוניייי""], ""אדונייייי"": [""אדונייייי""], ""וידבראלהוועשר"": [""וידבראלהוועשר""], ""אדוניייייי"": [""אדוניייייי""], ""וידבראלהוועשרת"": [""וידבראלהוועשרת""]}",ו,0.095651,עשר,0.035173,ד,0.027404,א,0.026979,ר,0.026149,ואו,0.022317,מ,0.018835,דכת,0.01257,יג,0.009029,יד,0.009029,נבהל,0.003747,והיה,0.003694,עשרו,0.00266,נא,0.002394,רבי,0.002315,עשרה,0.001835,ואל,0.001668,אדני,0.001649,וידבר,0.001503,וידעת,0.001457,מז,0.001195,והיו,0.001092,וידעתם,0.000339,נאום,0.000323,אדוני,0.000261,ידך,0.000197,נבהלנו,6.6e-05,דכתיב,5e-05,יגהתרגום,2.8e-05,והיהל,1.1e-05,ואלעזר,8e-06,והיהלך,6e-06,אדוניי,5e-06,רביי,4e-06,והיוו,3e-06,אדניי,2e-06,וידברא,1e-06,דכתיבי,0.0,יגהאם,0.0,והיווים,0.0,וידבראלה,0.0,רבייון,0.0,אדונייי,0.0,וידבראלהו,0.0,אדנייון,0.0,אדוניייי,0.0,אדונייייי,0.0,וידבראלהוועשר,0.0,אדוניייייי,0.0,וידבראלהוועשרת,0.0,ADP,False,כב,כב,False,False,False,True,True,True,False,,,,False,False
